escape 0 0 0 0 6 0 97 3136
escape 0 0 0 0 6 0 97 3136
escape 0 0 0 0 6 0 97 3136
escape 0 0 0 0 6 0 97 3136
escape 0 0 0 0 6 0 97 3136
escape 0 0 0 0 6 0 97 3136
escape 0 0 0 0 6 0 97 3136
escape 0 0 0 0 6 0 97 3136
escape 0 0 0 0 6 0 97 3136
escape 0 0 0 0 6 0 97 3136
escape 0 0 0 0 6 0 97 3136
escape 0 0 0 0 6 0 97 3136
escape 0 0 0 0 7 0 98 3136
escape 0 0 0 0 7 0 98 3136
escape 0 0 0 0 7 0 98 3136
escape 0 0 0 0 7 0 98 3136
escape 0 0 0 0 7 0 98 3136
escape 0 0 0 0 47 0 66 4747
escape 0 0 0 0 47 0 66 4747
escape 0 0 0 0 54 0 68 4745
escape 0 0 0 0 45 0 153 3873
escape 0 0 0 0 62 0 162 3856
escape 0 0 0 0 47 0 66 4747
escape 0 0 0 0 47 0 66 4747
escape 0 0 0 0 48 0 67 4747
escape 0 0 0 0 54 0 68 4745
escape 0 0 0 0 45 0 153 3873
escape 0 0 0 0 63 0 161 3857
escape 0 0 0 0 47 0 66 4747
escape 0 0 0 0 47 0 66 4747
escape 0 0 0 0 47 0 66 4747
escape 0 0 0 0 47 0 66 4747
escape 0 0 0 0 49 0 68 4747
escape 0 0 0 0 54 0 68 4745
escape 0 0 0 0 45 0 153 3873
escape 0 0 0 0 70 0 162 3855
escape 0 0 0 0 63 0 161 3856
escape 0 0 0 0 47 0 66 4747
escape 0 0 0 0 47 0 66 4747
escape 0 0 0 0 49 0 68 4747
escape 0 0 0 0 54 0 68 4745
escape 0 0 0 0 47 0 66 4747
escape 0 0 0 0 47 0 66 4747
escape 0 0 0 0 48 0 67 4747
escape 0 0 0 0 53 0 67 4745
escape 0 0 0 0 45 0 153 3873
escape 0 0 0 0 7 0 98 3136
escape 0 0 0 0 7 0 144 3136
escape 0 0 0 0 10 0 147 3136
escape 0 0 0 0 7 0 98 3136
unres 0 0 0 0 22 0 129 30000
escape 0 0 0 0 7 0 144 3136
unres 0 0 0 0 17 0 99 30000
escape 0 0 0 0 7 0 98 3136
escape 0 0 0 0 7 0 144 3136
escape 0 0 0 0 47 0 98 3135
escape 0 0 0 0 48 0 99 3135
escape 0 0 0 0 47 0 98 3135
escape 0 0 0 0 48 0 99 3135
escape 0 0 0 0 17 0 153 3132
escape 0 0 0 0 18 0 152 3132
escape 0 0 0 0 10 0 145 3135
escape 0 0 0 0 7 0 96 3135
escape 0 0 0 0 48 0 99 3135
unres 0 0 0 0 26 0 127 30000
escape 0 0 0 0 70 0 147 3135
escape 0 0 0 0 8 0 143 3135
escape 0 0 0 0 7 0 144 3136
unres 0 0 0 0 30 0 98 30000
escape 0 0 0 0 6 0 97 3136
escape 0 0 0 0 6 0 145 3136
escape 0 0 0 0 6 0 97 3136
escape 0 0 0 0 10 0 144 3136
escape 0 0 0 0 6 0 145 3136
escape 0 0 0 0 10 0 192 3136
escape 0 0 0 0 6 0 97 3136
escape 0 0 0 0 75 0 144 3135
escape 0 0 0 0 6 0 145 3136
unres 0 0 0 0 16 0 118 30000
escape 0 0 0 0 6 0 97 3136
escape 0 0 0 0 6 0 145 3136
escape 0 0 0 0 6 0 97 3136
escape 0 0 0 0 10 0 144 3136
escape 0 0 0 0 6 0 145 3136
escape 0 0 0 0 10 0 192 3136
escape 0 0 0 0 6 0 97 3136
escape 0 0 0 0 6 0 145 3136
escape 0 0 0 0 6 0 97 3136
escape 0 0 0 0 10 0 144 3136
escape 0 0 0 0 6 0 145 3136
escape 0 0 0 0 10 0 192 3136
unres 0 0 0 0 189 0 243 30000
escape 0 0 0 0 48 0 99 3135
escape 0 0 0 0 48 0 99 3135
escape 0 0 0 0 48 0 99 3135
escape 0 0 0 0 13 0 139 3265
escape 0 0 0 0 23 0 183 3265
unres 0 0 0 0 17 0 128 30000
escape 0 0 0 0 47 0 66 4747
escape 0 0 0 0 48 0 67 4747
escape 0 0 0 0 54 0 68 4745
escape 0 0 0 0 47 0 195 6268
escape 0 0 0 0 34 0 68 3107
escape 0 0 0 0 7 0 96 3135
escape 0 0 0 0 47 0 98 3135
escape 0 0 0 0 7 0 98 3136
escape 0 0 0 0 47 0 98 3135
escape 0 0 0 0 7 0 98 3136
escape 0 0 0 0 47 0 98 3135
escape 0 0 0 0 7 0 98 3136
escape 0 0 0 0 47 0 66 4747
escape 0 0 0 0 48 0 67 4747
escape 0 0 0 0 48 0 67 4747
escape 0 0 0 0 47 0 195 6266
escape 0 0 0 0 48 0 98 3135
escape 0 0 0 0 48 0 98 3135
escape 0 0 0 0 48 0 98 3135
escape 0 0 0 0 48 0 98 3135
escape 0 0 0 0 46 0 194 6268
escape 0 0 0 0 47 0 66 4747
escape 0 0 0 0 53 0 67 4745
escape 0 0 0 0 54 0 68 4745
escape 0 0 0 0 55 0 69 4745
escape 0 0 0 0 47 0 66 4747
escape 0 0 0 0 48 0 67 4747
escape 0 0 0 0 54 0 68 4745
escape 0 0 0 0 54 0 68 4745
escape 0 0 0 0 41 0 112 12479
escape 0 0 0 0 76 0 184 4065
escape 0 0 0 0 10 0 96 3136
escape 0 0 0 0 11 0 97 3136
escape 0 0 0 0 6 0 98 3136
escape 0 0 0 0 11 0 97 3136
escape 0 0 0 0 10 0 95 3136
escape 0 0 0 0 11 0 97 3136
escape 0 0 0 0 47 0 66 4747
escape 0 0 0 0 53 0 67 4745
escape 0 0 0 0 48 0 67 4747
escape 0 0 0 0 54 0 68 4745
escape 0 0 0 0 47 0 66 4747
escape 0 0 0 0 48 0 67 4747
escape 0 0 0 0 48 0 98 3135
escape 0 0 0 0 48 0 98 3135
escape 0 0 0 0 48 0 98 3135
escape 0 0 0 0 6 0 97 3136
escape 0 0 0 0 6 0 97 3136
escape 0 0 0 0 7 0 98 3136
escape 0 0 0 0 6 0 97 3136
escape 0 0 0 0 6 0 97 3136
escape 0 0 0 0 7 0 98 3136
escape 0 0 0 0 6 0 97 3136
escape 0 0 0 0 7 0 98 3136
escape 0 0 0 0 6 0 97 3136
escape 0 0 0 0 7 0 98 3136
escape 0 0 0 0 6 0 97 3136
escape 0 0 0 0 6 0 97 3136
escape 0 0 0 0 6 0 97 3136
escape 0 0 0 0 6 0 97 3136
escape 0 0 0 0 6 0 97 3136
escape 0 0 0 0 6 0 97 3136
escape 0 0 0 0 47 0 66 4747
escape 0 0 0 0 47 0 66 4747
escape 0 0 0 0 45 0 153 3873
escape 0 0 0 0 62 0 162 3856
escape 0 0 0 0 62 0 162 3856
escape 0 0 0 0 63 0 161 3856
escape 0 0 0 0 47 0 66 4747
escape 0 0 0 0 47 0 66 4747
escape 0 0 0 0 48 0 67 4747
escape 0 0 0 0 48 0 67 4747
escape 0 0 0 0 45 0 153 3873
escape 0 0 0 0 62 0 162 3856
escape 0 0 0 0 47 0 66 4747
escape 0 0 0 0 47 0 66 4747
escape 0 0 0 0 49 0 68 4747
escape 0 0 0 0 45 0 153 3873
escape 0 0 0 0 62 0 162 3872
escape 0 0 0 0 62 0 162 3856
escape 0 0 0 0 47 0 66 4747
escape 0 0 0 0 47 0 66 4747
escape 0 0 0 0 47 0 66 4747
escape 0 0 0 0 47 0 66 4747
escape 0 0 0 0 48 0 67 4747
escape 0 0 0 0 48 0 67 4747
escape 0 0 0 0 45 0 153 3873
escape 0 0 0 0 62 0 162 3872
escape 0 0 0 0 63 0 161 3873
escape 0 0 0 0 47 0 66 4747
escape 0 0 0 0 47 0 66 4747
escape 0 0 0 0 49 0 68 4747
escape 0 0 0 0 48 0 67 4747
escape 0 0 0 0 6 0 97 3136
escape 0 0 0 0 6 0 145 3136
escape 0 0 0 0 6 0 97 3136
escape 0 0 0 0 75 0 144 3135
escape 0 0 0 0 6 0 145 3136
unres 0 0 0 0 16 0 118 30000
escape 0 0 0 0 6 0 97 3136
escape 0 0 0 0 6 0 145 3136
escape 0 0 0 0 47 0 98 3135
escape 0 0 0 0 6 0 97 3136
escape 0 0 0 0 48 0 99 3135
escape 0 0 0 0 6 0 145 3136
escape 0 0 0 0 47 0 98 3135
escape 0 0 0 0 6 0 97 3136
escape 0 0 0 0 48 0 99 3135
escape 0 0 0 0 17 0 153 3132
escape 0 0 0 0 6 0 145 3136
escape 0 0 0 0 18 0 152 3132
escape 0 0 0 0 10 0 145 3135
escape 0 0 0 0 9 0 146 3136
escape 0 0 0 0 7 0 96 3135
escape 0 0 0 0 6 0 97 3136
unres 0 0 0 0 26 0 127 30000
unres 0 0 0 0 21 0 128 30000
escape 0 0 0 0 8 0 143 3135
escape 0 0 0 0 6 0 145 3136
unres 0 0 0 0 30 0 98 30000
unres 0 0 0 0 16 0 100 30000
escape 0 0 0 0 6 0 97 3136
escape 0 0 0 0 7 0 98 3136
escape 0 0 0 0 6 0 145 3136
escape 0 0 0 0 7 0 144 3136
escape 0 0 0 0 6 0 97 3136
escape 0 0 0 0 7 0 98 3136
escape 0 0 0 0 10 0 144 3136
escape 0 0 0 0 11 0 145 3136
escape 0 0 0 0 6 0 145 3136
escape 0 0 0 0 7 0 144 3136
escape 0 0 0 0 10 0 192 3136
escape 0 0 0 0 11 0 191 3136
escape 0 0 0 0 6 0 97 3136
escape 0 0 0 0 7 0 98 3136
escape 0 0 0 0 75 0 144 3135
unres 0 0 0 0 22 0 129 30000
escape 0 0 0 0 6 0 145 3136
escape 0 0 0 0 7 0 144 3136
unres 0 0 0 0 16 0 118 30000
unres 0 0 0 0 17 0 99 30000
escape 0 0 0 0 6 0 97 3136
escape 0 0 0 0 7 0 98 3136
escape 0 0 0 0 6 0 145 3136
escape 0 0 0 0 7 0 144 3136
escape 0 0 0 0 6 0 97 3136
escape 0 0 0 0 7 0 98 3136
escape 0 0 0 0 10 0 144 3136
escape 0 0 0 0 11 0 145 3136
escape 0 0 0 0 6 0 145 3136
escape 0 0 0 0 7 0 144 3136
escape 0 0 0 0 10 0 192 3136
escape 0 0 0 0 11 0 191 3136
escape 0 0 0 0 6 0 97 3136
escape 0 0 0 0 7 0 98 3136
escape 0 0 0 0 10 0 144 3136
escape 0 0 0 0 11 0 145 3136
escape 0 0 0 0 6 0 145 3136
escape 0 0 0 0 7 0 144 3136
escape 0 0 0 0 10 0 192 3136
escape 0 0 0 0 11 0 191 3136
escape 0 0 0 0 6 0 97 3136
escape 0 0 0 0 7 0 98 3136
escape 0 0 0 0 6 0 145 3136
escape 0 0 0 0 7 0 144 3136
escape 0 0 0 0 47 0 98 3135
unres 0 0 0 0 188 0 242 30000
escape 0 0 0 0 7 0 96 3135
unres 0 0 0 0 26 0 127 30000
escape 0 0 0 0 8 0 143 3135
unres 0 0 0 0 30 0 98 30000
escape 0 0 0 0 47 0 98 3135
escape 0 0 0 0 47 0 98 3135
unres 0 0 0 0 16 0 129 30000
escape 0 0 0 0 14 0 138 3265
escape 0 0 0 0 24 0 182 3265
escape 0 0 0 0 47 0 66 4747
escape 0 0 0 0 54 0 68 4745
escape 0 0 0 0 96 0 194 6271
escape 0 0 0 0 46 0 194 6268
escape 0 0 0 0 33 0 69 3106
escape 0 0 0 0 34 0 68 3107
escape 0 0 0 0 6 0 97 3136
escape 0 0 0 0 6 0 97 3135
escape 0 0 0 0 6 0 97 3136
escape 0 0 0 0 6 0 97 3135
escape 0 0 0 0 6 0 97 3136
escape 0 0 0 0 6 0 97 3135
escape 0 0 0 0 6 0 97 3136
escape 0 0 0 0 6 0 97 3135
escape 0 0 0 0 47 0 66 4747
escape 0 0 0 0 96 0 194 6271
escape 0 0 0 0 46 0 196 6266
escape 0 0 0 0 33 0 69 3106
escape 0 0 0 0 6 0 97 3136
escape 0 0 0 0 48 0 98 3135
escape 0 0 0 0 6 0 97 3136
escape 0 0 0 0 48 0 98 3135
escape 0 0 0 0 6 0 97 3136
escape 0 0 0 0 48 0 98 3135
escape 0 0 0 0 6 0 97 3136
escape 0 0 0 0 48 0 98 3135
escape 0 0 0 0 47 0 66 4747
escape 0 0 0 0 54 0 68 4745
escape 0 0 0 0 55 0 69 4745
escape 0 0 0 0 50 0 111 12475
escape 0 0 0 0 41 0 112 12479
escape 0 0 0 0 57 0 114 12485
escape 0 0 0 0 78 0 170 4041
escape 0 0 0 0 76 0 184 4065
escape 0 0 0 0 109 0 165 4509
unres 0 0 0 0 284 0 323 30000
escape 0 0 0 0 11 0 97 3137
escape 0 0 0 0 11 0 97 3137
escape 0 0 0 0 11 0 97 3137
escape 0 0 0 0 11 0 97 3137
escape 0 0 0 0 10 0 96 3136
escape 0 0 0 0 45 0 79 3148
escape 0 0 0 0 55 0 191 3135
escape 0 0 0 0 11 0 97 3137
escape 0 0 0 0 6 0 98 3136
escape 0 0 0 0 32 0 106 3131
escape 0 0 0 0 11 0 97 3137
escape 0 0 0 0 10 0 95 3136
escape 0 0 0 0 12 0 98 3137
escape 0 0 0 0 46 0 194 6268
escape 0 0 0 0 46 0 194 6268
escape 0 0 0 0 47 0 195 6266
escape 0 0 0 0 47 0 66 4747
escape 0 0 0 0 54 0 68 4745
escape 0 0 0 0 54 0 68 4745
escape 0 0 0 0 47 0 66 4747
escape 0 0 0 0 54 0 68 4745
escape 0 0 0 0 50 0 111 12475
escape 0 0 0 0 78 0 170 4041
unres 0 0 0 0 284 0 323 30000
escape 0 0 0 0 11 0 97 3137
escape 0 0 0 0 48 0 98 3135
escape 0 0 0 0 11 0 97 3137
escape 0 0 0 0 48 0 98 3135
escape 0 0 0 0 11 0 97 3137
escape 0 0 0 0 48 0 98 3135
escape 0 0 0 0 11 0 97 3137
escape 0 0 0 0 11 0 97 3137
escape 0 0 0 0 11 0 97 3137
escape 0 0 0 0 46 0 194 6268
escape 0 0 0 0 47 0 66 4747
escape 0 0 0 0 48 0 67 4747
escape 0 0 0 0 55 0 68 4745
escape 0 0 0 0 6 0 97 3136
escape 0 0 0 0 6 0 97 3136
escape 0 0 0 0 6 0 97 3136
escape 0 0 0 0 6 0 97 3136
escape 0 0 0 0 6 0 97 3136
escape 0 0 0 0 6 0 97 3136
escape 0 0 0 0 7 0 98 3136
escape 0 0 0 0 7 0 98 3136
escape 0 0 0 0 7 0 98 3136
escape 0 0 0 0 7 0 98 3136
escape 0 0 0 0 7 0 98 3136
escape 0 0 0 0 6 0 97 3136
escape 0 0 0 0 6 0 97 3136
escape 0 0 0 0 6 0 97 3136
escape 0 0 0 0 6 0 97 3136
escape 0 0 0 0 6 0 97 3136
escape 0 0 0 0 6 0 97 3136
escape 0 0 0 0 7 0 98 3136
escape 0 0 0 0 7 0 98 3136
escape 0 0 0 0 7 0 98 3136
escape 0 0 0 0 7 0 98 3136
escape 0 0 0 0 7 0 98 3136
escape 0 0 0 0 47 0 66 4747
escape 0 0 0 0 48 0 67 4747
escape 0 0 0 0 54 0 68 4745
escape 0 0 0 0 49 0 68 4747
escape 0 0 0 0 34 0 68 3107
escape 0 0 0 0 47 0 98 3135
escape 0 0 0 0 7 0 96 3135
escape 0 0 0 0 47 0 98 3135
escape 0 0 0 0 47 0 98 3135
escape 0 0 0 0 47 0 66 4747
escape 0 0 0 0 48 0 67 4747
escape 0 0 0 0 48 0 67 4747
escape 0 0 0 0 55 0 69 4745
escape 0 0 0 0 48 0 99 3135
escape 0 0 0 0 48 0 99 3135
escape 0 0 0 0 48 0 99 3135
escape 0 0 0 0 45 0 153 3873
escape 0 0 0 0 62 0 162 3856
escape 0 0 0 0 47 0 66 4747
escape 0 0 0 0 47 0 66 4747
escape 0 0 0 0 54 0 68 4745
escape 0 0 0 0 53 0 67 4745
escape 0 0 0 0 45 0 153 3873
escape 0 0 0 0 47 0 157 3889
escape 0 0 0 0 47 0 66 4747
escape 0 0 0 0 47 0 66 4747
escape 0 0 0 0 48 0 67 4747
escape 0 0 0 0 54 0 68 4745
escape 0 0 0 0 53 0 67 4745
escape 0 0 0 0 47 0 66 4747
escape 0 0 0 0 47 0 66 4747
escape 0 0 0 0 53 0 67 4745
escape 0 0 0 0 47 0 66 4747
escape 0 0 0 0 47 0 66 4747
escape 0 0 0 0 49 0 68 4747
escape 0 0 0 0 54 0 68 4745
escape 0 0 0 0 53 0 67 4745
escape 0 0 0 0 47 0 66 4747
escape 0 0 0 0 47 0 66 4747
escape 0 0 0 0 49 0 68 4747
escape 0 0 0 0 54 0 68 4745
escape 0 0 0 0 54 0 68 4745
escape 0 0 0 0 45 0 153 3873
escape 0 0 0 0 70 0 162 3855
escape 0 0 0 0 47 0 157 3891
escape 0 0 0 0 47 0 66 4747
escape 0 0 0 0 47 0 66 4747
escape 0 0 0 0 48 0 67 4747
escape 0 0 0 0 53 0 67 4745
escape 0 0 0 0 53 0 67 4745
escape 0 0 0 0 45 0 153 3873
escape 0 0 0 0 47 0 98 3135
escape 0 0 0 0 47 0 98 3135
escape 0 0 0 0 17 0 153 3132
escape 0 0 0 0 10 0 145 3135
escape 0 0 0 0 7 0 96 3135
unres 0 0 0 0 26 0 127 30000
escape 0 0 0 0 8 0 143 3135
unres 0 0 0 0 30 0 98 30000
escape 0 0 0 0 6 0 97 3136
escape 0 0 0 0 75 0 144 3135
escape 0 0 0 0 6 0 145 3136
unres 0 0 0 0 16 0 118 30000
escape 0 0 0 0 6 0 97 3136
escape 0 0 0 0 6 0 145 3136
escape 0 0 0 0 6 0 97 3136
escape 0 0 0 0 10 0 144 3136
escape 0 0 0 0 6 0 145 3136
escape 0 0 0 0 10 0 192 3136
escape 0 0 0 0 6 0 97 3136
escape 0 0 0 0 6 0 145 3136
escape 0 0 0 0 6 0 97 3136
escape 0 0 0 0 6 0 145 3136
escape 0 0 0 0 6 0 97 3136
escape 0 0 0 0 10 0 144 3136
escape 0 0 0 0 6 0 145 3136
escape 0 0 0 0 10 0 192 3136
escape 0 0 0 0 6 0 97 3136
escape 0 0 0 0 10 0 144 3136
escape 0 0 0 0 6 0 145 3136
escape 0 0 0 0 10 0 192 3136
escape 0 0 0 0 48 0 98 3135
escape 0 0 0 0 76 0 145 3135
escape 0 0 0 0 71 0 146 3135
unres 0 0 0 0 17 0 119 30000
escape 0 0 0 0 48 0 98 3135
escape 0 0 0 0 71 0 146 3135
escape 0 0 0 0 7 0 98 3136
escape 0 0 0 0 11 0 145 3136
escape 0 0 0 0 7 0 146 3136
escape 0 0 0 0 11 0 193 3136
escape 0 0 0 0 48 0 98 3135
escape 0 0 0 0 71 0 146 3135
escape 0 0 0 0 7 0 98 3136
escape 0 0 0 0 11 0 145 3136
escape 0 0 0 0 7 0 146 3136
escape 0 0 0 0 11 0 193 3136
escape 0 0 0 0 48 0 98 3135
escape 0 0 0 0 71 0 146 3135
escape 0 0 0 0 7 0 98 3136
escape 0 0 0 0 11 0 145 3136
escape 0 0 0 0 7 0 146 3136
escape 0 0 0 0 11 0 193 3136
unres 0 0 0 0 25 0 241 30000
escape 0 0 0 0 46 0 194 6268
escape 0 0 0 0 47 0 66 4747
escape 0 0 0 0 54 0 68 4745
escape 0 0 0 0 53 0 67 4745
escape 0 0 0 0 55 0 69 4745
escape 0 0 0 0 47 0 66 4747
escape 0 0 0 0 48 0 67 4747
escape 0 0 0 0 53 0 67 4745
escape 0 0 0 0 54 0 68 4745
escape 0 0 0 0 7 0 96 3136
escape 0 0 0 0 47 0 66 4747
escape 0 0 0 0 54 0 68 4745
escape 0 0 0 0 48 0 67 4747
escape 0 0 0 0 54 0 68 4745
escape 0 0 0 0 10 0 96 3136
escape 0 0 0 0 6 0 98 3136
escape 0 0 0 0 10 0 95 3136
escape 0 0 0 0 41 0 112 12479
escape 0 0 0 0 76 0 184 4065
escape 0 0 0 0 47 0 66 4747
escape 0 0 0 0 48 0 67 4747
escape 0 0 0 0 55 0 69 4745
escape 0 0 0 0 53 0 113 12475
escape 0 0 0 0 77 0 163 4049
escape 0 0 0 0 6 0 97 3136
escape 0 0 0 0 6 0 97 3136
escape 0 0 0 0 7 0 99 3136
escape 0 0 0 0 6 0 97 3136
escape 0 0 0 0 6 0 97 3136
escape 0 0 0 0 7 0 99 3136
escape 0 0 0 0 6 0 97 3136
escape 0 0 0 0 7 0 99 3136
escape 0 0 0 0 6 0 97 3136
escape 0 0 0 0 7 0 99 3136
escape 0 0 0 0 7 0 99 3136
escape 0 0 0 0 7 0 99 3136
escape 0 0 0 0 7 0 99 3136
escape 0 0 0 0 7 0 99 3136
escape 0 0 0 0 7 0 99 3136
escape 0 0 0 0 6 0 97 3136
escape 0 0 0 0 6 0 97 3136
escape 0 0 0 0 6 0 97 3136
escape 0 0 0 0 6 0 97 3136
escape 0 0 0 0 6 0 97 3136
escape 0 0 0 0 6 0 97 3136
escape 0 0 0 0 7 0 99 3136
escape 0 0 0 0 7 0 99 3136
escape 0 0 0 0 7 0 99 3136
escape 0 0 0 0 7 0 99 3136
escape 0 0 0 0 7 0 99 3136
escape 0 0 0 0 47 0 66 4747
escape 0 0 0 0 54 0 68 4745
escape 0 0 0 0 96 0 194 6271
escape 0 0 0 0 46 0 194 6268
escape 0 0 0 0 49 0 195 6265
escape 0 0 0 0 71 0 139 5308
escape 0 0 0 0 33 0 69 3106
escape 0 0 0 0 34 0 68 3107
escape 0 0 0 0 6 0 97 3136
escape 0 0 0 0 6 0 97 3136
escape 0 0 0 0 7 0 98 3136
escape 0 0 0 0 6 0 97 3136
escape 0 0 0 0 7 0 98 3136
escape 0 0 0 0 6 0 97 3136
escape 0 0 0 0 7 0 98 3136
escape 0 0 0 0 47 0 66 4747
escape 0 0 0 0 96 0 194 6271
escape 0 0 0 0 46 0 196 6266
escape 0 0 0 0 71 0 146 3135
escape 0 0 0 0 71 0 146 3135
escape 0 0 0 0 71 0 146 3135
escape 0 0 0 0 33 0 69 3106
escape 0 0 0 0 34 0 71 3106
escape 0 0 0 0 6 0 97 3136
escape 0 0 0 0 49 0 99 3135
escape 0 0 0 0 6 0 97 3136
escape 0 0 0 0 49 0 99 3135
escape 0 0 0 0 6 0 97 3136
escape 0 0 0 0 49 0 99 3135
escape 0 0 0 0 6 0 97 3136
escape 0 0 0 0 49 0 99 3135
escape 0 0 0 0 45 0 153 3873
escape 0 0 0 0 62 0 162 3856
escape 0 0 0 0 62 0 162 3856
escape 0 0 0 0 47 0 157 3889
escape 0 0 0 0 47 0 66 4747
escape 0 0 0 0 47 0 66 4747
escape 0 0 0 0 49 0 68 4747
escape 0 0 0 0 45 0 153 3873
escape 0 0 0 0 62 0 162 3856
escape 0 0 0 0 47 0 66 4747
escape 0 0 0 0 47 0 66 4747
escape 0 0 0 0 48 0 67 4747
escape 0 0 0 0 48 0 67 4747
escape 0 0 0 0 47 0 66 4747
escape 0 0 0 0 47 0 66 4747
escape 0 0 0 0 49 0 68 4747
escape 0 0 0 0 50 0 69 4747
escape 0 0 0 0 45 0 153 3873
escape 0 0 0 0 62 0 162 3872
escape 0 0 0 0 62 0 162 3856
escape 0 0 0 0 47 0 66 4747
escape 0 0 0 0 47 0 66 4747
escape 0 0 0 0 48 0 67 4747
escape 0 0 0 0 48 0 67 4747
escape 0 0 0 0 45 0 153 3873
escape 0 0 0 0 62 0 162 3872
escape 0 0 0 0 47 0 66 4747
escape 0 0 0 0 47 0 66 4747
escape 0 0 0 0 49 0 68 4747
escape 0 0 0 0 47 0 66 4747
escape 0 0 0 0 47 0 66 4747
escape 0 0 0 0 49 0 68 4747
escape 0 0 0 0 48 0 67 4747
escape 0 0 0 0 6 0 97 3136
escape 0 0 0 0 6 0 145 3136
escape 0 0 0 0 6 0 97 3136
escape 0 0 0 0 75 0 144 3135
escape 0 0 0 0 6 0 145 3136
unres 0 0 0 0 16 0 118 30000
escape 0 0 0 0 6 0 97 3136
escape 0 0 0 0 6 0 145 3136
escape 0 0 0 0 47 0 98 3135
escape 0 0 0 0 6 0 97 3136
escape 0 0 0 0 6 0 145 3136
escape 0 0 0 0 7 0 146 3136
escape 0 0 0 0 47 0 98 3135
escape 0 0 0 0 6 0 97 3136
escape 0 0 0 0 17 0 153 3132
escape 0 0 0 0 6 0 145 3136
escape 0 0 0 0 7 0 146 3136
escape 0 0 0 0 10 0 145 3135
escape 0 0 0 0 9 0 146 3136
escape 0 0 0 0 7 0 96 3135
escape 0 0 0 0 6 0 97 3136
unres 0 0 0 0 26 0 127 30000
unres 0 0 0 0 21 0 128 30000
escape 0 0 0 0 8 0 143 3135
escape 0 0 0 0 6 0 145 3136
escape 0 0 0 0 7 0 146 3136
unres 0 0 0 0 30 0 98 30000
unres 0 0 0 0 16 0 100 30000
unres 0 0 0 0 17 0 119 30000
escape 0 0 0 0 6 0 97 3136
escape 0 0 0 0 7 0 97 3135
escape 0 0 0 0 75 0 144 3135
escape 0 0 0 0 75 0 144 3134
escape 0 0 0 0 6 0 145 3136
escape 0 0 0 0 9 0 144 3135
unres 0 0 0 0 16 0 118 30000
unres 0 0 0 0 31 0 99 30000
escape 0 0 0 0 6 0 97 3136
escape 0 0 0 0 7 0 97 3135
escape 0 0 0 0 6 0 145 3136
escape 0 0 0 0 9 0 144 3135
escape 0 0 0 0 6 0 97 3136
escape 0 0 0 0 7 0 97 3135
escape 0 0 0 0 10 0 144 3136
escape 0 0 0 0 11 0 144 3135
escape 0 0 0 0 6 0 145 3136
escape 0 0 0 0 9 0 144 3135
escape 0 0 0 0 10 0 192 3136
escape 0 0 0 0 13 0 191 3135
escape 0 0 0 0 6 0 97 3136
escape 0 0 0 0 7 0 97 3135
escape 0 0 0 0 6 0 145 3136
escape 0 0 0 0 9 0 144 3135
unres 0 0 0 0 17 0 131 30000
escape 0 0 0 0 6 0 97 3136
escape 0 0 0 0 7 0 97 3135
escape 0 0 0 0 10 0 144 3136
escape 0 0 0 0 11 0 144 3135
escape 0 0 0 0 6 0 145 3136
escape 0 0 0 0 9 0 144 3135
escape 0 0 0 0 10 0 192 3136
escape 0 0 0 0 13 0 191 3135
escape 0 0 0 0 6 0 97 3136
escape 0 0 0 0 7 0 97 3135
escape 0 0 0 0 10 0 144 3136
escape 0 0 0 0 11 0 144 3135
escape 0 0 0 0 6 0 145 3136
escape 0 0 0 0 9 0 144 3135
escape 0 0 0 0 10 0 192 3136
escape 0 0 0 0 13 0 191 3135
escape 0 0 0 0 6 0 97 3136
escape 0 0 0 0 7 0 97 3135
escape 0 0 0 0 6 0 145 3136
escape 0 0 0 0 9 0 144 3135
escape 0 0 0 0 7 0 96 3135
escape 0 0 0 0 7 0 97 3136
unres 0 0 0 0 26 0 127 30000
escape 0 0 0 0 75 0 144 3135
escape 0 0 0 0 8 0 143 3135
unres 0 0 0 0 30 0 98 30000
escape 0 0 0 0 47 0 98 3135
escape 0 0 0 0 7 0 97 3136
escape 0 0 0 0 7 0 146 3136
escape 0 0 0 0 7 0 97 3136
escape 0 0 0 0 11 0 144 3136
escape 0 0 0 0 7 0 146 3136
escape 0 0 0 0 11 0 193 3136
unres 0 0 0 0 188 0 242 30000
escape 0 0 0 0 7 0 97 3136
escape 0 0 0 0 11 0 144 3136
escape 0 0 0 0 7 0 146 3136
escape 0 0 0 0 11 0 193 3136
escape 0 0 0 0 47 0 98 3135
escape 0 0 0 0 7 0 97 3136
escape 0 0 0 0 7 0 146 3136
unres 0 0 0 0 16 0 129 30000
escape 0 0 0 0 7 0 97 3136
escape 0 0 0 0 11 0 144 3136
escape 0 0 0 0 14 0 138 3265
escape 0 0 0 0 7 0 146 3136
escape 0 0 0 0 24 0 182 3265
escape 0 0 0 0 11 0 193 3136
escape 0 0 0 0 47 0 98 3135
escape 0 0 0 0 7 0 97 3136
escape 0 0 0 0 7 0 146 3136
escape 0 0 0 0 97 0 245 16131
escape 0 0 0 0 47 0 66 4747
escape 0 0 0 0 54 0 68 4745
escape 0 0 0 0 11 0 97 3137
escape 0 0 0 0 11 0 97 3135
escape 0 0 0 0 11 0 97 3137
escape 0 0 0 0 11 0 97 3135
escape 0 0 0 0 11 0 97 3137
escape 0 0 0 0 11 0 97 3135
escape 0 0 0 0 10 0 96 3136
escape 0 0 0 0 11 0 97 3137
escape 0 0 0 0 11 0 97 3135
escape 0 0 0 0 6 0 98 3136
escape 0 0 0 0 11 0 97 3137
escape 0 0 0 0 11 0 97 3135
escape 0 0 0 0 10 0 95 3136
escape 0 0 0 0 11 0 97 3137
escape 0 0 0 0 11 0 97 3135
escape 0 0 0 0 41 0 112 12479
escape 0 0 0 0 50 0 111 12475
escape 0 0 0 0 48 0 113 12473
escape 0 0 0 0 76 0 184 4065
escape 0 0 0 0 78 0 170 4041
escape 0 0 0 0 98 0 166 4491
unres 0 0 0 0 284 0 323 30000
escape 0 0 0 0 133 0 139 5307
escape 0 0 0 0 47 0 66 4747
escape 0 0 0 0 54 0 68 4745
escape 0 0 0 0 11 0 97 3137
escape 0 0 0 0 11 0 97 3137
escape 0 0 0 0 11 0 97 3137
escape 0 0 0 0 11 0 97 3137
escape 0 0 0 0 11 0 97 3137
escape 0 0 0 0 11 0 97 3137
escape 0 0 0 0 50 0 111 12475
escape 0 0 0 0 49 0 113 12473
escape 0 0 0 0 78 0 170 4041
escape 0 0 0 0 47 0 162 4047
unres 0 0 0 0 284 0 323 30000
escape 0 0 0 0 63 0 81 4417
escape 0 0 0 0 46 0 194 6268
escape 0 0 0 0 46 0 194 6268
escape 0 0 0 0 47 0 195 6266
escape 0 0 0 0 47 0 66 4747
escape 0 0 0 0 54 0 68 4745
escape 0 0 0 0 54 0 68 4745
escape 0 0 0 0 8 0 97 3135
escape 0 0 0 0 46 0 194 6268
escape 0 0 0 0 47 0 66 4747
escape 0 0 0 0 48 0 67 4747
escape 0 0 0 0 131 0 213 7622
escape 0 0 0 0 8 0 97 3135
escape 0 0 0 0 6 0 97 3136
escape 0 0 0 0 6 0 97 3136
escape 0 0 0 0 6 0 97 3136
escape 0 0 0 0 6 0 97 3136
escape 0 0 0 0 6 0 97 3136
escape 0 0 0 0 6 0 97 3136
escape 0 0 0 0 7 0 99 3136
escape 0 0 0 0 7 0 99 3136
escape 0 0 0 0 7 0 99 3136
escape 0 0 0 0 7 0 99 3136
escape 0 0 0 0 7 0 99 3136
escape 0 0 0 0 6 0 97 3136
escape 0 0 0 0 6 0 97 3136
escape 0 0 0 0 6 0 97 3136
escape 0 0 0 0 6 0 97 3136
escape 0 0 0 0 6 0 97 3136
escape 0 0 0 0 6 0 97 3136
escape 0 0 0 0 7 0 99 3136
escape 0 0 0 0 7 0 99 3136
escape 0 0 0 0 7 0 99 3136
escape 0 0 0 0 7 0 99 3136
escape 0 0 0 0 7 0 99 3136
escape 0 0 0 0 47 0 66 4747
escape 0 0 0 0 48 0 67 4747
escape 0 0 0 0 53 0 67 4745
escape 0 0 0 0 49 0 68 4747
escape 0 0 0 0 6 0 97 3136
escape 0 0 0 0 6 0 97 3136
escape 0 0 0 0 14 0 93 3265
escape 0 0 0 0 6 0 97 3136
escape 0 0 0 0 12 0 94 3264
escape 0 0 0 0 111 0 238 3135
escape 0 0 0 0 33 0 221 3199
escape 0 0 0 0 6 0 97 3136
escape 0 0 0 0 12 0 94 3264
escape 0 0 0 0 47 0 66 4747
escape 0 0 0 0 49 0 68 4747
escape 0 0 0 0 48 0 67 4747
escape 0 0 0 0 56 0 70 4745
escape 0 0 0 0 44 0 60 7696
escape 0 0 0 0 7 0 99 3136
escape 0 0 0 0 47 0 98 3135
escape 0 0 0 0 49 0 100 3135
escape 0 0 0 0 47 0 98 3135
escape 0 0 0 0 49 0 100 3135
escape 0 0 0 0 10 0 145 3135
escape 0 0 0 0 12 0 146 3135
escape 0 0 0 0 7 0 96 3135
escape 0 0 0 0 9 0 97 3135
escape 0 0 0 0 6 0 97 3136
escape 0 0 0 0 10 0 144 3136
escape 0 0 0 0 34 0 68 3107
escape 0 0 0 0 36 0 69 3107
escape 0 0 0 0 6 0 97 3136
escape 0 0 0 0 10 0 144 3136
escape 0 0 0 0 6 0 97 3136
escape 0 0 0 0 10 0 144 3136
escape 0 0 0 0 49 0 100 3135
escape 0 0 0 0 71 0 149 3135
escape 0 0 0 0 49 0 100 3135
escape 0 0 0 0 9 0 97 3135
escape 0 0 0 0 81 0 168 3134
escape 0 0 0 0 95 0 193 6271
escape 0 0 0 0 47 0 66 4747
escape 0 0 0 0 48 0 67 4747
escape 0 0 0 0 53 0 67 4745
escape 0 0 0 0 6 0 97 3136
escape 0 0 0 0 7 0 95 3197
escape 0 0 0 0 6 0 97 3136
escape 0 0 0 0 35 0 97 3197
escape 0 0 0 0 6 0 97 3136
escape 0 0 0 0 35 0 97 3197
escape 0 0 0 0 111 0 238 3135
escape 0 0 0 0 6 0 97 3136
escape 0 0 0 0 35 0 97 3197
escape 0 0 0 0 47 0 66 4747
escape 0 0 0 0 49 0 68 4747
escape 0 0 0 0 48 0 67 4747
escape 0 0 0 0 47 0 98 3135
escape 0 0 0 0 7 0 99 3136
escape 0 0 0 0 47 0 98 3135
escape 0 0 0 0 7 0 99 3136
escape 0 0 0 0 10 0 145 3135
escape 0 0 0 0 7 0 96 3135
escape 0 0 0 0 7 0 99 3136
escape 0 0 0 0 34 0 68 3107
escape 0 0 0 0 6 0 97 3136
escape 0 0 0 0 10 0 144 3136
escape 0 0 0 0 6 0 97 3136
escape 0 0 0 0 10 0 144 3136
escape 0 0 0 0 6 0 97 3136
escape 0 0 0 0 10 0 144 3136
escape 0 0 0 0 49 0 99 3135
escape 0 0 0 0 73 0 148 3135
escape 0 0 0 0 7 0 99 3136
escape 0 0 0 0 11 0 146 3136
escape 0 0 0 0 49 0 99 3135
escape 0 0 0 0 7 0 99 3136
escape 0 0 0 0 11 0 146 3136
escape 0 0 0 0 49 0 99 3135
escape 0 0 0 0 80 0 171 3135
escape 0 0 0 0 7 0 99 3136
escape 0 0 0 0 11 0 146 3136
escape 0 0 0 0 47 0 66 4747
escape 0 0 0 0 49 0 68 4747
escape 0 0 0 0 54 0 68 4745
escape 0 0 0 0 53 0 67 4745
escape 0 0 0 0 49 0 99 3136
escape 0 0 0 0 50 0 100 3136
escape 0 0 0 0 35 0 167 3136
escape 0 0 0 0 6 0 97 3136
escape 0 0 0 0 11 0 98 3136
escape 0 0 0 0 12 0 96 3137
escape 0 0 0 0 47 0 66 4747
escape 0 0 0 0 54 0 68 4745
escape 0 0 0 0 49 0 68 4747
escape 0 0 0 0 53 0 67 4745
escape 0 0 0 0 49 0 99 3135
unres 0 0 0 0 16 0 87 30000
escape 0 0 0 0 49 0 99 3135
escape 0 0 0 0 49 0 99 3135
unres 0 0 0 0 209 0 226 30000
escape 0 0 0 0 49 0 99 3136
escape 0 0 0 0 49 0 99 3135
escape 0 0 0 0 35 0 167 3136
escape 0 0 0 0 6 0 97 3136
escape 0 0 0 0 49 0 99 3135
escape 0 0 0 0 12 0 96 3137
escape 0 0 0 0 49 0 99 3135
escape 0 0 0 0 49 0 99 3135
escape 0 0 0 0 71 0 146 3135
escape 0 0 0 0 49 0 99 3135
escape 0 0 0 0 71 0 146 3135
escape 0 0 0 0 49 0 99 3135
escape 0 0 0 0 71 0 146 3135
escape 0 0 0 0 47 0 66 4747
escape 0 0 0 0 47 0 66 4747
escape 0 0 0 0 54 0 68 4745
escape 0 0 0 0 57 0 71 4745
escape 0 0 0 0 45 0 153 3890
escape 0 0 0 0 47 0 66 4747
escape 0 0 0 0 47 0 66 4747
escape 0 0 0 0 53 0 67 4745
escape 0 0 0 0 54 0 68 4745
escape 0 0 0 0 57 0 71 4745
escape 0 0 0 0 47 0 66 4747
escape 0 0 0 0 47 0 66 4747
escape 0 0 0 0 54 0 68 4745
escape 0 0 0 0 45 0 153 3890
escape 0 0 0 0 47 0 66 4747
escape 0 0 0 0 47 0 66 4747
escape 0 0 0 0 54 0 68 4745
escape 0 0 0 0 53 0 67 4745
escape 0 0 0 0 92 0 110 4745
escape 0 0 0 0 47 0 66 4747
escape 0 0 0 0 47 0 66 4747
escape 0 0 0 0 54 0 68 4745
escape 0 0 0 0 54 0 68 4745
escape 0 0 0 0 57 0 71 4745
escape 0 0 0 0 47 0 66 4747
escape 0 0 0 0 47 0 66 4747
escape 0 0 0 0 54 0 68 4745
escape 0 0 0 0 54 0 68 4745
escape 0 0 0 0 105 0 133 4745
unres 0 0 0 0 35 0 119 30000
escape 0 0 0 0 49 0 99 3135
escape 0 0 0 0 73 0 148 3135
escape 0 0 0 0 16 0 140 3199
escape 0 0 0 0 16 0 140 3199
escape 0 0 0 0 6 0 97 3136
escape 0 0 0 0 6 0 97 3136
escape 0 0 0 0 7 0 98 3136
escape 0 0 0 0 6 0 97 3136
escape 0 0 0 0 6 0 97 3136
escape 0 0 0 0 7 0 98 3136
escape 0 0 0 0 6 0 97 3136
escape 0 0 0 0 7 0 98 3136
escape 0 0 0 0 6 0 97 3136
escape 0 0 0 0 7 0 98 3136
escape 0 0 0 0 6 0 97 3136
escape 0 0 0 0 6 0 97 3136
escape 0 0 0 0 7 0 98 3136
escape 0 0 0 0 6 0 97 3136
escape 0 0 0 0 6 0 97 3136
escape 0 0 0 0 7 0 98 3136
escape 0 0 0 0 6 0 97 3136
escape 0 0 0 0 7 0 98 3136
escape 0 0 0 0 6 0 97 3136
escape 0 0 0 0 7 0 98 3136
escape 0 0 0 0 6 0 97 3136
escape 0 0 0 0 6 0 97 3136
escape 0 0 0 0 6 0 97 3136
escape 0 0 0 0 6 0 97 3136
escape 0 0 0 0 6 0 97 3136
escape 0 0 0 0 6 0 97 3136
escape 0 0 0 0 47 0 66 4747
escape 0 0 0 0 49 0 68 4747
escape 0 0 0 0 54 0 68 4745
escape 0 0 0 0 50 0 69 4747
escape 0 0 0 0 77 0 131 8713
escape 0 0 0 0 6 0 97 3136
escape 0 0 0 0 75 0 146 3135
escape 0 0 0 0 6 0 97 3136
escape 0 0 0 0 6 0 97 3136
escape 0 0 0 0 47 0 98 3135
escape 0 0 0 0 6 0 97 3136
escape 0 0 0 0 48 0 99 3135
escape 0 0 0 0 47 0 98 3135
escape 0 0 0 0 6 0 97 3136
escape 0 0 0 0 48 0 99 3135
escape 0 0 0 0 10 0 145 3135
escape 0 0 0 0 9 0 146 3136
escape 0 0 0 0 7 0 96 3135
escape 0 0 0 0 6 0 97 3136
escape 0 0 0 0 6 0 97 3136
escape 0 0 0 0 7 0 98 3136
escape 0 0 0 0 10 0 144 3136
escape 0 0 0 0 11 0 145 3136
escape 0 0 0 0 34 0 68 3107
escape 0 0 0 0 6 0 97 3136
escape 0 0 0 0 7 0 98 3136
escape 0 0 0 0 10 0 144 3136
escape 0 0 0 0 11 0 145 3136
escape 0 0 0 0 6 0 97 3136
escape 0 0 0 0 7 0 98 3136
escape 0 0 0 0 10 0 144 3136
escape 0 0 0 0 11 0 145 3136
escape 0 0 0 0 47 0 98 3135
escape 0 0 0 0 69 0 147 3135
escape 0 0 0 0 7 0 96 3135
escape 0 0 0 0 74 0 145 3134
escape 0 0 0 0 47 0 98 3135
escape 0 0 0 0 47 0 98 3135
escape 0 0 0 0 46 0 170 3134
escape 0 0 0 0 47 0 66 4747
escape 0 0 0 0 48 0 67 4747
escape 0 0 0 0 48 0 67 4747
escape 0 0 0 0 55 0 68 4745
escape 0 0 0 0 6 0 97 3136
escape 0 0 0 0 48 0 98 3135
escape 0 0 0 0 6 0 97 3136
escape 0 0 0 0 48 0 98 3135
escape 0 0 0 0 6 0 97 3136
escape 0 0 0 0 48 0 98 3135
escape 0 0 0 0 111 0 238 3135
escape 0 0 0 0 112 0 239 3135
escape 0 0 0 0 6 0 97 3136
escape 0 0 0 0 48 0 98 3135
escape 0 0 0 0 96 0 194 6271
escape 0 0 0 0 46 0 196 6266
escape 0 0 0 0 47 0 66 4747
escape 0 0 0 0 49 0 68 4747
escape 0 0 0 0 54 0 68 4745
escape 0 0 0 0 7 0 96 3200
escape 0 0 0 0 7 0 96 3135
escape 0 0 0 0 7 0 95 3200
escape 0 0 0 0 47 0 98 3135
escape 0 0 0 0 49 0 96 3199
escape 0 0 0 0 47 0 98 3135
escape 0 0 0 0 49 0 96 3199
escape 0 0 0 0 166 0 211 3135
escape 0 0 0 0 47 0 208 3136
escape 0 0 0 0 47 0 98 3135
escape 0 0 0 0 49 0 96 3199
escape 0 0 0 0 47 0 66 4747
escape 0 0 0 0 47 0 98 3135
escape 0 0 0 0 69 0 147 3135
escape 0 0 0 0 47 0 98 3135
escape 0 0 0 0 7 0 96 3135
escape 0 0 0 0 6 0 97 3136
escape 0 0 0 0 48 0 98 3135
escape 0 0 0 0 11 0 146 3136
escape 0 0 0 0 72 0 147 3135
escape 0 0 0 0 6 0 97 3136
escape 0 0 0 0 48 0 98 3135
escape 0 0 0 0 11 0 146 3136
escape 0 0 0 0 72 0 147 3135
escape 0 0 0 0 6 0 97 3136
escape 0 0 0 0 7 0 98 3136
escape 0 0 0 0 10 0 144 3136
escape 0 0 0 0 6 0 97 3136
escape 0 0 0 0 48 0 98 3135
escape 0 0 0 0 6 0 97 3136
escape 0 0 0 0 48 0 98 3135
escape 0 0 0 0 9 0 169 3136
escape 0 0 0 0 79 0 170 3135
escape 0 0 0 0 6 0 97 3136
escape 0 0 0 0 7 0 98 3136
escape 0 0 0 0 10 0 144 3136
escape 0 0 0 0 6 0 97 3136
escape 0 0 0 0 7 0 98 3136
escape 0 0 0 0 10 0 144 3136
escape 0 0 0 0 47 0 66 4747
escape 0 0 0 0 54 0 68 4745
escape 0 0 0 0 54 0 68 4745
escape 0 0 0 0 55 0 69 4745
escape 0 0 0 0 11 0 97 3137
escape 0 0 0 0 11 0 97 3137
escape 0 0 0 0 11 0 97 3137
escape 0 0 0 0 11 0 97 3137
escape 0 0 0 0 49 0 99 3136
escape 0 0 0 0 31 0 164 3137
escape 0 0 0 0 35 0 167 3136
escape 0 0 0 0 11 0 97 3137
escape 0 0 0 0 6 0 97 3136
escape 0 0 0 0 49 0 99 3137
escape 0 0 0 0 11 0 97 3137
escape 0 0 0 0 12 0 96 3137
escape 0 0 0 0 12 0 98 3137
escape 0 0 0 0 45 0 153 3890
escape 0 0 0 0 62 0 162 3872
escape 0 0 0 0 47 0 157 3889
escape 0 0 0 0 47 0 66 4747
escape 0 0 0 0 47 0 66 4747
escape 0 0 0 0 54 0 68 4745
escape 0 0 0 0 54 0 68 4745
escape 0 0 0 0 53 0 67 4745
escape 0 0 0 0 47 0 66 4747
escape 0 0 0 0 47 0 66 4747
escape 0 0 0 0 48 0 67 4747
escape 0 0 0 0 54 0 68 4745
escape 0 0 0 0 54 0 68 4745
escape 0 0 0 0 53 0 67 4745
escape 0 0 0 0 47 0 66 4747
escape 0 0 0 0 47 0 66 4747
escape 0 0 0 0 54 0 68 4745
escape 0 0 0 0 53 0 67 4745
escape 0 0 0 0 45 0 153 3890
escape 0 0 0 0 70 0 162 3855
escape 0 0 0 0 127 0 157 3892
escape 0 0 0 0 47 0 66 4747
escape 0 0 0 0 47 0 66 4747
escape 0 0 0 0 48 0 67 4747
escape 0 0 0 0 53 0 67 4745
escape 0 0 0 0 54 0 68 4745
escape 0 0 0 0 54 0 68 4745
escape 0 0 0 0 47 0 66 4747
escape 0 0 0 0 47 0 66 4747
escape 0 0 0 0 49 0 68 4747
escape 0 0 0 0 54 0 68 4745
escape 0 0 0 0 53 0 67 4745
escape 0 0 0 0 47 0 66 4747
escape 0 0 0 0 47 0 66 4747
escape 0 0 0 0 49 0 68 4747
escape 0 0 0 0 54 0 68 4745
escape 0 0 0 0 53 0 67 4745
escape 0 0 0 0 53 0 67 4745
escape 0 0 0 0 10 0 96 3136
unres 0 0 0 0 26 0 127 30000
escape 0 0 0 0 14 0 143 3136
unres 0 0 0 0 30 0 98 30000
escape 0 0 0 0 38 0 151 3129
escape 0 0 0 0 78 0 152 3321
escape 0 0 0 0 6 0 98 3136
escape 0 0 0 0 96 0 196 3135
escape 0 0 0 0 10 0 95 3136
escape 0 0 0 0 11 0 97 3137
escape 0 0 0 0 48 0 98 3135
escape 0 0 0 0 10 0 144 3200
escape 0 0 0 0 76 0 145 3135
escape 0 0 0 0 16 0 145 3137
escape 0 0 0 0 71 0 146 3135
unres 0 0 0 0 16 0 118 30000
unres 0 0 0 0 17 0 119 30000
escape 0 0 0 0 11 0 97 3137
escape 0 0 0 0 48 0 98 3135
escape 0 0 0 0 16 0 145 3137
escape 0 0 0 0 71 0 146 3135
escape 0 0 0 0 11 0 97 3137
escape 0 0 0 0 48 0 98 3135
escape 0 0 0 0 16 0 145 3137
escape 0 0 0 0 71 0 146 3135
escape 0 0 0 0 11 0 97 3137
escape 0 0 0 0 16 0 145 3137
escape 0 0 0 0 11 0 97 3137
escape 0 0 0 0 6 0 143 3200
escape 0 0 0 0 16 0 145 3137
escape 0 0 0 0 11 0 97 3137
escape 0 0 0 0 16 0 145 3137
unres 0 0 0 0 16 0 100 30000
escape 0 0 0 0 47 0 66 4747
escape 0 0 0 0 49 0 68 4747
escape 0 0 0 0 49 0 68 4747
escape 0 0 0 0 55 0 69 4745
escape 0 0 0 0 6 0 97 3136
escape 0 0 0 0 6 0 97 3136
escape 0 0 0 0 7 0 99 3136
escape 0 0 0 0 6 0 97 3136
escape 0 0 0 0 6 0 97 3136
escape 0 0 0 0 7 0 99 3136
escape 0 0 0 0 6 0 97 3136
escape 0 0 0 0 7 0 99 3136
escape 0 0 0 0 6 0 97 3136
escape 0 0 0 0 7 0 99 3136
escape 0 0 0 0 7 0 99 3136
escape 0 0 0 0 7 0 99 3136
escape 0 0 0 0 7 0 99 3136
escape 0 0 0 0 7 0 99 3136
escape 0 0 0 0 7 0 99 3136
escape 0 0 0 0 6 0 97 3136
escape 0 0 0 0 6 0 97 3136
escape 0 0 0 0 7 0 99 3136
escape 0 0 0 0 6 0 97 3136
escape 0 0 0 0 6 0 97 3136
escape 0 0 0 0 7 0 99 3136
escape 0 0 0 0 6 0 97 3136
escape 0 0 0 0 7 0 99 3136
escape 0 0 0 0 6 0 97 3136
escape 0 0 0 0 7 0 99 3136
escape 0 0 0 0 6 0 97 3136
escape 0 0 0 0 6 0 97 3136
escape 0 0 0 0 6 0 97 3136
escape 0 0 0 0 6 0 97 3136
escape 0 0 0 0 6 0 97 3136
escape 0 0 0 0 6 0 97 3136
escape 0 0 0 0 47 0 66 4747
escape 0 0 0 0 49 0 68 4747
escape 0 0 0 0 54 0 68 4745
escape 0 0 0 0 96 0 194 6271
escape 0 0 0 0 46 0 196 6266
escape 0 0 0 0 47 0 98 3135
escape 0 0 0 0 7 0 96 3135
escape 0 0 0 0 47 0 98 3135
escape 0 0 0 0 47 0 98 3135
escape 0 0 0 0 166 0 211 3135
escape 0 0 0 0 47 0 66 4747
escape 0 0 0 0 133 0 139 5307
escape 0 0 0 0 71 0 146 3135
escape 0 0 0 0 7 0 98 3136
escape 0 0 0 0 71 0 146 3135
escape 0 0 0 0 71 0 146 3135
escape 0 0 0 0 7 0 98 3136
escape 0 0 0 0 47 0 98 3135
escape 0 0 0 0 49 0 100 3135
escape 0 0 0 0 69 0 147 3135
escape 0 0 0 0 71 0 149 3135
escape 0 0 0 0 47 0 98 3135
escape 0 0 0 0 49 0 100 3135
escape 0 0 0 0 7 0 96 3135
escape 0 0 0 0 9 0 97 3135
escape 0 0 0 0 6 0 97 3136
escape 0 0 0 0 49 0 99 3135
escape 0 0 0 0 11 0 146 3136
escape 0 0 0 0 73 0 148 3135
escape 0 0 0 0 6 0 97 3136
escape 0 0 0 0 7 0 99 3136
escape 0 0 0 0 10 0 144 3136
escape 0 0 0 0 6 0 97 3136
escape 0 0 0 0 49 0 99 3135
escape 0 0 0 0 11 0 146 3136
escape 0 0 0 0 73 0 148 3135
escape 0 0 0 0 6 0 97 3136
escape 0 0 0 0 49 0 99 3135
escape 0 0 0 0 9 0 169 3136
escape 0 0 0 0 80 0 171 3135
escape 0 0 0 0 6 0 97 3136
escape 0 0 0 0 7 0 99 3136
escape 0 0 0 0 10 0 144 3136
escape 0 0 0 0 6 0 97 3136
escape 0 0 0 0 49 0 99 3135
escape 0 0 0 0 6 0 97 3136
escape 0 0 0 0 7 0 99 3136
escape 0 0 0 0 10 0 144 3136
escape 0 0 0 0 71 0 139 5308
escape 0 0 0 0 47 0 66 4747
escape 0 0 0 0 49 0 68 4747
escape 0 0 0 0 54 0 68 4745
escape 0 0 0 0 6 0 97 3136
escape 0 0 0 0 75 0 146 3135
escape 0 0 0 0 6 0 97 3136
escape 0 0 0 0 6 0 97 3136
escape 0 0 0 0 47 0 98 3135
escape 0 0 0 0 6 0 97 3136
escape 0 0 0 0 47 0 98 3135
escape 0 0 0 0 6 0 97 3136
escape 0 0 0 0 10 0 145 3135
escape 0 0 0 0 9 0 146 3136
escape 0 0 0 0 7 0 96 3135
escape 0 0 0 0 6 0 97 3136
escape 0 0 0 0 77 0 131 8713
escape 0 0 0 0 63 0 81 4417
escape 0 0 0 0 34 0 68 3107
escape 0 0 0 0 34 0 69 3106
escape 0 0 0 0 6 0 97 3136
escape 0 0 0 0 7 0 97 3135
escape 0 0 0 0 10 0 144 3136
escape 0 0 0 0 11 0 144 3135
escape 0 0 0 0 6 0 97 3136
escape 0 0 0 0 7 0 97 3135
escape 0 0 0 0 10 0 144 3136
escape 0 0 0 0 11 0 144 3135
escape 0 0 0 0 6 0 97 3136
escape 0 0 0 0 7 0 97 3135
escape 0 0 0 0 10 0 144 3136
escape 0 0 0 0 11 0 144 3135
escape 0 0 0 0 7 0 96 3135
escape 0 0 0 0 7 0 97 3136
escape 0 0 0 0 74 0 145 3134
escape 0 0 0 0 12 0 146 3136
escape 0 0 0 0 47 0 98 3135
escape 0 0 0 0 7 0 97 3136
escape 0 0 0 0 69 0 147 3135
escape 0 0 0 0 12 0 146 3136
escape 0 0 0 0 7 0 97 3136
escape 0 0 0 0 11 0 144 3136
escape 0 0 0 0 7 0 97 3136
escape 0 0 0 0 11 0 144 3136
escape 0 0 0 0 47 0 98 3135
escape 0 0 0 0 7 0 97 3136
escape 0 0 0 0 46 0 170 3134
escape 0 0 0 0 10 0 169 3136
escape 0 0 0 0 7 0 97 3136
escape 0 0 0 0 11 0 144 3136
escape 0 0 0 0 47 0 98 3135
escape 0 0 0 0 7 0 97 3136
escape 0 0 0 0 47 0 195 6266
escape 0 0 0 0 47 0 66 4747
escape 0 0 0 0 48 0 67 4747
escape 0 0 0 0 48 0 67 4747
escape 0 0 0 0 8 0 97 3135
escape 0 0 0 0 6 0 97 3136
escape 0 0 0 0 11 0 96 3136
escape 0 0 0 0 6 0 97 3136
escape 0 0 0 0 8 0 97 3135
escape 0 0 0 0 6 0 97 3136
escape 0 0 0 0 8 0 97 3135
escape 0 0 0 0 6 0 97 3136
escape 0 0 0 0 8 0 97 3135
escape 0 0 0 0 111 0 238 3135
escape 0 0 0 0 48 0 209 3135
escape 0 0 0 0 97 0 245 16131
escape 0 0 0 0 63 0 325 6171
escape 0 0 0 0 47 0 66 4747
escape 0 0 0 0 54 0 68 4745
escape 0 0 0 0 54 0 68 4745
escape 0 0 0 0 11 0 97 3137
escape 0 0 0 0 11 0 97 3135
escape 0 0 0 0 11 0 97 3137
escape 0 0 0 0 11 0 97 3135
escape 0 0 0 0 11 0 97 3137
escape 0 0 0 0 11 0 97 3135
escape 0 0 0 0 49 0 99 3136
escape 0 0 0 0 11 0 97 3137
escape 0 0 0 0 11 0 97 3135
escape 0 0 0 0 35 0 167 3136
escape 0 0 0 0 31 0 164 3137
escape 0 0 0 0 6 0 97 3136
escape 0 0 0 0 11 0 97 3137
escape 0 0 0 0 11 0 97 3135
escape 0 0 0 0 12 0 96 3137
escape 0 0 0 0 11 0 97 3137
escape 0 0 0 0 11 0 97 3135
escape 0 0 0 0 47 0 66 4747
escape 0 0 0 0 47 0 66 4747
escape 0 0 0 0 54 0 68 4745
escape 0 0 0 0 45 0 153 3890
escape 0 0 0 0 70 0 162 3855
escape 0 0 0 0 127 0 157 3890
escape 0 0 0 0 47 0 66 4747
escape 0 0 0 0 47 0 66 4747
escape 0 0 0 0 53 0 67 4745
escape 0 0 0 0 48 0 67 4747
escape 0 0 0 0 54 0 68 4745
escape 0 0 0 0 55 0 68 4745
escape 0 0 0 0 45 0 153 3890
escape 0 0 0 0 62 0 162 3872
escape 0 0 0 0 47 0 66 4747
escape 0 0 0 0 47 0 66 4747
escape 0 0 0 0 54 0 68 4745
escape 0 0 0 0 54 0 68 4745
escape 0 0 0 0 47 0 66 4747
escape 0 0 0 0 47 0 66 4747
escape 0 0 0 0 54 0 68 4745
escape 0 0 0 0 48 0 67 4747
escape 0 0 0 0 54 0 68 4745
escape 0 0 0 0 54 0 68 4745
escape 0 0 0 0 47 0 66 4747
escape 0 0 0 0 47 0 66 4747
escape 0 0 0 0 54 0 68 4745
escape 0 0 0 0 49 0 68 4747
escape 0 0 0 0 55 0 68 4745
escape 0 0 0 0 47 0 66 4747
escape 0 0 0 0 47 0 66 4747
escape 0 0 0 0 54 0 68 4745
escape 0 0 0 0 49 0 68 4747
escape 0 0 0 0 53 0 67 4745
escape 0 0 0 0 55 0 68 4745
escape 0 0 0 0 11 0 97 3137
escape 0 0 0 0 10 0 144 3200
escape 0 0 0 0 16 0 145 3137
escape 0 0 0 0 71 0 146 3135
unres 0 0 0 0 16 0 118 30000
unres 0 0 0 0 17 0 119 30000
escape 0 0 0 0 11 0 97 3137
escape 0 0 0 0 16 0 145 3137
escape 0 0 0 0 71 0 146 3135
escape 0 0 0 0 11 0 97 3137
escape 0 0 0 0 16 0 145 3137
escape 0 0 0 0 71 0 146 3135
escape 0 0 0 0 11 0 97 3137
escape 0 0 0 0 16 0 145 3137
escape 0 0 0 0 11 0 97 3137
escape 0 0 0 0 6 0 143 3200
escape 0 0 0 0 16 0 145 3137
escape 0 0 0 0 11 0 97 3137
escape 0 0 0 0 16 0 145 3137
unres 0 0 0 0 16 0 100 30000
escape 0 0 0 0 10 0 96 3136
escape 0 0 0 0 11 0 97 3136
unres 0 0 0 0 26 0 127 30000
escape 0 0 0 0 11 0 144 3199
escape 0 0 0 0 14 0 143 3136
escape 0 0 0 0 15 0 144 3136
unres 0 0 0 0 30 0 98 30000
unres 0 0 0 0 31 0 99 30000
escape 0 0 0 0 38 0 151 3129
escape 0 0 0 0 78 0 152 3321
escape 0 0 0 0 6 0 98 3136
escape 0 0 0 0 11 0 97 3136
escape 0 0 0 0 15 0 144 3136
escape 0 0 0 0 96 0 196 3135
escape 0 0 0 0 10 0 95 3136
escape 0 0 0 0 11 0 97 3136
escape 0 0 0 0 15 0 144 3136
escape 0 0 0 0 37 0 325 6170
escape 0 0 0 0 97 0 245 16131
escape 0 0 0 0 47 0 66 4747
escape 0 0 0 0 49 0 68 4747
escape 0 0 0 0 49 0 68 4747
escape 0 0 0 0 48 0 98 3135
escape 0 0 0 0 48 0 98 3135
escape 0 0 0 0 6 0 97 3136
escape 0 0 0 0 6 0 97 3136
escape 0 0 0 0 7 0 99 3136
escape 0 0 0 0 6 0 97 3136
escape 0 0 0 0 6 0 97 3136
escape 0 0 0 0 7 0 99 3136
escape 0 0 0 0 6 0 97 3136
escape 0 0 0 0 7 0 99 3136
escape 0 0 0 0 6 0 97 3136
escape 0 0 0 0 7 0 99 3136
escape 0 0 0 0 7 0 99 3136
escape 0 0 0 0 7 0 99 3136
escape 0 0 0 0 7 0 99 3136
escape 0 0 0 0 7 0 99 3136
escape 0 0 0 0 7 0 99 3136
escape 0 0 0 0 6 0 97 3136
escape 0 0 0 0 6 0 97 3136
escape 0 0 0 0 7 0 98 3136
escape 0 0 0 0 6 0 97 3136
escape 0 0 0 0 6 0 97 3136
escape 0 0 0 0 7 0 98 3136
escape 0 0 0 0 6 0 97 3136
escape 0 0 0 0 7 0 98 3136
escape 0 0 0 0 6 0 97 3136
escape 0 0 0 0 7 0 98 3136
escape 0 0 0 0 7 0 99 3136
escape 0 0 0 0 7 0 99 3136
escape 0 0 0 0 7 0 99 3136
escape 0 0 0 0 7 0 99 3136
escape 0 0 0 0 7 0 99 3136
escape 0 0 0 0 47 0 66 4747
escape 0 0 0 0 77 0 131 8713
escape 0 0 0 0 44 0 60 7696
escape 0 0 0 0 6 0 97 3136
escape 0 0 0 0 6 0 97 3136
escape 0 0 0 0 6 0 97 3136
escape 0 0 0 0 47 0 98 3135
escape 0 0 0 0 6 0 97 3136
escape 0 0 0 0 49 0 100 3135
escape 0 0 0 0 69 0 147 3135
escape 0 0 0 0 71 0 149 3135
escape 0 0 0 0 47 0 98 3135
escape 0 0 0 0 6 0 97 3136
escape 0 0 0 0 49 0 100 3135
escape 0 0 0 0 7 0 96 3135
escape 0 0 0 0 6 0 97 3136
escape 0 0 0 0 6 0 97 3136
escape 0 0 0 0 11 0 146 3136
escape 0 0 0 0 6 0 97 3136
escape 0 0 0 0 10 0 144 3136
escape 0 0 0 0 6 0 97 3136
escape 0 0 0 0 11 0 146 3136
escape 0 0 0 0 6 0 97 3136
escape 0 0 0 0 7 0 99 3136
escape 0 0 0 0 9 0 169 3136
escape 0 0 0 0 6 0 97 3136
escape 0 0 0 0 7 0 98 3136
escape 0 0 0 0 10 0 144 3136
escape 0 0 0 0 11 0 145 3136
escape 0 0 0 0 6 0 97 3136
escape 0 0 0 0 7 0 98 3136
escape 0 0 0 0 10 0 144 3136
escape 0 0 0 0 11 0 145 3136
escape 0 0 0 0 6 0 97 3136
escape 0 0 0 0 7 0 99 3136
escape 0 0 0 0 33 0 69 3106
escape 0 0 0 0 47 0 66 4747
escape 0 0 0 0 49 0 68 4747
escape 0 0 0 0 56 0 70 4745
escape 0 0 0 0 96 0 194 6271
escape 0 0 0 0 46 0 194 6268
escape 0 0 0 0 45 0 195 6264
escape 0 0 0 0 49 0 100 3135
escape 0 0 0 0 49 0 100 3135
escape 0 0 0 0 9 0 97 3135
escape 0 0 0 0 109 0 236 3134
escape 0 0 0 0 47 0 66 4747
escape 0 0 0 0 6 0 97 3136
escape 0 0 0 0 6 0 97 3136
escape 0 0 0 0 6 0 97 3136
escape 0 0 0 0 47 0 98 3135
escape 0 0 0 0 6 0 97 3136
escape 0 0 0 0 69 0 147 3135
escape 0 0 0 0 47 0 98 3135
escape 0 0 0 0 6 0 97 3136
escape 0 0 0 0 7 0 96 3135
escape 0 0 0 0 6 0 97 3136
escape 0 0 0 0 77 0 131 8713
escape 0 0 0 0 6 0 97 3136
escape 0 0 0 0 7 0 97 3135
escape 0 0 0 0 11 0 146 3136
escape 0 0 0 0 12 0 146 3135
escape 0 0 0 0 6 0 97 3136
escape 0 0 0 0 7 0 97 3135
escape 0 0 0 0 11 0 146 3136
escape 0 0 0 0 12 0 146 3135
escape 0 0 0 0 6 0 97 3136
escape 0 0 0 0 7 0 97 3135
escape 0 0 0 0 10 0 144 3136
escape 0 0 0 0 11 0 144 3135
escape 0 0 0 0 6 0 97 3136
escape 0 0 0 0 7 0 97 3135
escape 0 0 0 0 9 0 169 3136
escape 0 0 0 0 10 0 169 3135
escape 0 0 0 0 6 0 97 3136
escape 0 0 0 0 7 0 97 3135
escape 0 0 0 0 10 0 144 3136
escape 0 0 0 0 11 0 144 3135
escape 0 0 0 0 6 0 97 3136
escape 0 0 0 0 7 0 97 3135
escape 0 0 0 0 10 0 144 3136
escape 0 0 0 0 11 0 144 3135
escape 0 0 0 0 6 0 97 3136
escape 0 0 0 0 7 0 97 3135
escape 0 0 0 0 33 0 69 3106
escape 0 0 0 0 34 0 69 3107
escape 0 0 0 0 7 0 97 3136
escape 0 0 0 0 11 0 144 3136
escape 0 0 0 0 7 0 97 3136
escape 0 0 0 0 11 0 144 3136
escape 0 0 0 0 7 0 97 3136
escape 0 0 0 0 11 0 144 3136
escape 0 0 0 0 96 0 194 6271
escape 0 0 0 0 46 0 194 6268
escape 0 0 0 0 93 0 191 6270
escape 0 0 0 0 47 0 66 4747
escape 0 0 0 0 49 0 68 4747
escape 0 0 0 0 8 0 97 3135
escape 0 0 0 0 11 0 96 3136
escape 0 0 0 0 8 0 97 3135
escape 0 0 0 0 8 0 97 3135
escape 0 0 0 0 8 0 97 3135
escape 0 0 0 0 48 0 209 3135
escape 0 0 0 0 45 0 153 3890
escape 0 0 0 0 62 0 162 3872
escape 0 0 0 0 62 0 162 3856
escape 0 0 0 0 47 0 66 4747
escape 0 0 0 0 47 0 66 4747
escape 0 0 0 0 48 0 67 4747
escape 0 0 0 0 57 0 70 4745
escape 0 0 0 0 47 0 66 4747
escape 0 0 0 0 47 0 66 4747
escape 0 0 0 0 48 0 67 4747
escape 0 0 0 0 45 0 153 3890
escape 0 0 0 0 62 0 162 3872
escape 0 0 0 0 62 0 162 3856
escape 0 0 0 0 47 0 66 4747
escape 0 0 0 0 47 0 66 4747
escape 0 0 0 0 48 0 67 4747
escape 0 0 0 0 57 0 71 4745
escape 0 0 0 0 47 0 66 4747
escape 0 0 0 0 47 0 66 4747
escape 0 0 0 0 48 0 67 4747
escape 0 0 0 0 56 0 70 4745
escape 0 0 0 0 47 0 66 4747
escape 0 0 0 0 47 0 66 4747
escape 0 0 0 0 49 0 68 4747
escape 0 0 0 0 49 0 68 4747
escape 0 0 0 0 52 0 71 4747
escape 0 0 0 0 47 0 66 4747
escape 0 0 0 0 47 0 66 4747
escape 0 0 0 0 49 0 68 4747
escape 0 0 0 0 49 0 68 4747
escape 0 0 0 0 105 0 133 4745
unres 0 0 0 0 269 0 283 30000
escape 0 0 0 0 11 0 97 3137
escape 0 0 0 0 11 0 97 3135
escape 0 0 0 0 16 0 145 3137
escape 0 0 0 0 16 0 145 3135
escape 0 0 0 0 11 0 97 3137
escape 0 0 0 0 11 0 97 3135
escape 0 0 0 0 16 0 145 3137
escape 0 0 0 0 16 0 145 3135
unres 0 0 0 0 16 0 100 30000
escape 0 0 0 0 11 0 97 3137
escape 0 0 0 0 11 0 97 3135
escape 0 0 0 0 6 0 143 3200
escape 0 0 0 0 7 0 142 3198
escape 0 0 0 0 16 0 145 3137
escape 0 0 0 0 16 0 145 3135
escape 0 0 0 0 10 0 96 3136
escape 0 0 0 0 11 0 97 3137
escape 0 0 0 0 11 0 97 3135
unres 0 0 0 0 26 0 127 30000
escape 0 0 0 0 10 0 144 3200
escape 0 0 0 0 14 0 143 3136
escape 0 0 0 0 16 0 145 3137
escape 0 0 0 0 16 0 145 3135
unres 0 0 0 0 30 0 98 30000
unres 0 0 0 0 16 0 118 30000
escape 0 0 0 0 6 0 98 3136
escape 0 0 0 0 11 0 97 3137
escape 0 0 0 0 11 0 97 3135
escape 0 0 0 0 16 0 145 3137
escape 0 0 0 0 16 0 145 3135
escape 0 0 0 0 96 0 196 3135
escape 0 0 0 0 10 0 95 3136
escape 0 0 0 0 11 0 97 3137
escape 0 0 0 0 11 0 97 3135
escape 0 0 0 0 16 0 145 3137
escape 0 0 0 0 16 0 145 3135
escape 0 0 0 0 142 0 184 3592
escape 0 0 0 0 38 0 151 3129
escape 0 0 0 0 78 0 152 3321
escape 0 0 0 0 11 0 97 3137
escape 0 0 0 0 16 0 145 3137
escape 0 0 0 0 11 0 97 3137
escape 0 0 0 0 16 0 145 3137
unres 0 0 0 0 16 0 100 30000
escape 0 0 0 0 11 0 97 3137
escape 0 0 0 0 6 0 143 3200
escape 0 0 0 0 16 0 145 3137
escape 0 0 0 0 11 0 97 3137
escape 0 0 0 0 10 0 96 3136
escape 0 0 0 0 11 0 97 3136
escape 0 0 0 0 10 0 144 3200
unres 0 0 0 0 26 0 127 30000
unres 0 0 0 0 27 0 128 30000
escape 0 0 0 0 16 0 145 3137
escape 0 0 0 0 14 0 143 3136
escape 0 0 0 0 15 0 144 3136
unres 0 0 0 0 16 0 118 30000
unres 0 0 0 0 30 0 98 30000
unres 0 0 0 0 31 0 99 30000
escape 0 0 0 0 11 0 97 3137
escape 0 0 0 0 6 0 98 3136
escape 0 0 0 0 16 0 145 3137
escape 0 0 0 0 96 0 196 3135
escape 0 0 0 0 38 0 151 3129
escape 0 0 0 0 78 0 152 3321
escape 0 0 0 0 11 0 97 3137
escape 0 0 0 0 10 0 95 3136
escape 0 0 0 0 16 0 145 3137
escape 0 0 0 0 47 0 66 4747
escape 0 0 0 0 49 0 68 4747
escape 0 0 0 0 54 0 68 4745
escape 0 0 0 0 11 0 97 3137
escape 0 0 0 0 31 0 164 3137
escape 0 0 0 0 11 0 97 3137
escape 0 0 0 0 11 0 97 3137
escape 0 0 0 0 11 0 97 3137
escape 0 0 0 0 11 0 97 3137
escape 0 0 0 0 11 0 97 3137
escape 0 0 0 0 47 0 66 4747
escape 0 0 0 0 54 0 68 4745
escape 0 0 0 0 49 0 68 4747
escape 0 0 0 0 11 0 97 3137
escape 0 0 0 0 31 0 164 3137
escape 0 0 0 0 11 0 97 3137
escape 0 0 0 0 48 0 98 3135
escape 0 0 0 0 11 0 97 3137
escape 0 0 0 0 48 0 98 3135
escape 0 0 0 0 11 0 97 3137
escape 0 0 0 0 11 0 97 3137
escape 0 0 0 0 11 0 97 3137
escape 0 0 0 0 48 0 97 6271
escape 0 0 0 0 48 0 97 6271
escape 0 0 0 0 48 0 97 6270
escape 0 0 0 0 71 0 145 6271
escape 0 0 0 0 71 0 145 6271
escape 0 0 0 0 71 0 145 6270
escape 0 0 0 0 71 0 145 6271
escape 0 0 0 0 71 0 145 6271
escape 0 0 0 0 8 0 143 6271
escape 0 0 0 0 94 0 192 6271
escape 0 0 0 0 94 0 192 6271
escape 0 0 0 0 11 0 189 6271
escape 0 0 0 0 21 0 139 3264
escape 0 0 0 0 21 0 139 3264
escape 0 0 0 0 21 0 185 3264
escape 0 0 0 0 48 0 97 6271
escape 0 0 0 0 48 0 97 6271
escape 0 0 0 0 48 0 97 6270
escape 0 0 0 0 71 0 145 6271
escape 0 0 0 0 71 0 145 6271
escape 0 0 0 0 71 0 145 6270
escape 0 0 0 0 71 0 145 6271
escape 0 0 0 0 71 0 145 6271
escape 0 0 0 0 8 0 143 6271
escape 0 0 0 0 94 0 192 6271
escape 0 0 0 0 94 0 192 6271
escape 0 0 0 0 11 0 189 6271
escape 0 0 0 0 48 0 97 6271
escape 0 0 0 0 48 0 97 6271
escape 0 0 0 0 48 0 97 6270
escape 0 0 0 0 71 0 145 6271
escape 0 0 0 0 71 0 145 6271
escape 0 0 0 0 71 0 145 6270
escape 0 0 0 0 71 0 145 6271
escape 0 0 0 0 71 0 145 6271
escape 0 0 0 0 8 0 143 6271
escape 0 0 0 0 94 0 192 6271
escape 0 0 0 0 94 0 192 6271
escape 0 0 0 0 11 0 189 6271
escape 0 0 0 0 21 0 139 3264
escape 0 0 0 0 31 0 146 3264
escape 0 0 0 0 21 0 139 3264
escape 0 0 0 0 21 0 139 3264
escape 0 0 0 0 21 0 185 3264
escape 0 0 0 0 48 0 97 6271
escape 0 0 0 0 48 0 97 6271
escape 0 0 0 0 48 0 97 6270
escape 0 0 0 0 71 0 145 6271
escape 0 0 0 0 71 0 145 6271
escape 0 0 0 0 71 0 145 6270
escape 0 0 0 0 71 0 145 6271
escape 0 0 0 0 71 0 145 6271
escape 0 0 0 0 8 0 143 6271
escape 0 0 0 0 94 0 192 6271
escape 0 0 0 0 94 0 192 6271
escape 0 0 0 0 11 0 189 6271
escape 0 0 0 0 6 0 97 6272
escape 0 0 0 0 7 0 145 6272
escape 0 0 0 0 9 0 145 6272
escape 0 0 0 0 10 0 192 6272
escape 0 0 0 0 6 0 97 6272
escape 0 0 0 0 7 0 145 6272
escape 0 0 0 0 9 0 145 6272
escape 0 0 0 0 10 0 192 6272
escape 0 0 0 0 6 0 97 6272
escape 0 0 0 0 7 0 145 6272
escape 0 0 0 0 9 0 145 6272
escape 0 0 0 0 10 0 192 6272
escape 0 0 0 0 9 0 145 6272
escape 0 0 0 0 9 0 145 6272
escape 0 0 0 0 10 0 192 6272
escape 0 0 0 0 9 0 145 6272
escape 0 0 0 0 9 0 145 6272
escape 0 0 0 0 10 0 192 6272
escape 0 0 0 0 9 0 145 6272
escape 0 0 0 0 9 0 145 6272
escape 0 0 0 0 10 0 192 6272
escape 0 0 0 0 48 0 97 6271
escape 0 0 0 0 25 0 98 6268
escape 0 0 0 0 71 0 145 6271
escape 0 0 0 0 32 0 146 6268
escape 0 0 0 0 71 0 145 6271
escape 0 0 0 0 40 0 146 6268
escape 0 0 0 0 94 0 192 6271
escape 0 0 0 0 47 0 193 6268
escape 0 0 0 0 48 0 97 6271
escape 0 0 0 0 25 0 98 6268
escape 0 0 0 0 71 0 145 6271
escape 0 0 0 0 32 0 146 6268
escape 0 0 0 0 71 0 145 6271
escape 0 0 0 0 40 0 146 6268
escape 0 0 0 0 94 0 192 6271
escape 0 0 0 0 47 0 193 6268
escape 0 0 0 0 48 0 97 6271
escape 0 0 0 0 25 0 98 6268
escape 0 0 0 0 71 0 145 6271
escape 0 0 0 0 32 0 146 6268
escape 0 0 0 0 71 0 145 6271
escape 0 0 0 0 40 0 146 6268
escape 0 0 0 0 94 0 192 6271
escape 0 0 0 0 47 0 193 6268
escape 0 0 0 0 48 0 97 6271
escape 0 0 0 0 25 0 98 6268
escape 0 0 0 0 71 0 145 6271
escape 0 0 0 0 32 0 146 6268
escape 0 0 0 0 71 0 145 6271
escape 0 0 0 0 40 0 146 6268
escape 0 0 0 0 94 0 192 6271
escape 0 0 0 0 47 0 193 6268
escape 0 0 0 0 71 0 145 6271
escape 0 0 0 0 40 0 146 6268
escape 0 0 0 0 71 0 145 6271
escape 0 0 0 0 40 0 146 6268
escape 0 0 0 0 94 0 192 6271
escape 0 0 0 0 71 0 145 6271
escape 0 0 0 0 40 0 146 6268
escape 0 0 0 0 71 0 145 6271
escape 0 0 0 0 40 0 146 6268
escape 0 0 0 0 94 0 192 6271
escape 0 0 0 0 71 0 145 6271
escape 0 0 0 0 40 0 146 6268
escape 0 0 0 0 71 0 145 6271
escape 0 0 0 0 40 0 146 6268
escape 0 0 0 0 94 0 192 6271
escape 0 0 0 0 71 0 145 6271
escape 0 0 0 0 71 0 145 6271
escape 0 0 0 0 94 0 192 6271
escape 0 0 0 0 9 0 145 6272
escape 0 0 0 0 40 0 146 6268
escape 0 0 0 0 9 0 145 6272
escape 0 0 0 0 40 0 146 6268
escape 0 0 0 0 10 0 192 6272
escape 0 0 0 0 47 0 193 6268
escape 0 0 0 0 9 0 145 6272
escape 0 0 0 0 40 0 146 6268
escape 0 0 0 0 9 0 145 6272
escape 0 0 0 0 40 0 146 6268
escape 0 0 0 0 10 0 192 6272
escape 0 0 0 0 47 0 193 6268
escape 0 0 0 0 9 0 145 6272
escape 0 0 0 0 40 0 146 6268
escape 0 0 0 0 9 0 145 6272
escape 0 0 0 0 40 0 146 6268
escape 0 0 0 0 10 0 192 6272
escape 0 0 0 0 47 0 193 6268
escape 0 0 0 0 6 0 97 6272
escape 0 0 0 0 48 0 97 6271
escape 0 0 0 0 7 0 145 6272
escape 0 0 0 0 71 0 145 6271
escape 0 0 0 0 9 0 145 6272
escape 0 0 0 0 71 0 145 6271
escape 0 0 0 0 10 0 192 6272
escape 0 0 0 0 94 0 192 6271
escape 0 0 0 0 6 0 97 6272
escape 0 0 0 0 48 0 97 6271
escape 0 0 0 0 7 0 145 6272
escape 0 0 0 0 71 0 145 6271
escape 0 0 0 0 9 0 145 6272
escape 0 0 0 0 71 0 145 6271
escape 0 0 0 0 10 0 192 6272
escape 0 0 0 0 94 0 192 6271
escape 0 0 0 0 6 0 97 6272
escape 0 0 0 0 48 0 97 6271
escape 0 0 0 0 7 0 145 6272
escape 0 0 0 0 71 0 145 6271
escape 0 0 0 0 9 0 145 6272
escape 0 0 0 0 71 0 145 6271
escape 0 0 0 0 10 0 192 6272
escape 0 0 0 0 94 0 192 6271
escape 0 0 0 0 19 0 101 28864
escape 0 0 0 0 23 0 103 28864
escape 0 0 0 0 48 0 97 6271
escape 0 0 0 0 71 0 145 6271
escape 0 0 0 0 71 0 145 6271
escape 0 0 0 0 94 0 192 6271
escape 0 0 0 0 48 0 97 6271
escape 0 0 0 0 71 0 145 6271
escape 0 0 0 0 71 0 145 6271
escape 0 0 0 0 94 0 192 6271
escape 0 0 0 0 48 0 97 6271
escape 0 0 0 0 71 0 145 6271
escape 0 0 0 0 71 0 145 6271
escape 0 0 0 0 94 0 192 6271
escape 0 0 0 0 48 0 97 6271
escape 0 0 0 0 71 0 145 6271
escape 0 0 0 0 71 0 145 6271
escape 0 0 0 0 94 0 192 6271
escape 0 0 0 0 6 0 97 3136
escape 0 0 0 0 6 0 145 3136
escape 0 0 0 0 10 0 144 3136
escape 0 0 0 0 10 0 192 3136
escape 0 0 0 0 71 0 145 6271
escape 0 0 0 0 71 0 145 6271
escape 0 0 0 0 94 0 192 6271
escape 0 0 0 0 71 0 145 6271
escape 0 0 0 0 71 0 145 6271
escape 0 0 0 0 94 0 192 6271
escape 0 0 0 0 6 0 97 3136
escape 0 0 0 0 7 0 100 3136
escape 0 0 0 0 10 0 144 3136
escape 0 0 0 0 11 0 148 3136
escape 0 0 0 0 71 0 145 6271
escape 0 0 0 0 71 0 145 6271
escape 0 0 0 0 94 0 192 6271
escape 0 0 0 0 71 0 145 6271
escape 0 0 0 0 71 0 145 6271
escape 0 0 0 0 94 0 192 6271
escape 0 0 0 0 6 0 97 3136
escape 0 0 0 0 6 0 145 3136
escape 0 0 0 0 10 0 144 3136
escape 0 0 0 0 10 0 192 3136
escape 0 0 0 0 6 0 97 6272
escape 0 0 0 0 48 0 97 6271
escape 0 0 0 0 13 0 95 6530
escape 0 0 0 0 7 0 145 6272
escape 0 0 0 0 71 0 145 6271
escape 0 0 0 0 15 0 139 6530
escape 0 0 0 0 9 0 145 6272
escape 0 0 0 0 71 0 145 6271
escape 0 0 0 0 19 0 142 6530
escape 0 0 0 0 10 0 192 6272
escape 0 0 0 0 94 0 192 6271
escape 0 0 0 0 21 0 185 6530
escape 0 0 0 0 6 0 97 6272
escape 0 0 0 0 48 0 97 6271
escape 0 0 0 0 13 0 95 6530
escape 0 0 0 0 7 0 145 6272
escape 0 0 0 0 71 0 145 6271
escape 0 0 0 0 15 0 139 6530
escape 0 0 0 0 9 0 145 6272
escape 0 0 0 0 71 0 145 6271
escape 0 0 0 0 19 0 142 6530
escape 0 0 0 0 10 0 192 6272
escape 0 0 0 0 94 0 192 6271
escape 0 0 0 0 21 0 185 6530
escape 0 0 0 0 6 0 97 6272
escape 0 0 0 0 48 0 97 6271
escape 0 0 0 0 13 0 95 6530
escape 0 0 0 0 7 0 145 6272
escape 0 0 0 0 71 0 145 6271
escape 0 0 0 0 15 0 139 6530
escape 0 0 0 0 9 0 145 6272
escape 0 0 0 0 71 0 145 6271
escape 0 0 0 0 19 0 142 6530
escape 0 0 0 0 10 0 192 6272
escape 0 0 0 0 94 0 192 6271
escape 0 0 0 0 21 0 185 6530
escape 0 0 0 0 77 0 131 8713
escape 0 0 0 0 78 0 98 9396
unres 0 0 0 0 21 0 178 30000
escape 0 0 0 0 71 0 146 3134
escape 0 0 0 0 93 0 193 3134
escape 0 0 0 0 71 0 145 6271
escape 0 0 0 0 40 0 146 6268
escape 0 0 0 0 71 0 145 6271
escape 0 0 0 0 40 0 146 6268
escape 0 0 0 0 94 0 192 6271
escape 0 0 0 0 47 0 193 6268
escape 0 0 0 0 71 0 145 6271
escape 0 0 0 0 40 0 146 6268
escape 0 0 0 0 71 0 145 6271
escape 0 0 0 0 40 0 146 6268
escape 0 0 0 0 94 0 192 6271
escape 0 0 0 0 47 0 193 6268
escape 0 0 0 0 71 0 145 6271
escape 0 0 0 0 40 0 146 6268
escape 0 0 0 0 71 0 145 6271
escape 0 0 0 0 40 0 146 6268
escape 0 0 0 0 94 0 192 6271
escape 0 0 0 0 47 0 193 6268
escape 0 0 0 0 71 0 145 6271
escape 0 0 0 0 40 0 146 6268
escape 0 0 0 0 71 0 145 6271
escape 0 0 0 0 40 0 146 6268
escape 0 0 0 0 94 0 192 6271
escape 0 0 0 0 47 0 193 6268
escape 0 0 0 0 48 0 97 6271
escape 0 0 0 0 48 0 97 6271
escape 0 0 0 0 25 0 99 6268
escape 0 0 0 0 71 0 145 6271
escape 0 0 0 0 71 0 145 6271
escape 0 0 0 0 32 0 146 6268
escape 0 0 0 0 71 0 145 6271
escape 0 0 0 0 71 0 145 6271
escape 0 0 0 0 40 0 147 6268
escape 0 0 0 0 94 0 192 6271
escape 0 0 0 0 94 0 192 6271
escape 0 0 0 0 47 0 193 6268
escape 0 0 0 0 14 0 145 3135
escape 0 0 0 0 15 0 191 3135
escape 0 0 0 0 48 0 97 6271
escape 0 0 0 0 48 0 97 6271
escape 0 0 0 0 25 0 99 6268
escape 0 0 0 0 71 0 145 6271
escape 0 0 0 0 71 0 145 6271
escape 0 0 0 0 32 0 146 6268
escape 0 0 0 0 71 0 145 6271
escape 0 0 0 0 71 0 145 6271
escape 0 0 0 0 40 0 147 6268
escape 0 0 0 0 94 0 192 6271
escape 0 0 0 0 94 0 192 6271
escape 0 0 0 0 47 0 193 6268
escape 0 0 0 0 48 0 97 6271
escape 0 0 0 0 48 0 97 6271
escape 0 0 0 0 25 0 99 6268
escape 0 0 0 0 71 0 145 6271
escape 0 0 0 0 71 0 145 6271
escape 0 0 0 0 32 0 146 6268
escape 0 0 0 0 71 0 145 6271
escape 0 0 0 0 71 0 145 6271
escape 0 0 0 0 40 0 147 6268
escape 0 0 0 0 94 0 192 6271
escape 0 0 0 0 94 0 192 6271
escape 0 0 0 0 47 0 193 6268
escape 0 0 0 0 14 0 145 3135
escape 0 0 0 0 15 0 191 3135
escape 0 0 0 0 48 0 97 6271
escape 0 0 0 0 48 0 97 6271
escape 0 0 0 0 25 0 99 6268
escape 0 0 0 0 71 0 145 6271
escape 0 0 0 0 71 0 145 6271
escape 0 0 0 0 32 0 146 6268
escape 0 0 0 0 71 0 145 6271
escape 0 0 0 0 71 0 145 6271
escape 0 0 0 0 40 0 147 6268
escape 0 0 0 0 94 0 192 6271
escape 0 0 0 0 94 0 192 6271
escape 0 0 0 0 47 0 193 6268
escape 0 0 0 0 6 0 97 6272
escape 0 0 0 0 25 0 98 6268
escape 0 0 0 0 7 0 145 6272
escape 0 0 0 0 32 0 146 6268
escape 0 0 0 0 9 0 145 6272
escape 0 0 0 0 40 0 146 6268
escape 0 0 0 0 10 0 192 6272
escape 0 0 0 0 47 0 193 6268
escape 0 0 0 0 6 0 97 6272
escape 0 0 0 0 25 0 98 6268
escape 0 0 0 0 7 0 145 6272
escape 0 0 0 0 32 0 146 6268
escape 0 0 0 0 9 0 145 6272
escape 0 0 0 0 40 0 146 6268
escape 0 0 0 0 10 0 192 6272
escape 0 0 0 0 47 0 193 6268
escape 0 0 0 0 6 0 97 6272
escape 0 0 0 0 25 0 98 6268
escape 0 0 0 0 7 0 145 6272
escape 0 0 0 0 32 0 146 6268
escape 0 0 0 0 9 0 145 6272
escape 0 0 0 0 40 0 146 6268
escape 0 0 0 0 10 0 192 6272
escape 0 0 0 0 47 0 193 6268
escape 0 0 0 0 77 0 131 8713
escape 0 0 0 0 6 0 97 3136
escape 0 0 0 0 6 0 97 3136
escape 0 0 0 0 6 0 97 3136
escape 0 0 0 0 6 0 97 3136
escape 0 0 0 0 6 0 97 3136
escape 0 0 0 0 6 0 97 3136
unres 0 0 0 0 24 0 80 30000
escape 0 0 0 0 52 0 61 5473
escape 0 0 0 0 50 0 111 12475
escape 0 0 0 0 10 0 96 3136
escape 0 0 0 0 10 0 96 3136
escape 0 0 0 0 14 0 143 3136
unres 0 0 0 0 26 0 127 30000
unres 0 0 0 0 30 0 98 30000
escape 0 0 0 0 49 0 99 3136
escape 0 0 0 0 35 0 167 3136
escape 0 0 0 0 48 0 97 6271
escape 0 0 0 0 71 0 145 6271
escape 0 0 0 0 71 0 145 6271
escape 0 0 0 0 94 0 192 6271
escape 0 0 0 0 48 0 97 6271
escape 0 0 0 0 71 0 145 6271
escape 0 0 0 0 71 0 145 6271
escape 0 0 0 0 94 0 192 6271
escape 0 0 0 0 6 0 97 3136
escape 0 0 0 0 10 0 144 3136
escape 0 0 0 0 6 0 145 3136
escape 0 0 0 0 10 0 192 3136
escape 0 0 0 0 48 0 97 6271
escape 0 0 0 0 71 0 145 6271
escape 0 0 0 0 71 0 145 6271
escape 0 0 0 0 94 0 192 6271
escape 0 0 0 0 48 0 97 6271
escape 0 0 0 0 71 0 145 6271
escape 0 0 0 0 71 0 145 6271
escape 0 0 0 0 94 0 192 6271
escape 0 0 0 0 6 0 97 3136
escape 0 0 0 0 10 0 144 3136
escape 0 0 0 0 6 0 145 3136
escape 0 0 0 0 10 0 192 3136
escape 0 0 0 0 6 0 97 3136
escape 0 0 0 0 10 0 144 3136
escape 0 0 0 0 6 0 145 3136
escape 0 0 0 0 10 0 192 3136
escape 0 0 0 0 71 0 145 6271
escape 0 0 0 0 40 0 146 6268
escape 0 0 0 0 71 0 145 6271
escape 0 0 0 0 40 0 146 6268
escape 0 0 0 0 94 0 192 6271
escape 0 0 0 0 47 0 193 6268
escape 0 0 0 0 71 0 145 6271
escape 0 0 0 0 40 0 146 6268
escape 0 0 0 0 71 0 145 6271
escape 0 0 0 0 40 0 146 6268
escape 0 0 0 0 94 0 192 6271
escape 0 0 0 0 47 0 193 6268
escape 0 0 0 0 71 0 145 6271
escape 0 0 0 0 40 0 146 6268
escape 0 0 0 0 71 0 145 6271
escape 0 0 0 0 40 0 146 6268
escape 0 0 0 0 94 0 192 6271
escape 0 0 0 0 47 0 193 6268
escape 0 0 0 0 71 0 145 6271
escape 0 0 0 0 71 0 145 6271
escape 0 0 0 0 94 0 192 6271
escape 0 0 0 0 72 0 143 3199
escape 0 0 0 0 96 0 190 3199
escape 0 0 0 0 6 0 97 3136
escape 0 0 0 0 10 0 144 3136
escape 0 0 0 0 6 0 145 3136
escape 0 0 0 0 10 0 192 3136
escape 0 0 0 0 6 0 97 3136
escape 0 0 0 0 10 0 144 3136
escape 0 0 0 0 6 0 145 3136
escape 0 0 0 0 10 0 192 3136
escape 0 0 0 0 6 0 97 3136
escape 0 0 0 0 10 0 144 3136
escape 0 0 0 0 6 0 145 3136
escape 0 0 0 0 10 0 192 3136
escape 0 0 0 0 52 0 61 5473
escape 0 0 0 0 48 0 97 6271
escape 0 0 0 0 71 0 145 6271
escape 0 0 0 0 71 0 145 6271
escape 0 0 0 0 94 0 192 6271
escape 0 0 0 0 48 0 97 6271
escape 0 0 0 0 71 0 145 6271
escape 0 0 0 0 71 0 145 6271
escape 0 0 0 0 94 0 192 6271
escape 0 0 0 0 48 0 97 6271
escape 0 0 0 0 71 0 145 6271
escape 0 0 0 0 71 0 145 6271
escape 0 0 0 0 94 0 192 6271
escape 0 0 0 0 48 0 97 6271
escape 0 0 0 0 71 0 145 6271
escape 0 0 0 0 71 0 145 6271
escape 0 0 0 0 94 0 192 6271
escape 0 0 0 0 71 0 145 6271
escape 0 0 0 0 71 0 145 6271
escape 0 0 0 0 94 0 192 6271
escape 0 0 0 0 71 0 145 6271
escape 0 0 0 0 71 0 145 6271
escape 0 0 0 0 94 0 192 6271
escape 0 0 0 0 95 0 193 6271
escape 0 0 0 0 71 0 145 6271
escape 0 0 0 0 71 0 145 6271
escape 0 0 0 0 94 0 192 6271
escape 0 0 0 0 95 0 193 6271
escape 0 0 0 0 71 0 145 6271
escape 0 0 0 0 71 0 145 6271
escape 0 0 0 0 94 0 192 6271
escape 0 0 0 0 57 0 61 3512
escape 0 0 0 0 86 0 89 3512
escape 0 0 0 0 103 0 176 4081
escape 0 0 0 0 120 0 208 4081
escape 0 0 0 0 47 0 98 3135
escape 0 0 0 0 47 0 98 3135
escape 0 0 0 0 69 0 147 3135
escape 0 0 0 0 47 0 98 3135
escape 0 0 0 0 46 0 97 3135
escape 0 0 0 0 68 0 144 3135
escape 0 0 0 0 46 0 97 3135
escape 0 0 0 0 68 0 144 3135
escape 0 0 0 0 46 0 97 3135
escape 0 0 0 0 68 0 144 3135
escape 0 0 0 0 7 0 98 3136
escape 0 0 0 0 7 0 98 3136
escape 0 0 0 0 6 0 97 3136
escape 0 0 0 0 6 0 97 3136
escape 0 0 0 0 7 0 98 3136
escape 0 0 0 0 6 0 97 3136
escape 0 0 0 0 6 0 97 3136
escape 0 0 0 0 7 0 98 3136
escape 0 0 0 0 6 0 97 3136
escape 0 0 0 0 7 0 98 3136
escape 0 0 0 0 6 0 97 3136
escape 0 0 0 0 7 0 98 3136
escape 0 0 0 0 7 0 98 3136
escape 0 0 0 0 7 0 99 3136
escape 0 0 0 0 7 0 98 3136
escape 0 0 0 0 7 0 99 3136
escape 0 0 0 0 7 0 98 3136
escape 0 0 0 0 7 0 98 3136
escape 0 0 0 0 7 0 98 3136
escape 0 0 0 0 7 0 98 3136
escape 0 0 0 0 7 0 98 3136
escape 0 0 0 0 30 0 75 3101
unres 0 0 0 0 24 0 80 30000
unres 0 0 0 0 25 0 81 30000
escape 0 0 0 0 127 0 152 12868
escape 0 0 0 0 52 0 61 5473
escape 0 0 0 0 113 0 130 5860
escape 0 0 0 0 50 0 111 12475
escape 0 0 0 0 41 0 112 12479
escape 0 0 0 0 10 0 96 3136
escape 0 0 0 0 11 0 97 3137
escape 0 0 0 0 6 0 97 3135
escape 0 0 0 0 7 0 144 3135
escape 0 0 0 0 10 0 96 3136
escape 0 0 0 0 11 0 97 3137
escape 0 0 0 0 6 0 97 3135
escape 0 0 0 0 14 0 143 3136
escape 0 0 0 0 16 0 145 3137
escape 0 0 0 0 15 0 143 3136
unres 0 0 0 0 26 0 127 30000
escape 0 0 0 0 10 0 144 3200
escape 0 0 0 0 7 0 144 3135
unres 0 0 0 0 30 0 98 30000
unres 0 0 0 0 16 0 118 30000
escape 0 0 0 0 49 0 99 3136
escape 0 0 0 0 11 0 97 3137
escape 0 0 0 0 6 0 97 3135
escape 0 0 0 0 35 0 167 3136
escape 0 0 0 0 31 0 164 3137
escape 0 0 0 0 7 0 144 3135
escape 0 0 0 0 48 0 97 6271
escape 0 0 0 0 48 0 97 6271
escape 0 0 0 0 48 0 97 6270
escape 0 0 0 0 71 0 145 6271
escape 0 0 0 0 71 0 145 6271
escape 0 0 0 0 71 0 145 6270
escape 0 0 0 0 71 0 145 6271
escape 0 0 0 0 71 0 145 6271
escape 0 0 0 0 8 0 143 6271
escape 0 0 0 0 94 0 192 6271
escape 0 0 0 0 94 0 192 6271
escape 0 0 0 0 11 0 189 6271
escape 0 0 0 0 48 0 97 6271
escape 0 0 0 0 48 0 97 6271
escape 0 0 0 0 48 0 97 6270
escape 0 0 0 0 71 0 145 6271
escape 0 0 0 0 71 0 145 6271
escape 0 0 0 0 71 0 145 6270
escape 0 0 0 0 71 0 145 6271
escape 0 0 0 0 71 0 145 6271
escape 0 0 0 0 8 0 143 6271
escape 0 0 0 0 94 0 192 6271
escape 0 0 0 0 94 0 192 6271
escape 0 0 0 0 11 0 189 6271
escape 0 0 0 0 6 0 97 3136
escape 0 0 0 0 6 0 97 3135
escape 0 0 0 0 10 0 144 3136
escape 0 0 0 0 10 0 144 3135
escape 0 0 0 0 6 0 145 3136
escape 0 0 0 0 7 0 144 3135
escape 0 0 0 0 10 0 192 3136
escape 0 0 0 0 11 0 191 3135
escape 0 0 0 0 48 0 97 6271
escape 0 0 0 0 48 0 97 6271
escape 0 0 0 0 48 0 97 6270
escape 0 0 0 0 71 0 145 6271
escape 0 0 0 0 71 0 145 6271
escape 0 0 0 0 71 0 145 6270
escape 0 0 0 0 71 0 145 6271
escape 0 0 0 0 71 0 145 6271
escape 0 0 0 0 8 0 143 6271
escape 0 0 0 0 94 0 192 6271
escape 0 0 0 0 94 0 192 6271
escape 0 0 0 0 11 0 189 6271
escape 0 0 0 0 6 0 97 3136
escape 0 0 0 0 6 0 97 3135
escape 0 0 0 0 10 0 144 3136
escape 0 0 0 0 10 0 144 3135
escape 0 0 0 0 6 0 145 3136
escape 0 0 0 0 6 0 143 3200
escape 0 0 0 0 7 0 144 3135
escape 0 0 0 0 10 0 192 3136
escape 0 0 0 0 10 0 190 3200
escape 0 0 0 0 11 0 191 3135
escape 0 0 0 0 6 0 97 3136
escape 0 0 0 0 6 0 97 3135
escape 0 0 0 0 10 0 144 3136
escape 0 0 0 0 10 0 144 3135
escape 0 0 0 0 6 0 145 3136
escape 0 0 0 0 9 0 147 3138
escape 0 0 0 0 7 0 144 3135
escape 0 0 0 0 10 0 192 3136
escape 0 0 0 0 11 0 191 3135
escape 0 0 0 0 48 0 97 6271
escape 0 0 0 0 48 0 97 6271
escape 0 0 0 0 48 0 97 6270
escape 0 0 0 0 71 0 145 6271
escape 0 0 0 0 71 0 145 6271
escape 0 0 0 0 71 0 145 6270
escape 0 0 0 0 71 0 145 6271
escape 0 0 0 0 71 0 145 6271
escape 0 0 0 0 8 0 143 6271
escape 0 0 0 0 94 0 192 6271
escape 0 0 0 0 94 0 192 6271
escape 0 0 0 0 11 0 189 6271
escape 0 0 0 0 72 0 143 3199
escape 0 0 0 0 72 0 143 3198
escape 0 0 0 0 96 0 190 3199
escape 0 0 0 0 37 0 181 3266
escape 0 0 0 0 6 0 97 3136
escape 0 0 0 0 6 0 97 3135
escape 0 0 0 0 10 0 144 3136
escape 0 0 0 0 10 0 144 3135
escape 0 0 0 0 6 0 145 3136
escape 0 0 0 0 7 0 144 3135
escape 0 0 0 0 10 0 192 3136
escape 0 0 0 0 11 0 191 3135
escape 0 0 0 0 6 0 97 3136
escape 0 0 0 0 6 0 97 3135
escape 0 0 0 0 10 0 144 3136
escape 0 0 0 0 10 0 144 3135
escape 0 0 0 0 6 0 145 3136
escape 0 0 0 0 7 0 144 3135
escape 0 0 0 0 10 0 192 3136
escape 0 0 0 0 11 0 191 3135
escape 0 0 0 0 6 0 97 3136
escape 0 0 0 0 6 0 97 3135
escape 0 0 0 0 10 0 144 3136
escape 0 0 0 0 10 0 144 3135
escape 0 0 0 0 6 0 145 3136
escape 0 0 0 0 7 0 144 3135
escape 0 0 0 0 10 0 192 3136
escape 0 0 0 0 11 0 191 3135
escape 0 0 0 0 6 0 97 3136
escape 0 0 0 0 48 0 98 3135
escape 0 0 0 0 6 0 145 3136
escape 0 0 0 0 71 0 146 3135
escape 0 0 0 0 6 0 97 3136
escape 0 0 0 0 48 0 98 3135
escape 0 0 0 0 6 0 97 3136
escape 0 0 0 0 48 0 98 3135
escape 0 0 0 0 6 0 97 3136
escape 0 0 0 0 48 0 98 3135
escape 0 0 0 0 71 0 75 16359
escape 0 0 0 0 102 0 110 16359
escape 0 0 0 0 71 0 75 16359
escape 0 0 0 0 71 0 75 16359
escape 0 0 0 0 90 0 184 16356
escape 0 0 0 0 71 0 75 16359
escape 0 0 0 0 9 0 145 6272
escape 0 0 0 0 40 0 146 6268
escape 0 0 0 0 9 0 145 6272
escape 0 0 0 0 40 0 146 6268
escape 0 0 0 0 10 0 192 6272
escape 0 0 0 0 47 0 193 6268
escape 0 0 0 0 9 0 145 6272
escape 0 0 0 0 40 0 146 6268
escape 0 0 0 0 9 0 145 6272
escape 0 0 0 0 40 0 146 6268
escape 0 0 0 0 10 0 192 6272
escape 0 0 0 0 47 0 193 6268
escape 0 0 0 0 9 0 145 6272
escape 0 0 0 0 40 0 146 6268
escape 0 0 0 0 9 0 145 6272
escape 0 0 0 0 40 0 146 6268
escape 0 0 0 0 10 0 192 6272
escape 0 0 0 0 47 0 193 6268
escape 0 0 0 0 7 0 98 3136
escape 0 0 0 0 7 0 98 3136
escape 0 0 0 0 7 0 98 3136
escape 0 0 0 0 7 0 98 3136
escape 0 0 0 0 7 0 98 3136
escape 0 0 0 0 7 0 98 3136
escape 0 0 0 0 7 0 98 3136
escape 0 0 0 0 7 0 98 3136
escape 0 0 0 0 7 0 98 3136
escape 0 0 0 0 7 0 98 3136
escape 0 0 0 0 6 0 97 6272
escape 0 0 0 0 9 0 145 6272
escape 0 0 0 0 7 0 145 6272
escape 0 0 0 0 10 0 192 6272
escape 0 0 0 0 6 0 97 6272
escape 0 0 0 0 9 0 145 6272
escape 0 0 0 0 7 0 145 6272
escape 0 0 0 0 10 0 192 6272
escape 0 0 0 0 6 0 97 6272
escape 0 0 0 0 9 0 145 6272
escape 0 0 0 0 7 0 145 6272
escape 0 0 0 0 10 0 192 6272
escape 0 0 0 0 46 0 97 3135
escape 0 0 0 0 47 0 98 3135
escape 0 0 0 0 68 0 144 3135
escape 0 0 0 0 69 0 145 3135
escape 0 0 0 0 46 0 97 3135
escape 0 0 0 0 47 0 98 3135
escape 0 0 0 0 68 0 144 3135
escape 0 0 0 0 69 0 145 3135
escape 0 0 0 0 46 0 97 3135
escape 0 0 0 0 68 0 145 3135
escape 0 0 0 0 68 0 144 3135
escape 0 0 0 0 90 0 192 3135
unres 0 0 0 0 25 0 81 30000
escape 0 0 0 0 6 0 97 6272
escape 0 0 0 0 9 0 145 6272
escape 0 0 0 0 7 0 145 6272
escape 0 0 0 0 10 0 192 6272
escape 0 0 0 0 6 0 97 6272
escape 0 0 0 0 9 0 145 6272
escape 0 0 0 0 7 0 145 6272
escape 0 0 0 0 10 0 192 6272
escape 0 0 0 0 6 0 97 6272
escape 0 0 0 0 9 0 145 6272
escape 0 0 0 0 7 0 145 6272
escape 0 0 0 0 10 0 192 6272
escape 0 0 0 0 9 0 145 6272
escape 0 0 0 0 40 0 146 6268
escape 0 0 0 0 9 0 145 6272
escape 0 0 0 0 40 0 146 6268
escape 0 0 0 0 10 0 192 6272
escape 0 0 0 0 47 0 193 6268
escape 0 0 0 0 9 0 145 6272
escape 0 0 0 0 40 0 146 6268
escape 0 0 0 0 9 0 145 6272
escape 0 0 0 0 40 0 146 6268
escape 0 0 0 0 10 0 192 6272
escape 0 0 0 0 47 0 193 6268
escape 0 0 0 0 9 0 145 6272
escape 0 0 0 0 40 0 146 6268
escape 0 0 0 0 9 0 145 6272
escape 0 0 0 0 40 0 146 6268
escape 0 0 0 0 10 0 192 6272
escape 0 0 0 0 47 0 193 6268
escape 0 0 0 0 6 0 97 3136
escape 0 0 0 0 7 0 98 3136
escape 0 0 0 0 6 0 145 3136
escape 0 0 0 0 7 0 146 3136
escape 0 0 0 0 10 0 144 3136
escape 0 0 0 0 11 0 145 3136
escape 0 0 0 0 10 0 192 3136
escape 0 0 0 0 11 0 193 3136
escape 0 0 0 0 6 0 97 3136
escape 0 0 0 0 7 0 98 3136
escape 0 0 0 0 10 0 144 3136
escape 0 0 0 0 11 0 145 3136
escape 0 0 0 0 6 0 97 3136
escape 0 0 0 0 10 0 144 3136
escape 0 0 0 0 6 0 97 3136
escape 0 0 0 0 7 0 98 3136
escape 0 0 0 0 6 0 145 3136
escape 0 0 0 0 7 0 146 3136
escape 0 0 0 0 10 0 144 3136
escape 0 0 0 0 11 0 145 3136
escape 0 0 0 0 10 0 192 3136
escape 0 0 0 0 11 0 193 3136
escape 0 0 0 0 6 0 97 3136
escape 0 0 0 0 7 0 98 3136
escape 0 0 0 0 10 0 144 3136
escape 0 0 0 0 11 0 145 3136
escape 0 0 0 0 6 0 97 3136
escape 0 0 0 0 6 0 145 3136
escape 0 0 0 0 10 0 144 3136
escape 0 0 0 0 10 0 192 3136
escape 0 0 0 0 6 0 97 6272
escape 0 0 0 0 9 0 145 6272
escape 0 0 0 0 7 0 145 6272
escape 0 0 0 0 10 0 192 6272
escape 0 0 0 0 6 0 97 6272
escape 0 0 0 0 9 0 145 6272
escape 0 0 0 0 7 0 145 6272
escape 0 0 0 0 10 0 192 6272
escape 0 0 0 0 6 0 97 6272
escape 0 0 0 0 9 0 145 6272
escape 0 0 0 0 7 0 145 6272
escape 0 0 0 0 10 0 192 6272
escape 0 0 0 0 46 0 97 3135
escape 0 0 0 0 47 0 98 3135
escape 0 0 0 0 68 0 144 3135
escape 0 0 0 0 69 0 145 3135
escape 0 0 0 0 46 0 97 3135
escape 0 0 0 0 47 0 98 3135
escape 0 0 0 0 68 0 144 3135
escape 0 0 0 0 69 0 145 3135
escape 0 0 0 0 46 0 97 3135
escape 0 0 0 0 68 0 145 3135
escape 0 0 0 0 68 0 144 3135
escape 0 0 0 0 90 0 192 3135
escape 0 0 0 0 236 0 277 3135
escape 0 0 0 0 192 0 202 9371
escape 0 0 0 0 6 0 97 3136
escape 0 0 0 0 48 0 98 3135
escape 0 0 0 0 6 0 145 3136
escape 0 0 0 0 71 0 146 3135
escape 0 0 0 0 6 0 97 3136
escape 0 0 0 0 48 0 98 3135
escape 0 0 0 0 6 0 97 3136
escape 0 0 0 0 48 0 98 3135
escape 0 0 0 0 9 0 169 3136
escape 0 0 0 0 79 0 170 3135
escape 0 0 0 0 6 0 97 3136
escape 0 0 0 0 48 0 98 3135
escape 0 0 0 0 111 0 238 3135
escape 0 0 0 0 112 0 239 3135
escape 0 0 0 0 71 0 75 16359
escape 0 0 0 0 102 0 110 16359
escape 0 0 0 0 71 0 75 16359
escape 0 0 0 0 71 0 75 16359
escape 0 0 0 0 72 0 149 16356
escape 0 0 0 0 138 0 146 16359
escape 0 0 0 0 71 0 75 16359
escape 0 0 0 0 168 0 180 16359
escape 0 0 0 0 6 0 97 6272
escape 0 0 0 0 9 0 145 6272
escape 0 0 0 0 7 0 145 6272
escape 0 0 0 0 10 0 192 6272
escape 0 0 0 0 6 0 97 6272
escape 0 0 0 0 9 0 145 6272
escape 0 0 0 0 7 0 145 6272
escape 0 0 0 0 10 0 192 6272
escape 0 0 0 0 6 0 97 6272
escape 0 0 0 0 9 0 145 6272
escape 0 0 0 0 7 0 145 6272
escape 0 0 0 0 10 0 192 6272
escape 0 0 0 0 6 0 97 3136
escape 0 0 0 0 7 0 98 3136
escape 0 0 0 0 6 0 145 3136
escape 0 0 0 0 7 0 146 3136
escape 0 0 0 0 10 0 144 3136
escape 0 0 0 0 11 0 145 3136
escape 0 0 0 0 10 0 192 3136
escape 0 0 0 0 11 0 193 3136
escape 0 0 0 0 6 0 97 3136
escape 0 0 0 0 7 0 98 3136
escape 0 0 0 0 10 0 144 3136
escape 0 0 0 0 11 0 145 3136
escape 0 0 0 0 6 0 97 3136
escape 0 0 0 0 10 0 144 3136
escape 0 0 0 0 6 0 97 3136
escape 0 0 0 0 7 0 98 3136
escape 0 0 0 0 6 0 145 3136
escape 0 0 0 0 7 0 146 3136
escape 0 0 0 0 10 0 144 3136
escape 0 0 0 0 11 0 145 3136
escape 0 0 0 0 10 0 192 3136
escape 0 0 0 0 11 0 193 3136
escape 0 0 0 0 6 0 97 3136
escape 0 0 0 0 7 0 98 3136
escape 0 0 0 0 10 0 144 3136
escape 0 0 0 0 11 0 145 3136
escape 0 0 0 0 6 0 97 3136
escape 0 0 0 0 6 0 145 3136
escape 0 0 0 0 10 0 144 3136
escape 0 0 0 0 10 0 192 3136
escape 0 0 0 0 7 0 98 3136
escape 0 0 0 0 7 0 98 3136
escape 0 0 0 0 7 0 98 3136
escape 0 0 0 0 7 0 98 3136
escape 0 0 0 0 7 0 98 3136
escape 0 0 0 0 7 0 98 3136
escape 0 0 0 0 7 0 98 3136
escape 0 0 0 0 7 0 98 3136
escape 0 0 0 0 7 0 98 3136
escape 0 0 0 0 7 0 98 3136
escape 0 0 0 0 9 0 145 6272
escape 0 0 0 0 9 0 145 6272
escape 0 0 0 0 10 0 192 6272
escape 0 0 0 0 9 0 145 6272
escape 0 0 0 0 9 0 145 6272
escape 0 0 0 0 10 0 192 6272
escape 0 0 0 0 49 0 147 3136
escape 0 0 0 0 9 0 145 6272
escape 0 0 0 0 9 0 145 6272
escape 0 0 0 0 10 0 192 6272
escape 0 0 0 0 46 0 97 3135
escape 0 0 0 0 47 0 98 3135
escape 0 0 0 0 68 0 144 3135
escape 0 0 0 0 69 0 145 3135
escape 0 0 0 0 46 0 97 3135
escape 0 0 0 0 47 0 98 3135
escape 0 0 0 0 68 0 144 3135
escape 0 0 0 0 69 0 145 3135
escape 0 0 0 0 46 0 97 3135
escape 0 0 0 0 47 0 98 3135
escape 0 0 0 0 68 0 145 3135
escape 0 0 0 0 69 0 146 3135
escape 0 0 0 0 68 0 144 3135
escape 0 0 0 0 69 0 145 3135
escape 0 0 0 0 90 0 192 3135
escape 0 0 0 0 91 0 193 3135
escape 0 0 0 0 6 0 97 3136
escape 0 0 0 0 7 0 98 3136
escape 0 0 0 0 6 0 145 3136
escape 0 0 0 0 7 0 146 3136
escape 0 0 0 0 6 0 97 3136
escape 0 0 0 0 7 0 98 3136
escape 0 0 0 0 6 0 97 3136
escape 0 0 0 0 7 0 98 3136
escape 0 0 0 0 11 0 146 3136
escape 0 0 0 0 12 0 147 3136
escape 0 0 0 0 6 0 97 3136
escape 0 0 0 0 11 0 146 3136
escape 0 0 0 0 6 0 97 3136
escape 0 0 0 0 6 0 97 3136
escape 0 0 0 0 6 0 97 3136
escape 0 0 0 0 6 0 97 3136
escape 0 0 0 0 6 0 97 3136
escape 0 0 0 0 6 0 97 3136
escape 0 0 0 0 6 0 97 3136
escape 0 0 0 0 6 0 97 3136
escape 0 0 0 0 6 0 97 3136
escape 0 0 0 0 6 0 97 3136
escape 0 0 0 0 6 0 97 3136
escape 0 0 0 0 6 0 97 3136
escape 0 0 0 0 6 0 97 3136
escape 0 0 0 0 7 0 98 3136
escape 0 0 0 0 6 0 145 3136
escape 0 0 0 0 7 0 146 3136
escape 0 0 0 0 10 0 144 3136
escape 0 0 0 0 11 0 145 3136
escape 0 0 0 0 10 0 192 3136
escape 0 0 0 0 11 0 193 3136
escape 0 0 0 0 6 0 97 3136
escape 0 0 0 0 7 0 98 3136
escape 0 0 0 0 10 0 144 3136
escape 0 0 0 0 11 0 145 3136
escape 0 0 0 0 6 0 97 3136
escape 0 0 0 0 7 0 98 3136
escape 0 0 0 0 10 0 144 3136
escape 0 0 0 0 11 0 145 3136
escape 0 0 0 0 6 0 97 3136
escape 0 0 0 0 7 0 98 3136
escape 0 0 0 0 6 0 145 3136
escape 0 0 0 0 7 0 146 3136
escape 0 0 0 0 10 0 144 3136
escape 0 0 0 0 11 0 145 3136
escape 0 0 0 0 10 0 192 3136
escape 0 0 0 0 11 0 193 3136
escape 0 0 0 0 6 0 97 3136
escape 0 0 0 0 7 0 98 3136
escape 0 0 0 0 10 0 144 3136
escape 0 0 0 0 11 0 145 3136
escape 0 0 0 0 6 0 97 3136
escape 0 0 0 0 7 0 98 3136
escape 0 0 0 0 6 0 145 3136
escape 0 0 0 0 7 0 146 3136
escape 0 0 0 0 10 0 144 3136
escape 0 0 0 0 11 0 145 3136
escape 0 0 0 0 10 0 192 3136
escape 0 0 0 0 11 0 193 3136
escape 0 0 0 0 82 0 85 16367
escape 0 0 0 0 119 0 126 16367
escape 0 0 0 0 124 0 126 16367
escape 0 0 0 0 161 0 167 16367
escape 0 0 0 0 82 0 85 16367
escape 0 0 0 0 119 0 126 16367
escape 0 0 0 0 124 0 126 16367
escape 0 0 0 0 161 0 167 16367
escape 0 0 0 0 82 0 85 16367
escape 0 0 0 0 119 0 126 16367
escape 0 0 0 0 124 0 126 16367
escape 0 0 0 0 161 0 167 16367
escape 0 0 0 0 6 0 97 3136
escape 0 0 0 0 6 0 97 3136
escape 0 0 0 0 6 0 145 3136
escape 0 0 0 0 75 0 144 3135
unres 0 0 0 0 16 0 118 30000
escape 0 0 0 0 6 0 97 3136
escape 0 0 0 0 6 0 97 3136
escape 0 0 0 0 11 0 146 3136
escape 0 0 0 0 34 0 68 3107
escape 0 0 0 0 72 0 143 3199
escape 0 0 0 0 96 0 190 3199
escape 0 0 0 0 57 0 61 3512
escape 0 0 0 0 86 0 89 3512
escape 0 0 0 0 95 0 108 3643
escape 0 0 0 0 154 0 146 5167
escape 0 0 0 0 6 0 97 3136
escape 0 0 0 0 6 0 97 3136
escape 0 0 0 0 6 0 97 3136
escape 0 0 0 0 6 0 97 3136
escape 0 0 0 0 6 0 97 3136
escape 0 0 0 0 6 0 97 3136
escape 0 0 0 0 6 0 97 3136
escape 0 0 0 0 6 0 97 3136
escape 0 0 0 0 6 0 97 3136
escape 0 0 0 0 6 0 97 3136
escape 0 0 0 0 6 0 97 3136
escape 0 0 0 0 6 0 97 3136
escape 0 0 0 0 6 0 97 3136
escape 0 0 0 0 6 0 97 3136
escape 0 0 0 0 6 0 145 3136
escape 0 0 0 0 6 0 97 3136
escape 0 0 0 0 6 0 97 3136
escape 0 0 0 0 11 0 146 3136
escape 0 0 0 0 46 0 97 3135
escape 0 0 0 0 68 0 144 3135
escape 0 0 0 0 46 0 97 3135
escape 0 0 0 0 68 0 144 3135
escape 0 0 0 0 46 0 97 3135
escape 0 0 0 0 68 0 145 3135
escape 0 0 0 0 68 0 144 3135
escape 0 0 0 0 90 0 192 3135
escape 0 0 0 0 9 0 145 6272
escape 0 0 0 0 9 0 145 6270
escape 0 0 0 0 9 0 145 6272
escape 0 0 0 0 10 0 146 6272
escape 0 0 0 0 10 0 192 6272
escape 0 0 0 0 11 0 191 6272
escape 0 0 0 0 9 0 145 6272
escape 0 0 0 0 9 0 145 6270
escape 0 0 0 0 9 0 145 6272
escape 0 0 0 0 10 0 146 6272
escape 0 0 0 0 10 0 192 6272
escape 0 0 0 0 11 0 191 6272
escape 0 0 0 0 9 0 145 6272
escape 0 0 0 0 9 0 145 6270
escape 0 0 0 0 9 0 145 6272
escape 0 0 0 0 10 0 146 6272
escape 0 0 0 0 10 0 192 6272
escape 0 0 0 0 11 0 191 6272
escape 0 0 0 0 49 0 147 3136
escape 0 0 0 0 6 0 97 3136
escape 0 0 0 0 6 0 97 3136
escape 0 0 0 0 6 0 97 3136
escape 0 0 0 0 6 0 97 3136
escape 0 0 0 0 6 0 97 3136
escape 0 0 0 0 6 0 97 3136
escape 0 0 0 0 6 0 97 3136
escape 0 0 0 0 6 0 97 3136
escape 0 0 0 0 6 0 97 3136
escape 0 0 0 0 6 0 97 3136
escape 0 0 0 0 6 0 97 3136
escape 0 0 0 0 6 0 97 3136
escape 0 0 0 0 6 0 97 3136
escape 0 0 0 0 6 0 145 3136
escape 0 0 0 0 10 0 144 3136
escape 0 0 0 0 10 0 192 3136
escape 0 0 0 0 6 0 97 3136
escape 0 0 0 0 10 0 144 3136
escape 0 0 0 0 6 0 97 3136
escape 0 0 0 0 10 0 144 3136
escape 0 0 0 0 6 0 97 3136
escape 0 0 0 0 6 0 145 3136
escape 0 0 0 0 10 0 144 3136
escape 0 0 0 0 10 0 192 3136
escape 0 0 0 0 6 0 97 3136
escape 0 0 0 0 10 0 144 3136
escape 0 0 0 0 6 0 97 3136
escape 0 0 0 0 6 0 145 3136
escape 0 0 0 0 10 0 144 3136
escape 0 0 0 0 10 0 192 3136
escape 0 0 0 0 119 0 126 16367
escape 0 0 0 0 119 0 126 16367
escape 0 0 0 0 161 0 167 16367
escape 0 0 0 0 119 0 126 16367
escape 0 0 0 0 119 0 126 16367
escape 0 0 0 0 161 0 167 16367
escape 0 0 0 0 119 0 126 16367
escape 0 0 0 0 119 0 126 16367
escape 0 0 0 0 161 0 167 16367
escape 0 0 0 0 95 0 108 3643
escape 0 0 0 0 154 0 146 5167
escape 0 0 0 0 57 0 61 3512
escape 0 0 0 0 58 0 62 3512
escape 0 0 0 0 86 0 89 3512
escape 0 0 0 0 87 0 90 3512
escape 0 0 0 0 6 0 97 3136
escape 0 0 0 0 6 0 145 3136
escape 0 0 0 0 75 0 144 3135
unres 0 0 0 0 16 0 118 30000
escape 0 0 0 0 6 0 97 3136
escape 0 0 0 0 6 0 97 3136
escape 0 0 0 0 11 0 146 3136
escape 0 0 0 0 6 0 97 3136
escape 0 0 0 0 34 0 68 3107
escape 0 0 0 0 72 0 143 3199
escape 0 0 0 0 96 0 190 3199
escape 0 0 0 0 11 0 146 3136
escape 0 0 0 0 11 0 193 3136
escape 0 0 0 0 11 0 146 3136
escape 0 0 0 0 11 0 193 3136
escape 0 0 0 0 6 0 97 3136
escape 0 0 0 0 6 0 97 3136
escape 0 0 0 0 6 0 97 3136
escape 0 0 0 0 6 0 97 3136
escape 0 0 0 0 6 0 97 3136
escape 0 0 0 0 6 0 97 3136
escape 0 0 0 0 6 0 97 3136
escape 0 0 0 0 6 0 97 3136
escape 0 0 0 0 6 0 97 3136
escape 0 0 0 0 6 0 97 3136
escape 0 0 0 0 6 0 97 3136
escape 0 0 0 0 6 0 97 3136
unres 0 0 0 0 24 0 80 30000
escape 0 0 0 0 9 0 145 6272
escape 0 0 0 0 9 0 145 6272
escape 0 0 0 0 10 0 192 6272
escape 0 0 0 0 9 0 145 6272
escape 0 0 0 0 9 0 145 6272
escape 0 0 0 0 10 0 192 6272
escape 0 0 0 0 9 0 145 6272
escape 0 0 0 0 9 0 145 6272
escape 0 0 0 0 10 0 192 6272
escape 0 0 0 0 46 0 97 3135
escape 0 0 0 0 47 0 98 3135
escape 0 0 0 0 68 0 144 3135
escape 0 0 0 0 69 0 145 3135
escape 0 0 0 0 46 0 97 3135
escape 0 0 0 0 47 0 98 3135
escape 0 0 0 0 68 0 144 3135
escape 0 0 0 0 69 0 145 3135
escape 0 0 0 0 46 0 97 3135
escape 0 0 0 0 47 0 98 3135
escape 0 0 0 0 68 0 145 3135
escape 0 0 0 0 69 0 146 3135
escape 0 0 0 0 68 0 144 3135
escape 0 0 0 0 69 0 145 3135
escape 0 0 0 0 90 0 192 3135
escape 0 0 0 0 91 0 193 3135
unres 0 0 0 0 24 0 80 30000
escape 0 0 0 0 46 0 97 3135
escape 0 0 0 0 68 0 144 3135
escape 0 0 0 0 46 0 97 3135
escape 0 0 0 0 68 0 144 3135
escape 0 0 0 0 46 0 97 3135
escape 0 0 0 0 68 0 145 3135
escape 0 0 0 0 68 0 144 3135
escape 0 0 0 0 90 0 192 3135
escape 0 0 0 0 9 0 145 6272
escape 0 0 0 0 9 0 145 6270
escape 0 0 0 0 9 0 145 6272
escape 0 0 0 0 10 0 146 6272
escape 0 0 0 0 10 0 192 6272
escape 0 0 0 0 11 0 191 6272
escape 0 0 0 0 9 0 145 6272
escape 0 0 0 0 9 0 145 6270
escape 0 0 0 0 9 0 145 6272
escape 0 0 0 0 10 0 146 6272
escape 0 0 0 0 10 0 192 6272
escape 0 0 0 0 11 0 191 6272
escape 0 0 0 0 9 0 145 6272
escape 0 0 0 0 9 0 145 6270
escape 0 0 0 0 9 0 145 6272
escape 0 0 0 0 10 0 146 6272
escape 0 0 0 0 10 0 192 6272
escape 0 0 0 0 11 0 191 6272
escape 0 0 0 0 6 0 97 3136
escape 0 0 0 0 7 0 98 3136
escape 0 0 0 0 6 0 145 3136
escape 0 0 0 0 7 0 146 3136
escape 0 0 0 0 10 0 144 3136
escape 0 0 0 0 11 0 145 3136
escape 0 0 0 0 10 0 192 3136
escape 0 0 0 0 11 0 193 3136
escape 0 0 0 0 6 0 97 3136
escape 0 0 0 0 7 0 98 3136
escape 0 0 0 0 10 0 144 3136
escape 0 0 0 0 11 0 145 3136
escape 0 0 0 0 6 0 97 3136
escape 0 0 0 0 7 0 98 3136
escape 0 0 0 0 10 0 144 3136
escape 0 0 0 0 11 0 145 3136
escape 0 0 0 0 6 0 97 3136
escape 0 0 0 0 7 0 98 3136
escape 0 0 0 0 6 0 145 3136
escape 0 0 0 0 7 0 146 3136
escape 0 0 0 0 10 0 144 3136
escape 0 0 0 0 11 0 145 3136
escape 0 0 0 0 10 0 192 3136
escape 0 0 0 0 11 0 193 3136
escape 0 0 0 0 6 0 97 3136
escape 0 0 0 0 7 0 98 3136
escape 0 0 0 0 10 0 144 3136
escape 0 0 0 0 11 0 145 3136
escape 0 0 0 0 6 0 97 3136
escape 0 0 0 0 7 0 98 3136
escape 0 0 0 0 6 0 145 3136
escape 0 0 0 0 7 0 146 3136
escape 0 0 0 0 10 0 144 3136
escape 0 0 0 0 11 0 145 3136
escape 0 0 0 0 10 0 192 3136
escape 0 0 0 0 11 0 193 3136
escape 0 0 0 0 82 0 85 16367
escape 0 0 0 0 119 0 126 16367
escape 0 0 0 0 124 0 126 16367
escape 0 0 0 0 161 0 167 16367
escape 0 0 0 0 82 0 85 16367
escape 0 0 0 0 119 0 126 16367
escape 0 0 0 0 124 0 126 16367
escape 0 0 0 0 161 0 167 16367
escape 0 0 0 0 82 0 85 16367
escape 0 0 0 0 119 0 126 16367
escape 0 0 0 0 124 0 126 16367
escape 0 0 0 0 161 0 167 16367
escape 0 0 0 0 6 0 97 3136
escape 0 0 0 0 6 0 145 3136
escape 0 0 0 0 10 0 144 3136
escape 0 0 0 0 10 0 192 3136
escape 0 0 0 0 6 0 97 3136
escape 0 0 0 0 10 0 144 3136
escape 0 0 0 0 6 0 97 3136
escape 0 0 0 0 10 0 144 3136
escape 0 0 0 0 6 0 97 3136
escape 0 0 0 0 6 0 145 3136
escape 0 0 0 0 10 0 144 3136
escape 0 0 0 0 10 0 192 3136
escape 0 0 0 0 6 0 97 3136
escape 0 0 0 0 10 0 144 3136
escape 0 0 0 0 6 0 97 3136
escape 0 0 0 0 6 0 145 3136
escape 0 0 0 0 10 0 144 3136
escape 0 0 0 0 10 0 192 3136
escape 0 0 0 0 119 0 126 16367
escape 0 0 0 0 119 0 126 16367
escape 0 0 0 0 161 0 167 16367
escape 0 0 0 0 119 0 126 16367
escape 0 0 0 0 119 0 126 16367
escape 0 0 0 0 161 0 167 16367
escape 0 0 0 0 119 0 126 16367
escape 0 0 0 0 119 0 126 16367
escape 0 0 0 0 161 0 167 16367
escape 0 0 0 0 6 0 97 3136
escape 0 0 0 0 6 0 97 3136
escape 0 0 0 0 6 0 145 3136
escape 0 0 0 0 6 0 97 3136
escape 0 0 0 0 111 0 238 3135
escape 0 0 0 0 6 0 97 3136
escape 0 0 0 0 9 0 169 3136
escape 0 0 0 0 6 0 97 3136
escape 0 0 0 0 7 0 98 3136
escape 0 0 0 0 6 0 145 3136
escape 0 0 0 0 7 0 146 3136
escape 0 0 0 0 6 0 97 3136
escape 0 0 0 0 7 0 98 3136
escape 0 0 0 0 6 0 97 3136
escape 0 0 0 0 7 0 98 3136
escape 0 0 0 0 6 0 97 3136
escape 0 0 0 0 46 0 97 3135
escape 0 0 0 0 68 0 144 3135
escape 0 0 0 0 46 0 97 3135
escape 0 0 0 0 68 0 144 3135
escape 0 0 0 0 46 0 97 3135
escape 0 0 0 0 68 0 145 3135
escape 0 0 0 0 68 0 144 3135
escape 0 0 0 0 90 0 192 3135
escape 0 0 0 0 9 0 145 6272
escape 0 0 0 0 9 0 145 6270
escape 0 0 0 0 9 0 145 6272
escape 0 0 0 0 10 0 146 6272
escape 0 0 0 0 10 0 192 6272
escape 0 0 0 0 11 0 191 6272
escape 0 0 0 0 9 0 145 6272
escape 0 0 0 0 9 0 145 6270
escape 0 0 0 0 9 0 145 6272
escape 0 0 0 0 10 0 146 6272
escape 0 0 0 0 10 0 192 6272
escape 0 0 0 0 11 0 191 6272
escape 0 0 0 0 9 0 145 6272
escape 0 0 0 0 9 0 145 6270
escape 0 0 0 0 9 0 145 6272
escape 0 0 0 0 10 0 146 6272
escape 0 0 0 0 10 0 192 6272
escape 0 0 0 0 11 0 191 6272
escape 0 0 0 0 6 0 97 3136
escape 0 0 0 0 6 0 97 3136
escape 0 0 0 0 6 0 97 3136
escape 0 0 0 0 6 0 97 3136
escape 0 0 0 0 6 0 97 3136
escape 0 0 0 0 6 0 97 3136
escape 0 0 0 0 6 0 97 3136
escape 0 0 0 0 6 0 97 3136
escape 0 0 0 0 6 0 97 3136
escape 0 0 0 0 6 0 97 3136
escape 0 0 0 0 6 0 97 3136
escape 0 0 0 0 6 0 97 3136
escape 0 0 0 0 6 0 97 3136
escape 0 0 0 0 6 0 145 3136
escape 0 0 0 0 10 0 144 3136
escape 0 0 0 0 10 0 192 3136
escape 0 0 0 0 6 0 97 3136
escape 0 0 0 0 10 0 144 3136
escape 0 0 0 0 6 0 97 3136
escape 0 0 0 0 10 0 144 3136
escape 0 0 0 0 6 0 97 3136
escape 0 0 0 0 6 0 145 3136
escape 0 0 0 0 10 0 144 3136
escape 0 0 0 0 10 0 192 3136
escape 0 0 0 0 6 0 97 3136
escape 0 0 0 0 10 0 144 3136
escape 0 0 0 0 6 0 97 3136
escape 0 0 0 0 6 0 145 3136
escape 0 0 0 0 10 0 144 3136
escape 0 0 0 0 10 0 192 3136
escape 0 0 0 0 119 0 126 16367
escape 0 0 0 0 119 0 126 16367
escape 0 0 0 0 161 0 167 16367
escape 0 0 0 0 119 0 126 16367
escape 0 0 0 0 119 0 126 16367
escape 0 0 0 0 161 0 167 16367
escape 0 0 0 0 119 0 126 16367
escape 0 0 0 0 119 0 126 16367
escape 0 0 0 0 161 0 167 16367
escape 0 0 0 0 6 0 97 3136
escape 0 0 0 0 6 0 97 3136
escape 0 0 0 0 6 0 145 3136
escape 0 0 0 0 6 0 97 3136
escape 0 0 0 0 6 0 97 3136
escape 0 0 0 0 9 0 145 6272
escape 0 0 0 0 9 0 145 6272
escape 0 0 0 0 10 0 192 6272
escape 0 0 0 0 9 0 145 6272
escape 0 0 0 0 9 0 145 6272
escape 0 0 0 0 10 0 192 6272
escape 0 0 0 0 9 0 145 6272
escape 0 0 0 0 9 0 145 6272
escape 0 0 0 0 10 0 192 6272
escape 0 0 0 0 46 0 97 3135
escape 0 0 0 0 47 0 98 3135
escape 0 0 0 0 68 0 144 3135
escape 0 0 0 0 69 0 145 3135
escape 0 0 0 0 46 0 97 3135
escape 0 0 0 0 47 0 98 3135
escape 0 0 0 0 68 0 144 3135
escape 0 0 0 0 69 0 145 3135
escape 0 0 0 0 46 0 97 3135
escape 0 0 0 0 47 0 98 3135
escape 0 0 0 0 68 0 145 3135
escape 0 0 0 0 69 0 146 3135
escape 0 0 0 0 68 0 144 3135
escape 0 0 0 0 69 0 145 3135
escape 0 0 0 0 90 0 192 3135
escape 0 0 0 0 91 0 193 3135
escape 0 0 0 0 6 0 97 3136
escape 0 0 0 0 7 0 98 3136
escape 0 0 0 0 6 0 145 3136
escape 0 0 0 0 7 0 146 3136
escape 0 0 0 0 6 0 97 3136
escape 0 0 0 0 7 0 98 3136
escape 0 0 0 0 6 0 97 3136
escape 0 0 0 0 7 0 98 3136
escape 0 0 0 0 9 0 169 3136
escape 0 0 0 0 10 0 170 3136
escape 0 0 0 0 6 0 97 3136
escape 0 0 0 0 111 0 238 3135
escape 0 0 0 0 6 0 97 3136
escape 0 0 0 0 6 0 97 3136
escape 0 0 0 0 6 0 97 3136
escape 0 0 0 0 6 0 97 3136
escape 0 0 0 0 6 0 97 3136
escape 0 0 0 0 6 0 97 3136
escape 0 0 0 0 6 0 97 3136
escape 0 0 0 0 6 0 97 3136
escape 0 0 0 0 6 0 97 3136
escape 0 0 0 0 6 0 97 3136
escape 0 0 0 0 6 0 97 3136
escape 0 0 0 0 6 0 97 3136
escape 0 0 0 0 6 0 97 3136
escape 0 0 0 0 7 0 98 3136
escape 0 0 0 0 6 0 145 3136
escape 0 0 0 0 7 0 146 3136
escape 0 0 0 0 10 0 144 3136
escape 0 0 0 0 11 0 145 3136
escape 0 0 0 0 10 0 192 3136
escape 0 0 0 0 11 0 193 3136
escape 0 0 0 0 6 0 97 3136
escape 0 0 0 0 7 0 98 3136
escape 0 0 0 0 10 0 144 3136
escape 0 0 0 0 11 0 145 3136
escape 0 0 0 0 6 0 97 3136
escape 0 0 0 0 7 0 98 3136
escape 0 0 0 0 10 0 144 3136
escape 0 0 0 0 11 0 145 3136
escape 0 0 0 0 6 0 97 3136
escape 0 0 0 0 7 0 98 3136
escape 0 0 0 0 6 0 145 3136
escape 0 0 0 0 7 0 146 3136
escape 0 0 0 0 10 0 144 3136
escape 0 0 0 0 11 0 145 3136
escape 0 0 0 0 10 0 192 3136
escape 0 0 0 0 11 0 193 3136
escape 0 0 0 0 6 0 97 3136
escape 0 0 0 0 7 0 98 3136
escape 0 0 0 0 10 0 144 3136
escape 0 0 0 0 11 0 145 3136
escape 0 0 0 0 6 0 97 3136
escape 0 0 0 0 7 0 98 3136
escape 0 0 0 0 6 0 145 3136
escape 0 0 0 0 7 0 146 3136
escape 0 0 0 0 10 0 144 3136
escape 0 0 0 0 11 0 145 3136
escape 0 0 0 0 10 0 192 3136
escape 0 0 0 0 11 0 193 3136
escape 0 0 0 0 82 0 85 16367
escape 0 0 0 0 119 0 126 16367
escape 0 0 0 0 124 0 126 16367
escape 0 0 0 0 161 0 167 16367
escape 0 0 0 0 82 0 85 16367
escape 0 0 0 0 119 0 126 16367
escape 0 0 0 0 124 0 126 16367
escape 0 0 0 0 161 0 167 16367
escape 0 0 0 0 82 0 85 16367
escape 0 0 0 0 119 0 126 16367
escape 0 0 0 0 124 0 126 16367
escape 0 0 0 0 161 0 167 16367
escape 0 0 0 0 11 0 97 3137
escape 0 0 0 0 11 0 97 3136
escape 0 0 0 0 11 0 97 3137
escape 0 0 0 0 11 0 97 3136
escape 0 0 0 0 11 0 97 3137
escape 0 0 0 0 11 0 97 3136
escape 0 0 0 0 16 0 145 3137
escape 0 0 0 0 32 0 75 16360
escape 0 0 0 0 32 0 110 16360
escape 0 0 0 0 32 0 75 16360
escape 0 0 0 0 32 0 110 16360
escape 0 0 0 0 32 0 75 16360
escape 0 0 0 0 32 0 110 16360
escape 0 0 0 0 103 0 176 4081
escape 0 0 0 0 93 0 165 4046
escape 0 0 0 0 120 0 208 4081
escape 0 0 0 0 124 0 196 4046
escape 0 0 0 0 59 0 123 5172
escape 0 0 0 0 59 0 123 5171
escape 0 0 0 0 74 0 154 5172
escape 0 0 0 0 66 0 63 3563
escape 0 0 0 0 68 0 65 3563
escape 0 0 0 0 100 0 95 3563
escape 0 0 0 0 103 0 98 3563
escape 0 0 0 0 7 0 98 3136
escape 0 0 0 0 11 0 145 3136
escape 0 0 0 0 7 0 146 3136
escape 0 0 0 0 11 0 193 3136
escape 0 0 0 0 7 0 98 3136
escape 0 0 0 0 11 0 145 3136
escape 0 0 0 0 7 0 146 3136
escape 0 0 0 0 11 0 193 3136
escape 0 0 0 0 7 0 98 3136
escape 0 0 0 0 11 0 145 3136
escape 0 0 0 0 7 0 146 3136
escape 0 0 0 0 11 0 193 3136
escape 0 0 0 0 47 0 98 3135
escape 0 0 0 0 6 0 97 3136
escape 0 0 0 0 6 0 97 3135
escape 0 0 0 0 6 0 145 3136
escape 0 0 0 0 7 0 144 3135
escape 0 0 0 0 47 0 98 3135
escape 0 0 0 0 6 0 97 3136
escape 0 0 0 0 6 0 97 3135
escape 0 0 0 0 69 0 147 3135
escape 0 0 0 0 75 0 146 3134
escape 0 0 0 0 47 0 98 3135
escape 0 0 0 0 6 0 97 3136
escape 0 0 0 0 6 0 97 3135
escape 0 0 0 0 71 0 75 16359
escape 0 0 0 0 71 0 75 16359
escape 0 0 0 0 224 0 235 3018
escape 0 0 0 0 71 0 75 16359
escape 0 0 0 0 71 0 75 16359
escape 0 0 0 0 71 0 75 16359
escape 0 0 0 0 434 0 452 28987
escape 0 0 0 0 71 0 75 16359
escape 0 0 0 0 26 0 133 14592
escape 0 0 0 0 46 0 97 3135
escape 0 0 0 0 68 0 144 3135
escape 0 0 0 0 46 0 97 3135
escape 0 0 0 0 68 0 144 3135
escape 0 0 0 0 46 0 97 3135
escape 0 0 0 0 68 0 144 3135
escape 0 0 0 0 52 0 61 5473
escape 0 0 0 0 71 0 145 6271
escape 0 0 0 0 40 0 146 6268
escape 0 0 0 0 71 0 145 6271
escape 0 0 0 0 40 0 146 6268
escape 0 0 0 0 94 0 192 6271
escape 0 0 0 0 47 0 193 6268
escape 0 0 0 0 67 0 64 3563
escape 0 0 0 0 101 0 96 3563
escape 0 0 0 0 71 0 145 6271
escape 0 0 0 0 40 0 146 6268
escape 0 0 0 0 71 0 145 6271
escape 0 0 0 0 40 0 146 6268
escape 0 0 0 0 94 0 192 6271
escape 0 0 0 0 47 0 193 6268
escape 0 0 0 0 71 0 145 6271
escape 0 0 0 0 40 0 146 6268
escape 0 0 0 0 71 0 145 6271
escape 0 0 0 0 40 0 146 6268
escape 0 0 0 0 94 0 192 6271
escape 0 0 0 0 47 0 193 6268
escape 0 0 0 0 71 0 145 6271
escape 0 0 0 0 40 0 146 6268
escape 0 0 0 0 71 0 145 6271
escape 0 0 0 0 40 0 146 6268
escape 0 0 0 0 94 0 192 6271
escape 0 0 0 0 47 0 193 6268
escape 0 0 0 0 48 0 97 6271
escape 0 0 0 0 48 0 97 6271
escape 0 0 0 0 25 0 99 6268
escape 0 0 0 0 71 0 145 6271
escape 0 0 0 0 71 0 145 6271
escape 0 0 0 0 32 0 146 6268
escape 0 0 0 0 71 0 145 6271
escape 0 0 0 0 71 0 145 6271
escape 0 0 0 0 40 0 147 6268
escape 0 0 0 0 94 0 192 6271
escape 0 0 0 0 94 0 192 6271
escape 0 0 0 0 47 0 193 6268
escape 0 0 0 0 48 0 97 6271
escape 0 0 0 0 48 0 97 6271
escape 0 0 0 0 25 0 99 6268
escape 0 0 0 0 71 0 145 6271
escape 0 0 0 0 71 0 145 6271
escape 0 0 0 0 32 0 146 6268
escape 0 0 0 0 71 0 145 6271
escape 0 0 0 0 71 0 145 6271
escape 0 0 0 0 40 0 147 6268
escape 0 0 0 0 94 0 192 6271
escape 0 0 0 0 94 0 192 6271
escape 0 0 0 0 47 0 193 6268
escape 0 0 0 0 48 0 97 6271
escape 0 0 0 0 48 0 97 6271
escape 0 0 0 0 25 0 99 6268
escape 0 0 0 0 71 0 145 6271
escape 0 0 0 0 71 0 145 6271
escape 0 0 0 0 32 0 146 6268
escape 0 0 0 0 71 0 145 6271
escape 0 0 0 0 71 0 145 6271
escape 0 0 0 0 40 0 147 6268
escape 0 0 0 0 94 0 192 6271
escape 0 0 0 0 94 0 192 6271
escape 0 0 0 0 47 0 193 6268
escape 0 0 0 0 48 0 97 6271
escape 0 0 0 0 48 0 97 6271
escape 0 0 0 0 25 0 99 6268
escape 0 0 0 0 71 0 145 6271
escape 0 0 0 0 71 0 145 6271
escape 0 0 0 0 32 0 146 6268
escape 0 0 0 0 71 0 145 6271
escape 0 0 0 0 71 0 145 6271
escape 0 0 0 0 40 0 147 6268
escape 0 0 0 0 94 0 192 6271
escape 0 0 0 0 94 0 192 6271
escape 0 0 0 0 47 0 193 6268
escape 0 0 0 0 57 0 61 3512
escape 0 0 0 0 58 0 62 3512
escape 0 0 0 0 86 0 89 3512
escape 0 0 0 0 87 0 90 3512
escape 0 0 0 0 6 0 97 3136
escape 0 0 0 0 6 0 97 3136
escape 0 0 0 0 6 0 97 3136
escape 0 0 0 0 6 0 97 3136
escape 0 0 0 0 6 0 97 3136
escape 0 0 0 0 6 0 97 3136
escape 0 0 0 0 14 0 94 3265
escape 0 0 0 0 7 0 98 3136
escape 0 0 0 0 7 0 98 3136
escape 0 0 0 0 7 0 98 3136
escape 0 0 0 0 7 0 98 3136
escape 0 0 0 0 7 0 98 3136
escape 0 0 0 0 7 0 98 3136
escape 0 0 0 0 7 0 98 3136
escape 0 0 0 0 10 0 145 3135
escape 0 0 0 0 10 0 145 3135
escape 0 0 0 0 71 0 146 3135
unres 0 0 0 0 24 0 80 30000
escape 0 0 0 0 50 0 130 3126
escape 0 0 0 0 114 0 237 6271
escape 0 0 0 0 76 0 288 6266
escape 0 0 0 0 137 0 285 6271
escape 0 0 0 0 52 0 61 5473
escape 0 0 0 0 48 0 97 6271
escape 0 0 0 0 48 0 97 6271
escape 0 0 0 0 48 0 97 6270
escape 0 0 0 0 71 0 145 6271
escape 0 0 0 0 71 0 145 6271
escape 0 0 0 0 71 0 145 6270
escape 0 0 0 0 71 0 145 6271
escape 0 0 0 0 71 0 145 6271
escape 0 0 0 0 8 0 143 6271
escape 0 0 0 0 94 0 192 6271
escape 0 0 0 0 94 0 192 6271
escape 0 0 0 0 11 0 189 6271
escape 0 0 0 0 66 0 63 3563
escape 0 0 0 0 66 0 63 3562
escape 0 0 0 0 100 0 95 3563
escape 0 0 0 0 100 0 95 3562
escape 0 0 0 0 48 0 97 6271
escape 0 0 0 0 48 0 97 6271
escape 0 0 0 0 48 0 97 6270
escape 0 0 0 0 71 0 145 6271
escape 0 0 0 0 71 0 145 6271
escape 0 0 0 0 71 0 145 6270
escape 0 0 0 0 71 0 145 6271
escape 0 0 0 0 71 0 145 6271
escape 0 0 0 0 8 0 143 6271
escape 0 0 0 0 94 0 192 6271
escape 0 0 0 0 94 0 192 6271
escape 0 0 0 0 11 0 189 6271
escape 0 0 0 0 48 0 97 6271
escape 0 0 0 0 48 0 97 6271
escape 0 0 0 0 48 0 97 6270
escape 0 0 0 0 71 0 145 6271
escape 0 0 0 0 71 0 145 6271
escape 0 0 0 0 71 0 145 6270
escape 0 0 0 0 71 0 145 6271
escape 0 0 0 0 71 0 145 6271
escape 0 0 0 0 8 0 143 6271
escape 0 0 0 0 94 0 192 6271
escape 0 0 0 0 94 0 192 6271
escape 0 0 0 0 11 0 189 6271
escape 0 0 0 0 48 0 97 6271
escape 0 0 0 0 48 0 97 6271
escape 0 0 0 0 48 0 97 6270
escape 0 0 0 0 71 0 145 6271
escape 0 0 0 0 71 0 145 6271
escape 0 0 0 0 71 0 145 6270
escape 0 0 0 0 71 0 145 6271
escape 0 0 0 0 71 0 145 6271
escape 0 0 0 0 8 0 143 6271
escape 0 0 0 0 94 0 192 6271
escape 0 0 0 0 94 0 192 6271
escape 0 0 0 0 11 0 189 6271
unres 0 0 0 0 284 0 323 30000
escape 0 0 0 0 10 0 95 3136
escape 0 0 0 0 10 0 95 3136
escape 0 0 0 0 12 0 96 3137
escape 0 0 0 0 6 0 97 3136
escape 0 0 0 0 10 0 144 3136
escape 0 0 0 0 6 0 145 3136
escape 0 0 0 0 10 0 192 3136
escape 0 0 0 0 6 0 97 3136
escape 0 0 0 0 10 0 144 3136
escape 0 0 0 0 6 0 145 3136
escape 0 0 0 0 10 0 192 3136
escape 0 0 0 0 103 0 176 4081
escape 0 0 0 0 46 0 177 4064
escape 0 0 0 0 120 0 208 4081
escape 0 0 0 0 61 0 209 4064
escape 0 0 0 0 6 0 97 3136
escape 0 0 0 0 10 0 144 3136
escape 0 0 0 0 6 0 145 3136
escape 0 0 0 0 10 0 192 3136
escape 0 0 0 0 6 0 97 3136
escape 0 0 0 0 10 0 144 3136
escape 0 0 0 0 6 0 145 3136
escape 0 0 0 0 10 0 192 3136
escape 0 0 0 0 6 0 97 3136
escape 0 0 0 0 10 0 144 3136
escape 0 0 0 0 6 0 145 3136
escape 0 0 0 0 10 0 192 3136
escape 0 0 0 0 6 0 97 3136
escape 0 0 0 0 10 0 144 3136
escape 0 0 0 0 6 0 145 3136
escape 0 0 0 0 10 0 192 3136
escape 0 0 0 0 236 0 277 3135
escape 0 0 0 0 237 0 278 3135
escape 0 0 0 0 51 0 195 3134
escape 0 0 0 0 49 0 147 3136
escape 0 0 0 0 49 0 147 3134
escape 0 0 0 0 108 0 117 17835
escape 0 0 0 0 95 0 108 3643
escape 0 0 0 0 95 0 108 3641
escape 0 0 0 0 154 0 146 5167
escape 0 0 0 0 166 0 166 7764
unres 0 0 0 0 21 0 178 30000
escape 0 0 0 0 7 0 98 3136
escape 0 0 0 0 7 0 146 3136
escape 0 0 0 0 7 0 98 3136
escape 0 0 0 0 7 0 146 3136
escape 0 0 0 0 7 0 99 3136
escape 0 0 0 0 30 0 146 3905
escape 0 0 0 0 7 0 147 3136
escape 0 0 0 0 71 0 145 6271
escape 0 0 0 0 40 0 146 6268
escape 0 0 0 0 71 0 145 6271
escape 0 0 0 0 40 0 146 6268
escape 0 0 0 0 94 0 192 6271
escape 0 0 0 0 47 0 193 6268
escape 0 0 0 0 71 0 145 6271
escape 0 0 0 0 40 0 146 6268
escape 0 0 0 0 71 0 145 6271
escape 0 0 0 0 40 0 146 6268
escape 0 0 0 0 94 0 192 6271
escape 0 0 0 0 47 0 193 6268
escape 0 0 0 0 7 0 98 3136
escape 0 0 0 0 11 0 145 3136
escape 0 0 0 0 7 0 146 3136
escape 0 0 0 0 11 0 193 3136
escape 0 0 0 0 71 0 145 6271
escape 0 0 0 0 40 0 146 6268
escape 0 0 0 0 71 0 145 6271
escape 0 0 0 0 40 0 146 6268
escape 0 0 0 0 94 0 192 6271
escape 0 0 0 0 47 0 193 6268
escape 0 0 0 0 7 0 98 3136
escape 0 0 0 0 11 0 145 3136
escape 0 0 0 0 7 0 146 3136
escape 0 0 0 0 11 0 193 3136
escape 0 0 0 0 71 0 145 6271
escape 0 0 0 0 40 0 146 6268
escape 0 0 0 0 71 0 145 6271
escape 0 0 0 0 40 0 146 6268
escape 0 0 0 0 94 0 192 6271
escape 0 0 0 0 47 0 193 6268
escape 0 0 0 0 7 0 98 3136
escape 0 0 0 0 11 0 145 3136
escape 0 0 0 0 7 0 146 3136
escape 0 0 0 0 11 0 193 3136
escape 0 0 0 0 48 0 97 6271
escape 0 0 0 0 48 0 97 6271
escape 0 0 0 0 25 0 99 6268
escape 0 0 0 0 71 0 145 6271
escape 0 0 0 0 71 0 145 6271
escape 0 0 0 0 32 0 146 6268
escape 0 0 0 0 71 0 145 6271
escape 0 0 0 0 71 0 145 6271
escape 0 0 0 0 40 0 147 6268
escape 0 0 0 0 94 0 192 6271
escape 0 0 0 0 94 0 192 6271
escape 0 0 0 0 47 0 193 6268
escape 0 0 0 0 48 0 97 6271
escape 0 0 0 0 48 0 97 6271
escape 0 0 0 0 25 0 99 6268
escape 0 0 0 0 71 0 145 6271
escape 0 0 0 0 71 0 145 6271
escape 0 0 0 0 32 0 146 6268
escape 0 0 0 0 71 0 145 6271
escape 0 0 0 0 71 0 145 6271
escape 0 0 0 0 40 0 147 6268
escape 0 0 0 0 94 0 192 6271
escape 0 0 0 0 94 0 192 6271
escape 0 0 0 0 47 0 193 6268
escape 0 0 0 0 48 0 97 6271
escape 0 0 0 0 48 0 97 6271
escape 0 0 0 0 25 0 99 6268
escape 0 0 0 0 71 0 145 6271
escape 0 0 0 0 71 0 145 6271
escape 0 0 0 0 32 0 146 6268
escape 0 0 0 0 71 0 145 6271
escape 0 0 0 0 71 0 145 6271
escape 0 0 0 0 40 0 147 6268
escape 0 0 0 0 94 0 192 6271
escape 0 0 0 0 94 0 192 6271
escape 0 0 0 0 47 0 193 6268
escape 0 0 0 0 48 0 97 6271
escape 0 0 0 0 48 0 97 6271
escape 0 0 0 0 25 0 99 6268
escape 0 0 0 0 71 0 145 6271
escape 0 0 0 0 71 0 145 6271
escape 0 0 0 0 32 0 146 6268
escape 0 0 0 0 71 0 145 6271
escape 0 0 0 0 71 0 145 6271
escape 0 0 0 0 40 0 147 6268
escape 0 0 0 0 94 0 192 6271
escape 0 0 0 0 94 0 192 6271
escape 0 0 0 0 47 0 193 6268
escape 0 0 0 0 73 0 143 3199
escape 0 0 0 0 11 0 144 3136
escape 0 0 0 0 96 0 190 3199
escape 0 0 0 0 11 0 191 3136
escape 0 0 0 0 7 0 98 3136
escape 0 0 0 0 11 0 145 3136
escape 0 0 0 0 7 0 146 3136
escape 0 0 0 0 11 0 193 3136
escape 0 0 0 0 192 0 202 9371
escape 0 0 0 0 193 0 203 9371
escape 0 0 0 0 7 0 98 3136
escape 0 0 0 0 11 0 145 3136
escape 0 0 0 0 7 0 146 3136
escape 0 0 0 0 11 0 193 3136
escape 0 0 0 0 7 0 98 3136
escape 0 0 0 0 11 0 145 3136
escape 0 0 0 0 7 0 146 3136
escape 0 0 0 0 11 0 193 3136
escape 0 0 0 0 33 0 69 3106
escape 0 0 0 0 7 0 96 3135
escape 0 0 0 0 8 0 143 3135
escape 0 0 0 0 13 0 139 3265
unres 0 0 0 0 26 0 127 30000
unres 0 0 0 0 30 0 98 30000
escape 0 0 0 0 7 0 96 3135
escape 0 0 0 0 7 0 96 3135
escape 0 0 0 0 46 0 97 3135
escape 0 0 0 0 68 0 144 3135
escape 0 0 0 0 18 0 140 3264
escape 0 0 0 0 68 0 145 3135
escape 0 0 0 0 90 0 192 3135
escape 0 0 0 0 21 0 185 3264
escape 0 0 0 0 46 0 97 3135
escape 0 0 0 0 68 0 144 3135
escape 0 0 0 0 68 0 145 3135
escape 0 0 0 0 90 0 192 3135
escape 0 0 0 0 46 0 97 3135
escape 0 0 0 0 68 0 144 3135
escape 0 0 0 0 68 0 145 3135
escape 0 0 0 0 90 0 192 3135
escape 0 0 0 0 7 0 98 3136
escape 0 0 0 0 7 0 98 3136
escape 0 0 0 0 6 0 97 3136
escape 0 0 0 0 6 0 97 3136
escape 0 0 0 0 7 0 98 3136
escape 0 0 0 0 6 0 97 3136
escape 0 0 0 0 6 0 97 3136
escape 0 0 0 0 7 0 98 3136
escape 0 0 0 0 6 0 97 3136
escape 0 0 0 0 7 0 98 3136
escape 0 0 0 0 6 0 97 3136
escape 0 0 0 0 7 0 98 3136
escape 0 0 0 0 52 0 61 5473
escape 0 0 0 0 21 0 139 3264
escape 0 0 0 0 21 0 139 3264
escape 0 0 0 0 21 0 185 3264
escape 0 0 0 0 103 0 176 4081
escape 0 0 0 0 103 0 176 4080
escape 0 0 0 0 21 0 139 3264
escape 0 0 0 0 31 0 146 3264
escape 0 0 0 0 21 0 139 3264
escape 0 0 0 0 21 0 139 3264
escape 0 0 0 0 21 0 185 3264
escape 0 0 0 0 6 0 97 6272
escape 0 0 0 0 7 0 145 6272
escape 0 0 0 0 9 0 145 6272
escape 0 0 0 0 10 0 192 6272
escape 0 0 0 0 6 0 97 6272
escape 0 0 0 0 7 0 145 6272
escape 0 0 0 0 9 0 145 6272
escape 0 0 0 0 10 0 192 6272
escape 0 0 0 0 6 0 97 6272
escape 0 0 0 0 7 0 145 6272
escape 0 0 0 0 9 0 145 6272
escape 0 0 0 0 10 0 192 6272
escape 0 0 0 0 9 0 145 6272
escape 0 0 0 0 9 0 145 6272
escape 0 0 0 0 10 0 192 6272
escape 0 0 0 0 9 0 145 6272
escape 0 0 0 0 9 0 145 6272
escape 0 0 0 0 10 0 192 6272
escape 0 0 0 0 9 0 145 6272
escape 0 0 0 0 9 0 145 6272
escape 0 0 0 0 10 0 192 6272
escape 0 0 0 0 78 0 170 4041
escape 0 0 0 0 79 0 171 4037
escape 0 0 0 0 6 0 98 3136
escape 0 0 0 0 7 0 98 3136
escape 0 0 0 0 6 0 98 3136
escape 0 0 0 0 7 0 98 3136
escape 0 0 0 0 6 0 97 3136
escape 0 0 0 0 7 0 98 3136
escape 0 0 0 0 48 0 97 6271
escape 0 0 0 0 25 0 98 6268
escape 0 0 0 0 71 0 145 6271
escape 0 0 0 0 32 0 146 6268
escape 0 0 0 0 71 0 145 6271
escape 0 0 0 0 40 0 146 6268
escape 0 0 0 0 94 0 192 6271
escape 0 0 0 0 47 0 193 6268
escape 0 0 0 0 93 0 165 4046
escape 0 0 0 0 110 0 166 4045
escape 0 0 0 0 124 0 196 4046
escape 0 0 0 0 125 0 197 4045
escape 0 0 0 0 48 0 97 6271
escape 0 0 0 0 25 0 98 6268
escape 0 0 0 0 71 0 145 6271
escape 0 0 0 0 32 0 146 6268
escape 0 0 0 0 71 0 145 6271
escape 0 0 0 0 40 0 146 6268
escape 0 0 0 0 94 0 192 6271
escape 0 0 0 0 47 0 193 6268
escape 0 0 0 0 6 0 97 3136
escape 0 0 0 0 7 0 98 3136
escape 0 0 0 0 10 0 144 3136
escape 0 0 0 0 11 0 145 3136
escape 0 0 0 0 48 0 97 6271
escape 0 0 0 0 25 0 98 6268
escape 0 0 0 0 71 0 145 6271
escape 0 0 0 0 32 0 146 6268
escape 0 0 0 0 71 0 145 6271
escape 0 0 0 0 40 0 146 6268
escape 0 0 0 0 94 0 192 6271
escape 0 0 0 0 47 0 193 6268
escape 0 0 0 0 48 0 97 6271
escape 0 0 0 0 25 0 98 6268
escape 0 0 0 0 71 0 145 6271
escape 0 0 0 0 32 0 146 6268
escape 0 0 0 0 71 0 145 6271
escape 0 0 0 0 40 0 146 6268
escape 0 0 0 0 94 0 192 6271
escape 0 0 0 0 47 0 193 6268
escape 0 0 0 0 6 0 97 3136
escape 0 0 0 0 7 0 98 3136
escape 0 0 0 0 10 0 144 3136
escape 0 0 0 0 11 0 145 3136
escape 0 0 0 0 6 0 97 3136
escape 0 0 0 0 7 0 98 3136
escape 0 0 0 0 10 0 144 3136
escape 0 0 0 0 11 0 145 3136
escape 0 0 0 0 71 0 145 6271
escape 0 0 0 0 55 0 194 6268
escape 0 0 0 0 71 0 145 6271
escape 0 0 0 0 40 0 147 6268
escape 0 0 0 0 94 0 192 6271
escape 0 0 0 0 77 0 289 6268
escape 0 0 0 0 71 0 145 6271
escape 0 0 0 0 55 0 194 6268
escape 0 0 0 0 71 0 145 6271
escape 0 0 0 0 40 0 147 6268
escape 0 0 0 0 94 0 192 6271
escape 0 0 0 0 157 0 205 4045
escape 0 0 0 0 103 0 176 4081
escape 0 0 0 0 46 0 177 4064
escape 0 0 0 0 71 0 145 6271
escape 0 0 0 0 55 0 194 6268
escape 0 0 0 0 71 0 145 6271
escape 0 0 0 0 40 0 147 6268
escape 0 0 0 0 94 0 192 6271
escape 0 0 0 0 103 0 176 4081
escape 0 0 0 0 120 0 208 4081
escape 0 0 0 0 71 0 145 6271
escape 0 0 0 0 71 0 145 6271
escape 0 0 0 0 94 0 192 6271
escape 0 0 0 0 9 0 145 6272
escape 0 0 0 0 40 0 146 6268
escape 0 0 0 0 9 0 145 6272
escape 0 0 0 0 40 0 146 6268
escape 0 0 0 0 10 0 192 6272
escape 0 0 0 0 47 0 193 6268
escape 0 0 0 0 6 0 97 3136
escape 0 0 0 0 7 0 98 3136
escape 0 0 0 0 10 0 144 3136
escape 0 0 0 0 9 0 145 6272
escape 0 0 0 0 40 0 146 6268
escape 0 0 0 0 9 0 145 6272
escape 0 0 0 0 40 0 146 6268
escape 0 0 0 0 10 0 192 6272
escape 0 0 0 0 47 0 193 6268
escape 0 0 0 0 6 0 97 3136
escape 0 0 0 0 7 0 98 3136
escape 0 0 0 0 10 0 144 3136
escape 0 0 0 0 24 0 136 3268
escape 0 0 0 0 9 0 145 6272
escape 0 0 0 0 40 0 146 6268
escape 0 0 0 0 9 0 145 6272
escape 0 0 0 0 40 0 146 6268
escape 0 0 0 0 10 0 192 6272
escape 0 0 0 0 47 0 193 6268
escape 0 0 0 0 6 0 97 3136
escape 0 0 0 0 7 0 98 3136
escape 0 0 0 0 10 0 144 3136
escape 0 0 0 0 42 0 216 6171
escape 0 0 0 0 61 0 323 6171
escape 0 0 0 0 42 0 216 6171
escape 0 0 0 0 61 0 323 6171
escape 0 0 0 0 42 0 216 6171
escape 0 0 0 0 61 0 323 6171
escape 0 0 0 0 6 0 97 6272
escape 0 0 0 0 48 0 97 6271
escape 0 0 0 0 7 0 145 6272
escape 0 0 0 0 71 0 145 6271
escape 0 0 0 0 9 0 145 6272
escape 0 0 0 0 71 0 145 6271
escape 0 0 0 0 10 0 192 6272
escape 0 0 0 0 94 0 192 6271
escape 0 0 0 0 6 0 97 6272
escape 0 0 0 0 48 0 97 6271
escape 0 0 0 0 7 0 145 6272
escape 0 0 0 0 71 0 145 6271
escape 0 0 0 0 9 0 145 6272
escape 0 0 0 0 71 0 145 6271
escape 0 0 0 0 10 0 192 6272
escape 0 0 0 0 94 0 192 6271
escape 0 0 0 0 6 0 97 6272
escape 0 0 0 0 48 0 97 6271
escape 0 0 0 0 7 0 145 6272
escape 0 0 0 0 71 0 145 6271
escape 0 0 0 0 9 0 145 6272
escape 0 0 0 0 71 0 145 6271
escape 0 0 0 0 10 0 192 6272
escape 0 0 0 0 94 0 192 6271
escape 0 0 0 0 96 0 196 3135
escape 0 0 0 0 77 0 287 6268
escape 0 0 0 0 48 0 97 6271
escape 0 0 0 0 71 0 145 6271
escape 0 0 0 0 71 0 145 6271
escape 0 0 0 0 94 0 192 6271
escape 0 0 0 0 59 0 123 5172
escape 0 0 0 0 74 0 154 5172
escape 0 0 0 0 48 0 97 6271
escape 0 0 0 0 71 0 145 6271
escape 0 0 0 0 71 0 145 6271
escape 0 0 0 0 94 0 192 6271
escape 0 0 0 0 48 0 97 6271
escape 0 0 0 0 71 0 145 6271
escape 0 0 0 0 71 0 145 6271
escape 0 0 0 0 94 0 192 6271
escape 0 0 0 0 48 0 97 6271
escape 0 0 0 0 71 0 145 6271
escape 0 0 0 0 71 0 145 6271
escape 0 0 0 0 94 0 192 6271
escape 0 0 0 0 6 0 97 3136
escape 0 0 0 0 30 0 105 3137
escape 0 0 0 0 9 0 147 3138
escape 0 0 0 0 6 0 145 3136
escape 0 0 0 0 10 0 144 3136
escape 0 0 0 0 10 0 192 3136
escape 0 0 0 0 71 0 145 6271
escape 0 0 0 0 71 0 145 6271
escape 0 0 0 0 94 0 192 6271
escape 0 0 0 0 71 0 145 6271
escape 0 0 0 0 71 0 145 6271
escape 0 0 0 0 94 0 192 6271
escape 0 0 0 0 6 0 97 3136
escape 0 0 0 0 10 0 144 3136
escape 0 0 0 0 28 0 168 3122
escape 0 0 0 0 71 0 145 6271
escape 0 0 0 0 71 0 145 6271
escape 0 0 0 0 94 0 192 6271
escape 0 0 0 0 71 0 145 6271
escape 0 0 0 0 72 0 146 6271
escape 0 0 0 0 71 0 145 6271
escape 0 0 0 0 72 0 146 6271
escape 0 0 0 0 94 0 192 6271
escape 0 0 0 0 95 0 193 6271
escape 0 0 0 0 6 0 97 3136
escape 0 0 0 0 56 0 114 3648
escape 0 0 0 0 6 0 145 3136
escape 0 0 0 0 57 0 113 3648
escape 0 0 0 0 10 0 144 3136
escape 0 0 0 0 74 0 154 5172
escape 0 0 0 0 10 0 192 3136
escape 0 0 0 0 75 0 153 5172
escape 0 0 0 0 6 0 97 6272
escape 0 0 0 0 48 0 97 6271
escape 0 0 0 0 13 0 95 6530
escape 0 0 0 0 7 0 145 6272
escape 0 0 0 0 71 0 145 6271
escape 0 0 0 0 15 0 139 6530
escape 0 0 0 0 9 0 145 6272
escape 0 0 0 0 71 0 145 6271
escape 0 0 0 0 19 0 142 6530
escape 0 0 0 0 10 0 192 6272
escape 0 0 0 0 94 0 192 6271
escape 0 0 0 0 21 0 185 6530
escape 0 0 0 0 6 0 97 6272
escape 0 0 0 0 48 0 97 6271
escape 0 0 0 0 13 0 95 6530
escape 0 0 0 0 7 0 145 6272
escape 0 0 0 0 71 0 145 6271
escape 0 0 0 0 15 0 139 6530
escape 0 0 0 0 9 0 145 6272
escape 0 0 0 0 71 0 145 6271
escape 0 0 0 0 19 0 142 6530
escape 0 0 0 0 10 0 192 6272
escape 0 0 0 0 94 0 192 6271
escape 0 0 0 0 21 0 185 6530
escape 0 0 0 0 6 0 97 6272
escape 0 0 0 0 48 0 97 6271
escape 0 0 0 0 13 0 95 6530
escape 0 0 0 0 7 0 145 6272
escape 0 0 0 0 71 0 145 6271
escape 0 0 0 0 15 0 139 6530
escape 0 0 0 0 9 0 145 6272
escape 0 0 0 0 71 0 145 6271
escape 0 0 0 0 19 0 142 6530
escape 0 0 0 0 10 0 192 6272
escape 0 0 0 0 94 0 192 6271
escape 0 0 0 0 21 0 185 6530
escape 0 0 0 0 38 0 151 3129
escape 0 0 0 0 78 0 152 3321
escape 0 0 0 0 6 0 143 3200
escape 0 0 0 0 7 0 144 3136
escape 0 0 0 0 10 0 190 3200
escape 0 0 0 0 11 0 191 3136
unres 0 0 0 0 22 0 102 30000
unres 0 0 0 0 23 0 103 30000
escape 0 0 0 0 13 0 140 3266
escape 0 0 0 0 22 0 186 3266
escape 0 0 0 0 6 0 97 6272
escape 0 0 0 0 25 0 98 6268
escape 0 0 0 0 7 0 145 6272
escape 0 0 0 0 32 0 146 6268
escape 0 0 0 0 9 0 145 6272
escape 0 0 0 0 40 0 146 6268
escape 0 0 0 0 10 0 192 6272
escape 0 0 0 0 47 0 193 6268
escape 0 0 0 0 6 0 97 6272
escape 0 0 0 0 25 0 98 6268
escape 0 0 0 0 7 0 145 6272
escape 0 0 0 0 32 0 146 6268
escape 0 0 0 0 9 0 145 6272
escape 0 0 0 0 40 0 146 6268
escape 0 0 0 0 10 0 192 6272
escape 0 0 0 0 47 0 193 6268
escape 0 0 0 0 6 0 97 6272
escape 0 0 0 0 25 0 98 6268
escape 0 0 0 0 7 0 145 6272
escape 0 0 0 0 32 0 146 6268
escape 0 0 0 0 9 0 145 6272
escape 0 0 0 0 40 0 146 6268
escape 0 0 0 0 10 0 192 6272
escape 0 0 0 0 47 0 193 6268
escape 0 0 0 0 47 0 98 3135
escape 0 0 0 0 47 0 98 3135
escape 0 0 0 0 17 0 153 3132
escape 0 0 0 0 47 0 98 3135
escape 0 0 0 0 47 0 98 3135
escape 0 0 0 0 47 0 98 3135
escape 0 0 0 0 47 0 98 3135
escape 0 0 0 0 46 0 97 3135
escape 0 0 0 0 47 0 98 3135
escape 0 0 0 0 68 0 144 3135
escape 0 0 0 0 46 0 97 3135
escape 0 0 0 0 47 0 98 3135
escape 0 0 0 0 68 0 144 3135
escape 0 0 0 0 46 0 97 3135
escape 0 0 0 0 47 0 98 3135
escape 0 0 0 0 68 0 144 3135
escape 0 0 0 0 40 0 154 3131
escape 0 0 0 0 7 0 98 3136
escape 0 0 0 0 7 0 98 3136
escape 0 0 0 0 7 0 98 3136
escape 0 0 0 0 6 0 97 3136
escape 0 0 0 0 6 0 97 3136
escape 0 0 0 0 7 0 98 3136
escape 0 0 0 0 6 0 97 3136
escape 0 0 0 0 6 0 97 3136
escape 0 0 0 0 7 0 98 3136
escape 0 0 0 0 6 0 97 3136
escape 0 0 0 0 7 0 98 3136
escape 0 0 0 0 6 0 97 3136
escape 0 0 0 0 7 0 98 3136
escape 0 0 0 0 7 0 98 3136
escape 0 0 0 0 7 0 99 3136
escape 0 0 0 0 7 0 98 3136
escape 0 0 0 0 7 0 99 3136
escape 0 0 0 0 7 0 98 3136
escape 0 0 0 0 7 0 98 3136
escape 0 0 0 0 7 0 98 3136
escape 0 0 0 0 7 0 98 3136
escape 0 0 0 0 7 0 98 3136
escape 0 0 0 0 10 0 145 3135
escape 0 0 0 0 9 0 146 3136
escape 0 0 0 0 10 0 145 3135
escape 0 0 0 0 9 0 146 3136
unres 0 0 0 0 24 0 80 30000
unres 0 0 0 0 25 0 81 30000
escape 0 0 0 0 50 0 130 3126
escape 0 0 0 0 51 0 131 3126
escape 0 0 0 0 76 0 288 6266
escape 0 0 0 0 77 0 289 6266
escape 0 0 0 0 127 0 152 12868
escape 0 0 0 0 13 0 102 28800
escape 0 0 0 0 13 0 102 28800
escape 0 0 0 0 15 0 103 28800
escape 0 0 0 0 52 0 61 5473
escape 0 0 0 0 113 0 130 5860
escape 0 0 0 0 75 0 287 6265
unres 0 0 0 0 284 0 323 30000
escape 0 0 0 0 10 0 95 3136
escape 0 0 0 0 11 0 97 3137
escape 0 0 0 0 6 0 97 3135
escape 0 0 0 0 7 0 144 3135
escape 0 0 0 0 10 0 95 3136
escape 0 0 0 0 11 0 97 3137
escape 0 0 0 0 6 0 97 3135
escape 0 0 0 0 16 0 145 3137
escape 0 0 0 0 7 0 144 3135
escape 0 0 0 0 12 0 96 3137
escape 0 0 0 0 11 0 97 3137
escape 0 0 0 0 6 0 97 3135
escape 0 0 0 0 7 0 144 3135
escape 0 0 0 0 6 0 97 3136
escape 0 0 0 0 6 0 97 3135
escape 0 0 0 0 10 0 144 3136
escape 0 0 0 0 10 0 144 3135
escape 0 0 0 0 6 0 145 3136
escape 0 0 0 0 7 0 144 3135
escape 0 0 0 0 10 0 192 3136
escape 0 0 0 0 11 0 191 3135
escape 0 0 0 0 6 0 97 3136
escape 0 0 0 0 6 0 97 3135
escape 0 0 0 0 10 0 144 3136
escape 0 0 0 0 10 0 144 3135
escape 0 0 0 0 6 0 145 3136
unres 0 0 0 0 22 0 102 30000
escape 0 0 0 0 7 0 144 3135
escape 0 0 0 0 10 0 192 3136
escape 0 0 0 0 11 0 191 3135
escape 0 0 0 0 103 0 176 4081
escape 0 0 0 0 103 0 176 4080
escape 0 0 0 0 120 0 208 4081
escape 0 0 0 0 119 0 207 4080
escape 0 0 0 0 6 0 97 3136
escape 0 0 0 0 6 0 97 3135
escape 0 0 0 0 10 0 144 3136
escape 0 0 0 0 10 0 144 3135
escape 0 0 0 0 6 0 145 3136
escape 0 0 0 0 56 0 114 3648
escape 0 0 0 0 7 0 144 3135
escape 0 0 0 0 10 0 192 3136
escape 0 0 0 0 74 0 154 5172
escape 0 0 0 0 11 0 191 3135
escape 0 0 0 0 6 0 97 3136
escape 0 0 0 0 6 0 97 3135
escape 0 0 0 0 10 0 144 3136
escape 0 0 0 0 10 0 144 3135
escape 0 0 0 0 6 0 145 3136
escape 0 0 0 0 7 0 144 3135
escape 0 0 0 0 10 0 192 3136
escape 0 0 0 0 11 0 191 3135
escape 0 0 0 0 6 0 97 3136
escape 0 0 0 0 6 0 97 3135
escape 0 0 0 0 10 0 144 3136
escape 0 0 0 0 10 0 144 3135
escape 0 0 0 0 6 0 145 3136
escape 0 0 0 0 7 0 144 3135
escape 0 0 0 0 10 0 192 3136
escape 0 0 0 0 11 0 191 3135
escape 0 0 0 0 6 0 97 3136
escape 0 0 0 0 6 0 97 3135
escape 0 0 0 0 10 0 144 3136
escape 0 0 0 0 10 0 144 3135
escape 0 0 0 0 6 0 145 3136
escape 0 0 0 0 7 0 144 3135
escape 0 0 0 0 10 0 192 3136
escape 0 0 0 0 11 0 191 3135
escape 0 0 0 0 48 0 97 6271
escape 0 0 0 0 25 0 98 6268
escape 0 0 0 0 71 0 145 6271
escape 0 0 0 0 32 0 146 6268
escape 0 0 0 0 71 0 145 6271
escape 0 0 0 0 40 0 146 6268
escape 0 0 0 0 94 0 192 6271
escape 0 0 0 0 47 0 193 6268
escape 0 0 0 0 66 0 63 3563
escape 0 0 0 0 67 0 64 3563
escape 0 0 0 0 100 0 95 3563
escape 0 0 0 0 101 0 96 3563
escape 0 0 0 0 48 0 97 6271
escape 0 0 0 0 25 0 98 6268
escape 0 0 0 0 71 0 145 6271
escape 0 0 0 0 32 0 146 6268
escape 0 0 0 0 71 0 145 6271
escape 0 0 0 0 40 0 146 6268
escape 0 0 0 0 94 0 192 6271
escape 0 0 0 0 47 0 193 6268
escape 0 0 0 0 48 0 97 6271
escape 0 0 0 0 25 0 98 6268
escape 0 0 0 0 71 0 145 6271
escape 0 0 0 0 32 0 146 6268
escape 0 0 0 0 71 0 145 6271
escape 0 0 0 0 40 0 146 6268
escape 0 0 0 0 94 0 192 6271
escape 0 0 0 0 47 0 193 6268
escape 0 0 0 0 48 0 97 6271
escape 0 0 0 0 25 0 98 6268
escape 0 0 0 0 71 0 145 6271
escape 0 0 0 0 32 0 146 6268
escape 0 0 0 0 71 0 145 6271
escape 0 0 0 0 40 0 146 6268
escape 0 0 0 0 94 0 192 6271
escape 0 0 0 0 47 0 193 6268
escape 0 0 0 0 71 0 145 6271
escape 0 0 0 0 71 0 145 6271
escape 0 0 0 0 94 0 192 6271
escape 0 0 0 0 71 0 145 6271
escape 0 0 0 0 71 0 145 6271
escape 0 0 0 0 94 0 192 6271
escape 0 0 0 0 71 0 145 6271
escape 0 0 0 0 71 0 145 6271
escape 0 0 0 0 94 0 192 6271
escape 0 0 0 0 71 0 145 6271
escape 0 0 0 0 71 0 145 6271
escape 0 0 0 0 94 0 192 6271
escape 0 0 0 0 11 0 97 3137
escape 0 0 0 0 11 0 97 3136
escape 0 0 0 0 11 0 97 3137
escape 0 0 0 0 11 0 97 3136
escape 0 0 0 0 11 0 97 3137
escape 0 0 0 0 11 0 97 3136
escape 0 0 0 0 16 0 145 3137
unres 0 0 0 0 16 0 100 30000
unres 0 0 0 0 23 0 141 30000
escape 0 0 0 0 32 0 75 16360
escape 0 0 0 0 32 0 110 16360
escape 0 0 0 0 32 0 75 16360
escape 0 0 0 0 32 0 110 16360
escape 0 0 0 0 32 0 75 16360
escape 0 0 0 0 92 0 108 16365
escape 0 0 0 0 32 0 110 16360
escape 0 0 0 0 48 0 97 6271
escape 0 0 0 0 71 0 145 6271
escape 0 0 0 0 71 0 145 6271
escape 0 0 0 0 94 0 192 6271
escape 0 0 0 0 48 0 97 6271
escape 0 0 0 0 71 0 145 6271
escape 0 0 0 0 71 0 145 6271
escape 0 0 0 0 94 0 192 6271
escape 0 0 0 0 48 0 97 6271
escape 0 0 0 0 71 0 145 6271
escape 0 0 0 0 71 0 145 6271
escape 0 0 0 0 94 0 192 6271
escape 0 0 0 0 48 0 97 6271
escape 0 0 0 0 71 0 145 6271
escape 0 0 0 0 71 0 145 6271
escape 0 0 0 0 94 0 192 6271
escape 0 0 0 0 71 0 145 6271
escape 0 0 0 0 71 0 145 6271
escape 0 0 0 0 94 0 192 6271
escape 0 0 0 0 71 0 145 6271
escape 0 0 0 0 71 0 145 6271
escape 0 0 0 0 94 0 192 6271
escape 0 0 0 0 71 0 145 6271
escape 0 0 0 0 71 0 145 6271
escape 0 0 0 0 94 0 192 6271
escape 0 0 0 0 13 0 140 3266
escape 0 0 0 0 13 0 140 3265
escape 0 0 0 0 22 0 186 3266
escape 0 0 0 0 71 0 145 6271
escape 0 0 0 0 72 0 146 6271
escape 0 0 0 0 71 0 145 6271
escape 0 0 0 0 72 0 146 6271
escape 0 0 0 0 94 0 192 6271
escape 0 0 0 0 95 0 193 6271
escape 0 0 0 0 99 0 138 8182
escape 0 0 0 0 121 0 161 8182
escape 0 0 0 0 73 0 143 3199
escape 0 0 0 0 96 0 190 3199
escape 0 0 0 0 7 0 98 3136
escape 0 0 0 0 11 0 145 3136
escape 0 0 0 0 7 0 146 3136
escape 0 0 0 0 11 0 193 3136
escape 0 0 0 0 7 0 98 3136
escape 0 0 0 0 11 0 145 3136
escape 0 0 0 0 7 0 146 3136
escape 0 0 0 0 11 0 193 3136
escape 0 0 0 0 7 0 98 3136
escape 0 0 0 0 11 0 145 3136
escape 0 0 0 0 7 0 146 3136
escape 0 0 0 0 11 0 193 3136
escape 0 0 0 0 192 0 202 9371
escape 0 0 0 0 193 0 203 9371
escape 0 0 0 0 33 0 69 3106
escape 0 0 0 0 34 0 68 3107
escape 0 0 0 0 34 0 68 3106
escape 0 0 0 0 7 0 96 3135
escape 0 0 0 0 6 0 97 3136
escape 0 0 0 0 6 0 97 3135
escape 0 0 0 0 8 0 143 3135
escape 0 0 0 0 6 0 145 3136
escape 0 0 0 0 7 0 144 3135
unres 0 0 0 0 26 0 127 30000
unres 0 0 0 0 21 0 128 30000
escape 0 0 0 0 75 0 144 3134
unres 0 0 0 0 30 0 98 30000
unres 0 0 0 0 16 0 100 30000
unres 0 0 0 0 31 0 99 30000
escape 0 0 0 0 7 0 96 3135
escape 0 0 0 0 6 0 97 3136
escape 0 0 0 0 6 0 97 3135
escape 0 0 0 0 7 0 96 3135
escape 0 0 0 0 6 0 97 3136
escape 0 0 0 0 6 0 97 3135
escape 0 0 0 0 71 0 75 16359
escape 0 0 0 0 34 0 108 16360
escape 0 0 0 0 102 0 110 16359
escape 0 0 0 0 71 0 75 16359
escape 0 0 0 0 38 0 108 16360
escape 0 0 0 0 102 0 110 16359
escape 0 0 0 0 71 0 75 16359
escape 0 0 0 0 102 0 110 16359
escape 0 0 0 0 71 0 75 16359
escape 0 0 0 0 38 0 107 16360
escape 0 0 0 0 102 0 110 16359
escape 0 0 0 0 71 0 75 16359
escape 0 0 0 0 262 0 279 15494
escape 0 0 0 0 102 0 110 16359
escape 0 0 0 0 71 0 75 16359
escape 0 0 0 0 39 0 102 3910
escape 0 0 0 0 102 0 110 16359
escape 0 0 0 0 177 0 229 3040
escape 0 0 0 0 46 0 97 3135
escape 0 0 0 0 68 0 144 3135
escape 0 0 0 0 68 0 145 3135
escape 0 0 0 0 72 0 143 3198
escape 0 0 0 0 90 0 192 3135
escape 0 0 0 0 37 0 181 3266
escape 0 0 0 0 46 0 97 3135
escape 0 0 0 0 68 0 144 3135
escape 0 0 0 0 68 0 145 3135
escape 0 0 0 0 90 0 192 3135
escape 0 0 0 0 46 0 97 3135
escape 0 0 0 0 68 0 144 3135
escape 0 0 0 0 68 0 145 3135
escape 0 0 0 0 90 0 192 3135
escape 0 0 0 0 236 0 277 3135
escape 0 0 0 0 237 0 278 3135
escape 0 0 0 0 49 0 147 3136
escape 0 0 0 0 50 0 148 3136
escape 0 0 0 0 95 0 108 3643
escape 0 0 0 0 96 0 109 3643
escape 0 0 0 0 154 0 146 5167
escape 0 0 0 0 155 0 147 5167
escape 0 0 0 0 7 0 98 3136
escape 0 0 0 0 7 0 98 3136
escape 0 0 0 0 6 0 97 3136
escape 0 0 0 0 6 0 97 3136
escape 0 0 0 0 7 0 98 3136
escape 0 0 0 0 6 0 97 3136
escape 0 0 0 0 6 0 97 3136
escape 0 0 0 0 7 0 98 3136
escape 0 0 0 0 6 0 97 3136
escape 0 0 0 0 7 0 98 3136
escape 0 0 0 0 6 0 97 3136
escape 0 0 0 0 7 0 98 3136
escape 0 0 0 0 7 0 98 3136
escape 0 0 0 0 7 0 99 3136
escape 0 0 0 0 7 0 98 3136
escape 0 0 0 0 7 0 99 3136
escape 0 0 0 0 7 0 98 3136
escape 0 0 0 0 7 0 98 3136
escape 0 0 0 0 7 0 98 3136
escape 0 0 0 0 7 0 98 3136
escape 0 0 0 0 7 0 98 3136
escape 0 0 0 0 114 0 237 6271
escape 0 0 0 0 78 0 170 4041
escape 0 0 0 0 76 0 184 4065
escape 0 0 0 0 76 0 168 4040
escape 0 0 0 0 6 0 98 3136
escape 0 0 0 0 11 0 97 3137
escape 0 0 0 0 6 0 97 3135
escape 0 0 0 0 6 0 98 3136
escape 0 0 0 0 11 0 97 3137
escape 0 0 0 0 6 0 97 3135
escape 0 0 0 0 16 0 145 3137
escape 0 0 0 0 6 0 97 3136
escape 0 0 0 0 11 0 97 3137
escape 0 0 0 0 6 0 97 3135
escape 0 0 0 0 48 0 97 6271
escape 0 0 0 0 48 0 97 6271
escape 0 0 0 0 48 0 97 6270
escape 0 0 0 0 71 0 145 6271
escape 0 0 0 0 71 0 145 6271
escape 0 0 0 0 71 0 145 6270
escape 0 0 0 0 71 0 145 6271
escape 0 0 0 0 71 0 145 6271
escape 0 0 0 0 8 0 143 6271
escape 0 0 0 0 94 0 192 6271
escape 0 0 0 0 94 0 192 6271
escape 0 0 0 0 11 0 189 6271
escape 0 0 0 0 93 0 165 4046
escape 0 0 0 0 103 0 176 4081
escape 0 0 0 0 94 0 164 4045
escape 0 0 0 0 124 0 196 4046
escape 0 0 0 0 120 0 208 4081
escape 0 0 0 0 125 0 195 4045
escape 0 0 0 0 21 0 139 3264
escape 0 0 0 0 21 0 139 3264
escape 0 0 0 0 21 0 185 3264
escape 0 0 0 0 48 0 97 6271
escape 0 0 0 0 48 0 97 6271
escape 0 0 0 0 48 0 97 6270
escape 0 0 0 0 71 0 145 6271
escape 0 0 0 0 71 0 145 6271
escape 0 0 0 0 71 0 145 6270
escape 0 0 0 0 71 0 145 6271
escape 0 0 0 0 71 0 145 6271
escape 0 0 0 0 8 0 143 6271
escape 0 0 0 0 94 0 192 6271
escape 0 0 0 0 94 0 192 6271
escape 0 0 0 0 11 0 189 6271
escape 0 0 0 0 6 0 97 3136
escape 0 0 0 0 6 0 97 3135
escape 0 0 0 0 10 0 144 3136
escape 0 0 0 0 10 0 144 3135
escape 0 0 0 0 48 0 97 6271
escape 0 0 0 0 48 0 97 6271
escape 0 0 0 0 48 0 97 6270
escape 0 0 0 0 71 0 145 6271
escape 0 0 0 0 71 0 145 6271
escape 0 0 0 0 71 0 145 6270
escape 0 0 0 0 71 0 145 6271
escape 0 0 0 0 71 0 145 6271
escape 0 0 0 0 8 0 143 6271
escape 0 0 0 0 94 0 192 6271
escape 0 0 0 0 94 0 192 6271
escape 0 0 0 0 11 0 189 6271
escape 0 0 0 0 6 0 97 3136
escape 0 0 0 0 6 0 97 3135
escape 0 0 0 0 10 0 144 3136
escape 0 0 0 0 10 0 144 3135
escape 0 0 0 0 21 0 139 3264
escape 0 0 0 0 31 0 146 3264
escape 0 0 0 0 6 0 97 3136
escape 0 0 0 0 6 0 97 3135
escape 0 0 0 0 10 0 144 3136
escape 0 0 0 0 10 0 144 3135
escape 0 0 0 0 21 0 139 3264
escape 0 0 0 0 21 0 139 3264
escape 0 0 0 0 21 0 185 3264
escape 0 0 0 0 48 0 97 6271
escape 0 0 0 0 48 0 97 6271
escape 0 0 0 0 48 0 97 6270
escape 0 0 0 0 71 0 145 6271
escape 0 0 0 0 71 0 145 6271
escape 0 0 0 0 71 0 145 6270
escape 0 0 0 0 71 0 145 6271
escape 0 0 0 0 71 0 145 6271
escape 0 0 0 0 8 0 143 6271
escape 0 0 0 0 94 0 192 6271
escape 0 0 0 0 94 0 192 6271
escape 0 0 0 0 11 0 189 6271
escape 0 0 0 0 6 0 97 6272
escape 0 0 0 0 7 0 145 6272
escape 0 0 0 0 9 0 145 6272
escape 0 0 0 0 10 0 192 6272
escape 0 0 0 0 6 0 97 6272
escape 0 0 0 0 7 0 145 6272
escape 0 0 0 0 9 0 145 6272
escape 0 0 0 0 10 0 192 6272
escape 0 0 0 0 6 0 97 6272
escape 0 0 0 0 7 0 145 6272
escape 0 0 0 0 9 0 145 6272
escape 0 0 0 0 10 0 192 6272
escape 0 0 0 0 9 0 145 6272
escape 0 0 0 0 9 0 145 6272
escape 0 0 0 0 10 0 192 6272
escape 0 0 0 0 6 0 97 3136
escape 0 0 0 0 6 0 97 3135
escape 0 0 0 0 10 0 144 3136
escape 0 0 0 0 10 0 144 3135
escape 0 0 0 0 6 0 97 3136
escape 0 0 0 0 6 0 97 3135
escape 0 0 0 0 10 0 144 3136
escape 0 0 0 0 10 0 144 3135
escape 0 0 0 0 9 0 145 6272
escape 0 0 0 0 9 0 145 6272
escape 0 0 0 0 10 0 192 6272
escape 0 0 0 0 6 0 97 3136
escape 0 0 0 0 6 0 97 3135
escape 0 0 0 0 10 0 144 3136
escape 0 0 0 0 10 0 144 3135
escape 0 0 0 0 9 0 145 6272
escape 0 0 0 0 9 0 145 6272
escape 0 0 0 0 10 0 192 6272
escape 0 0 0 0 52 0 61 5473
escape 0 0 0 0 103 0 176 4081
escape 0 0 0 0 46 0 177 4064
escape 0 0 0 0 9 0 145 6272
escape 0 0 0 0 40 0 146 6268
escape 0 0 0 0 9 0 145 6272
escape 0 0 0 0 40 0 146 6268
escape 0 0 0 0 10 0 192 6272
escape 0 0 0 0 47 0 193 6268
escape 0 0 0 0 9 0 145 6272
escape 0 0 0 0 40 0 146 6268
escape 0 0 0 0 9 0 145 6272
escape 0 0 0 0 40 0 146 6268
escape 0 0 0 0 10 0 192 6272
escape 0 0 0 0 47 0 193 6268
escape 0 0 0 0 9 0 145 6272
escape 0 0 0 0 40 0 146 6268
escape 0 0 0 0 9 0 145 6272
escape 0 0 0 0 40 0 146 6268
escape 0 0 0 0 10 0 192 6272
escape 0 0 0 0 47 0 193 6268
escape 0 0 0 0 6 0 97 6272
escape 0 0 0 0 48 0 97 6271
escape 0 0 0 0 7 0 145 6272
escape 0 0 0 0 71 0 145 6271
escape 0 0 0 0 9 0 145 6272
escape 0 0 0 0 71 0 145 6271
escape 0 0 0 0 10 0 192 6272
escape 0 0 0 0 94 0 192 6271
escape 0 0 0 0 6 0 97 6272
escape 0 0 0 0 48 0 97 6271
escape 0 0 0 0 7 0 145 6272
escape 0 0 0 0 71 0 145 6271
escape 0 0 0 0 9 0 145 6272
escape 0 0 0 0 71 0 145 6271
escape 0 0 0 0 10 0 192 6272
escape 0 0 0 0 94 0 192 6271
escape 0 0 0 0 6 0 97 6272
escape 0 0 0 0 48 0 97 6271
escape 0 0 0 0 7 0 145 6272
escape 0 0 0 0 71 0 145 6271
escape 0 0 0 0 9 0 145 6272
escape 0 0 0 0 71 0 145 6271
escape 0 0 0 0 10 0 192 6272
escape 0 0 0 0 94 0 192 6271
escape 0 0 0 0 11 0 97 3137
escape 0 0 0 0 11 0 97 3136
escape 0 0 0 0 11 0 97 3137
escape 0 0 0 0 11 0 97 3136
escape 0 0 0 0 11 0 97 3137
escape 0 0 0 0 11 0 97 3136
escape 0 0 0 0 16 0 145 3137
escape 0 0 0 0 6 0 143 3200
escape 0 0 0 0 6 0 143 3199
escape 0 0 0 0 38 0 151 3129
escape 0 0 0 0 78 0 152 3321
escape 0 0 0 0 32 0 75 16360
escape 0 0 0 0 32 0 110 16360
escape 0 0 0 0 32 0 75 16360
escape 0 0 0 0 32 0 110 16360
escape 0 0 0 0 32 0 75 16360
escape 0 0 0 0 32 0 110 16360
escape 0 0 0 0 13 0 140 3266
escape 0 0 0 0 22 0 186 3266
escape 0 0 0 0 6 0 97 3136
escape 0 0 0 0 6 0 143 3200
escape 0 0 0 0 6 0 145 3136
escape 0 0 0 0 10 0 144 3136
escape 0 0 0 0 10 0 190 3200
escape 0 0 0 0 10 0 192 3136
escape 0 0 0 0 6 0 97 3136
escape 0 0 0 0 10 0 144 3136
escape 0 0 0 0 6 0 97 3136
unres 0 0 0 0 22 0 102 30000
escape 0 0 0 0 6 0 145 3136
unres 0 0 0 0 23 0 101 30000
escape 0 0 0 0 10 0 144 3136
escape 0 0 0 0 10 0 192 3136
escape 0 0 0 0 6 0 97 6272
escape 0 0 0 0 48 0 97 6271
escape 0 0 0 0 13 0 95 6530
escape 0 0 0 0 7 0 145 6272
escape 0 0 0 0 71 0 145 6271
escape 0 0 0 0 15 0 139 6530
escape 0 0 0 0 9 0 145 6272
escape 0 0 0 0 71 0 145 6271
escape 0 0 0 0 19 0 142 6530
escape 0 0 0 0 10 0 192 6272
escape 0 0 0 0 94 0 192 6271
escape 0 0 0 0 21 0 185 6530
escape 0 0 0 0 7 0 98 3136
escape 0 0 0 0 11 0 145 3136
escape 0 0 0 0 7 0 146 3136
escape 0 0 0 0 11 0 193 3136
escape 0 0 0 0 6 0 97 6272
escape 0 0 0 0 48 0 97 6271
escape 0 0 0 0 13 0 95 6530
escape 0 0 0 0 7 0 145 6272
escape 0 0 0 0 71 0 145 6271
escape 0 0 0 0 15 0 139 6530
escape 0 0 0 0 9 0 145 6272
escape 0 0 0 0 71 0 145 6271
escape 0 0 0 0 19 0 142 6530
escape 0 0 0 0 10 0 192 6272
escape 0 0 0 0 94 0 192 6271
escape 0 0 0 0 21 0 185 6530
escape 0 0 0 0 7 0 98 3136
escape 0 0 0 0 11 0 145 3136
escape 0 0 0 0 7 0 146 3136
escape 0 0 0 0 11 0 193 3136
escape 0 0 0 0 7 0 98 3136
escape 0 0 0 0 11 0 145 3136
escape 0 0 0 0 7 0 146 3136
escape 0 0 0 0 11 0 193 3136
escape 0 0 0 0 6 0 97 6272
escape 0 0 0 0 48 0 97 6271
escape 0 0 0 0 13 0 95 6530
escape 0 0 0 0 7 0 145 6272
escape 0 0 0 0 71 0 145 6271
escape 0 0 0 0 15 0 139 6530
escape 0 0 0 0 9 0 145 6272
escape 0 0 0 0 71 0 145 6271
escape 0 0 0 0 19 0 142 6530
escape 0 0 0 0 10 0 192 6272
escape 0 0 0 0 94 0 192 6271
escape 0 0 0 0 21 0 185 6530
escape 0 0 0 0 27 0 187 12294
escape 0 0 0 0 47 0 98 3135
escape 0 0 0 0 6 0 97 3136
escape 0 0 0 0 6 0 97 3135
escape 0 0 0 0 17 0 153 3132
escape 0 0 0 0 6 0 145 3136
escape 0 0 0 0 7 0 144 3135
escape 0 0 0 0 47 0 98 3135
escape 0 0 0 0 6 0 97 3136
escape 0 0 0 0 6 0 97 3135
escape 0 0 0 0 47 0 98 3135
escape 0 0 0 0 6 0 97 3136
escape 0 0 0 0 6 0 97 3135
escape 0 0 0 0 71 0 75 16359
escape 0 0 0 0 71 0 75 16359
escape 0 0 0 0 71 0 75 16359
escape 0 0 0 0 22 0 171 3136
escape 0 0 0 0 17 0 193 3136
escape 0 0 0 0 71 0 75 16359
escape 0 0 0 0 71 0 75 16359
unres 0 0 0 0 196 0 230 30000
escape 0 0 0 0 71 0 75 16359
escape 0 0 0 0 99 0 137 8182
escape 0 0 0 0 121 0 159 8182
escape 0 0 0 0 46 0 97 3135
escape 0 0 0 0 68 0 144 3135
escape 0 0 0 0 46 0 97 3135
escape 0 0 0 0 68 0 144 3135
escape 0 0 0 0 46 0 97 3135
escape 0 0 0 0 68 0 144 3135
unres 0 0 0 0 21 0 178 30000
escape 0 0 0 0 90 0 130 16356
escape 0 0 0 0 79 0 171 4037
escape 0 0 0 0 96 0 196 3135
escape 0 0 0 0 95 0 195 3135
escape 0 0 0 0 139 0 219 4037
escape 0 0 0 0 9 0 147 3138
escape 0 0 0 0 29 0 148 3136
escape 0 0 0 0 71 0 145 6271
escape 0 0 0 0 40 0 146 6268
escape 0 0 0 0 71 0 145 6271
escape 0 0 0 0 40 0 146 6268
escape 0 0 0 0 94 0 192 6271
escape 0 0 0 0 47 0 193 6268
escape 0 0 0 0 110 0 166 4045
escape 0 0 0 0 110 0 166 4045
escape 0 0 0 0 125 0 197 4045
escape 0 0 0 0 71 0 145 6271
escape 0 0 0 0 40 0 146 6268
escape 0 0 0 0 71 0 145 6271
escape 0 0 0 0 40 0 146 6268
escape 0 0 0 0 94 0 192 6271
escape 0 0 0 0 47 0 193 6268
escape 0 0 0 0 123 0 195 4037
escape 0 0 0 0 71 0 145 6271
escape 0 0 0 0 40 0 146 6268
escape 0 0 0 0 71 0 145 6271
escape 0 0 0 0 40 0 146 6268
escape 0 0 0 0 94 0 192 6271
escape 0 0 0 0 47 0 193 6268
escape 0 0 0 0 56 0 114 3648
escape 0 0 0 0 88 0 108 3643
escape 0 0 0 0 74 0 154 5172
escape 0 0 0 0 155 0 147 5167
escape 0 0 0 0 71 0 145 6271
escape 0 0 0 0 40 0 146 6268
escape 0 0 0 0 71 0 145 6271
escape 0 0 0 0 40 0 146 6268
escape 0 0 0 0 94 0 192 6271
escape 0 0 0 0 47 0 193 6268
unres 0 0 0 0 25 0 167 30000
escape 0 0 0 0 140 0 200 4045
escape 0 0 0 0 48 0 97 6271
escape 0 0 0 0 48 0 97 6271
escape 0 0 0 0 25 0 99 6268
escape 0 0 0 0 71 0 145 6271
escape 0 0 0 0 71 0 145 6271
escape 0 0 0 0 32 0 146 6268
escape 0 0 0 0 71 0 145 6271
escape 0 0 0 0 71 0 145 6271
escape 0 0 0 0 40 0 147 6268
escape 0 0 0 0 94 0 192 6271
escape 0 0 0 0 94 0 192 6271
escape 0 0 0 0 47 0 193 6268
escape 0 0 0 0 59 0 123 5172
escape 0 0 0 0 74 0 154 5172
escape 0 0 0 0 157 0 149 5167
escape 0 0 0 0 48 0 97 6271
escape 0 0 0 0 48 0 97 6271
escape 0 0 0 0 25 0 99 6268
escape 0 0 0 0 71 0 145 6271
escape 0 0 0 0 71 0 145 6271
escape 0 0 0 0 32 0 146 6268
escape 0 0 0 0 71 0 145 6271
escape 0 0 0 0 71 0 145 6271
escape 0 0 0 0 40 0 147 6268
escape 0 0 0 0 94 0 192 6271
escape 0 0 0 0 94 0 192 6271
escape 0 0 0 0 47 0 193 6268
escape 0 0 0 0 48 0 97 6271
escape 0 0 0 0 48 0 97 6271
escape 0 0 0 0 25 0 99 6268
escape 0 0 0 0 71 0 145 6271
escape 0 0 0 0 71 0 145 6271
escape 0 0 0 0 32 0 146 6268
escape 0 0 0 0 71 0 145 6271
escape 0 0 0 0 71 0 145 6271
escape 0 0 0 0 40 0 147 6268
escape 0 0 0 0 94 0 192 6271
escape 0 0 0 0 94 0 192 6271
escape 0 0 0 0 47 0 193 6268
escape 0 0 0 0 48 0 97 6271
escape 0 0 0 0 48 0 97 6271
escape 0 0 0 0 25 0 99 6268
escape 0 0 0 0 71 0 145 6271
escape 0 0 0 0 71 0 145 6271
escape 0 0 0 0 32 0 146 6268
escape 0 0 0 0 71 0 145 6271
escape 0 0 0 0 71 0 145 6271
escape 0 0 0 0 40 0 147 6268
escape 0 0 0 0 94 0 192 6271
escape 0 0 0 0 94 0 192 6271
escape 0 0 0 0 47 0 193 6268
escape 0 0 0 0 6 0 97 6272
escape 0 0 0 0 25 0 98 6268
escape 0 0 0 0 7 0 145 6272
escape 0 0 0 0 32 0 146 6268
escape 0 0 0 0 9 0 145 6272
escape 0 0 0 0 40 0 146 6268
escape 0 0 0 0 10 0 192 6272
escape 0 0 0 0 47 0 193 6268
escape 0 0 0 0 88 0 182 4044
escape 0 0 0 0 127 0 189 4039
escape 0 0 0 0 175 0 243 4039
escape 0 0 0 0 129 0 231 4037
escape 0 0 0 0 6 0 97 6272
escape 0 0 0 0 25 0 98 6268
escape 0 0 0 0 7 0 145 6272
escape 0 0 0 0 32 0 146 6268
escape 0 0 0 0 9 0 145 6272
escape 0 0 0 0 40 0 146 6268
escape 0 0 0 0 10 0 192 6272
escape 0 0 0 0 47 0 193 6268
escape 0 0 0 0 6 0 97 6272
escape 0 0 0 0 25 0 98 6268
escape 0 0 0 0 7 0 145 6272
escape 0 0 0 0 32 0 146 6268
escape 0 0 0 0 9 0 145 6272
escape 0 0 0 0 40 0 146 6268
escape 0 0 0 0 10 0 192 6272
escape 0 0 0 0 47 0 193 6268
escape 0 0 0 0 117 0 218 4037
unres 0 0 0 0 24 0 80 30000
escape 0 0 0 0 95 0 193 6271
escape 0 0 0 0 95 0 193 6271
escape 0 0 0 0 95 0 193 6271
escape 0 0 0 0 48 0 97 6271
escape 0 0 0 0 50 0 99 6271
escape 0 0 0 0 71 0 145 6271
escape 0 0 0 0 71 0 145 6271
escape 0 0 0 0 71 0 145 6271
escape 0 0 0 0 94 0 192 6271
escape 0 0 0 0 48 0 97 6271
escape 0 0 0 0 71 0 145 6271
escape 0 0 0 0 71 0 145 6271
escape 0 0 0 0 71 0 145 6271
escape 0 0 0 0 71 0 145 6271
escape 0 0 0 0 94 0 192 6271
unres 0 0 0 0 21 0 178 30000
escape 0 0 0 0 48 0 97 6271
escape 0 0 0 0 71 0 145 6271
escape 0 0 0 0 71 0 145 6271
escape 0 0 0 0 71 0 145 6271
escape 0 0 0 0 71 0 145 6271
escape 0 0 0 0 94 0 192 6271
escape 0 0 0 0 48 0 97 6271
escape 0 0 0 0 49 0 98 6271
escape 0 0 0 0 71 0 145 6271
escape 0 0 0 0 72 0 146 6271
escape 0 0 0 0 71 0 145 6271
escape 0 0 0 0 64 0 94 6535
escape 0 0 0 0 94 0 192 6271
escape 0 0 0 0 7 0 97 6272
escape 0 0 0 0 8 0 144 6272
escape 0 0 0 0 10 0 145 6272
escape 0 0 0 0 11 0 191 6272
escape 0 0 0 0 7 0 97 6272
escape 0 0 0 0 8 0 144 6272
escape 0 0 0 0 10 0 145 6272
escape 0 0 0 0 11 0 191 6272
escape 0 0 0 0 7 0 97 6272
escape 0 0 0 0 8 0 144 6272
escape 0 0 0 0 10 0 145 6272
escape 0 0 0 0 11 0 191 6272
escape 0 0 0 0 10 0 146 6272
escape 0 0 0 0 9 0 145 6270
escape 0 0 0 0 11 0 191 6272
escape 0 0 0 0 46 0 97 3135
escape 0 0 0 0 68 0 145 3135
escape 0 0 0 0 68 0 144 3135
escape 0 0 0 0 11 0 146 3136
escape 0 0 0 0 90 0 192 3135
escape 0 0 0 0 11 0 193 3136
escape 0 0 0 0 46 0 97 3135
escape 0 0 0 0 68 0 144 3135
escape 0 0 0 0 10 0 146 6272
escape 0 0 0 0 9 0 145 6270
escape 0 0 0 0 11 0 191 6272
escape 0 0 0 0 46 0 97 3135
escape 0 0 0 0 68 0 144 3135
escape 0 0 0 0 46 0 97 3135
escape 0 0 0 0 68 0 144 3135
escape 0 0 0 0 10 0 146 6272
escape 0 0 0 0 9 0 145 6270
escape 0 0 0 0 11 0 191 6272
unres 0 0 0 0 24 0 80 30000
escape 0 0 0 0 25 0 98 6268
escape 0 0 0 0 32 0 146 6268
escape 0 0 0 0 40 0 146 6268
escape 0 0 0 0 47 0 193 6268
escape 0 0 0 0 25 0 98 6268
escape 0 0 0 0 32 0 146 6268
escape 0 0 0 0 40 0 146 6268
escape 0 0 0 0 47 0 193 6268
escape 0 0 0 0 25 0 98 6268
escape 0 0 0 0 32 0 146 6268
escape 0 0 0 0 40 0 146 6268
escape 0 0 0 0 47 0 193 6268
escape 0 0 0 0 25 0 98 6268
escape 0 0 0 0 32 0 146 6268
escape 0 0 0 0 40 0 146 6268
escape 0 0 0 0 47 0 193 6268
escape 0 0 0 0 71 0 145 6271
escape 0 0 0 0 71 0 145 6271
escape 0 0 0 0 94 0 192 6271
escape 0 0 0 0 71 0 145 6271
escape 0 0 0 0 71 0 145 6271
escape 0 0 0 0 94 0 192 6271
escape 0 0 0 0 71 0 145 6271
escape 0 0 0 0 71 0 145 6271
escape 0 0 0 0 94 0 192 6271
escape 0 0 0 0 71 0 145 6271
escape 0 0 0 0 71 0 145 6271
escape 0 0 0 0 94 0 192 6271
escape 0 0 0 0 40 0 146 6268
escape 0 0 0 0 40 0 146 6268
escape 0 0 0 0 47 0 193 6268
escape 0 0 0 0 40 0 146 6268
escape 0 0 0 0 40 0 146 6268
escape 0 0 0 0 47 0 193 6268
escape 0 0 0 0 40 0 146 6268
escape 0 0 0 0 40 0 146 6268
escape 0 0 0 0 47 0 193 6268
escape 0 0 0 0 25 0 99 6268
escape 0 0 0 0 32 0 146 6268
escape 0 0 0 0 40 0 147 6268
escape 0 0 0 0 47 0 193 6268
escape 0 0 0 0 25 0 99 6268
escape 0 0 0 0 32 0 146 6268
escape 0 0 0 0 40 0 147 6268
escape 0 0 0 0 47 0 193 6268
escape 0 0 0 0 25 0 99 6268
escape 0 0 0 0 32 0 146 6268
escape 0 0 0 0 40 0 147 6268
escape 0 0 0 0 47 0 193 6268
unres 0 0 0 0 24 0 80 30000
escape 0 0 0 0 50 0 130 3126
escape 0 0 0 0 6 0 97 3136
escape 0 0 0 0 6 0 145 3136
escape 0 0 0 0 10 0 144 3136
escape 0 0 0 0 10 0 192 3136
escape 0 0 0 0 6 0 97 3136
escape 0 0 0 0 10 0 144 3136
escape 0 0 0 0 6 0 97 3136
escape 0 0 0 0 6 0 145 3136
escape 0 0 0 0 10 0 144 3136
escape 0 0 0 0 10 0 192 3136
escape 0 0 0 0 18 0 139 3263
escape 0 0 0 0 18 0 139 3263
escape 0 0 0 0 21 0 185 3263
escape 0 0 0 0 6 0 97 6271
escape 0 0 0 0 7 0 145 6271
escape 0 0 0 0 10 0 143 6399
escape 0 0 0 0 11 0 189 6399
escape 0 0 0 0 18 0 139 3263
escape 0 0 0 0 22 0 146 3198
escape 0 0 0 0 18 0 139 3263
escape 0 0 0 0 21 0 183 3198
escape 0 0 0 0 6 0 97 6271
escape 0 0 0 0 7 0 145 6271
escape 0 0 0 0 10 0 143 6399
escape 0 0 0 0 11 0 189 6399
escape 0 0 0 0 6 0 97 6271
escape 0 0 0 0 7 0 145 6271
escape 0 0 0 0 10 0 143 6399
escape 0 0 0 0 11 0 189 6399
escape 0 0 0 0 18 0 139 3263
unres 0 0 0 0 24 0 80 30000
escape 0 0 0 0 50 0 130 3126
escape 0 0 0 0 40 0 146 6268
escape 0 0 0 0 40 0 146 6268
escape 0 0 0 0 47 0 193 6268
escape 0 0 0 0 40 0 146 6268
escape 0 0 0 0 40 0 146 6268
escape 0 0 0 0 47 0 193 6268
escape 0 0 0 0 40 0 146 6268
escape 0 0 0 0 40 0 146 6268
escape 0 0 0 0 47 0 193 6268
escape 0 0 0 0 40 0 146 6268
escape 0 0 0 0 40 0 146 6268
escape 0 0 0 0 47 0 193 6268
escape 0 0 0 0 48 0 97 6271
escape 0 0 0 0 71 0 145 6271
escape 0 0 0 0 71 0 145 6271
escape 0 0 0 0 94 0 192 6271
escape 0 0 0 0 48 0 97 6271
escape 0 0 0 0 71 0 145 6271
escape 0 0 0 0 71 0 145 6271
escape 0 0 0 0 94 0 192 6271
escape 0 0 0 0 48 0 97 6271
escape 0 0 0 0 71 0 145 6271
escape 0 0 0 0 71 0 145 6271
escape 0 0 0 0 94 0 192 6271
escape 0 0 0 0 48 0 97 6271
escape 0 0 0 0 71 0 145 6271
escape 0 0 0 0 71 0 145 6271
escape 0 0 0 0 94 0 192 6271
escape 0 0 0 0 25 0 98 6268
escape 0 0 0 0 32 0 146 6268
escape 0 0 0 0 40 0 146 6268
escape 0 0 0 0 47 0 193 6268
escape 0 0 0 0 25 0 98 6268
escape 0 0 0 0 32 0 146 6268
escape 0 0 0 0 40 0 146 6268
escape 0 0 0 0 47 0 193 6268
escape 0 0 0 0 25 0 98 6268
escape 0 0 0 0 32 0 146 6268
escape 0 0 0 0 40 0 146 6268
escape 0 0 0 0 47 0 193 6268
escape 0 0 0 0 71 0 145 6271
escape 0 0 0 0 71 0 145 6271
escape 0 0 0 0 94 0 192 6271
escape 0 0 0 0 71 0 145 6271
escape 0 0 0 0 71 0 145 6271
escape 0 0 0 0 94 0 192 6271
escape 0 0 0 0 71 0 145 6271
escape 0 0 0 0 71 0 145 6271
escape 0 0 0 0 94 0 192 6271
escape 0 0 0 0 7 0 98 3136
escape 0 0 0 0 7 0 98 3136
escape 0 0 0 0 7 0 98 3136
escape 0 0 0 0 7 0 98 3136
escape 0 0 0 0 7 0 98 3136
escape 0 0 0 0 7 0 98 3136
escape 0 0 0 0 7 0 98 3136
escape 0 0 0 0 6 0 97 3136
escape 0 0 0 0 6 0 97 3136
escape 0 0 0 0 6 0 97 3136
escape 0 0 0 0 6 0 97 3136
escape 0 0 0 0 6 0 97 3136
escape 0 0 0 0 6 0 97 3136
escape 0 0 0 0 127 0 152 12868
escape 0 0 0 0 113 0 130 5860
unres 0 0 0 0 25 0 81 30000
escape 0 0 0 0 6 0 97 3136
escape 0 0 0 0 6 0 97 3136
escape 0 0 0 0 6 0 97 3136
escape 0 0 0 0 6 0 97 3136
escape 0 0 0 0 6 0 97 3136
escape 0 0 0 0 6 0 97 3136
escape 0 0 0 0 7 0 98 3136
escape 0 0 0 0 7 0 146 3136
escape 0 0 0 0 7 0 98 3136
escape 0 0 0 0 7 0 146 3136
escape 0 0 0 0 7 0 99 3136
escape 0 0 0 0 18 0 146 3137
escape 0 0 0 0 7 0 147 3136
escape 0 0 0 0 25 0 98 6268
escape 0 0 0 0 32 0 146 6268
escape 0 0 0 0 40 0 146 6268
escape 0 0 0 0 47 0 193 6268
escape 0 0 0 0 25 0 98 6268
escape 0 0 0 0 32 0 146 6268
escape 0 0 0 0 40 0 146 6268
escape 0 0 0 0 47 0 193 6268
escape 0 0 0 0 7 0 98 3136
escape 0 0 0 0 11 0 145 3136
escape 0 0 0 0 7 0 146 3136
escape 0 0 0 0 11 0 193 3136
escape 0 0 0 0 25 0 98 6268
escape 0 0 0 0 32 0 146 6268
escape 0 0 0 0 40 0 146 6268
escape 0 0 0 0 47 0 193 6268
escape 0 0 0 0 7 0 98 3136
escape 0 0 0 0 11 0 145 3136
escape 0 0 0 0 7 0 146 3136
escape 0 0 0 0 11 0 193 3136
escape 0 0 0 0 25 0 98 6268
escape 0 0 0 0 32 0 146 6268
escape 0 0 0 0 40 0 146 6268
escape 0 0 0 0 47 0 193 6268
escape 0 0 0 0 7 0 98 3136
escape 0 0 0 0 11 0 145 3136
escape 0 0 0 0 7 0 146 3136
escape 0 0 0 0 11 0 193 3136
escape 0 0 0 0 71 0 145 6271
escape 0 0 0 0 71 0 145 6271
escape 0 0 0 0 94 0 192 6271
escape 0 0 0 0 71 0 145 6271
escape 0 0 0 0 71 0 145 6271
escape 0 0 0 0 94 0 192 6271
escape 0 0 0 0 71 0 145 6271
escape 0 0 0 0 71 0 145 6271
escape 0 0 0 0 94 0 192 6271
escape 0 0 0 0 71 0 145 6271
escape 0 0 0 0 71 0 145 6271
escape 0 0 0 0 94 0 192 6271
escape 0 0 0 0 7 0 144 3136
escape 0 0 0 0 11 0 191 3136
escape 0 0 0 0 7 0 98 3136
escape 0 0 0 0 11 0 145 3136
escape 0 0 0 0 7 0 146 3136
escape 0 0 0 0 11 0 193 3136
escape 0 0 0 0 7 0 98 3136
escape 0 0 0 0 11 0 145 3136
escape 0 0 0 0 7 0 146 3136
escape 0 0 0 0 11 0 193 3136
escape 0 0 0 0 7 0 98 3136
escape 0 0 0 0 11 0 145 3136
escape 0 0 0 0 7 0 146 3136
escape 0 0 0 0 11 0 193 3136
escape 0 0 0 0 58 0 62 3512
escape 0 0 0 0 87 0 90 3512
escape 0 0 0 0 66 0 63 3562
escape 0 0 0 0 100 0 95 3562
escape 0 0 0 0 18 0 139 3263
escape 0 0 0 0 18 0 139 3263
escape 0 0 0 0 21 0 185 3263
escape 0 0 0 0 18 0 139 3263
escape 0 0 0 0 22 0 146 3198
escape 0 0 0 0 18 0 139 3263
escape 0 0 0 0 21 0 183 3198
escape 0 0 0 0 18 0 139 3263
escape 0 0 0 0 47 0 98 3135
escape 0 0 0 0 47 0 98 3135
escape 0 0 0 0 48 0 99 3135
escape 0 0 0 0 70 0 148 3135
escape 0 0 0 0 47 0 98 3135
escape 0 0 0 0 69 0 145 3135
escape 0 0 0 0 47 0 98 3135
escape 0 0 0 0 69 0 145 3135
escape 0 0 0 0 47 0 98 3135
escape 0 0 0 0 69 0 145 3135
escape 0 0 0 0 46 0 177 4064
escape 0 0 0 0 61 0 209 4064
escape 0 0 0 0 7 0 98 3136
escape 0 0 0 0 7 0 99 3136
escape 0 0 0 0 7 0 98 3136
escape 0 0 0 0 7 0 99 3136
escape 0 0 0 0 7 0 98 3136
escape 0 0 0 0 7 0 98 3136
escape 0 0 0 0 7 0 98 3136
escape 0 0 0 0 7 0 98 3136
escape 0 0 0 0 7 0 98 3136
escape 0 0 0 0 6 0 97 3136
escape 0 0 0 0 6 0 97 3136
escape 0 0 0 0 6 0 97 3136
escape 0 0 0 0 6 0 97 3136
escape 0 0 0 0 6 0 97 3136
escape 0 0 0 0 6 0 97 3136
escape 0 0 0 0 127 0 152 12868
escape 0 0 0 0 113 0 130 5860
unres 0 0 0 0 25 0 81 30000
escape 0 0 0 0 6 0 97 3136
escape 0 0 0 0 6 0 97 3136
escape 0 0 0 0 6 0 97 3136
escape 0 0 0 0 6 0 97 3136
escape 0 0 0 0 6 0 97 3136
escape 0 0 0 0 6 0 97 3136
escape 0 0 0 0 7 0 98 3136
escape 0 0 0 0 7 0 98 3136
escape 0 0 0 0 7 0 98 3136
escape 0 0 0 0 7 0 98 3136
escape 0 0 0 0 7 0 98 3136
escape 0 0 0 0 7 0 98 3136
escape 0 0 0 0 7 0 98 3136
escape 0 0 0 0 41 0 112 12479
escape 0 0 0 0 41 0 112 12478
escape 0 0 0 0 11 0 97 3137
escape 0 0 0 0 11 0 97 3136
escape 0 0 0 0 11 0 97 3137
escape 0 0 0 0 11 0 97 3136
escape 0 0 0 0 31 0 164 3137
escape 0 0 0 0 31 0 164 3136
escape 0 0 0 0 11 0 97 3137
escape 0 0 0 0 11 0 97 3136
escape 0 0 0 0 16 0 145 3137
escape 0 0 0 0 15 0 144 3136
escape 0 0 0 0 10 0 144 3200
escape 0 0 0 0 10 0 144 3199
unres 0 0 0 0 16 0 118 30000
unres 0 0 0 0 31 0 99 30000
escape 0 0 0 0 32 0 75 16360
escape 0 0 0 0 32 0 110 16360
escape 0 0 0 0 32 0 75 16360
escape 0 0 0 0 32 0 110 16360
escape 0 0 0 0 32 0 75 16360
escape 0 0 0 0 92 0 108 16365
escape 0 0 0 0 32 0 110 16360
escape 0 0 0 0 48 0 97 6271
escape 0 0 0 0 71 0 145 6271
escape 0 0 0 0 71 0 145 6271
escape 0 0 0 0 94 0 192 6271
escape 0 0 0 0 48 0 97 6271
escape 0 0 0 0 50 0 99 6271
escape 0 0 0 0 71 0 145 6271
escape 0 0 0 0 71 0 145 6271
escape 0 0 0 0 71 0 145 6271
escape 0 0 0 0 94 0 192 6271
escape 0 0 0 0 9 0 147 3138
escape 0 0 0 0 9 0 147 3137
escape 0 0 0 0 48 0 97 6271
escape 0 0 0 0 50 0 99 6271
escape 0 0 0 0 71 0 145 6271
escape 0 0 0 0 71 0 145 6271
escape 0 0 0 0 71 0 145 6271
escape 0 0 0 0 94 0 192 6271
escape 0 0 0 0 6 0 143 3200
escape 0 0 0 0 6 0 143 3199
escape 0 0 0 0 10 0 190 3200
escape 0 0 0 0 23 0 181 3267
escape 0 0 0 0 48 0 97 6271
escape 0 0 0 0 49 0 98 6271
escape 0 0 0 0 71 0 145 6271
escape 0 0 0 0 72 0 146 6271
escape 0 0 0 0 71 0 145 6271
escape 0 0 0 0 72 0 146 6271
escape 0 0 0 0 94 0 192 6271
escape 0 0 0 0 95 0 193 6271
escape 0 0 0 0 99 0 138 8182
escape 0 0 0 0 121 0 161 8182
escape 0 0 0 0 46 0 97 3135
escape 0 0 0 0 68 0 145 3135
escape 0 0 0 0 68 0 144 3135
escape 0 0 0 0 90 0 192 3135
escape 0 0 0 0 46 0 97 3135
escape 0 0 0 0 68 0 144 3135
escape 0 0 0 0 7 0 98 3136
escape 0 0 0 0 11 0 145 3136
escape 0 0 0 0 7 0 146 3136
escape 0 0 0 0 11 0 193 3136
escape 0 0 0 0 7 0 98 3136
escape 0 0 0 0 11 0 145 3136
escape 0 0 0 0 7 0 146 3136
escape 0 0 0 0 11 0 193 3136
escape 0 0 0 0 46 0 97 3135
escape 0 0 0 0 68 0 144 3135
escape 0 0 0 0 7 0 98 3136
escape 0 0 0 0 11 0 145 3136
escape 0 0 0 0 7 0 146 3136
escape 0 0 0 0 11 0 193 3136
escape 0 0 0 0 46 0 97 3135
escape 0 0 0 0 68 0 144 3135
escape 0 0 0 0 6 0 97 3136
escape 0 0 0 0 6 0 97 3135
escape 0 0 0 0 6 0 145 3136
escape 0 0 0 0 6 0 97 3136
escape 0 0 0 0 6 0 97 3135
escape 0 0 0 0 6 0 97 3136
escape 0 0 0 0 6 0 97 3135
escape 0 0 0 0 75 0 146 3135
escape 0 0 0 0 47 0 98 3135
escape 0 0 0 0 69 0 145 3135
escape 0 0 0 0 47 0 98 3135
escape 0 0 0 0 69 0 145 3135
escape 0 0 0 0 47 0 98 3135
escape 0 0 0 0 69 0 145 3135
escape 0 0 0 0 11 0 97 3137
escape 0 0 0 0 6 0 97 3135
escape 0 0 0 0 7 0 144 3135
escape 0 0 0 0 11 0 97 3137
escape 0 0 0 0 6 0 97 3135
escape 0 0 0 0 16 0 145 3137
escape 0 0 0 0 71 0 146 3134
escape 0 0 0 0 7 0 144 3135
escape 0 0 0 0 11 0 97 3137
escape 0 0 0 0 6 0 97 3135
escape 0 0 0 0 7 0 144 3135
escape 0 0 0 0 6 0 97 3135
escape 0 0 0 0 10 0 144 3135
escape 0 0 0 0 7 0 144 3135
escape 0 0 0 0 11 0 191 3135
escape 0 0 0 0 6 0 97 3135
escape 0 0 0 0 10 0 144 3135
escape 0 0 0 0 7 0 144 3135
escape 0 0 0 0 11 0 191 3135
escape 0 0 0 0 93 0 165 4046
escape 0 0 0 0 103 0 176 4080
escape 0 0 0 0 124 0 196 4046
escape 0 0 0 0 119 0 207 4080
escape 0 0 0 0 6 0 97 3135
escape 0 0 0 0 10 0 144 3135
escape 0 0 0 0 59 0 123 5172
escape 0 0 0 0 7 0 144 3135
escape 0 0 0 0 74 0 154 5172
escape 0 0 0 0 11 0 191 3135
escape 0 0 0 0 66 0 63 3563
escape 0 0 0 0 100 0 95 3563
escape 0 0 0 0 6 0 97 3135
escape 0 0 0 0 10 0 144 3135
escape 0 0 0 0 7 0 144 3135
escape 0 0 0 0 11 0 191 3135
escape 0 0 0 0 6 0 97 3135
escape 0 0 0 0 10 0 144 3135
escape 0 0 0 0 7 0 144 3135
escape 0 0 0 0 11 0 191 3135
escape 0 0 0 0 6 0 97 3135
escape 0 0 0 0 10 0 144 3135
escape 0 0 0 0 7 0 144 3135
escape 0 0 0 0 11 0 191 3135
escape 0 0 0 0 58 0 62 3512
escape 0 0 0 0 87 0 90 3512
escape 0 0 0 0 40 0 146 6268
escape 0 0 0 0 40 0 146 6268
escape 0 0 0 0 47 0 193 6268
escape 0 0 0 0 67 0 64 3563
escape 0 0 0 0 101 0 96 3563
escape 0 0 0 0 40 0 146 6268
escape 0 0 0 0 40 0 146 6268
escape 0 0 0 0 47 0 193 6268
escape 0 0 0 0 40 0 146 6268
escape 0 0 0 0 40 0 146 6268
escape 0 0 0 0 47 0 193 6268
escape 0 0 0 0 40 0 146 6268
escape 0 0 0 0 40 0 146 6268
escape 0 0 0 0 47 0 193 6268
escape 0 0 0 0 48 0 97 6271
escape 0 0 0 0 71 0 145 6271
escape 0 0 0 0 71 0 145 6271
escape 0 0 0 0 94 0 192 6271
escape 0 0 0 0 48 0 97 6271
escape 0 0 0 0 71 0 145 6271
escape 0 0 0 0 71 0 145 6271
escape 0 0 0 0 94 0 192 6271
escape 0 0 0 0 48 0 97 6271
escape 0 0 0 0 71 0 145 6271
escape 0 0 0 0 71 0 145 6271
escape 0 0 0 0 94 0 192 6271
escape 0 0 0 0 48 0 97 6271
escape 0 0 0 0 71 0 145 6271
escape 0 0 0 0 71 0 145 6271
escape 0 0 0 0 94 0 192 6271
escape 0 0 0 0 7 0 98 3136
escape 0 0 0 0 7 0 98 3136
escape 0 0 0 0 7 0 100 3136
escape 0 0 0 0 7 0 98 3136
escape 0 0 0 0 7 0 98 3136
escape 0 0 0 0 7 0 98 3136
escape 0 0 0 0 7 0 98 3136
escape 0 0 0 0 7 0 98 3136
escape 0 0 0 0 6 0 97 3136
escape 0 0 0 0 6 0 97 3136
escape 0 0 0 0 6 0 97 3136
escape 0 0 0 0 6 0 97 3136
escape 0 0 0 0 6 0 97 3136
escape 0 0 0 0 6 0 97 3136
escape 0 0 0 0 6 0 97 3136
escape 0 0 0 0 6 0 97 3136
escape 0 0 0 0 6 0 97 3136
escape 0 0 0 0 6 0 97 3136
escape 0 0 0 0 6 0 97 3136
escape 0 0 0 0 6 0 97 3136
unres 0 0 0 0 21 0 178 30000
escape 0 0 0 0 7 0 97 6272
escape 0 0 0 0 8 0 144 6272
escape 0 0 0 0 10 0 145 6272
escape 0 0 0 0 11 0 191 6272
escape 0 0 0 0 7 0 97 6272
escape 0 0 0 0 8 0 144 6272
escape 0 0 0 0 10 0 145 6272
escape 0 0 0 0 11 0 191 6272
escape 0 0 0 0 7 0 97 6272
escape 0 0 0 0 8 0 144 6272
escape 0 0 0 0 10 0 145 6272
escape 0 0 0 0 11 0 191 6272
escape 0 0 0 0 10 0 146 6272
escape 0 0 0 0 9 0 145 6270
escape 0 0 0 0 11 0 191 6272
escape 0 0 0 0 10 0 146 6272
escape 0 0 0 0 9 0 145 6270
escape 0 0 0 0 11 0 191 6272
escape 0 0 0 0 10 0 146 6272
escape 0 0 0 0 9 0 145 6270
escape 0 0 0 0 11 0 191 6272
escape 0 0 0 0 79 0 171 4037
escape 0 0 0 0 7 0 98 3136
escape 0 0 0 0 7 0 98 3136
escape 0 0 0 0 7 0 99 3136
escape 0 0 0 0 76 0 288 6266
escape 0 0 0 0 25 0 98 6268
escape 0 0 0 0 32 0 146 6268
escape 0 0 0 0 40 0 146 6268
escape 0 0 0 0 47 0 193 6268
escape 0 0 0 0 110 0 166 4045
escape 0 0 0 0 125 0 197 4045
escape 0 0 0 0 25 0 98 6268
escape 0 0 0 0 32 0 146 6268
escape 0 0 0 0 40 0 146 6268
escape 0 0 0 0 47 0 193 6268
escape 0 0 0 0 7 0 98 3136
escape 0 0 0 0 11 0 145 3136
escape 0 0 0 0 25 0 98 6268
escape 0 0 0 0 32 0 146 6268
escape 0 0 0 0 40 0 146 6268
escape 0 0 0 0 47 0 193 6268
escape 0 0 0 0 7 0 98 3136
escape 0 0 0 0 11 0 145 3136
escape 0 0 0 0 25 0 98 6268
escape 0 0 0 0 32 0 146 6268
escape 0 0 0 0 40 0 146 6268
escape 0 0 0 0 47 0 193 6268
escape 0 0 0 0 7 0 98 3136
escape 0 0 0 0 11 0 145 3136
escape 0 0 0 0 71 0 145 6271
escape 0 0 0 0 71 0 145 6271
escape 0 0 0 0 94 0 192 6271
escape 0 0 0 0 71 0 145 6271
escape 0 0 0 0 71 0 145 6271
escape 0 0 0 0 94 0 192 6271
escape 0 0 0 0 103 0 176 4081
escape 0 0 0 0 71 0 145 6271
escape 0 0 0 0 71 0 145 6271
escape 0 0 0 0 94 0 192 6271
escape 0 0 0 0 103 0 176 4081
escape 0 0 0 0 120 0 208 4081
escape 0 0 0 0 71 0 145 6271
escape 0 0 0 0 71 0 145 6271
escape 0 0 0 0 94 0 192 6271
escape 0 0 0 0 40 0 146 6268
escape 0 0 0 0 40 0 146 6268
escape 0 0 0 0 47 0 193 6268
escape 0 0 0 0 7 0 98 3136
escape 0 0 0 0 11 0 145 3136
escape 0 0 0 0 40 0 146 6268
escape 0 0 0 0 40 0 146 6268
escape 0 0 0 0 47 0 193 6268
escape 0 0 0 0 40 0 146 6268
escape 0 0 0 0 40 0 146 6268
escape 0 0 0 0 47 0 193 6268
escape 0 0 0 0 7 0 98 3136
escape 0 0 0 0 11 0 145 3136
escape 0 0 0 0 7 0 98 3136
escape 0 0 0 0 11 0 145 3136
escape 0 0 0 0 25 0 99 6268
escape 0 0 0 0 32 0 146 6268
escape 0 0 0 0 40 0 147 6268
escape 0 0 0 0 47 0 193 6268
escape 0 0 0 0 25 0 99 6268
escape 0 0 0 0 32 0 146 6268
escape 0 0 0 0 40 0 147 6268
escape 0 0 0 0 47 0 193 6268
escape 0 0 0 0 25 0 99 6268
escape 0 0 0 0 32 0 146 6268
escape 0 0 0 0 40 0 147 6268
escape 0 0 0 0 47 0 193 6268
escape 0 0 0 0 6 0 97 3136
escape 0 0 0 0 6 0 145 3136
escape 0 0 0 0 9 0 147 3137
escape 0 0 0 0 10 0 144 3136
escape 0 0 0 0 10 0 192 3136
escape 0 0 0 0 6 0 97 3136
escape 0 0 0 0 10 0 144 3136
escape 0 0 0 0 6 0 97 3136
escape 0 0 0 0 6 0 145 3136
escape 0 0 0 0 56 0 114 3647
escape 0 0 0 0 10 0 144 3136
escape 0 0 0 0 10 0 192 3136
escape 0 0 0 0 18 0 139 3263
escape 0 0 0 0 18 0 139 3263
escape 0 0 0 0 21 0 185 3263
escape 0 0 0 0 6 0 97 6271
escape 0 0 0 0 7 0 145 6271
escape 0 0 0 0 10 0 143 6399
escape 0 0 0 0 11 0 189 6399
escape 0 0 0 0 18 0 139 3263
escape 0 0 0 0 22 0 146 3198
escape 0 0 0 0 18 0 139 3263
escape 0 0 0 0 21 0 183 3198
escape 0 0 0 0 6 0 97 6271
escape 0 0 0 0 7 0 145 6271
escape 0 0 0 0 10 0 143 6399
escape 0 0 0 0 11 0 189 6399
escape 0 0 0 0 6 0 97 6271
escape 0 0 0 0 7 0 145 6271
escape 0 0 0 0 10 0 143 6399
escape 0 0 0 0 11 0 189 6399
escape 0 0 0 0 18 0 139 3263
escape 0 0 0 0 47 0 98 3135
escape 0 0 0 0 18 0 152 3132
escape 0 0 0 0 47 0 98 3135
escape 0 0 0 0 48 0 99 3135
unres 0 0 0 0 21 0 178 30000
unres 0 0 0 0 21 0 178 30000
unres 0 0 0 0 21 0 178 30000
escape 0 0 0 0 47 0 98 3135
escape 0 0 0 0 69 0 145 3135
escape 0 0 0 0 47 0 98 3135
escape 0 0 0 0 69 0 145 3135
escape 0 0 0 0 47 0 98 3135
escape 0 0 0 0 69 0 145 3135
escape 0 0 0 0 7 0 144 3136
escape 0 0 0 0 11 0 191 3136
unres 0 0 0 0 23 0 103 30000
escape 0 0 0 0 25 0 98 6268
escape 0 0 0 0 32 0 146 6268
escape 0 0 0 0 40 0 146 6268
escape 0 0 0 0 47 0 193 6268
escape 0 0 0 0 25 0 98 6268
escape 0 0 0 0 32 0 146 6268
escape 0 0 0 0 40 0 146 6268
escape 0 0 0 0 47 0 193 6268
escape 0 0 0 0 25 0 98 6268
escape 0 0 0 0 32 0 146 6268
escape 0 0 0 0 40 0 146 6268
escape 0 0 0 0 47 0 193 6268
escape 0 0 0 0 71 0 145 6271
escape 0 0 0 0 71 0 145 6271
escape 0 0 0 0 94 0 192 6271
escape 0 0 0 0 71 0 145 6271
escape 0 0 0 0 71 0 145 6271
escape 0 0 0 0 94 0 192 6271
escape 0 0 0 0 71 0 145 6271
escape 0 0 0 0 71 0 145 6271
escape 0 0 0 0 94 0 192 6271
escape 0 0 0 0 6 0 97 3136
escape 0 0 0 0 6 0 97 3136
escape 0 0 0 0 6 0 97 3136
escape 0 0 0 0 6 0 97 3136
escape 0 0 0 0 6 0 97 3136
escape 0 0 0 0 6 0 97 3136
escape 0 0 0 0 6 0 97 3136
escape 0 0 0 0 6 0 97 3136
escape 0 0 0 0 6 0 97 3136
escape 0 0 0 0 6 0 97 3136
escape 0 0 0 0 6 0 97 3136
escape 0 0 0 0 6 0 97 3136
escape 0 0 0 0 48 0 97 6271
escape 0 0 0 0 49 0 98 6271
escape 0 0 0 0 71 0 145 6271
escape 0 0 0 0 72 0 146 6271
escape 0 0 0 0 71 0 145 6271
escape 0 0 0 0 72 0 146 6271
escape 0 0 0 0 94 0 192 6271
escape 0 0 0 0 95 0 193 6271
escape 0 0 0 0 48 0 97 6271
escape 0 0 0 0 49 0 98 6271
escape 0 0 0 0 71 0 145 6271
escape 0 0 0 0 64 0 94 6535
escape 0 0 0 0 71 0 145 6271
escape 0 0 0 0 72 0 146 6271
escape 0 0 0 0 94 0 192 6271
escape 0 0 0 0 48 0 97 6271
escape 0 0 0 0 49 0 98 6271
escape 0 0 0 0 71 0 145 6271
escape 0 0 0 0 118 0 241 6271
escape 0 0 0 0 71 0 145 6271
escape 0 0 0 0 72 0 146 6271
escape 0 0 0 0 94 0 192 6271
escape 0 0 0 0 141 0 289 6271
escape 0 0 0 0 48 0 97 6271
escape 0 0 0 0 71 0 145 6271
escape 0 0 0 0 71 0 145 6271
escape 0 0 0 0 94 0 192 6271
escape 0 0 0 0 46 0 97 3135
escape 0 0 0 0 68 0 145 3135
escape 0 0 0 0 68 0 144 3135
escape 0 0 0 0 90 0 192 3135
escape 0 0 0 0 46 0 97 3135
escape 0 0 0 0 68 0 144 3135
escape 0 0 0 0 46 0 97 3135
escape 0 0 0 0 68 0 144 3135
escape 0 0 0 0 46 0 97 3135
escape 0 0 0 0 68 0 144 3135
escape 0 0 0 0 48 0 97 6271
escape 0 0 0 0 25 0 98 6268
escape 0 0 0 0 71 0 145 6271
escape 0 0 0 0 40 0 146 6268
escape 0 0 0 0 71 0 145 6271
escape 0 0 0 0 32 0 146 6268
escape 0 0 0 0 94 0 192 6271
escape 0 0 0 0 47 0 193 6268
escape 0 0 0 0 48 0 97 6271
escape 0 0 0 0 25 0 98 6268
escape 0 0 0 0 71 0 145 6271
escape 0 0 0 0 40 0 146 6268
escape 0 0 0 0 71 0 145 6271
escape 0 0 0 0 32 0 146 6268
escape 0 0 0 0 94 0 192 6271
escape 0 0 0 0 47 0 193 6268
escape 0 0 0 0 48 0 97 6271
escape 0 0 0 0 25 0 98 6268
escape 0 0 0 0 71 0 145 6271
escape 0 0 0 0 40 0 146 6268
escape 0 0 0 0 71 0 145 6271
escape 0 0 0 0 32 0 146 6268
escape 0 0 0 0 94 0 192 6271
escape 0 0 0 0 47 0 193 6268
escape 0 0 0 0 48 0 97 6271
escape 0 0 0 0 71 0 145 6271
escape 0 0 0 0 71 0 145 6271
escape 0 0 0 0 94 0 192 6271
escape 0 0 0 0 7 0 98 3136
escape 0 0 0 0 7 0 98 3136
escape 0 0 0 0 7 0 99 3136
escape 0 0 0 0 7 0 98 3136
escape 0 0 0 0 7 0 98 3136
escape 0 0 0 0 7 0 98 3136
escape 0 0 0 0 7 0 98 3136
escape 0 0 0 0 7 0 98 3136
escape 0 0 0 0 6 0 97 3136
escape 0 0 0 0 6 0 97 3136
escape 0 0 0 0 6 0 97 3136
escape 0 0 0 0 6 0 97 3136
escape 0 0 0 0 6 0 97 3136
escape 0 0 0 0 6 0 97 3136
escape 0 0 0 0 6 0 97 3136
escape 0 0 0 0 6 0 97 3136
escape 0 0 0 0 6 0 97 3136
escape 0 0 0 0 6 0 97 3136
escape 0 0 0 0 6 0 97 3136
escape 0 0 0 0 6 0 97 3136
escape 0 0 0 0 7 0 98 3136
escape 0 0 0 0 7 0 98 3136
escape 0 0 0 0 7 0 98 3136
escape 0 0 0 0 7 0 98 3136
escape 0 0 0 0 7 0 98 3136
escape 0 0 0 0 7 0 98 3136
escape 0 0 0 0 7 0 98 3136
escape 0 0 0 0 76 0 184 4065
escape 0 0 0 0 76 0 184 4064
escape 0 0 0 0 11 0 97 3137
escape 0 0 0 0 11 0 97 3136
escape 0 0 0 0 11 0 97 3137
escape 0 0 0 0 11 0 97 3136
escape 0 0 0 0 11 0 97 3137
escape 0 0 0 0 11 0 97 3136
escape 0 0 0 0 16 0 145 3137
escape 0 0 0 0 15 0 144 3136
escape 0 0 0 0 32 0 75 16360
escape 0 0 0 0 32 0 75 16360
escape 0 0 0 0 118 0 241 6271
escape 0 0 0 0 76 0 288 6266
escape 0 0 0 0 141 0 289 6271
escape 0 0 0 0 32 0 75 16360
escape 0 0 0 0 118 0 241 6271
escape 0 0 0 0 95 0 193 6271
escape 0 0 0 0 54 0 163 4048
escape 0 0 0 0 61 0 193 4048
escape 0 0 0 0 95 0 193 6271
escape 0 0 0 0 54 0 163 4048
escape 0 0 0 0 95 0 193 6271
escape 0 0 0 0 48 0 97 6271
escape 0 0 0 0 50 0 99 6271
escape 0 0 0 0 71 0 145 6271
escape 0 0 0 0 71 0 145 6271
escape 0 0 0 0 71 0 145 6271
escape 0 0 0 0 94 0 192 6271
escape 0 0 0 0 103 0 176 4081
escape 0 0 0 0 103 0 176 4080
escape 0 0 0 0 120 0 208 4081
escape 0 0 0 0 119 0 207 4080
escape 0 0 0 0 48 0 97 6271
escape 0 0 0 0 71 0 145 6271
escape 0 0 0 0 71 0 145 6271
escape 0 0 0 0 71 0 145 6271
escape 0 0 0 0 71 0 145 6271
escape 0 0 0 0 94 0 192 6271
escape 0 0 0 0 48 0 97 6271
escape 0 0 0 0 95 0 193 6271
escape 0 0 0 0 71 0 145 6271
escape 0 0 0 0 71 0 145 6271
escape 0 0 0 0 71 0 145 6271
escape 0 0 0 0 71 0 145 6271
escape 0 0 0 0 94 0 192 6271
escape 0 0 0 0 48 0 97 6271
escape 0 0 0 0 49 0 98 6271
escape 0 0 0 0 71 0 145 6271
escape 0 0 0 0 72 0 146 6271
escape 0 0 0 0 71 0 145 6271
escape 0 0 0 0 118 0 241 6271
escape 0 0 0 0 94 0 192 6271
escape 0 0 0 0 141 0 289 6271
escape 0 0 0 0 7 0 97 6272
escape 0 0 0 0 8 0 144 6272
escape 0 0 0 0 10 0 145 6272
escape 0 0 0 0 11 0 191 6272
escape 0 0 0 0 7 0 97 6272
escape 0 0 0 0 8 0 144 6272
escape 0 0 0 0 10 0 145 6272
escape 0 0 0 0 11 0 191 6272
escape 0 0 0 0 7 0 97 6272
escape 0 0 0 0 8 0 144 6272
escape 0 0 0 0 10 0 145 6272
escape 0 0 0 0 11 0 191 6272
escape 0 0 0 0 10 0 146 6272
escape 0 0 0 0 9 0 145 6270
escape 0 0 0 0 11 0 191 6272
escape 0 0 0 0 46 0 97 3135
escape 0 0 0 0 68 0 145 3135
escape 0 0 0 0 68 0 144 3135
escape 0 0 0 0 11 0 146 3136
escape 0 0 0 0 90 0 192 3135
escape 0 0 0 0 11 0 193 3136
escape 0 0 0 0 46 0 97 3135
escape 0 0 0 0 68 0 144 3135
escape 0 0 0 0 11 0 146 3136
escape 0 0 0 0 7 0 98 3136
escape 0 0 0 0 11 0 145 3136
escape 0 0 0 0 10 0 146 6272
escape 0 0 0 0 9 0 145 6270
escape 0 0 0 0 11 0 191 6272
escape 0 0 0 0 7 0 98 3136
escape 0 0 0 0 11 0 145 3136
escape 0 0 0 0 46 0 97 3135
escape 0 0 0 0 68 0 144 3135
escape 0 0 0 0 7 0 98 3136
escape 0 0 0 0 11 0 145 3136
escape 0 0 0 0 46 0 97 3135
escape 0 0 0 0 68 0 144 3135
escape 0 0 0 0 10 0 146 6272
escape 0 0 0 0 9 0 145 6270
escape 0 0 0 0 11 0 191 6272
escape 0 0 0 0 46 0 177 4064
escape 0 0 0 0 40 0 146 6268
escape 0 0 0 0 40 0 146 6268
escape 0 0 0 0 47 0 193 6268
escape 0 0 0 0 40 0 146 6268
escape 0 0 0 0 40 0 146 6268
escape 0 0 0 0 47 0 193 6268
escape 0 0 0 0 40 0 146 6268
escape 0 0 0 0 40 0 146 6268
escape 0 0 0 0 47 0 193 6268
escape 0 0 0 0 25 0 99 6268
escape 0 0 0 0 32 0 146 6268
escape 0 0 0 0 40 0 147 6268
escape 0 0 0 0 47 0 193 6268
escape 0 0 0 0 25 0 99 6268
escape 0 0 0 0 32 0 146 6268
escape 0 0 0 0 40 0 147 6268
escape 0 0 0 0 47 0 193 6268
escape 0 0 0 0 25 0 99 6268
escape 0 0 0 0 32 0 146 6268
escape 0 0 0 0 40 0 147 6268
escape 0 0 0 0 47 0 193 6268
escape 0 0 0 0 6 0 97 3136
escape 0 0 0 0 6 0 97 3135
escape 0 0 0 0 6 0 145 3136
escape 0 0 0 0 18 0 152 3132
escape 0 0 0 0 6 0 97 3136
escape 0 0 0 0 6 0 97 3135
escape 0 0 0 0 6 0 97 3136
escape 0 0 0 0 6 0 97 3135
escape 0 0 0 0 47 0 98 3135
escape 0 0 0 0 69 0 145 3135
escape 0 0 0 0 47 0 98 3135
escape 0 0 0 0 69 0 145 3135
escape 0 0 0 0 47 0 98 3135
escape 0 0 0 0 69 0 145 3135
escape 0 0 0 0 11 0 97 3137
escape 0 0 0 0 6 0 97 3135
escape 0 0 0 0 7 0 144 3135
escape 0 0 0 0 11 0 97 3137
escape 0 0 0 0 6 0 97 3135
escape 0 0 0 0 16 0 145 3137
escape 0 0 0 0 6 0 143 3200
escape 0 0 0 0 7 0 144 3135
escape 0 0 0 0 11 0 97 3137
escape 0 0 0 0 6 0 97 3135
escape 0 0 0 0 7 0 144 3135
escape 0 0 0 0 6 0 97 3136
escape 0 0 0 0 6 0 145 3136
escape 0 0 0 0 6 0 143 3199
escape 0 0 0 0 10 0 144 3136
escape 0 0 0 0 10 0 192 3136
escape 0 0 0 0 23 0 181 3267
escape 0 0 0 0 6 0 97 3135
escape 0 0 0 0 10 0 144 3135
escape 0 0 0 0 7 0 144 3135
escape 0 0 0 0 11 0 191 3135
escape 0 0 0 0 6 0 97 3135
escape 0 0 0 0 10 0 144 3135
escape 0 0 0 0 7 0 144 3135
escape 0 0 0 0 11 0 191 3135
escape 0 0 0 0 6 0 97 3136
escape 0 0 0 0 10 0 144 3136
escape 0 0 0 0 6 0 97 3135
escape 0 0 0 0 10 0 144 3135
escape 0 0 0 0 7 0 144 3135
escape 0 0 0 0 11 0 191 3135
escape 0 0 0 0 6 0 97 3136
escape 0 0 0 0 6 0 145 3136
unres 0 0 0 0 23 0 102 30000
escape 0 0 0 0 10 0 144 3136
escape 0 0 0 0 10 0 192 3136
escape 0 0 0 0 6 0 97 6271
escape 0 0 0 0 7 0 145 6271
escape 0 0 0 0 10 0 143 6399
escape 0 0 0 0 11 0 189 6399
escape 0 0 0 0 6 0 97 3135
escape 0 0 0 0 10 0 144 3135
escape 0 0 0 0 7 0 144 3135
escape 0 0 0 0 11 0 191 3135
escape 0 0 0 0 6 0 97 3135
escape 0 0 0 0 10 0 144 3135
escape 0 0 0 0 7 0 144 3135
escape 0 0 0 0 11 0 191 3135
escape 0 0 0 0 6 0 97 6271
escape 0 0 0 0 7 0 145 6271
escape 0 0 0 0 10 0 143 6399
escape 0 0 0 0 11 0 189 6399
escape 0 0 0 0 6 0 97 3135
escape 0 0 0 0 10 0 144 3135
escape 0 0 0 0 7 0 144 3135
escape 0 0 0 0 11 0 191 3135
escape 0 0 0 0 6 0 97 6271
escape 0 0 0 0 7 0 145 6271
escape 0 0 0 0 10 0 143 6399
escape 0 0 0 0 11 0 189 6399
escape 0 0 0 0 79 0 171 4037
escape 0 0 0 0 138 0 218 4037
escape 0 0 0 0 40 0 146 6268
escape 0 0 0 0 40 0 146 6268
escape 0 0 0 0 47 0 193 6268
escape 0 0 0 0 110 0 166 4045
escape 0 0 0 0 110 0 166 4045
escape 0 0 0 0 125 0 197 4045
escape 0 0 0 0 29 0 148 3136
escape 0 0 0 0 40 0 146 6268
escape 0 0 0 0 40 0 146 6268
escape 0 0 0 0 47 0 193 6268
escape 0 0 0 0 123 0 195 4037
escape 0 0 0 0 88 0 108 3643
escape 0 0 0 0 155 0 147 5167
escape 0 0 0 0 40 0 146 6268
escape 0 0 0 0 40 0 146 6268
escape 0 0 0 0 47 0 193 6268
escape 0 0 0 0 40 0 146 6268
escape 0 0 0 0 40 0 146 6268
escape 0 0 0 0 47 0 193 6268
unres 0 0 0 0 25 0 167 30000
escape 0 0 0 0 140 0 200 4045
escape 0 0 0 0 48 0 97 6271
escape 0 0 0 0 40 0 146 6268
escape 0 0 0 0 71 0 145 6271
escape 0 0 0 0 55 0 194 6268
escape 0 0 0 0 71 0 145 6271
escape 0 0 0 0 62 0 241 6268
escape 0 0 0 0 94 0 192 6271
escape 0 0 0 0 77 0 289 6268
escape 0 0 0 0 48 0 97 6271
escape 0 0 0 0 40 0 146 6268
escape 0 0 0 0 71 0 145 6271
escape 0 0 0 0 55 0 194 6268
escape 0 0 0 0 71 0 145 6271
escape 0 0 0 0 94 0 192 6271
escape 0 0 0 0 157 0 205 4045
escape 0 0 0 0 48 0 97 6271
escape 0 0 0 0 40 0 146 6268
escape 0 0 0 0 71 0 145 6271
escape 0 0 0 0 55 0 194 6268
escape 0 0 0 0 71 0 145 6271
escape 0 0 0 0 59 0 218 6268
escape 0 0 0 0 94 0 192 6271
escape 0 0 0 0 48 0 97 6271
escape 0 0 0 0 71 0 145 6271
escape 0 0 0 0 71 0 145 6271
escape 0 0 0 0 94 0 192 6271
escape 0 0 0 0 88 0 182 4044
escape 0 0 0 0 127 0 189 4039
escape 0 0 0 0 175 0 243 4039
escape 0 0 0 0 25 0 98 6268
escape 0 0 0 0 32 0 146 6268
escape 0 0 0 0 40 0 146 6268
escape 0 0 0 0 47 0 193 6268
escape 0 0 0 0 130 0 231 4037
escape 0 0 0 0 25 0 98 6268
escape 0 0 0 0 32 0 146 6268
escape 0 0 0 0 40 0 146 6268
escape 0 0 0 0 47 0 193 6268
escape 0 0 0 0 118 0 218 4037
escape 0 0 0 0 25 0 98 6268
escape 0 0 0 0 32 0 146 6268
escape 0 0 0 0 40 0 146 6268
escape 0 0 0 0 47 0 193 6268
escape 0 0 0 0 32 0 163 6171
escape 0 0 0 0 42 0 216 6171
escape 0 0 0 0 51 0 270 6171
escape 0 0 0 0 61 0 323 6171
escape 0 0 0 0 32 0 163 6171
escape 0 0 0 0 42 0 216 6171
escape 0 0 0 0 51 0 270 6171
escape 0 0 0 0 61 0 323 6171
escape 0 0 0 0 32 0 163 6171
escape 0 0 0 0 42 0 216 6171
escape 0 0 0 0 51 0 270 6171
escape 0 0 0 0 61 0 323 6171
escape 0 0 0 0 71 0 145 6271
escape 0 0 0 0 71 0 145 6271
escape 0 0 0 0 94 0 192 6271
escape 0 0 0 0 71 0 145 6271
escape 0 0 0 0 71 0 145 6271
escape 0 0 0 0 94 0 192 6271
escape 0 0 0 0 71 0 145 6271
escape 0 0 0 0 71 0 145 6271
escape 0 0 0 0 94 0 192 6271
escape 0 0 0 0 7 0 98 3136
escape 0 0 0 0 7 0 99 3136
escape 0 0 0 0 7 0 98 3136
escape 0 0 0 0 7 0 99 3136
escape 0 0 0 0 7 0 98 3136
escape 0 0 0 0 7 0 98 3136
escape 0 0 0 0 7 0 98 3136
escape 0 0 0 0 7 0 98 3136
escape 0 0 0 0 7 0 98 3136
escape 0 0 0 0 6 0 97 3136
escape 0 0 0 0 9 0 146 3135
escape 0 0 0 0 6 0 97 3136
escape 0 0 0 0 6 0 97 3136
escape 0 0 0 0 9 0 146 3135
escape 0 0 0 0 6 0 97 3136
escape 0 0 0 0 6 0 97 3136
escape 0 0 0 0 6 0 97 3136
escape 0 0 0 0 127 0 152 12868
escape 0 0 0 0 13 0 102 28800
escape 0 0 0 0 13 0 102 28800
escape 0 0 0 0 15 0 103 28800
escape 0 0 0 0 183 0 195 3343
escape 0 0 0 0 113 0 130 5860
escape 0 0 0 0 75 0 287 6265
unres 0 0 0 0 25 0 81 30000
escape 0 0 0 0 51 0 131 3126
escape 0 0 0 0 6 0 97 3136
escape 0 0 0 0 6 0 97 3136
escape 0 0 0 0 6 0 97 3136
escape 0 0 0 0 77 0 289 6266
escape 0 0 0 0 6 0 97 3136
escape 0 0 0 0 6 0 97 3136
escape 0 0 0 0 6 0 97 3136
escape 0 0 0 0 7 0 98 3136
escape 0 0 0 0 7 0 98 3136
escape 0 0 0 0 7 0 98 3136
escape 0 0 0 0 7 0 98 3136
escape 0 0 0 0 7 0 98 3136
escape 0 0 0 0 7 0 98 3136
escape 0 0 0 0 7 0 98 3136
escape 0 0 0 0 11 0 97 3137
escape 0 0 0 0 11 0 97 3136
escape 0 0 0 0 11 0 97 3137
escape 0 0 0 0 11 0 97 3136
escape 0 0 0 0 11 0 97 3137
escape 0 0 0 0 11 0 97 3136
escape 0 0 0 0 16 0 145 3137
escape 0 0 0 0 15 0 144 3136
escape 0 0 0 0 32 0 75 16360
escape 0 0 0 0 32 0 110 16360
escape 0 0 0 0 32 0 75 16360
escape 0 0 0 0 32 0 110 16360
escape 0 0 0 0 32 0 75 16360
escape 0 0 0 0 32 0 110 16360
unres 0 0 0 0 21 0 178 30000
escape 0 0 0 0 56 0 114 3648
escape 0 0 0 0 56 0 114 3647
escape 0 0 0 0 74 0 154 5172
unres 0 0 0 0 22 0 102 30000
unres 0 0 0 0 23 0 102 30000
escape 0 0 0 0 7 0 98 3136
escape 0 0 0 0 11 0 145 3136
escape 0 0 0 0 7 0 146 3136
escape 0 0 0 0 11 0 193 3136
escape 0 0 0 0 57 0 61 3512
escape 0 0 0 0 86 0 89 3512
escape 0 0 0 0 7 0 98 3136
escape 0 0 0 0 11 0 145 3136
escape 0 0 0 0 7 0 146 3136
escape 0 0 0 0 11 0 193 3136
escape 0 0 0 0 7 0 98 3136
escape 0 0 0 0 11 0 145 3136
escape 0 0 0 0 7 0 146 3136
escape 0 0 0 0 11 0 193 3136
escape 0 0 0 0 25 0 98 6268
escape 0 0 0 0 32 0 146 6268
escape 0 0 0 0 40 0 146 6268
escape 0 0 0 0 47 0 193 6268
escape 0 0 0 0 67 0 64 3563
escape 0 0 0 0 101 0 96 3563
escape 0 0 0 0 25 0 98 6268
escape 0 0 0 0 32 0 146 6268
escape 0 0 0 0 40 0 146 6268
escape 0 0 0 0 47 0 193 6268
escape 0 0 0 0 25 0 98 6268
escape 0 0 0 0 32 0 146 6268
escape 0 0 0 0 40 0 146 6268
escape 0 0 0 0 47 0 193 6268
escape 0 0 0 0 25 0 98 6268
escape 0 0 0 0 32 0 146 6268
escape 0 0 0 0 40 0 146 6268
escape 0 0 0 0 47 0 193 6268
escape 0 0 0 0 71 0 145 6271
escape 0 0 0 0 71 0 145 6271
escape 0 0 0 0 94 0 192 6271
escape 0 0 0 0 71 0 145 6271
escape 0 0 0 0 71 0 145 6271
escape 0 0 0 0 94 0 192 6271
escape 0 0 0 0 71 0 145 6271
escape 0 0 0 0 71 0 145 6271
escape 0 0 0 0 94 0 192 6271
escape 0 0 0 0 71 0 145 6271
escape 0 0 0 0 71 0 145 6271
escape 0 0 0 0 94 0 192 6271
escape 0 0 0 0 34 0 68 3107
escape 0 0 0 0 34 0 68 3106
escape 0 0 0 0 6 0 97 3136
escape 0 0 0 0 6 0 97 3135
escape 0 0 0 0 6 0 145 3136
escape 0 0 0 0 7 0 144 3136
escape 0 0 0 0 75 0 144 3135
unres 0 0 0 0 27 0 128 30000
unres 0 0 0 0 16 0 118 30000
escape 0 0 0 0 6 0 97 3136
escape 0 0 0 0 6 0 97 3135
escape 0 0 0 0 6 0 97 3136
escape 0 0 0 0 6 0 97 3135
escape 0 0 0 0 47 0 98 3135
escape 0 0 0 0 69 0 145 3135
escape 0 0 0 0 72 0 143 3199
escape 0 0 0 0 69 0 146 3135
escape 0 0 0 0 96 0 190 3199
escape 0 0 0 0 91 0 193 3135
escape 0 0 0 0 47 0 98 3135
escape 0 0 0 0 69 0 145 3135
escape 0 0 0 0 69 0 146 3135
escape 0 0 0 0 91 0 193 3135
escape 0 0 0 0 47 0 98 3135
escape 0 0 0 0 69 0 145 3135
escape 0 0 0 0 69 0 146 3135
escape 0 0 0 0 91 0 193 3135
escape 0 0 0 0 11 0 97 3137
escape 0 0 0 0 6 0 97 3135
escape 0 0 0 0 7 0 144 3135
escape 0 0 0 0 11 0 97 3137
escape 0 0 0 0 6 0 97 3135
escape 0 0 0 0 16 0 145 3137
escape 0 0 0 0 27 0 143 3904
escape 0 0 0 0 7 0 144 3135
unres 0 0 0 0 16 0 100 30000
escape 0 0 0 0 11 0 97 3137
escape 0 0 0 0 6 0 97 3135
escape 0 0 0 0 7 0 144 3135
escape 0 0 0 0 6 0 97 3135
escape 0 0 0 0 10 0 144 3135
escape 0 0 0 0 7 0 144 3135
escape 0 0 0 0 11 0 191 3135
escape 0 0 0 0 6 0 97 3135
escape 0 0 0 0 10 0 144 3135
escape 0 0 0 0 13 0 140 3266
escape 0 0 0 0 7 0 144 3135
escape 0 0 0 0 22 0 186 3266
escape 0 0 0 0 11 0 191 3135
escape 0 0 0 0 6 0 97 3135
escape 0 0 0 0 10 0 144 3135
escape 0 0 0 0 7 0 144 3135
escape 0 0 0 0 11 0 191 3135
escape 0 0 0 0 18 0 139 3263
escape 0 0 0 0 18 0 139 3263
escape 0 0 0 0 21 0 185 3263
escape 0 0 0 0 18 0 139 3263
escape 0 0 0 0 6 0 97 3135
escape 0 0 0 0 10 0 144 3135
escape 0 0 0 0 7 0 144 3135
escape 0 0 0 0 11 0 191 3135
escape 0 0 0 0 18 0 139 3263
escape 0 0 0 0 6 0 97 3135
escape 0 0 0 0 10 0 144 3135
escape 0 0 0 0 7 0 144 3135
escape 0 0 0 0 11 0 191 3135
escape 0 0 0 0 6 0 97 3135
escape 0 0 0 0 10 0 144 3135
escape 0 0 0 0 7 0 144 3135
escape 0 0 0 0 11 0 191 3135
escape 0 0 0 0 18 0 139 3263
escape 0 0 0 0 50 0 148 3136
escape 0 0 0 0 96 0 109 3643
escape 0 0 0 0 155 0 147 5167
escape 0 0 0 0 237 0 278 3135
escape 0 0 0 0 6 0 97 3136
escape 0 0 0 0 6 0 97 3136
escape 0 0 0 0 6 0 97 3136
escape 0 0 0 0 6 0 97 3136
escape 0 0 0 0 6 0 97 3136
escape 0 0 0 0 6 0 97 3136
escape 0 0 0 0 10 0 96 3136
escape 0 0 0 0 10 0 96 3137
escape 0 0 0 0 50 0 111 12475
escape 0 0 0 0 50 0 111 12476
escape 0 0 0 0 10 0 96 3136
escape 0 0 0 0 10 0 96 3137
escape 0 0 0 0 14 0 143 3136
unres 0 0 0 0 26 0 127 30000
unres 0 0 0 0 22 0 127 30000
unres 0 0 0 0 30 0 98 30000
escape 0 0 0 0 49 0 99 3136
escape 0 0 0 0 49 0 99 3137
escape 0 0 0 0 35 0 167 3136
escape 0 0 0 0 35 0 167 3137
escape 0 0 0 0 48 0 97 6271
escape 0 0 0 0 71 0 145 6271
escape 0 0 0 0 71 0 145 6271
escape 0 0 0 0 94 0 192 6271
escape 0 0 0 0 6 0 97 3136
escape 0 0 0 0 10 0 144 3136
escape 0 0 0 0 6 0 145 3136
escape 0 0 0 0 10 0 192 3136
escape 0 0 0 0 48 0 97 6271
escape 0 0 0 0 71 0 145 6271
escape 0 0 0 0 71 0 145 6271
escape 0 0 0 0 94 0 192 6271
escape 0 0 0 0 48 0 97 6271
escape 0 0 0 0 71 0 145 6271
escape 0 0 0 0 71 0 145 6271
escape 0 0 0 0 94 0 192 6271
escape 0 0 0 0 6 0 97 3136
escape 0 0 0 0 10 0 144 3136
escape 0 0 0 0 6 0 145 3136
escape 0 0 0 0 10 0 192 3136
escape 0 0 0 0 48 0 97 6271
escape 0 0 0 0 71 0 145 6271
escape 0 0 0 0 71 0 145 6271
escape 0 0 0 0 94 0 192 6271
escape 0 0 0 0 6 0 97 3136
escape 0 0 0 0 10 0 144 3136
escape 0 0 0 0 6 0 145 3136
escape 0 0 0 0 10 0 192 3136
escape 0 0 0 0 71 0 145 6271
escape 0 0 0 0 71 0 145 6271
escape 0 0 0 0 94 0 192 6271
escape 0 0 0 0 71 0 145 6271
escape 0 0 0 0 71 0 145 6271
escape 0 0 0 0 94 0 192 6271
escape 0 0 0 0 71 0 145 6271
escape 0 0 0 0 71 0 145 6271
escape 0 0 0 0 94 0 192 6271
escape 0 0 0 0 71 0 145 6271
escape 0 0 0 0 71 0 145 6271
escape 0 0 0 0 94 0 192 6271
escape 0 0 0 0 6 0 97 3136
escape 0 0 0 0 10 0 144 3136
escape 0 0 0 0 6 0 145 3136
escape 0 0 0 0 10 0 192 3136
escape 0 0 0 0 72 0 143 3199
escape 0 0 0 0 96 0 190 3199
escape 0 0 0 0 6 0 97 3136
escape 0 0 0 0 10 0 144 3136
escape 0 0 0 0 6 0 145 3136
escape 0 0 0 0 10 0 192 3136
escape 0 0 0 0 6 0 97 3136
escape 0 0 0 0 10 0 144 3136
escape 0 0 0 0 6 0 145 3136
escape 0 0 0 0 10 0 192 3136
unres 0 0 0 0 24 0 80 30000
escape 0 0 0 0 52 0 61 5473
escape 0 0 0 0 48 0 97 6271
escape 0 0 0 0 71 0 145 6271
escape 0 0 0 0 71 0 145 6271
escape 0 0 0 0 94 0 192 6271
escape 0 0 0 0 48 0 97 6271
escape 0 0 0 0 71 0 145 6271
escape 0 0 0 0 71 0 145 6271
escape 0 0 0 0 94 0 192 6271
escape 0 0 0 0 48 0 97 6271
escape 0 0 0 0 71 0 145 6271
escape 0 0 0 0 71 0 145 6271
escape 0 0 0 0 94 0 192 6271
escape 0 0 0 0 48 0 97 6271
escape 0 0 0 0 71 0 145 6271
escape 0 0 0 0 71 0 145 6271
escape 0 0 0 0 94 0 192 6271
escape 0 0 0 0 71 0 145 6271
escape 0 0 0 0 71 0 145 6271
escape 0 0 0 0 94 0 192 6271
escape 0 0 0 0 71 0 145 6271
escape 0 0 0 0 71 0 145 6271
escape 0 0 0 0 94 0 192 6271
escape 0 0 0 0 71 0 145 6271
escape 0 0 0 0 71 0 145 6271
escape 0 0 0 0 94 0 192 6271
escape 0 0 0 0 71 0 145 6271
escape 0 0 0 0 71 0 145 6271
escape 0 0 0 0 94 0 192 6271
escape 0 0 0 0 52 0 61 5473
escape 0 0 0 0 113 0 130 5860
escape 0 0 0 0 103 0 176 4081
escape 0 0 0 0 120 0 208 4081
escape 0 0 0 0 57 0 61 3512
escape 0 0 0 0 86 0 89 3512
escape 0 0 0 0 47 0 98 3135
escape 0 0 0 0 7 0 98 3136
escape 0 0 0 0 7 0 146 3136
escape 0 0 0 0 47 0 98 3135
escape 0 0 0 0 7 0 98 3136
escape 0 0 0 0 69 0 147 3135
escape 0 0 0 0 76 0 147 3135
escape 0 0 0 0 47 0 98 3135
escape 0 0 0 0 7 0 98 3136
escape 0 0 0 0 46 0 97 3135
escape 0 0 0 0 68 0 144 3135
escape 0 0 0 0 46 0 97 3135
escape 0 0 0 0 68 0 144 3135
escape 0 0 0 0 46 0 97 3135
escape 0 0 0 0 68 0 144 3135
escape 0 0 0 0 7 0 98 3136
escape 0 0 0 0 6 0 97 3136
escape 0 0 0 0 6 0 97 3136
escape 0 0 0 0 7 0 98 3136
escape 0 0 0 0 6 0 97 3136
escape 0 0 0 0 6 0 97 3136
escape 0 0 0 0 7 0 98 3136
escape 0 0 0 0 6 0 97 3136
escape 0 0 0 0 7 0 98 3136
escape 0 0 0 0 6 0 97 3136
escape 0 0 0 0 7 0 98 3136
escape 0 0 0 0 11 0 97 3137
escape 0 0 0 0 10 0 96 3136
escape 0 0 0 0 11 0 97 3136
escape 0 0 0 0 41 0 112 12479
escape 0 0 0 0 50 0 111 12475
escape 0 0 0 0 11 0 97 3137
escape 0 0 0 0 10 0 96 3136
escape 0 0 0 0 11 0 97 3136
escape 0 0 0 0 16 0 145 3137
escape 0 0 0 0 14 0 143 3136
escape 0 0 0 0 15 0 144 3136
escape 0 0 0 0 10 0 144 3200
unres 0 0 0 0 26 0 127 30000
unres 0 0 0 0 16 0 118 30000
unres 0 0 0 0 30 0 98 30000
escape 0 0 0 0 11 0 97 3137
escape 0 0 0 0 49 0 99 3136
escape 0 0 0 0 7 0 98 3136
escape 0 0 0 0 31 0 164 3137
escape 0 0 0 0 35 0 167 3136
escape 0 0 0 0 7 0 144 3136
escape 0 0 0 0 48 0 97 6271
escape 0 0 0 0 48 0 97 6271
escape 0 0 0 0 7 0 97 6272
escape 0 0 0 0 71 0 145 6271
escape 0 0 0 0 71 0 145 6271
escape 0 0 0 0 10 0 144 6272
escape 0 0 0 0 71 0 145 6271
escape 0 0 0 0 71 0 145 6271
escape 0 0 0 0 8 0 143 6272
escape 0 0 0 0 94 0 192 6271
escape 0 0 0 0 94 0 192 6271
escape 0 0 0 0 11 0 189 6272
escape 0 0 0 0 6 0 97 3136
escape 0 0 0 0 7 0 98 3136
escape 0 0 0 0 10 0 144 3136
escape 0 0 0 0 11 0 145 3136
escape 0 0 0 0 6 0 145 3136
escape 0 0 0 0 7 0 144 3136
escape 0 0 0 0 10 0 192 3136
escape 0 0 0 0 11 0 191 3136
escape 0 0 0 0 48 0 97 6271
escape 0 0 0 0 48 0 97 6271
escape 0 0 0 0 7 0 97 6272
escape 0 0 0 0 71 0 145 6271
escape 0 0 0 0 71 0 145 6271
escape 0 0 0 0 10 0 144 6272
escape 0 0 0 0 71 0 145 6271
escape 0 0 0 0 71 0 145 6271
escape 0 0 0 0 8 0 143 6272
escape 0 0 0 0 94 0 192 6271
escape 0 0 0 0 94 0 192 6271
escape 0 0 0 0 11 0 189 6272
escape 0 0 0 0 48 0 97 6271
escape 0 0 0 0 48 0 97 6271
escape 0 0 0 0 7 0 97 6272
escape 0 0 0 0 71 0 145 6271
escape 0 0 0 0 71 0 145 6271
escape 0 0 0 0 10 0 144 6272
escape 0 0 0 0 71 0 145 6271
escape 0 0 0 0 71 0 145 6271
escape 0 0 0 0 8 0 143 6272
escape 0 0 0 0 94 0 192 6271
escape 0 0 0 0 94 0 192 6271
escape 0 0 0 0 11 0 189 6272
escape 0 0 0 0 6 0 97 3136
escape 0 0 0 0 7 0 98 3136
escape 0 0 0 0 10 0 144 3136
escape 0 0 0 0 11 0 145 3136
escape 0 0 0 0 6 0 143 3200
escape 0 0 0 0 6 0 145 3136
escape 0 0 0 0 7 0 144 3136
escape 0 0 0 0 10 0 190 3200
escape 0 0 0 0 10 0 192 3136
escape 0 0 0 0 11 0 191 3136
escape 0 0 0 0 6 0 97 3136
escape 0 0 0 0 7 0 98 3136
escape 0 0 0 0 10 0 144 3136
escape 0 0 0 0 11 0 145 3136
escape 0 0 0 0 9 0 147 3138
escape 0 0 0 0 6 0 145 3136
escape 0 0 0 0 7 0 144 3136
escape 0 0 0 0 10 0 192 3136
escape 0 0 0 0 11 0 191 3136
escape 0 0 0 0 48 0 97 6271
escape 0 0 0 0 48 0 97 6271
escape 0 0 0 0 7 0 97 6272
escape 0 0 0 0 71 0 145 6271
escape 0 0 0 0 71 0 145 6271
escape 0 0 0 0 10 0 144 6272
escape 0 0 0 0 71 0 145 6271
escape 0 0 0 0 71 0 145 6271
escape 0 0 0 0 8 0 143 6272
escape 0 0 0 0 94 0 192 6271
escape 0 0 0 0 94 0 192 6271
escape 0 0 0 0 11 0 189 6272
escape 0 0 0 0 6 0 97 3136
escape 0 0 0 0 7 0 98 3136
escape 0 0 0 0 10 0 144 3136
escape 0 0 0 0 11 0 145 3136
escape 0 0 0 0 6 0 145 3136
escape 0 0 0 0 7 0 144 3136
escape 0 0 0 0 10 0 192 3136
escape 0 0 0 0 11 0 191 3136
escape 0 0 0 0 72 0 143 3199
escape 0 0 0 0 28 0 138 3267
escape 0 0 0 0 96 0 190 3199
escape 0 0 0 0 37 0 181 3267
escape 0 0 0 0 6 0 97 3136
escape 0 0 0 0 7 0 98 3136
escape 0 0 0 0 10 0 144 3136
escape 0 0 0 0 11 0 145 3136
escape 0 0 0 0 6 0 145 3136
escape 0 0 0 0 7 0 144 3136
escape 0 0 0 0 10 0 192 3136
escape 0 0 0 0 11 0 191 3136
escape 0 0 0 0 6 0 97 3136
escape 0 0 0 0 7 0 98 3136
escape 0 0 0 0 10 0 144 3136
escape 0 0 0 0 11 0 145 3136
escape 0 0 0 0 6 0 145 3136
escape 0 0 0 0 7 0 144 3136
escape 0 0 0 0 10 0 192 3136
escape 0 0 0 0 11 0 191 3136
unres 0 0 0 0 24 0 80 30000
unres 0 0 0 0 25 0 81 30000
escape 0 0 0 0 52 0 61 5473
escape 0 0 0 0 53 0 62 5473
escape 0 0 0 0 11 0 97 3137
escape 0 0 0 0 11 0 97 3137
escape 0 0 0 0 11 0 97 3137
escape 0 0 0 0 16 0 145 3137
escape 0 0 0 0 93 0 165 4046
escape 0 0 0 0 103 0 176 4081
escape 0 0 0 0 124 0 196 4046
escape 0 0 0 0 120 0 208 4081
escape 0 0 0 0 59 0 123 5172
escape 0 0 0 0 74 0 154 5172
escape 0 0 0 0 66 0 63 3563
escape 0 0 0 0 100 0 95 3563
escape 0 0 0 0 71 0 145 6271
escape 0 0 0 0 40 0 146 6268
escape 0 0 0 0 71 0 145 6271
escape 0 0 0 0 40 0 146 6268
escape 0 0 0 0 94 0 192 6271
escape 0 0 0 0 47 0 193 6268
escape 0 0 0 0 71 0 145 6271
escape 0 0 0 0 40 0 146 6268
escape 0 0 0 0 71 0 145 6271
escape 0 0 0 0 40 0 146 6268
escape 0 0 0 0 94 0 192 6271
escape 0 0 0 0 47 0 193 6268
escape 0 0 0 0 71 0 145 6271
escape 0 0 0 0 40 0 146 6268
escape 0 0 0 0 71 0 145 6271
escape 0 0 0 0 40 0 146 6268
escape 0 0 0 0 94 0 192 6271
escape 0 0 0 0 47 0 193 6268
escape 0 0 0 0 71 0 145 6271
escape 0 0 0 0 40 0 146 6268
escape 0 0 0 0 71 0 145 6271
escape 0 0 0 0 40 0 146 6268
escape 0 0 0 0 94 0 192 6271
escape 0 0 0 0 47 0 193 6268
escape 0 0 0 0 48 0 97 6271
escape 0 0 0 0 48 0 97 6271
escape 0 0 0 0 25 0 98 6268
escape 0 0 0 0 71 0 145 6271
escape 0 0 0 0 71 0 145 6271
escape 0 0 0 0 32 0 146 6268
escape 0 0 0 0 71 0 145 6271
escape 0 0 0 0 71 0 145 6271
escape 0 0 0 0 40 0 146 6268
escape 0 0 0 0 94 0 192 6271
escape 0 0 0 0 94 0 192 6271
escape 0 0 0 0 47 0 193 6268
escape 0 0 0 0 48 0 97 6271
escape 0 0 0 0 48 0 97 6271
escape 0 0 0 0 25 0 98 6268
escape 0 0 0 0 71 0 145 6271
escape 0 0 0 0 71 0 145 6271
escape 0 0 0 0 32 0 146 6268
escape 0 0 0 0 71 0 145 6271
escape 0 0 0 0 71 0 145 6271
escape 0 0 0 0 40 0 146 6268
escape 0 0 0 0 94 0 192 6271
escape 0 0 0 0 94 0 192 6271
escape 0 0 0 0 47 0 193 6268
escape 0 0 0 0 48 0 97 6271
escape 0 0 0 0 48 0 97 6271
escape 0 0 0 0 25 0 98 6268
escape 0 0 0 0 71 0 145 6271
escape 0 0 0 0 71 0 145 6271
escape 0 0 0 0 32 0 146 6268
escape 0 0 0 0 71 0 145 6271
escape 0 0 0 0 71 0 145 6271
escape 0 0 0 0 40 0 146 6268
escape 0 0 0 0 94 0 192 6271
escape 0 0 0 0 94 0 192 6271
escape 0 0 0 0 47 0 193 6268
escape 0 0 0 0 48 0 97 6271
escape 0 0 0 0 48 0 97 6271
escape 0 0 0 0 25 0 98 6268
escape 0 0 0 0 71 0 145 6271
escape 0 0 0 0 71 0 145 6271
escape 0 0 0 0 32 0 146 6268
escape 0 0 0 0 71 0 145 6271
escape 0 0 0 0 71 0 145 6271
escape 0 0 0 0 40 0 146 6268
escape 0 0 0 0 94 0 192 6271
escape 0 0 0 0 94 0 192 6271
escape 0 0 0 0 47 0 193 6268
escape 0 0 0 0 52 0 61 5473
escape 0 0 0 0 53 0 62 5473
escape 0 0 0 0 47 0 98 3135
escape 0 0 0 0 6 0 97 3136
escape 0 0 0 0 48 0 99 3135
escape 0 0 0 0 6 0 145 3136
escape 0 0 0 0 47 0 98 3135
escape 0 0 0 0 6 0 97 3136
escape 0 0 0 0 48 0 99 3135
escape 0 0 0 0 69 0 147 3135
escape 0 0 0 0 47 0 98 3135
escape 0 0 0 0 6 0 97 3136
escape 0 0 0 0 47 0 98 3135
escape 0 0 0 0 71 0 75 16359
escape 0 0 0 0 71 0 75 16359
escape 0 0 0 0 224 0 235 3018
escape 0 0 0 0 71 0 75 16359
escape 0 0 0 0 46 0 97 3135
escape 0 0 0 0 47 0 98 3135
escape 0 0 0 0 68 0 144 3135
escape 0 0 0 0 69 0 145 3135
escape 0 0 0 0 46 0 97 3135
escape 0 0 0 0 47 0 98 3135
escape 0 0 0 0 68 0 144 3135
escape 0 0 0 0 69 0 145 3135
escape 0 0 0 0 46 0 97 3135
escape 0 0 0 0 47 0 98 3135
escape 0 0 0 0 68 0 144 3135
escape 0 0 0 0 69 0 145 3135
escape 0 0 0 0 22 0 146 3198
escape 0 0 0 0 18 0 139 3263
escape 0 0 0 0 22 0 146 3198
escape 0 0 0 0 18 0 139 3263
escape 0 0 0 0 22 0 146 3198
escape 0 0 0 0 18 0 139 3263
escape 0 0 0 0 57 0 61 3512
escape 0 0 0 0 58 0 62 3512
escape 0 0 0 0 86 0 89 3512
escape 0 0 0 0 87 0 90 3512
escape 0 0 0 0 48 0 97 6271
escape 0 0 0 0 48 0 97 6271
escape 0 0 0 0 7 0 97 6272
escape 0 0 0 0 71 0 145 6271
escape 0 0 0 0 71 0 145 6271
escape 0 0 0 0 10 0 144 6272
escape 0 0 0 0 71 0 145 6271
escape 0 0 0 0 71 0 145 6271
escape 0 0 0 0 8 0 143 6272
escape 0 0 0 0 94 0 192 6271
escape 0 0 0 0 94 0 192 6271
escape 0 0 0 0 11 0 189 6272
escape 0 0 0 0 48 0 97 6271
escape 0 0 0 0 48 0 97 6271
escape 0 0 0 0 7 0 97 6272
escape 0 0 0 0 71 0 145 6271
escape 0 0 0 0 71 0 145 6271
escape 0 0 0 0 10 0 144 6272
escape 0 0 0 0 71 0 145 6271
escape 0 0 0 0 71 0 145 6271
escape 0 0 0 0 8 0 143 6272
escape 0 0 0 0 94 0 192 6271
escape 0 0 0 0 94 0 192 6271
escape 0 0 0 0 11 0 189 6272
escape 0 0 0 0 21 0 139 3265
escape 0 0 0 0 21 0 139 3265
escape 0 0 0 0 21 0 185 3265
escape 0 0 0 0 48 0 97 6271
escape 0 0 0 0 48 0 97 6271
escape 0 0 0 0 7 0 97 6272
escape 0 0 0 0 71 0 145 6271
escape 0 0 0 0 71 0 145 6271
escape 0 0 0 0 10 0 144 6272
escape 0 0 0 0 71 0 145 6271
escape 0 0 0 0 71 0 145 6271
escape 0 0 0 0 8 0 143 6272
escape 0 0 0 0 94 0 192 6271
escape 0 0 0 0 94 0 192 6271
escape 0 0 0 0 11 0 189 6272
escape 0 0 0 0 21 0 139 3265
escape 0 0 0 0 31 0 146 3265
escape 0 0 0 0 21 0 139 3265
escape 0 0 0 0 21 0 139 3265
escape 0 0 0 0 21 0 185 3265
escape 0 0 0 0 48 0 97 6271
escape 0 0 0 0 48 0 97 6271
escape 0 0 0 0 7 0 97 6272
escape 0 0 0 0 71 0 145 6271
escape 0 0 0 0 71 0 145 6271
escape 0 0 0 0 10 0 144 6272
escape 0 0 0 0 71 0 145 6271
escape 0 0 0 0 71 0 145 6271
escape 0 0 0 0 8 0 143 6272
escape 0 0 0 0 94 0 192 6271
escape 0 0 0 0 94 0 192 6271
escape 0 0 0 0 11 0 189 6272
escape 0 0 0 0 9 0 145 6272
escape 0 0 0 0 9 0 145 6272
escape 0 0 0 0 10 0 192 6272
escape 0 0 0 0 9 0 145 6272
escape 0 0 0 0 9 0 145 6272
escape 0 0 0 0 10 0 192 6272
escape 0 0 0 0 9 0 145 6272
escape 0 0 0 0 9 0 145 6272
escape 0 0 0 0 10 0 192 6272
escape 0 0 0 0 6 0 97 6272
escape 0 0 0 0 6 0 97 6271
escape 0 0 0 0 7 0 145 6272
escape 0 0 0 0 7 0 145 6271
escape 0 0 0 0 9 0 145 6272
escape 0 0 0 0 10 0 192 6272
escape 0 0 0 0 6 0 97 6272
escape 0 0 0 0 6 0 97 6271
escape 0 0 0 0 7 0 145 6272
escape 0 0 0 0 7 0 145 6271
escape 0 0 0 0 9 0 145 6272
escape 0 0 0 0 10 0 192 6272
escape 0 0 0 0 6 0 97 6272
escape 0 0 0 0 6 0 97 6271
escape 0 0 0 0 7 0 145 6272
escape 0 0 0 0 7 0 145 6271
escape 0 0 0 0 9 0 145 6272
escape 0 0 0 0 10 0 192 6272
escape 0 0 0 0 48 0 97 6271
escape 0 0 0 0 25 0 98 6268
escape 0 0 0 0 71 0 145 6271
escape 0 0 0 0 32 0 146 6268
escape 0 0 0 0 71 0 145 6271
escape 0 0 0 0 40 0 146 6268
escape 0 0 0 0 94 0 192 6271
escape 0 0 0 0 47 0 193 6268
escape 0 0 0 0 48 0 97 6271
escape 0 0 0 0 25 0 98 6268
escape 0 0 0 0 71 0 145 6271
escape 0 0 0 0 32 0 146 6268
escape 0 0 0 0 71 0 145 6271
escape 0 0 0 0 40 0 146 6268
escape 0 0 0 0 94 0 192 6271
escape 0 0 0 0 47 0 193 6268
escape 0 0 0 0 48 0 97 6271
escape 0 0 0 0 25 0 98 6268
escape 0 0 0 0 71 0 145 6271
escape 0 0 0 0 32 0 146 6268
escape 0 0 0 0 71 0 145 6271
escape 0 0 0 0 40 0 146 6268
escape 0 0 0 0 94 0 192 6271
escape 0 0 0 0 47 0 193 6268
escape 0 0 0 0 48 0 97 6271
escape 0 0 0 0 25 0 98 6268
escape 0 0 0 0 71 0 145 6271
escape 0 0 0 0 32 0 146 6268
escape 0 0 0 0 71 0 145 6271
escape 0 0 0 0 40 0 146 6268
escape 0 0 0 0 94 0 192 6271
escape 0 0 0 0 47 0 193 6268
escape 0 0 0 0 71 0 145 6271
escape 0 0 0 0 71 0 145 6271
escape 0 0 0 0 94 0 192 6271
escape 0 0 0 0 71 0 145 6271
escape 0 0 0 0 71 0 145 6271
escape 0 0 0 0 94 0 192 6271
escape 0 0 0 0 71 0 145 6271
escape 0 0 0 0 71 0 145 6271
escape 0 0 0 0 94 0 192 6271
escape 0 0 0 0 71 0 145 6271
escape 0 0 0 0 71 0 145 6271
escape 0 0 0 0 94 0 192 6271
escape 0 0 0 0 9 0 145 6272
escape 0 0 0 0 40 0 146 6268
escape 0 0 0 0 9 0 145 6272
escape 0 0 0 0 40 0 146 6268
escape 0 0 0 0 10 0 192 6272
escape 0 0 0 0 47 0 193 6268
escape 0 0 0 0 9 0 145 6272
escape 0 0 0 0 40 0 146 6268
escape 0 0 0 0 9 0 145 6272
escape 0 0 0 0 40 0 146 6268
escape 0 0 0 0 10 0 192 6272
escape 0 0 0 0 47 0 193 6268
escape 0 0 0 0 9 0 145 6272
escape 0 0 0 0 40 0 146 6268
escape 0 0 0 0 9 0 145 6272
escape 0 0 0 0 40 0 146 6268
escape 0 0 0 0 10 0 192 6272
escape 0 0 0 0 47 0 193 6268
escape 0 0 0 0 6 0 97 6272
escape 0 0 0 0 48 0 97 6271
escape 0 0 0 0 25 0 98 6268
escape 0 0 0 0 7 0 145 6272
escape 0 0 0 0 71 0 145 6271
escape 0 0 0 0 32 0 146 6268
escape 0 0 0 0 9 0 145 6272
escape 0 0 0 0 71 0 145 6271
escape 0 0 0 0 40 0 146 6268
escape 0 0 0 0 10 0 192 6272
escape 0 0 0 0 94 0 192 6271
escape 0 0 0 0 47 0 193 6268
escape 0 0 0 0 6 0 97 6272
escape 0 0 0 0 48 0 97 6271
escape 0 0 0 0 25 0 98 6268
escape 0 0 0 0 7 0 145 6272
escape 0 0 0 0 71 0 145 6271
escape 0 0 0 0 32 0 146 6268
escape 0 0 0 0 9 0 145 6272
escape 0 0 0 0 71 0 145 6271
escape 0 0 0 0 40 0 146 6268
escape 0 0 0 0 10 0 192 6272
escape 0 0 0 0 94 0 192 6271
escape 0 0 0 0 47 0 193 6268
escape 0 0 0 0 6 0 97 6272
escape 0 0 0 0 48 0 97 6271
escape 0 0 0 0 25 0 98 6268
escape 0 0 0 0 7 0 145 6272
escape 0 0 0 0 71 0 145 6271
escape 0 0 0 0 32 0 146 6268
escape 0 0 0 0 9 0 145 6272
escape 0 0 0 0 71 0 145 6271
escape 0 0 0 0 40 0 146 6268
escape 0 0 0 0 10 0 192 6272
escape 0 0 0 0 94 0 192 6271
escape 0 0 0 0 47 0 193 6268
escape 0 0 0 0 48 0 97 6271
escape 0 0 0 0 71 0 145 6271
escape 0 0 0 0 71 0 145 6271
escape 0 0 0 0 94 0 192 6271
escape 0 0 0 0 48 0 97 6271
escape 0 0 0 0 71 0 145 6271
escape 0 0 0 0 71 0 145 6271
escape 0 0 0 0 94 0 192 6271
escape 0 0 0 0 13 0 136 3266
escape 0 0 0 0 48 0 97 6271
escape 0 0 0 0 71 0 145 6271
escape 0 0 0 0 71 0 145 6271
escape 0 0 0 0 96 0 195 6271
escape 0 0 0 0 94 0 192 6271
escape 0 0 0 0 77 0 201 4048
escape 0 0 0 0 48 0 97 6271
escape 0 0 0 0 71 0 145 6271
escape 0 0 0 0 71 0 145 6271
escape 0 0 0 0 73 0 147 6271
escape 0 0 0 0 94 0 192 6271
escape 0 0 0 0 95 0 193 6271
escape 0 0 0 0 71 0 145 6271
escape 0 0 0 0 73 0 147 6271
escape 0 0 0 0 71 0 145 6271
escape 0 0 0 0 73 0 147 6271
escape 0 0 0 0 94 0 192 6271
escape 0 0 0 0 23 0 187 6529
escape 0 0 0 0 6 0 97 3136
escape 0 0 0 0 6 0 145 3136
escape 0 0 0 0 10 0 144 3136
escape 0 0 0 0 10 0 192 3136
escape 0 0 0 0 35 0 131 14593
escape 0 0 0 0 71 0 145 6271
escape 0 0 0 0 73 0 147 6271
escape 0 0 0 0 71 0 145 6271
escape 0 0 0 0 73 0 147 6271
escape 0 0 0 0 94 0 192 6271
escape 0 0 0 0 95 0 193 6271
escape 0 0 0 0 6 0 97 3136
escape 0 0 0 0 10 0 144 3136
escape 0 0 0 0 71 0 145 6271
escape 0 0 0 0 71 0 145 6271
escape 0 0 0 0 94 0 192 6271
escape 0 0 0 0 6 0 97 3136
escape 0 0 0 0 6 0 145 3136
escape 0 0 0 0 10 0 144 3136
escape 0 0 0 0 10 0 192 3136
escape 0 0 0 0 243 0 247 3562
escape 0 0 0 0 71 0 145 6271
escape 0 0 0 0 74 0 148 6271
escape 0 0 0 0 71 0 145 6271
escape 0 0 0 0 96 0 195 6271
escape 0 0 0 0 94 0 192 6271
escape 0 0 0 0 77 0 201 4048
unres 0 0 0 0 46 0 147 30000
escape 0 0 0 0 103 0 105 10643
escape 0 0 0 0 11 0 146 3136
escape 0 0 0 0 22 0 152 3136
escape 0 0 0 0 6 0 97 6272
escape 0 0 0 0 48 0 97 6271
escape 0 0 0 0 6 0 97 6270
escape 0 0 0 0 7 0 145 6272
escape 0 0 0 0 71 0 145 6271
escape 0 0 0 0 15 0 139 6528
escape 0 0 0 0 9 0 145 6272
escape 0 0 0 0 71 0 145 6271
escape 0 0 0 0 9 0 145 6270
escape 0 0 0 0 10 0 192 6272
escape 0 0 0 0 94 0 192 6271
escape 0 0 0 0 21 0 185 6528
escape 0 0 0 0 11 0 146 3136
escape 0 0 0 0 11 0 146 3136
escape 0 0 0 0 11 0 193 3136
escape 0 0 0 0 6 0 97 6272
escape 0 0 0 0 48 0 97 6271
escape 0 0 0 0 6 0 97 6270
escape 0 0 0 0 7 0 145 6272
escape 0 0 0 0 71 0 145 6271
escape 0 0 0 0 15 0 139 6528
escape 0 0 0 0 9 0 145 6272
escape 0 0 0 0 71 0 145 6271
escape 0 0 0 0 9 0 145 6270
escape 0 0 0 0 10 0 192 6272
escape 0 0 0 0 94 0 192 6271
escape 0 0 0 0 21 0 185 6528
escape 0 0 0 0 6 0 97 6272
escape 0 0 0 0 48 0 97 6271
escape 0 0 0 0 6 0 97 6270
escape 0 0 0 0 7 0 145 6272
escape 0 0 0 0 71 0 145 6271
escape 0 0 0 0 15 0 139 6528
escape 0 0 0 0 9 0 145 6272
escape 0 0 0 0 71 0 145 6271
escape 0 0 0 0 9 0 145 6270
escape 0 0 0 0 10 0 192 6272
escape 0 0 0 0 94 0 192 6271
escape 0 0 0 0 21 0 185 6528
escape 0 0 0 0 11 0 147 3136
escape 0 0 0 0 23 0 193 3136
escape 0 0 0 0 71 0 145 6271
escape 0 0 0 0 40 0 146 6268
escape 0 0 0 0 71 0 145 6271
escape 0 0 0 0 40 0 146 6268
escape 0 0 0 0 94 0 192 6271
escape 0 0 0 0 47 0 193 6268
escape 0 0 0 0 71 0 145 6271
escape 0 0 0 0 40 0 146 6268
escape 0 0 0 0 71 0 145 6271
escape 0 0 0 0 40 0 146 6268
escape 0 0 0 0 94 0 192 6271
escape 0 0 0 0 47 0 193 6268
escape 0 0 0 0 71 0 145 6271
escape 0 0 0 0 40 0 146 6268
escape 0 0 0 0 71 0 145 6271
escape 0 0 0 0 40 0 146 6268
escape 0 0 0 0 94 0 192 6271
escape 0 0 0 0 47 0 193 6268
escape 0 0 0 0 71 0 145 6271
escape 0 0 0 0 40 0 146 6268
escape 0 0 0 0 71 0 145 6271
escape 0 0 0 0 40 0 146 6268
escape 0 0 0 0 94 0 192 6271
escape 0 0 0 0 47 0 193 6268
escape 0 0 0 0 48 0 97 6271
escape 0 0 0 0 48 0 97 6271
escape 0 0 0 0 25 0 98 6268
escape 0 0 0 0 71 0 145 6271
escape 0 0 0 0 71 0 145 6271
escape 0 0 0 0 32 0 146 6268
escape 0 0 0 0 71 0 145 6271
escape 0 0 0 0 71 0 145 6271
escape 0 0 0 0 40 0 146 6268
escape 0 0 0 0 94 0 192 6271
escape 0 0 0 0 94 0 192 6271
escape 0 0 0 0 47 0 193 6268
escape 0 0 0 0 48 0 97 6271
escape 0 0 0 0 48 0 97 6271
escape 0 0 0 0 25 0 98 6268
escape 0 0 0 0 71 0 145 6271
escape 0 0 0 0 71 0 145 6271
escape 0 0 0 0 32 0 146 6268
escape 0 0 0 0 71 0 145 6271
escape 0 0 0 0 71 0 145 6271
escape 0 0 0 0 40 0 146 6268
escape 0 0 0 0 94 0 192 6271
escape 0 0 0 0 94 0 192 6271
escape 0 0 0 0 47 0 193 6268
escape 0 0 0 0 48 0 97 6271
escape 0 0 0 0 48 0 97 6271
escape 0 0 0 0 25 0 98 6268
escape 0 0 0 0 71 0 145 6271
escape 0 0 0 0 71 0 145 6271
escape 0 0 0 0 32 0 146 6268
escape 0 0 0 0 71 0 145 6271
escape 0 0 0 0 71 0 145 6271
escape 0 0 0 0 40 0 146 6268
escape 0 0 0 0 94 0 192 6271
escape 0 0 0 0 94 0 192 6271
escape 0 0 0 0 47 0 193 6268
escape 0 0 0 0 48 0 97 6271
escape 0 0 0 0 48 0 97 6271
escape 0 0 0 0 25 0 98 6268
escape 0 0 0 0 71 0 145 6271
escape 0 0 0 0 71 0 145 6271
escape 0 0 0 0 32 0 146 6268
escape 0 0 0 0 71 0 145 6271
escape 0 0 0 0 71 0 145 6271
escape 0 0 0 0 40 0 146 6268
escape 0 0 0 0 94 0 192 6271
escape 0 0 0 0 94 0 192 6271
escape 0 0 0 0 47 0 193 6268
escape 0 0 0 0 6 0 97 6272
escape 0 0 0 0 48 0 97 6270
escape 0 0 0 0 7 0 145 6272
escape 0 0 0 0 8 0 143 6271
escape 0 0 0 0 9 0 145 6272
escape 0 0 0 0 71 0 145 6270
escape 0 0 0 0 10 0 192 6272
escape 0 0 0 0 11 0 189 6271
escape 0 0 0 0 6 0 97 6272
escape 0 0 0 0 48 0 97 6270
escape 0 0 0 0 7 0 145 6272
escape 0 0 0 0 8 0 143 6271
escape 0 0 0 0 9 0 145 6272
escape 0 0 0 0 71 0 145 6270
escape 0 0 0 0 10 0 192 6272
escape 0 0 0 0 11 0 189 6271
escape 0 0 0 0 6 0 97 6272
escape 0 0 0 0 48 0 97 6270
escape 0 0 0 0 7 0 145 6272
escape 0 0 0 0 8 0 143 6271
escape 0 0 0 0 9 0 145 6272
escape 0 0 0 0 71 0 145 6270
escape 0 0 0 0 10 0 192 6272
escape 0 0 0 0 11 0 189 6271
escape 0 0 0 0 77 0 131 8713
escape 0 0 0 0 77 0 131 8713
escape 0 0 0 0 78 0 132 8713
escape 0 0 0 0 6 0 97 3136
escape 0 0 0 0 6 0 97 3136
escape 0 0 0 0 6 0 97 3136
escape 0 0 0 0 6 0 97 3136
escape 0 0 0 0 6 0 97 3136
escape 0 0 0 0 6 0 97 3136
escape 0 0 0 0 48 0 97 6271
escape 0 0 0 0 48 0 97 6271
escape 0 0 0 0 7 0 97 6272
escape 0 0 0 0 71 0 145 6271
escape 0 0 0 0 71 0 145 6271
escape 0 0 0 0 10 0 144 6272
escape 0 0 0 0 71 0 145 6271
escape 0 0 0 0 71 0 145 6271
escape 0 0 0 0 8 0 143 6272
escape 0 0 0 0 94 0 192 6271
escape 0 0 0 0 94 0 192 6271
escape 0 0 0 0 11 0 189 6272
escape 0 0 0 0 48 0 97 6271
escape 0 0 0 0 48 0 97 6271
escape 0 0 0 0 7 0 97 6272
escape 0 0 0 0 71 0 145 6271
escape 0 0 0 0 71 0 145 6271
escape 0 0 0 0 10 0 144 6272
escape 0 0 0 0 71 0 145 6271
escape 0 0 0 0 71 0 145 6271
escape 0 0 0 0 8 0 143 6272
escape 0 0 0 0 94 0 192 6271
escape 0 0 0 0 94 0 192 6271
escape 0 0 0 0 11 0 189 6272
escape 0 0 0 0 66 0 63 3563
escape 0 0 0 0 100 0 95 3563
escape 0 0 0 0 48 0 97 6271
escape 0 0 0 0 48 0 97 6271
escape 0 0 0 0 7 0 97 6272
escape 0 0 0 0 71 0 145 6271
escape 0 0 0 0 71 0 145 6271
escape 0 0 0 0 10 0 144 6272
escape 0 0 0 0 71 0 145 6271
escape 0 0 0 0 71 0 145 6271
escape 0 0 0 0 8 0 143 6272
escape 0 0 0 0 94 0 192 6271
escape 0 0 0 0 94 0 192 6271
escape 0 0 0 0 11 0 189 6272
escape 0 0 0 0 48 0 97 6271
escape 0 0 0 0 48 0 97 6271
escape 0 0 0 0 7 0 97 6272
escape 0 0 0 0 71 0 145 6271
escape 0 0 0 0 71 0 145 6271
escape 0 0 0 0 10 0 144 6272
escape 0 0 0 0 71 0 145 6271
escape 0 0 0 0 71 0 145 6271
escape 0 0 0 0 8 0 143 6272
escape 0 0 0 0 94 0 192 6271
escape 0 0 0 0 94 0 192 6271
escape 0 0 0 0 11 0 189 6272
escape 0 0 0 0 10 0 95 3136
escape 0 0 0 0 11 0 96 3137
unres 0 0 0 0 284 0 323 30000
escape 0 0 0 0 385 0 419 5711
escape 0 0 0 0 10 0 95 3136
escape 0 0 0 0 11 0 96 3137
escape 0 0 0 0 12 0 96 3137
escape 0 0 0 0 11 0 95 3136
escape 0 0 0 0 6 0 97 3136
escape 0 0 0 0 10 0 144 3136
escape 0 0 0 0 6 0 145 3136
escape 0 0 0 0 10 0 192 3136
escape 0 0 0 0 6 0 97 3136
escape 0 0 0 0 10 0 144 3136
escape 0 0 0 0 6 0 145 3136
escape 0 0 0 0 10 0 192 3136
escape 0 0 0 0 103 0 176 4081
escape 0 0 0 0 46 0 177 4064
escape 0 0 0 0 120 0 208 4081
escape 0 0 0 0 61 0 209 4064
escape 0 0 0 0 6 0 97 3136
escape 0 0 0 0 10 0 144 3136
escape 0 0 0 0 6 0 145 3136
escape 0 0 0 0 10 0 192 3136
escape 0 0 0 0 6 0 97 3136
escape 0 0 0 0 10 0 144 3136
escape 0 0 0 0 6 0 145 3136
escape 0 0 0 0 10 0 192 3136
escape 0 0 0 0 6 0 97 3136
escape 0 0 0 0 10 0 144 3136
escape 0 0 0 0 6 0 145 3136
escape 0 0 0 0 10 0 192 3136
escape 0 0 0 0 6 0 97 3136
escape 0 0 0 0 10 0 144 3136
escape 0 0 0 0 6 0 145 3136
escape 0 0 0 0 10 0 192 3136
escape 0 0 0 0 10 0 145 3135
escape 0 0 0 0 40 0 80 3234
escape 0 0 0 0 10 0 145 3135
unres 0 0 0 0 24 0 80 30000
escape 0 0 0 0 50 0 130 3126
escape 0 0 0 0 114 0 237 6271
escape 0 0 0 0 76 0 288 6266
escape 0 0 0 0 137 0 285 6271
escape 0 0 0 0 13 0 101 28800
escape 0 0 0 0 52 0 61 5473
escape 0 0 0 0 236 0 277 3135
escape 0 0 0 0 71 0 145 6271
escape 0 0 0 0 40 0 146 6268
escape 0 0 0 0 71 0 145 6271
escape 0 0 0 0 40 0 146 6268
escape 0 0 0 0 94 0 192 6271
escape 0 0 0 0 47 0 193 6268
escape 0 0 0 0 71 0 145 6271
escape 0 0 0 0 40 0 146 6268
escape 0 0 0 0 71 0 145 6271
escape 0 0 0 0 40 0 146 6268
escape 0 0 0 0 94 0 192 6271
escape 0 0 0 0 47 0 193 6268
escape 0 0 0 0 71 0 145 6271
escape 0 0 0 0 40 0 146 6268
escape 0 0 0 0 71 0 145 6271
escape 0 0 0 0 40 0 146 6268
escape 0 0 0 0 94 0 192 6271
escape 0 0 0 0 47 0 193 6268
escape 0 0 0 0 71 0 145 6271
escape 0 0 0 0 40 0 146 6268
escape 0 0 0 0 71 0 145 6271
escape 0 0 0 0 40 0 146 6268
escape 0 0 0 0 94 0 192 6271
escape 0 0 0 0 47 0 193 6268
escape 0 0 0 0 48 0 97 6271
escape 0 0 0 0 48 0 97 6271
escape 0 0 0 0 25 0 98 6268
escape 0 0 0 0 71 0 145 6271
escape 0 0 0 0 71 0 145 6271
escape 0 0 0 0 32 0 146 6268
escape 0 0 0 0 71 0 145 6271
escape 0 0 0 0 71 0 145 6271
escape 0 0 0 0 40 0 146 6268
escape 0 0 0 0 94 0 192 6271
escape 0 0 0 0 94 0 192 6271
escape 0 0 0 0 47 0 193 6268
escape 0 0 0 0 48 0 97 6271
escape 0 0 0 0 48 0 97 6271
escape 0 0 0 0 25 0 98 6268
escape 0 0 0 0 71 0 145 6271
escape 0 0 0 0 71 0 145 6271
escape 0 0 0 0 32 0 146 6268
escape 0 0 0 0 71 0 145 6271
escape 0 0 0 0 71 0 145 6271
escape 0 0 0 0 40 0 146 6268
escape 0 0 0 0 94 0 192 6271
escape 0 0 0 0 94 0 192 6271
escape 0 0 0 0 47 0 193 6268
escape 0 0 0 0 48 0 97 6271
escape 0 0 0 0 48 0 97 6271
escape 0 0 0 0 25 0 98 6268
escape 0 0 0 0 71 0 145 6271
escape 0 0 0 0 71 0 145 6271
escape 0 0 0 0 32 0 146 6268
escape 0 0 0 0 71 0 145 6271
escape 0 0 0 0 71 0 145 6271
escape 0 0 0 0 40 0 146 6268
escape 0 0 0 0 94 0 192 6271
escape 0 0 0 0 94 0 192 6271
escape 0 0 0 0 47 0 193 6268
escape 0 0 0 0 48 0 97 6271
escape 0 0 0 0 48 0 97 6271
escape 0 0 0 0 25 0 98 6268
escape 0 0 0 0 71 0 145 6271
escape 0 0 0 0 71 0 145 6271
escape 0 0 0 0 32 0 146 6268
escape 0 0 0 0 71 0 145 6271
escape 0 0 0 0 71 0 145 6271
escape 0 0 0 0 40 0 146 6268
escape 0 0 0 0 94 0 192 6271
escape 0 0 0 0 94 0 192 6271
escape 0 0 0 0 47 0 193 6268
escape 0 0 0 0 73 0 143 3199
escape 0 0 0 0 11 0 144 3136
escape 0 0 0 0 96 0 190 3199
escape 0 0 0 0 11 0 191 3136
escape 0 0 0 0 192 0 202 9371
escape 0 0 0 0 166 0 166 7764
escape 0 0 0 0 95 0 108 3643
escape 0 0 0 0 154 0 146 5167
escape 0 0 0 0 49 0 147 3136
escape 0 0 0 0 7 0 96 3135
escape 0 0 0 0 14 0 95 3265
escape 0 0 0 0 8 0 143 3135
escape 0 0 0 0 7 0 143 3200
unres 0 0 0 0 26 0 127 30000
escape 0 0 0 0 18 0 141 3265
unres 0 0 0 0 30 0 98 30000
escape 0 0 0 0 33 0 69 3106
escape 0 0 0 0 7 0 96 3135
escape 0 0 0 0 7 0 98 3136
escape 0 0 0 0 7 0 96 3135
escape 0 0 0 0 7 0 98 3136
escape 0 0 0 0 46 0 97 3135
escape 0 0 0 0 68 0 144 3135
escape 0 0 0 0 18 0 140 3264
escape 0 0 0 0 68 0 145 3135
escape 0 0 0 0 90 0 192 3135
escape 0 0 0 0 21 0 185 3264
escape 0 0 0 0 46 0 97 3135
escape 0 0 0 0 68 0 144 3135
escape 0 0 0 0 68 0 145 3135
escape 0 0 0 0 90 0 192 3135
escape 0 0 0 0 46 0 97 3135
escape 0 0 0 0 68 0 144 3135
escape 0 0 0 0 68 0 145 3135
escape 0 0 0 0 90 0 192 3135
escape 0 0 0 0 7 0 98 3136
escape 0 0 0 0 6 0 97 3136
escape 0 0 0 0 6 0 97 3136
escape 0 0 0 0 7 0 98 3136
escape 0 0 0 0 6 0 97 3136
escape 0 0 0 0 6 0 97 3136
escape 0 0 0 0 7 0 98 3136
escape 0 0 0 0 6 0 97 3136
escape 0 0 0 0 7 0 98 3136
escape 0 0 0 0 6 0 97 3136
escape 0 0 0 0 7 0 98 3136
escape 0 0 0 0 11 0 97 3137
escape 0 0 0 0 10 0 95 3136
escape 0 0 0 0 11 0 96 3136
unres 0 0 0 0 284 0 323 30000
escape 0 0 0 0 11 0 97 3137
escape 0 0 0 0 10 0 95 3136
escape 0 0 0 0 11 0 96 3136
escape 0 0 0 0 16 0 145 3137
escape 0 0 0 0 15 0 143 3136
escape 0 0 0 0 11 0 97 3137
escape 0 0 0 0 12 0 96 3137
escape 0 0 0 0 7 0 98 3136
escape 0 0 0 0 7 0 144 3136
escape 0 0 0 0 6 0 97 3136
escape 0 0 0 0 7 0 98 3136
escape 0 0 0 0 10 0 144 3136
escape 0 0 0 0 11 0 145 3136
escape 0 0 0 0 6 0 145 3136
escape 0 0 0 0 7 0 144 3136
escape 0 0 0 0 10 0 192 3136
escape 0 0 0 0 11 0 191 3136
escape 0 0 0 0 6 0 97 3136
escape 0 0 0 0 7 0 98 3136
escape 0 0 0 0 10 0 144 3136
escape 0 0 0 0 11 0 145 3136
unres 0 0 0 0 22 0 102 30000
escape 0 0 0 0 6 0 145 3136
escape 0 0 0 0 7 0 144 3136
escape 0 0 0 0 10 0 192 3136
escape 0 0 0 0 11 0 191 3136
escape 0 0 0 0 103 0 176 4081
escape 0 0 0 0 104 0 177 4081
escape 0 0 0 0 120 0 208 4081
escape 0 0 0 0 119 0 207 4081
escape 0 0 0 0 6 0 97 3136
escape 0 0 0 0 7 0 98 3136
escape 0 0 0 0 10 0 144 3136
escape 0 0 0 0 11 0 145 3136
escape 0 0 0 0 56 0 114 3648
escape 0 0 0 0 6 0 145 3136
escape 0 0 0 0 7 0 144 3136
escape 0 0 0 0 74 0 154 5172
escape 0 0 0 0 10 0 192 3136
escape 0 0 0 0 11 0 191 3136
escape 0 0 0 0 6 0 97 3136
escape 0 0 0 0 7 0 98 3136
escape 0 0 0 0 10 0 144 3136
escape 0 0 0 0 11 0 145 3136
escape 0 0 0 0 6 0 145 3136
escape 0 0 0 0 7 0 144 3136
escape 0 0 0 0 10 0 192 3136
escape 0 0 0 0 11 0 191 3136
escape 0 0 0 0 6 0 97 3136
escape 0 0 0 0 7 0 98 3136
escape 0 0 0 0 10 0 144 3136
escape 0 0 0 0 11 0 145 3136
escape 0 0 0 0 6 0 145 3136
escape 0 0 0 0 7 0 144 3136
escape 0 0 0 0 10 0 192 3136
escape 0 0 0 0 11 0 191 3136
escape 0 0 0 0 6 0 97 3136
escape 0 0 0 0 7 0 98 3136
escape 0 0 0 0 10 0 144 3136
escape 0 0 0 0 11 0 145 3136
escape 0 0 0 0 6 0 145 3136
escape 0 0 0 0 7 0 144 3136
escape 0 0 0 0 10 0 192 3136
escape 0 0 0 0 11 0 191 3136
escape 0 0 0 0 48 0 97 6271
escape 0 0 0 0 25 0 98 6268
escape 0 0 0 0 71 0 145 6271
escape 0 0 0 0 32 0 146 6268
escape 0 0 0 0 71 0 145 6271
escape 0 0 0 0 40 0 146 6268
escape 0 0 0 0 94 0 192 6271
escape 0 0 0 0 47 0 193 6268
escape 0 0 0 0 48 0 97 6271
escape 0 0 0 0 25 0 98 6268
escape 0 0 0 0 71 0 145 6271
escape 0 0 0 0 32 0 146 6268
escape 0 0 0 0 71 0 145 6271
escape 0 0 0 0 40 0 146 6268
escape 0 0 0 0 94 0 192 6271
escape 0 0 0 0 47 0 193 6268
escape 0 0 0 0 66 0 63 3563
escape 0 0 0 0 67 0 64 3563
escape 0 0 0 0 100 0 95 3563
escape 0 0 0 0 101 0 96 3563
escape 0 0 0 0 48 0 97 6271
escape 0 0 0 0 25 0 98 6268
escape 0 0 0 0 71 0 145 6271
escape 0 0 0 0 32 0 146 6268
escape 0 0 0 0 71 0 145 6271
escape 0 0 0 0 40 0 146 6268
escape 0 0 0 0 94 0 192 6271
escape 0 0 0 0 47 0 193 6268
escape 0 0 0 0 48 0 97 6271
escape 0 0 0 0 25 0 98 6268
escape 0 0 0 0 71 0 145 6271
escape 0 0 0 0 32 0 146 6268
escape 0 0 0 0 71 0 145 6271
escape 0 0 0 0 40 0 146 6268
escape 0 0 0 0 94 0 192 6271
escape 0 0 0 0 47 0 193 6268
escape 0 0 0 0 71 0 145 6271
escape 0 0 0 0 71 0 145 6271
escape 0 0 0 0 94 0 192 6271
escape 0 0 0 0 71 0 145 6271
escape 0 0 0 0 71 0 145 6271
escape 0 0 0 0 94 0 192 6271
escape 0 0 0 0 71 0 145 6271
escape 0 0 0 0 71 0 145 6271
escape 0 0 0 0 94 0 192 6271
escape 0 0 0 0 71 0 145 6271
escape 0 0 0 0 71 0 145 6271
escape 0 0 0 0 94 0 192 6271
escape 0 0 0 0 10 0 145 3135
escape 0 0 0 0 9 0 146 3136
escape 0 0 0 0 11 0 146 3135
escape 0 0 0 0 10 0 145 3135
escape 0 0 0 0 9 0 146 3136
unres 0 0 0 0 24 0 80 30000
unres 0 0 0 0 25 0 81 30000
escape 0 0 0 0 50 0 130 3126
escape 0 0 0 0 51 0 131 3126
escape 0 0 0 0 76 0 288 6266
escape 0 0 0 0 77 0 289 6266
escape 0 0 0 0 52 0 61 5473
escape 0 0 0 0 53 0 62 5473
escape 0 0 0 0 11 0 97 3137
escape 0 0 0 0 11 0 97 3137
escape 0 0 0 0 11 0 97 3137
escape 0 0 0 0 16 0 145 3137
unres 0 0 0 0 16 0 100 30000
escape 0 0 0 0 48 0 97 6271
escape 0 0 0 0 49 0 98 6271
escape 0 0 0 0 71 0 145 6271
escape 0 0 0 0 72 0 146 6271
escape 0 0 0 0 71 0 145 6271
escape 0 0 0 0 72 0 146 6271
escape 0 0 0 0 94 0 192 6271
escape 0 0 0 0 95 0 193 6271
escape 0 0 0 0 48 0 97 6271
escape 0 0 0 0 49 0 98 6271
escape 0 0 0 0 71 0 145 6271
escape 0 0 0 0 72 0 146 6271
escape 0 0 0 0 71 0 145 6271
escape 0 0 0 0 72 0 146 6271
escape 0 0 0 0 94 0 192 6271
escape 0 0 0 0 95 0 193 6271
escape 0 0 0 0 48 0 97 6271
escape 0 0 0 0 49 0 98 6271
escape 0 0 0 0 71 0 145 6271
escape 0 0 0 0 72 0 146 6271
escape 0 0 0 0 71 0 145 6271
escape 0 0 0 0 72 0 146 6271
escape 0 0 0 0 94 0 192 6271
escape 0 0 0 0 95 0 193 6271
escape 0 0 0 0 48 0 97 6271
escape 0 0 0 0 71 0 145 6271
escape 0 0 0 0 71 0 145 6271
escape 0 0 0 0 94 0 192 6271
escape 0 0 0 0 71 0 145 6271
escape 0 0 0 0 72 0 146 6271
escape 0 0 0 0 71 0 145 6271
escape 0 0 0 0 72 0 146 6271
escape 0 0 0 0 94 0 192 6271
escape 0 0 0 0 95 0 193 6271
escape 0 0 0 0 71 0 145 6271
escape 0 0 0 0 71 0 145 6271
escape 0 0 0 0 94 0 192 6271
escape 0 0 0 0 71 0 145 6271
escape 0 0 0 0 72 0 146 6271
escape 0 0 0 0 71 0 145 6271
escape 0 0 0 0 72 0 146 6271
escape 0 0 0 0 94 0 192 6271
escape 0 0 0 0 95 0 193 6271
escape 0 0 0 0 71 0 145 6271
escape 0 0 0 0 72 0 146 6271
escape 0 0 0 0 71 0 145 6271
escape 0 0 0 0 72 0 146 6271
escape 0 0 0 0 94 0 192 6271
escape 0 0 0 0 95 0 193 6271
escape 0 0 0 0 13 0 140 3266
escape 0 0 0 0 22 0 186 3266
escape 0 0 0 0 73 0 143 3199
escape 0 0 0 0 96 0 190 3199
escape 0 0 0 0 192 0 202 9371
escape 0 0 0 0 193 0 203 9371
escape 0 0 0 0 236 0 277 3135
escape 0 0 0 0 264 0 254 5802
escape 0 0 0 0 7 0 96 3135
escape 0 0 0 0 6 0 97 3136
escape 0 0 0 0 8 0 97 3135
escape 0 0 0 0 8 0 143 3135
escape 0 0 0 0 6 0 145 3136
escape 0 0 0 0 9 0 144 3135
unres 0 0 0 0 26 0 127 30000
unres 0 0 0 0 21 0 128 30000
unres 0 0 0 0 27 0 128 30000
unres 0 0 0 0 30 0 98 30000
unres 0 0 0 0 16 0 100 30000
unres 0 0 0 0 31 0 99 30000
escape 0 0 0 0 33 0 69 3106
escape 0 0 0 0 34 0 68 3107
escape 0 0 0 0 7 0 96 3135
escape 0 0 0 0 6 0 97 3136
escape 0 0 0 0 8 0 97 3135
escape 0 0 0 0 7 0 96 3135
escape 0 0 0 0 6 0 97 3136
escape 0 0 0 0 47 0 98 3135
escape 0 0 0 0 69 0 146 3135
escape 0 0 0 0 71 0 75 16359
escape 0 0 0 0 34 0 108 16360
escape 0 0 0 0 102 0 110 16359
escape 0 0 0 0 71 0 75 16359
escape 0 0 0 0 38 0 108 16360
escape 0 0 0 0 102 0 110 16359
escape 0 0 0 0 71 0 75 16359
escape 0 0 0 0 102 0 110 16359
escape 0 0 0 0 46 0 97 3135
escape 0 0 0 0 47 0 98 3135
escape 0 0 0 0 68 0 144 3135
escape 0 0 0 0 69 0 145 3135
escape 0 0 0 0 68 0 145 3135
escape 0 0 0 0 69 0 146 3135
escape 0 0 0 0 90 0 192 3135
escape 0 0 0 0 91 0 193 3135
escape 0 0 0 0 46 0 97 3135
escape 0 0 0 0 47 0 98 3135
escape 0 0 0 0 68 0 144 3135
escape 0 0 0 0 69 0 145 3135
escape 0 0 0 0 68 0 145 3135
escape 0 0 0 0 69 0 146 3135
escape 0 0 0 0 90 0 192 3135
escape 0 0 0 0 91 0 193 3135
escape 0 0 0 0 46 0 97 3135
escape 0 0 0 0 47 0 98 3135
escape 0 0 0 0 68 0 144 3135
escape 0 0 0 0 69 0 145 3135
escape 0 0 0 0 68 0 145 3135
escape 0 0 0 0 69 0 146 3135
escape 0 0 0 0 90 0 192 3135
escape 0 0 0 0 91 0 193 3135
escape 0 0 0 0 18 0 139 3263
escape 0 0 0 0 18 0 139 3263
escape 0 0 0 0 21 0 185 3263
escape 0 0 0 0 18 0 139 3263
escape 0 0 0 0 18 0 139 3263
escape 0 0 0 0 21 0 185 3263
escape 0 0 0 0 18 0 139 3263
escape 0 0 0 0 18 0 139 3263
escape 0 0 0 0 21 0 185 3263
escape 0 0 0 0 95 0 108 3643
escape 0 0 0 0 96 0 109 3643
escape 0 0 0 0 154 0 146 5167
escape 0 0 0 0 155 0 147 5167
escape 0 0 0 0 49 0 147 3136
escape 0 0 0 0 50 0 148 3136
escape 0 0 0 0 7 0 98 3136
escape 0 0 0 0 6 0 97 3136
escape 0 0 0 0 6 0 97 3136
escape 0 0 0 0 7 0 98 3136
escape 0 0 0 0 6 0 97 3136
escape 0 0 0 0 6 0 97 3136
escape 0 0 0 0 7 0 98 3136
escape 0 0 0 0 6 0 97 3136
escape 0 0 0 0 7 0 98 3136
escape 0 0 0 0 6 0 97 3136
escape 0 0 0 0 7 0 98 3136
escape 0 0 0 0 21 0 139 3265
escape 0 0 0 0 21 0 139 3265
escape 0 0 0 0 21 0 185 3265
escape 0 0 0 0 103 0 176 4081
escape 0 0 0 0 21 0 139 3265
escape 0 0 0 0 31 0 146 3265
escape 0 0 0 0 21 0 139 3265
escape 0 0 0 0 21 0 139 3265
escape 0 0 0 0 21 0 185 3265
escape 0 0 0 0 52 0 61 5473
escape 0 0 0 0 52 0 61 5474
escape 0 0 0 0 9 0 145 6272
escape 0 0 0 0 9 0 145 6272
escape 0 0 0 0 10 0 192 6272
escape 0 0 0 0 9 0 145 6272
escape 0 0 0 0 9 0 145 6272
escape 0 0 0 0 10 0 192 6272
escape 0 0 0 0 9 0 145 6272
escape 0 0 0 0 9 0 145 6272
escape 0 0 0 0 10 0 192 6272
escape 0 0 0 0 6 0 97 6272
escape 0 0 0 0 6 0 97 6271
escape 0 0 0 0 7 0 145 6272
escape 0 0 0 0 7 0 145 6271
escape 0 0 0 0 9 0 145 6272
escape 0 0 0 0 10 0 192 6272
escape 0 0 0 0 6 0 97 6272
escape 0 0 0 0 6 0 97 6271
escape 0 0 0 0 7 0 145 6272
escape 0 0 0 0 7 0 145 6271
escape 0 0 0 0 9 0 145 6272
escape 0 0 0 0 10 0 192 6272
escape 0 0 0 0 6 0 97 6272
escape 0 0 0 0 6 0 97 6271
escape 0 0 0 0 7 0 145 6272
escape 0 0 0 0 7 0 145 6271
escape 0 0 0 0 9 0 145 6272
escape 0 0 0 0 10 0 192 6272
escape 0 0 0 0 6 0 98 3136
escape 0 0 0 0 7 0 97 3136
escape 0 0 0 0 78 0 170 4041
escape 0 0 0 0 77 0 169 4041
escape 0 0 0 0 6 0 98 3136
escape 0 0 0 0 7 0 97 3136
escape 0 0 0 0 6 0 97 3136
escape 0 0 0 0 7 0 98 3136
escape 0 0 0 0 48 0 97 6271
escape 0 0 0 0 25 0 98 6268
escape 0 0 0 0 71 0 145 6271
escape 0 0 0 0 32 0 146 6268
escape 0 0 0 0 71 0 145 6271
escape 0 0 0 0 40 0 146 6268
escape 0 0 0 0 94 0 192 6271
escape 0 0 0 0 47 0 193 6268
escape 0 0 0 0 6 0 97 3136
escape 0 0 0 0 7 0 98 3136
escape 0 0 0 0 10 0 144 3136
escape 0 0 0 0 11 0 145 3136
escape 0 0 0 0 48 0 97 6271
escape 0 0 0 0 25 0 98 6268
escape 0 0 0 0 71 0 145 6271
escape 0 0 0 0 32 0 146 6268
escape 0 0 0 0 71 0 145 6271
escape 0 0 0 0 40 0 146 6268
escape 0 0 0 0 94 0 192 6271
escape 0 0 0 0 47 0 193 6268
escape 0 0 0 0 93 0 165 4046
escape 0 0 0 0 110 0 166 4045
escape 0 0 0 0 124 0 196 4046
escape 0 0 0 0 125 0 197 4045
escape 0 0 0 0 48 0 97 6271
escape 0 0 0 0 25 0 98 6268
escape 0 0 0 0 71 0 145 6271
escape 0 0 0 0 32 0 146 6268
escape 0 0 0 0 71 0 145 6271
escape 0 0 0 0 40 0 146 6268
escape 0 0 0 0 94 0 192 6271
escape 0 0 0 0 47 0 193 6268
escape 0 0 0 0 6 0 97 3136
escape 0 0 0 0 7 0 98 3136
escape 0 0 0 0 10 0 144 3136
escape 0 0 0 0 11 0 145 3136
escape 0 0 0 0 48 0 97 6271
escape 0 0 0 0 25 0 98 6268
escape 0 0 0 0 71 0 145 6271
escape 0 0 0 0 32 0 146 6268
escape 0 0 0 0 71 0 145 6271
escape 0 0 0 0 40 0 146 6268
escape 0 0 0 0 94 0 192 6271
escape 0 0 0 0 47 0 193 6268
escape 0 0 0 0 6 0 97 3136
escape 0 0 0 0 7 0 98 3136
escape 0 0 0 0 10 0 144 3136
escape 0 0 0 0 11 0 145 3136
escape 0 0 0 0 71 0 145 6271
escape 0 0 0 0 71 0 145 6271
escape 0 0 0 0 94 0 192 6271
escape 0 0 0 0 71 0 145 6271
escape 0 0 0 0 71 0 145 6271
escape 0 0 0 0 94 0 192 6271
escape 0 0 0 0 103 0 176 4081
escape 0 0 0 0 120 0 208 4081
escape 0 0 0 0 71 0 145 6271
escape 0 0 0 0 71 0 145 6271
escape 0 0 0 0 94 0 192 6271
escape 0 0 0 0 103 0 176 4081
escape 0 0 0 0 71 0 145 6271
escape 0 0 0 0 71 0 145 6271
escape 0 0 0 0 94 0 192 6271
escape 0 0 0 0 6 0 97 3136
escape 0 0 0 0 7 0 98 3136
escape 0 0 0 0 10 0 144 3136
escape 0 0 0 0 9 0 145 6272
escape 0 0 0 0 40 0 146 6268
escape 0 0 0 0 9 0 145 6272
escape 0 0 0 0 40 0 146 6268
escape 0 0 0 0 10 0 192 6272
escape 0 0 0 0 47 0 193 6268
escape 0 0 0 0 6 0 97 3136
escape 0 0 0 0 7 0 98 3136
escape 0 0 0 0 10 0 144 3136
escape 0 0 0 0 24 0 136 3268
escape 0 0 0 0 9 0 145 6272
escape 0 0 0 0 40 0 146 6268
escape 0 0 0 0 9 0 145 6272
escape 0 0 0 0 40 0 146 6268
escape 0 0 0 0 10 0 192 6272
escape 0 0 0 0 47 0 193 6268
escape 0 0 0 0 9 0 145 6272
escape 0 0 0 0 40 0 146 6268
escape 0 0 0 0 9 0 145 6272
escape 0 0 0 0 40 0 146 6268
escape 0 0 0 0 10 0 192 6272
escape 0 0 0 0 47 0 193 6268
escape 0 0 0 0 6 0 97 3136
escape 0 0 0 0 7 0 98 3136
escape 0 0 0 0 10 0 144 3136
escape 0 0 0 0 6 0 97 6272
escape 0 0 0 0 48 0 97 6271
escape 0 0 0 0 25 0 98 6268
escape 0 0 0 0 7 0 145 6272
escape 0 0 0 0 71 0 145 6271
escape 0 0 0 0 32 0 146 6268
escape 0 0 0 0 9 0 145 6272
escape 0 0 0 0 71 0 145 6271
escape 0 0 0 0 40 0 146 6268
escape 0 0 0 0 10 0 192 6272
escape 0 0 0 0 94 0 192 6271
escape 0 0 0 0 47 0 193 6268
escape 0 0 0 0 6 0 97 6272
escape 0 0 0 0 48 0 97 6271
escape 0 0 0 0 25 0 98 6268
escape 0 0 0 0 7 0 145 6272
escape 0 0 0 0 71 0 145 6271
escape 0 0 0 0 32 0 146 6268
escape 0 0 0 0 9 0 145 6272
escape 0 0 0 0 71 0 145 6271
escape 0 0 0 0 40 0 146 6268
escape 0 0 0 0 10 0 192 6272
escape 0 0 0 0 94 0 192 6271
escape 0 0 0 0 47 0 193 6268
escape 0 0 0 0 6 0 97 6272
escape 0 0 0 0 48 0 97 6271
escape 0 0 0 0 25 0 98 6268
escape 0 0 0 0 7 0 145 6272
escape 0 0 0 0 71 0 145 6271
escape 0 0 0 0 32 0 146 6268
escape 0 0 0 0 9 0 145 6272
escape 0 0 0 0 71 0 145 6271
escape 0 0 0 0 40 0 146 6268
escape 0 0 0 0 10 0 192 6272
escape 0 0 0 0 94 0 192 6271
escape 0 0 0 0 47 0 193 6268
escape 0 0 0 0 96 0 196 3135
escape 0 0 0 0 192 0 209 4053
escape 0 0 0 0 48 0 97 6271
escape 0 0 0 0 72 0 146 6271
escape 0 0 0 0 71 0 145 6271
escape 0 0 0 0 95 0 194 6271
escape 0 0 0 0 71 0 145 6271
escape 0 0 0 0 94 0 192 6271
escape 0 0 0 0 77 0 201 4048
escape 0 0 0 0 48 0 97 6271
escape 0 0 0 0 72 0 146 6271
escape 0 0 0 0 71 0 145 6271
escape 0 0 0 0 95 0 194 6271
escape 0 0 0 0 71 0 145 6271
escape 0 0 0 0 118 0 241 6271
escape 0 0 0 0 94 0 192 6271
escape 0 0 0 0 141 0 289 6271
escape 0 0 0 0 59 0 123 5172
escape 0 0 0 0 39 0 125 3166
escape 0 0 0 0 74 0 154 5172
escape 0 0 0 0 48 0 97 6271
escape 0 0 0 0 72 0 146 6271
escape 0 0 0 0 71 0 145 6271
escape 0 0 0 0 95 0 194 6271
escape 0 0 0 0 71 0 145 6271
escape 0 0 0 0 107 0 218 6271
escape 0 0 0 0 94 0 192 6271
escape 0 0 0 0 54 0 163 4048
escape 0 0 0 0 54 0 163 4048
escape 0 0 0 0 61 0 193 4048
escape 0 0 0 0 48 0 97 6271
escape 0 0 0 0 71 0 145 6271
escape 0 0 0 0 71 0 145 6271
escape 0 0 0 0 73 0 147 6271
escape 0 0 0 0 94 0 192 6271
escape 0 0 0 0 95 0 193 6271
escape 0 0 0 0 71 0 145 6271
escape 0 0 0 0 73 0 147 6271
escape 0 0 0 0 71 0 145 6271
escape 0 0 0 0 73 0 147 6271
escape 0 0 0 0 94 0 192 6271
escape 0 0 0 0 95 0 193 6271
escape 0 0 0 0 108 0 191 4042
escape 0 0 0 0 6 0 97 3136
escape 0 0 0 0 6 0 145 3136
escape 0 0 0 0 9 0 147 3138
escape 0 0 0 0 10 0 144 3136
escape 0 0 0 0 10 0 192 3136
escape 0 0 0 0 71 0 145 6271
escape 0 0 0 0 73 0 147 6271
escape 0 0 0 0 71 0 145 6271
escape 0 0 0 0 73 0 147 6271
escape 0 0 0 0 94 0 192 6271
escape 0 0 0 0 95 0 193 6271
escape 0 0 0 0 54 0 163 4048
escape 0 0 0 0 54 0 163 4048
escape 0 0 0 0 61 0 193 4048
escape 0 0 0 0 6 0 97 3136
escape 0 0 0 0 10 0 144 3136
escape 0 0 0 0 71 0 145 6271
escape 0 0 0 0 118 0 241 6271
escape 0 0 0 0 71 0 145 6271
escape 0 0 0 0 118 0 241 6271
escape 0 0 0 0 94 0 192 6271
escape 0 0 0 0 141 0 289 6271
escape 0 0 0 0 6 0 97 3136
escape 0 0 0 0 6 0 145 3136
escape 0 0 0 0 56 0 114 3648
escape 0 0 0 0 57 0 113 3646
escape 0 0 0 0 10 0 144 3136
escape 0 0 0 0 10 0 192 3136
escape 0 0 0 0 74 0 154 5172
escape 0 0 0 0 75 0 153 5170
escape 0 0 0 0 71 0 145 6271
escape 0 0 0 0 75 0 149 6271
escape 0 0 0 0 71 0 145 6271
escape 0 0 0 0 74 0 148 6271
escape 0 0 0 0 94 0 192 6271
unres 0 0 0 0 22 0 152 30000
escape 0 0 0 0 69 0 197 4048
escape 0 0 0 0 118 0 241 6271
escape 0 0 0 0 118 0 241 6271
escape 0 0 0 0 141 0 289 6271
escape 0 0 0 0 32 0 163 6171
escape 0 0 0 0 42 0 217 6171
escape 0 0 0 0 51 0 269 6171
escape 0 0 0 0 61 0 323 6171
escape 0 0 0 0 32 0 163 6171
escape 0 0 0 0 42 0 217 6171
escape 0 0 0 0 51 0 269 6171
escape 0 0 0 0 61 0 323 6171
escape 0 0 0 0 32 0 163 6171
escape 0 0 0 0 42 0 217 6171
escape 0 0 0 0 51 0 269 6171
escape 0 0 0 0 61 0 323 6171
escape 0 0 0 0 11 0 146 3136
escape 0 0 0 0 172 0 219 4054
escape 0 0 0 0 6 0 97 6272
escape 0 0 0 0 48 0 97 6271
escape 0 0 0 0 6 0 97 6270
escape 0 0 0 0 7 0 145 6272
escape 0 0 0 0 71 0 145 6271
escape 0 0 0 0 15 0 139 6528
escape 0 0 0 0 9 0 145 6272
escape 0 0 0 0 71 0 145 6271
escape 0 0 0 0 9 0 145 6270
escape 0 0 0 0 10 0 192 6272
escape 0 0 0 0 94 0 192 6271
escape 0 0 0 0 21 0 185 6528
escape 0 0 0 0 11 0 146 3136
escape 0 0 0 0 11 0 146 3136
escape 0 0 0 0 11 0 193 3136
escape 0 0 0 0 127 0 206 4084
escape 0 0 0 0 6 0 97 6272
escape 0 0 0 0 48 0 97 6271
escape 0 0 0 0 6 0 97 6270
escape 0 0 0 0 7 0 145 6272
escape 0 0 0 0 71 0 145 6271
escape 0 0 0 0 15 0 139 6528
escape 0 0 0 0 9 0 145 6272
escape 0 0 0 0 71 0 145 6271
escape 0 0 0 0 9 0 145 6270
escape 0 0 0 0 10 0 192 6272
escape 0 0 0 0 94 0 192 6271
escape 0 0 0 0 21 0 185 6528
escape 0 0 0 0 6 0 97 6272
escape 0 0 0 0 48 0 97 6271
escape 0 0 0 0 6 0 97 6270
escape 0 0 0 0 7 0 145 6272
escape 0 0 0 0 71 0 145 6271
escape 0 0 0 0 15 0 139 6528
escape 0 0 0 0 9 0 145 6272
escape 0 0 0 0 71 0 145 6271
escape 0 0 0 0 9 0 145 6270
escape 0 0 0 0 10 0 192 6272
escape 0 0 0 0 94 0 192 6271
escape 0 0 0 0 21 0 185 6528
escape 0 0 0 0 176 0 244 4084
escape 0 0 0 0 38 0 151 3129
escape 0 0 0 0 41 0 152 3125
escape 0 0 0 0 78 0 152 3321
escape 0 0 0 0 79 0 153 3317
escape 0 0 0 0 6 0 143 3200
escape 0 0 0 0 7 0 144 3136
escape 0 0 0 0 10 0 190 3200
escape 0 0 0 0 11 0 191 3136
unres 0 0 0 0 22 0 102 30000
unres 0 0 0 0 23 0 103 30000
escape 0 0 0 0 13 0 140 3266
escape 0 0 0 0 7 0 141 3200
escape 0 0 0 0 22 0 186 3266
escape 0 0 0 0 11 0 187 3200
escape 0 0 0 0 6 0 97 6272
escape 0 0 0 0 48 0 97 6270
escape 0 0 0 0 7 0 145 6272
escape 0 0 0 0 8 0 143 6271
escape 0 0 0 0 9 0 145 6272
escape 0 0 0 0 71 0 145 6270
escape 0 0 0 0 10 0 192 6272
escape 0 0 0 0 11 0 189 6271
escape 0 0 0 0 6 0 97 6272
escape 0 0 0 0 48 0 97 6270
escape 0 0 0 0 7 0 145 6272
escape 0 0 0 0 8 0 143 6271
escape 0 0 0 0 9 0 145 6272
escape 0 0 0 0 71 0 145 6270
escape 0 0 0 0 10 0 192 6272
escape 0 0 0 0 11 0 189 6271
escape 0 0 0 0 6 0 97 6272
escape 0 0 0 0 48 0 97 6270
escape 0 0 0 0 7 0 145 6272
escape 0 0 0 0 8 0 143 6271
escape 0 0 0 0 9 0 145 6272
escape 0 0 0 0 71 0 145 6270
escape 0 0 0 0 10 0 192 6272
escape 0 0 0 0 11 0 189 6271
escape 0 0 0 0 47 0 98 3135
escape 0 0 0 0 17 0 153 3132
escape 0 0 0 0 18 0 156 3132
escape 0 0 0 0 47 0 98 3135
escape 0 0 0 0 47 0 98 3135
escape 0 0 0 0 46 0 97 3135
escape 0 0 0 0 47 0 98 3135
escape 0 0 0 0 68 0 144 3135
escape 0 0 0 0 46 0 97 3135
escape 0 0 0 0 47 0 98 3135
escape 0 0 0 0 68 0 144 3135
escape 0 0 0 0 46 0 97 3135
escape 0 0 0 0 47 0 98 3135
escape 0 0 0 0 68 0 144 3135
escape 0 0 0 0 40 0 154 3131
escape 0 0 0 0 7 0 98 3136
escape 0 0 0 0 6 0 97 3136
escape 0 0 0 0 6 0 97 3136
escape 0 0 0 0 7 0 98 3136
escape 0 0 0 0 6 0 97 3136
escape 0 0 0 0 6 0 97 3136
escape 0 0 0 0 7 0 98 3136
escape 0 0 0 0 6 0 97 3136
escape 0 0 0 0 7 0 98 3136
escape 0 0 0 0 6 0 97 3136
escape 0 0 0 0 7 0 98 3136
escape 0 0 0 0 11 0 97 3137
escape 0 0 0 0 6 0 98 3136
escape 0 0 0 0 7 0 99 3136
escape 0 0 0 0 76 0 184 4065
escape 0 0 0 0 78 0 170 4041
escape 0 0 0 0 77 0 169 4041
escape 0 0 0 0 11 0 97 3137
escape 0 0 0 0 6 0 98 3136
escape 0 0 0 0 7 0 99 3136
escape 0 0 0 0 16 0 145 3137
escape 0 0 0 0 11 0 97 3137
escape 0 0 0 0 6 0 97 3136
escape 0 0 0 0 7 0 98 3136
escape 0 0 0 0 48 0 97 6271
escape 0 0 0 0 48 0 97 6271
escape 0 0 0 0 7 0 97 6272
escape 0 0 0 0 71 0 145 6271
escape 0 0 0 0 71 0 145 6271
escape 0 0 0 0 10 0 144 6272
escape 0 0 0 0 71 0 145 6271
escape 0 0 0 0 71 0 145 6271
escape 0 0 0 0 8 0 143 6272
escape 0 0 0 0 94 0 192 6271
escape 0 0 0 0 94 0 192 6271
escape 0 0 0 0 11 0 189 6272
escape 0 0 0 0 6 0 97 3136
escape 0 0 0 0 7 0 98 3136
escape 0 0 0 0 10 0 144 3136
escape 0 0 0 0 11 0 145 3136
escape 0 0 0 0 48 0 97 6271
escape 0 0 0 0 48 0 97 6271
escape 0 0 0 0 7 0 97 6272
escape 0 0 0 0 71 0 145 6271
escape 0 0 0 0 71 0 145 6271
escape 0 0 0 0 10 0 144 6272
escape 0 0 0 0 71 0 145 6271
escape 0 0 0 0 71 0 145 6271
escape 0 0 0 0 8 0 143 6272
escape 0 0 0 0 94 0 192 6271
escape 0 0 0 0 94 0 192 6271
escape 0 0 0 0 11 0 189 6272
escape 0 0 0 0 103 0 176 4081
escape 0 0 0 0 93 0 165 4046
escape 0 0 0 0 94 0 164 4046
escape 0 0 0 0 120 0 208 4081
escape 0 0 0 0 124 0 196 4046
escape 0 0 0 0 125 0 195 4046
escape 0 0 0 0 21 0 139 3265
escape 0 0 0 0 21 0 139 3265
escape 0 0 0 0 21 0 185 3265
escape 0 0 0 0 48 0 97 6271
escape 0 0 0 0 48 0 97 6271
escape 0 0 0 0 7 0 97 6272
escape 0 0 0 0 71 0 145 6271
escape 0 0 0 0 71 0 145 6271
escape 0 0 0 0 10 0 144 6272
escape 0 0 0 0 71 0 145 6271
escape 0 0 0 0 71 0 145 6271
escape 0 0 0 0 8 0 143 6272
escape 0 0 0 0 94 0 192 6271
escape 0 0 0 0 94 0 192 6271
escape 0 0 0 0 11 0 189 6272
escape 0 0 0 0 6 0 97 3136
escape 0 0 0 0 7 0 98 3136
escape 0 0 0 0 10 0 144 3136
escape 0 0 0 0 11 0 145 3136
escape 0 0 0 0 21 0 139 3265
escape 0 0 0 0 31 0 146 3265
escape 0 0 0 0 6 0 97 3136
escape 0 0 0 0 7 0 98 3136
escape 0 0 0 0 10 0 144 3136
escape 0 0 0 0 11 0 145 3136
escape 0 0 0 0 21 0 139 3265
escape 0 0 0 0 21 0 139 3265
escape 0 0 0 0 21 0 185 3265
escape 0 0 0 0 48 0 97 6271
escape 0 0 0 0 48 0 97 6271
escape 0 0 0 0 7 0 97 6272
escape 0 0 0 0 71 0 145 6271
escape 0 0 0 0 71 0 145 6271
escape 0 0 0 0 10 0 144 6272
escape 0 0 0 0 71 0 145 6271
escape 0 0 0 0 71 0 145 6271
escape 0 0 0 0 8 0 143 6272
escape 0 0 0 0 94 0 192 6271
escape 0 0 0 0 94 0 192 6271
escape 0 0 0 0 11 0 189 6272
escape 0 0 0 0 6 0 97 3136
escape 0 0 0 0 7 0 98 3136
escape 0 0 0 0 10 0 144 3136
escape 0 0 0 0 11 0 145 3136
escape 0 0 0 0 9 0 145 6272
escape 0 0 0 0 9 0 145 6272
escape 0 0 0 0 10 0 192 6272
escape 0 0 0 0 6 0 97 3136
escape 0 0 0 0 7 0 98 3136
escape 0 0 0 0 10 0 144 3136
escape 0 0 0 0 11 0 145 3136
escape 0 0 0 0 9 0 145 6272
escape 0 0 0 0 9 0 145 6272
escape 0 0 0 0 10 0 192 6272
escape 0 0 0 0 6 0 97 3136
escape 0 0 0 0 7 0 98 3136
escape 0 0 0 0 10 0 144 3136
escape 0 0 0 0 11 0 145 3136
escape 0 0 0 0 9 0 145 6272
escape 0 0 0 0 9 0 145 6272
escape 0 0 0 0 10 0 192 6272
escape 0 0 0 0 6 0 97 6272
escape 0 0 0 0 6 0 97 6271
escape 0 0 0 0 7 0 145 6272
escape 0 0 0 0 7 0 145 6271
escape 0 0 0 0 9 0 145 6272
escape 0 0 0 0 10 0 192 6272
escape 0 0 0 0 6 0 97 6272
escape 0 0 0 0 6 0 97 6271
escape 0 0 0 0 7 0 145 6272
escape 0 0 0 0 7 0 145 6271
escape 0 0 0 0 9 0 145 6272
escape 0 0 0 0 10 0 192 6272
escape 0 0 0 0 6 0 97 6272
escape 0 0 0 0 6 0 97 6271
escape 0 0 0 0 7 0 145 6272
escape 0 0 0 0 7 0 145 6271
escape 0 0 0 0 9 0 145 6272
escape 0 0 0 0 10 0 192 6272
escape 0 0 0 0 103 0 176 4081
escape 0 0 0 0 46 0 177 4064
escape 0 0 0 0 52 0 61 5473
escape 0 0 0 0 53 0 62 5473
escape 0 0 0 0 9 0 145 6272
escape 0 0 0 0 40 0 146 6268
escape 0 0 0 0 9 0 145 6272
escape 0 0 0 0 40 0 146 6268
escape 0 0 0 0 10 0 192 6272
escape 0 0 0 0 47 0 193 6268
escape 0 0 0 0 9 0 145 6272
escape 0 0 0 0 40 0 146 6268
escape 0 0 0 0 9 0 145 6272
escape 0 0 0 0 40 0 146 6268
escape 0 0 0 0 10 0 192 6272
escape 0 0 0 0 47 0 193 6268
escape 0 0 0 0 9 0 145 6272
escape 0 0 0 0 40 0 146 6268
escape 0 0 0 0 9 0 145 6272
escape 0 0 0 0 40 0 146 6268
escape 0 0 0 0 10 0 192 6272
escape 0 0 0 0 47 0 193 6268
escape 0 0 0 0 6 0 97 6272
escape 0 0 0 0 48 0 97 6271
escape 0 0 0 0 25 0 98 6268
escape 0 0 0 0 7 0 145 6272
escape 0 0 0 0 71 0 145 6271
escape 0 0 0 0 32 0 146 6268
escape 0 0 0 0 9 0 145 6272
escape 0 0 0 0 71 0 145 6271
escape 0 0 0 0 40 0 146 6268
escape 0 0 0 0 10 0 192 6272
escape 0 0 0 0 94 0 192 6271
escape 0 0 0 0 47 0 193 6268
escape 0 0 0 0 6 0 97 6272
escape 0 0 0 0 48 0 97 6271
escape 0 0 0 0 25 0 98 6268
escape 0 0 0 0 7 0 145 6272
escape 0 0 0 0 71 0 145 6271
escape 0 0 0 0 32 0 146 6268
escape 0 0 0 0 9 0 145 6272
escape 0 0 0 0 71 0 145 6271
escape 0 0 0 0 40 0 146 6268
escape 0 0 0 0 10 0 192 6272
escape 0 0 0 0 94 0 192 6271
escape 0 0 0 0 47 0 193 6268
escape 0 0 0 0 6 0 97 6272
escape 0 0 0 0 48 0 97 6271
escape 0 0 0 0 25 0 98 6268
escape 0 0 0 0 7 0 145 6272
escape 0 0 0 0 71 0 145 6271
escape 0 0 0 0 32 0 146 6268
escape 0 0 0 0 9 0 145 6272
escape 0 0 0 0 71 0 145 6271
escape 0 0 0 0 40 0 146 6268
escape 0 0 0 0 10 0 192 6272
escape 0 0 0 0 94 0 192 6271
escape 0 0 0 0 47 0 193 6268
escape 0 0 0 0 114 0 237 6271
escape 0 0 0 0 11 0 97 3137
escape 0 0 0 0 11 0 97 3137
escape 0 0 0 0 38 0 151 3129
escape 0 0 0 0 78 0 152 3321
escape 0 0 0 0 11 0 97 3137
escape 0 0 0 0 16 0 145 3137
escape 0 0 0 0 6 0 143 3200
unres 0 0 0 0 23 0 101 30000
escape 0 0 0 0 13 0 140 3266
escape 0 0 0 0 12 0 139 3264
escape 0 0 0 0 22 0 186 3266
escape 0 0 0 0 21 0 185 3264
escape 0 0 0 0 6 0 97 3136
escape 0 0 0 0 6 0 145 3136
escape 0 0 0 0 6 0 143 3200
escape 0 0 0 0 10 0 144 3136
escape 0 0 0 0 10 0 192 3136
escape 0 0 0 0 10 0 190 3200
escape 0 0 0 0 6 0 97 3136
escape 0 0 0 0 10 0 144 3136
escape 0 0 0 0 6 0 97 3136
escape 0 0 0 0 6 0 145 3136
unres 0 0 0 0 22 0 102 30000
unres 0 0 0 0 24 0 101 30000
escape 0 0 0 0 10 0 144 3136
escape 0 0 0 0 10 0 192 3136
escape 0 0 0 0 6 0 97 6272
escape 0 0 0 0 48 0 97 6271
escape 0 0 0 0 6 0 97 6270
escape 0 0 0 0 7 0 145 6272
escape 0 0 0 0 71 0 145 6271
escape 0 0 0 0 15 0 139 6528
escape 0 0 0 0 9 0 145 6272
escape 0 0 0 0 71 0 145 6271
escape 0 0 0 0 9 0 145 6270
escape 0 0 0 0 10 0 192 6272
escape 0 0 0 0 94 0 192 6271
escape 0 0 0 0 21 0 185 6528
escape 0 0 0 0 6 0 97 6272
escape 0 0 0 0 48 0 97 6271
escape 0 0 0 0 6 0 97 6270
escape 0 0 0 0 7 0 145 6272
escape 0 0 0 0 71 0 145 6271
escape 0 0 0 0 15 0 139 6528
escape 0 0 0 0 9 0 145 6272
escape 0 0 0 0 71 0 145 6271
escape 0 0 0 0 9 0 145 6270
escape 0 0 0 0 10 0 192 6272
escape 0 0 0 0 94 0 192 6271
escape 0 0 0 0 21 0 185 6528
escape 0 0 0 0 11 0 147 3136
escape 0 0 0 0 11 0 195 3136
escape 0 0 0 0 6 0 97 6272
escape 0 0 0 0 48 0 97 6271
escape 0 0 0 0 6 0 97 6270
escape 0 0 0 0 7 0 145 6272
escape 0 0 0 0 71 0 145 6271
escape 0 0 0 0 15 0 139 6528
escape 0 0 0 0 9 0 145 6272
escape 0 0 0 0 71 0 145 6271
escape 0 0 0 0 9 0 145 6270
escape 0 0 0 0 10 0 192 6272
escape 0 0 0 0 94 0 192 6271
escape 0 0 0 0 21 0 185 6528
escape 0 0 0 0 96 0 196 3135
escape 0 0 0 0 43 0 197 3129
escape 0 0 0 0 71 0 145 6271
escape 0 0 0 0 40 0 146 6268
escape 0 0 0 0 71 0 145 6271
escape 0 0 0 0 40 0 146 6268
escape 0 0 0 0 94 0 192 6271
escape 0 0 0 0 47 0 193 6268
escape 0 0 0 0 9 0 147 3138
escape 0 0 0 0 29 0 148 3136
escape 0 0 0 0 71 0 145 6271
escape 0 0 0 0 40 0 146 6268
escape 0 0 0 0 71 0 145 6271
escape 0 0 0 0 40 0 146 6268
escape 0 0 0 0 94 0 192 6271
escape 0 0 0 0 47 0 193 6268
escape 0 0 0 0 71 0 145 6271
escape 0 0 0 0 40 0 146 6268
escape 0 0 0 0 71 0 145 6271
escape 0 0 0 0 40 0 146 6268
escape 0 0 0 0 94 0 192 6271
escape 0 0 0 0 47 0 193 6268
escape 0 0 0 0 56 0 114 3648
escape 0 0 0 0 88 0 108 3643
escape 0 0 0 0 74 0 154 5172
escape 0 0 0 0 155 0 147 5167
escape 0 0 0 0 71 0 145 6271
escape 0 0 0 0 40 0 146 6268
escape 0 0 0 0 71 0 145 6271
escape 0 0 0 0 40 0 146 6268
escape 0 0 0 0 94 0 192 6271
escape 0 0 0 0 47 0 193 6268
escape 0 0 0 0 48 0 97 6271
escape 0 0 0 0 48 0 97 6271
escape 0 0 0 0 25 0 98 6268
escape 0 0 0 0 71 0 145 6271
escape 0 0 0 0 71 0 145 6271
escape 0 0 0 0 32 0 146 6268
escape 0 0 0 0 71 0 145 6271
escape 0 0 0 0 71 0 145 6271
escape 0 0 0 0 40 0 146 6268
escape 0 0 0 0 94 0 192 6271
escape 0 0 0 0 94 0 192 6271
escape 0 0 0 0 47 0 193 6268
escape 0 0 0 0 48 0 97 6271
escape 0 0 0 0 48 0 97 6271
escape 0 0 0 0 25 0 98 6268
escape 0 0 0 0 71 0 145 6271
escape 0 0 0 0 71 0 145 6271
escape 0 0 0 0 32 0 146 6268
escape 0 0 0 0 71 0 145 6271
escape 0 0 0 0 71 0 145 6271
escape 0 0 0 0 40 0 146 6268
escape 0 0 0 0 94 0 192 6271
escape 0 0 0 0 94 0 192 6271
escape 0 0 0 0 47 0 193 6268
escape 0 0 0 0 59 0 123 5172
escape 0 0 0 0 124 0 112 5167
escape 0 0 0 0 74 0 154 5172
escape 0 0 0 0 155 0 147 5167
escape 0 0 0 0 48 0 97 6271
escape 0 0 0 0 48 0 97 6271
escape 0 0 0 0 25 0 98 6268
escape 0 0 0 0 71 0 145 6271
escape 0 0 0 0 71 0 145 6271
escape 0 0 0 0 32 0 146 6268
escape 0 0 0 0 71 0 145 6271
escape 0 0 0 0 71 0 145 6271
escape 0 0 0 0 40 0 146 6268
escape 0 0 0 0 94 0 192 6271
escape 0 0 0 0 94 0 192 6271
escape 0 0 0 0 47 0 193 6268
escape 0 0 0 0 48 0 97 6271
escape 0 0 0 0 48 0 97 6271
escape 0 0 0 0 25 0 98 6268
escape 0 0 0 0 71 0 145 6271
escape 0 0 0 0 71 0 145 6271
escape 0 0 0 0 32 0 146 6268
escape 0 0 0 0 71 0 145 6271
escape 0 0 0 0 71 0 145 6271
escape 0 0 0 0 40 0 146 6268
escape 0 0 0 0 94 0 192 6271
escape 0 0 0 0 94 0 192 6271
escape 0 0 0 0 47 0 193 6268
escape 0 0 0 0 6 0 97 6272
escape 0 0 0 0 48 0 97 6270
escape 0 0 0 0 7 0 145 6272
escape 0 0 0 0 8 0 143 6271
escape 0 0 0 0 9 0 145 6272
escape 0 0 0 0 71 0 145 6270
escape 0 0 0 0 10 0 192 6272
escape 0 0 0 0 11 0 189 6271
escape 0 0 0 0 6 0 97 6272
escape 0 0 0 0 48 0 97 6270
escape 0 0 0 0 7 0 145 6272
escape 0 0 0 0 8 0 143 6271
escape 0 0 0 0 9 0 145 6272
escape 0 0 0 0 71 0 145 6270
escape 0 0 0 0 10 0 192 6272
escape 0 0 0 0 11 0 189 6271
escape 0 0 0 0 6 0 97 6272
escape 0 0 0 0 48 0 97 6270
escape 0 0 0 0 7 0 145 6272
escape 0 0 0 0 8 0 143 6271
escape 0 0 0 0 9 0 145 6272
escape 0 0 0 0 71 0 145 6270
escape 0 0 0 0 10 0 192 6272
escape 0 0 0 0 11 0 189 6271
escape 0 0 0 0 47 0 98 3135
escape 0 0 0 0 6 0 97 3136
escape 0 0 0 0 48 0 99 3135
escape 0 0 0 0 17 0 153 3132
escape 0 0 0 0 6 0 145 3136
escape 0 0 0 0 18 0 154 3132
escape 0 0 0 0 47 0 98 3135
escape 0 0 0 0 6 0 97 3136
escape 0 0 0 0 48 0 99 3135
escape 0 0 0 0 47 0 98 3135
escape 0 0 0 0 6 0 97 3136
escape 0 0 0 0 47 0 98 3135
escape 0 0 0 0 71 0 75 16359
escape 0 0 0 0 71 0 75 16359
escape 0 0 0 0 71 0 75 16359
escape 0 0 0 0 46 0 97 3135
escape 0 0 0 0 47 0 98 3135
escape 0 0 0 0 68 0 144 3135
escape 0 0 0 0 69 0 145 3135
escape 0 0 0 0 46 0 97 3135
escape 0 0 0 0 47 0 98 3135
escape 0 0 0 0 68 0 144 3135
escape 0 0 0 0 69 0 145 3135
escape 0 0 0 0 46 0 97 3135
escape 0 0 0 0 47 0 98 3135
escape 0 0 0 0 68 0 144 3135
escape 0 0 0 0 69 0 145 3135
escape 0 0 0 0 99 0 138 8182
escape 0 0 0 0 121 0 161 8182
escape 0 0 0 0 28 0 146 3135
escape 0 0 0 0 18 0 139 3263
escape 0 0 0 0 28 0 146 3135
escape 0 0 0 0 18 0 139 3263
escape 0 0 0 0 28 0 146 3135
escape 0 0 0 0 18 0 139 3263
escape 0 0 0 0 71 0 145 6271
escape 0 0 0 0 71 0 145 6271
escape 0 0 0 0 94 0 192 6271
escape 0 0 0 0 71 0 145 6271
escape 0 0 0 0 71 0 145 6271
escape 0 0 0 0 94 0 192 6271
escape 0 0 0 0 71 0 145 6271
escape 0 0 0 0 71 0 145 6271
escape 0 0 0 0 94 0 192 6271
escape 0 0 0 0 71 0 145 6271
escape 0 0 0 0 71 0 145 6271
escape 0 0 0 0 94 0 192 6271
escape 0 0 0 0 47 0 98 3135
escape 0 0 0 0 69 0 145 3135
escape 0 0 0 0 47 0 98 3135
escape 0 0 0 0 69 0 145 3135
escape 0 0 0 0 47 0 98 3135
escape 0 0 0 0 69 0 145 3135
escape 0 0 0 0 6 0 97 3136
escape 0 0 0 0 7 0 98 3136
escape 0 0 0 0 6 0 97 3136
escape 0 0 0 0 7 0 98 3136
escape 0 0 0 0 6 0 97 3136
escape 0 0 0 0 7 0 98 3136
escape 0 0 0 0 6 0 97 3136
escape 0 0 0 0 7 0 98 3136
escape 0 0 0 0 6 0 97 3136
escape 0 0 0 0 6 0 97 3136
escape 0 0 0 0 7 0 98 3136
escape 0 0 0 0 6 0 97 3136
escape 0 0 0 0 7 0 98 3136
escape 0 0 0 0 6 0 97 3136
escape 0 0 0 0 7 0 98 3136
escape 0 0 0 0 6 0 97 3136
escape 0 0 0 0 7 0 98 3136
escape 0 0 0 0 6 0 97 3136
escape 0 0 0 0 7 0 98 3136
escape 0 0 0 0 6 0 97 3136
escape 0 0 0 0 6 0 97 3136
escape 0 0 0 0 7 0 98 3136
escape 0 0 0 0 7 0 98 3136
escape 0 0 0 0 7 0 146 3136
escape 0 0 0 0 7 0 98 3136
escape 0 0 0 0 7 0 98 3136
escape 0 0 0 0 76 0 147 3135
escape 0 0 0 0 32 0 75 16360
escape 0 0 0 0 32 0 110 16360
escape 0 0 0 0 32 0 75 16360
escape 0 0 0 0 32 0 75 16360
escape 0 0 0 0 32 0 110 16360
escape 0 0 0 0 11 0 97 3137
escape 0 0 0 0 41 0 112 12479
escape 0 0 0 0 11 0 97 3137
escape 0 0 0 0 31 0 164 3137
escape 0 0 0 0 11 0 97 3137
escape 0 0 0 0 16 0 145 3137
escape 0 0 0 0 10 0 144 3200
unres 0 0 0 0 16 0 118 30000
escape 0 0 0 0 48 0 97 6271
escape 0 0 0 0 71 0 145 6271
escape 0 0 0 0 71 0 145 6271
escape 0 0 0 0 94 0 192 6271
escape 0 0 0 0 48 0 97 6271
escape 0 0 0 0 71 0 145 6271
escape 0 0 0 0 71 0 145 6271
escape 0 0 0 0 94 0 192 6271
escape 0 0 0 0 9 0 147 3138
escape 0 0 0 0 48 0 97 6271
escape 0 0 0 0 71 0 145 6271
escape 0 0 0 0 71 0 145 6271
escape 0 0 0 0 94 0 192 6271
escape 0 0 0 0 48 0 97 6271
escape 0 0 0 0 71 0 145 6271
escape 0 0 0 0 71 0 145 6271
escape 0 0 0 0 94 0 192 6271
escape 0 0 0 0 6 0 143 3200
escape 0 0 0 0 10 0 190 3200
escape 0 0 0 0 46 0 97 3135
escape 0 0 0 0 68 0 144 3135
escape 0 0 0 0 46 0 97 3135
escape 0 0 0 0 68 0 145 3135
escape 0 0 0 0 68 0 144 3135
escape 0 0 0 0 90 0 192 3135
escape 0 0 0 0 46 0 97 3135
escape 0 0 0 0 68 0 144 3135
escape 0 0 0 0 46 0 97 3135
escape 0 0 0 0 68 0 144 3135
escape 0 0 0 0 6 0 97 3136
escape 0 0 0 0 7 0 98 3136
escape 0 0 0 0 6 0 97 3136
escape 0 0 0 0 7 0 98 3136
escape 0 0 0 0 6 0 97 3136
escape 0 0 0 0 7 0 98 3136
escape 0 0 0 0 6 0 97 3136
escape 0 0 0 0 7 0 98 3136
escape 0 0 0 0 6 0 97 3136
escape 0 0 0 0 6 0 97 3136
escape 0 0 0 0 7 0 98 3136
escape 0 0 0 0 6 0 97 3136
escape 0 0 0 0 7 0 98 3136
escape 0 0 0 0 6 0 97 3136
escape 0 0 0 0 7 0 98 3136
escape 0 0 0 0 6 0 97 3136
escape 0 0 0 0 7 0 98 3136
escape 0 0 0 0 6 0 97 3136
escape 0 0 0 0 7 0 98 3136
escape 0 0 0 0 6 0 97 3136
escape 0 0 0 0 6 0 97 3136
escape 0 0 0 0 7 0 98 3136
escape 0 0 0 0 6 0 97 3136
escape 0 0 0 0 6 0 145 3136
escape 0 0 0 0 6 0 97 3136
escape 0 0 0 0 6 0 97 3136
escape 0 0 0 0 75 0 146 3135
escape 0 0 0 0 11 0 97 3137
escape 0 0 0 0 11 0 97 3137
escape 0 0 0 0 16 0 145 3137
escape 0 0 0 0 11 0 97 3137
escape 0 0 0 0 66 0 63 3563
escape 0 0 0 0 100 0 95 3563
escape 0 0 0 0 93 0 165 4046
escape 0 0 0 0 124 0 196 4046
escape 0 0 0 0 59 0 123 5172
escape 0 0 0 0 74 0 154 5172
escape 0 0 0 0 48 0 97 6271
escape 0 0 0 0 71 0 145 6271
escape 0 0 0 0 71 0 145 6271
escape 0 0 0 0 94 0 192 6271
escape 0 0 0 0 48 0 97 6271
escape 0 0 0 0 71 0 145 6271
escape 0 0 0 0 71 0 145 6271
escape 0 0 0 0 94 0 192 6271
escape 0 0 0 0 48 0 97 6271
escape 0 0 0 0 71 0 145 6271
escape 0 0 0 0 71 0 145 6271
escape 0 0 0 0 94 0 192 6271
escape 0 0 0 0 48 0 97 6271
escape 0 0 0 0 71 0 145 6271
escape 0 0 0 0 71 0 145 6271
escape 0 0 0 0 94 0 192 6271
escape 0 0 0 0 48 0 97 6271
escape 0 0 0 0 71 0 145 6271
escape 0 0 0 0 71 0 145 6271
escape 0 0 0 0 94 0 192 6271
escape 0 0 0 0 48 0 97 6271
escape 0 0 0 0 71 0 145 6271
escape 0 0 0 0 71 0 145 6271
escape 0 0 0 0 94 0 192 6271
escape 0 0 0 0 48 0 97 6271
escape 0 0 0 0 71 0 145 6271
escape 0 0 0 0 71 0 145 6271
escape 0 0 0 0 94 0 192 6271
escape 0 0 0 0 48 0 97 6271
escape 0 0 0 0 71 0 145 6271
escape 0 0 0 0 71 0 145 6271
escape 0 0 0 0 94 0 192 6271
unres 0 0 0 0 24 0 80 30000
escape 0 0 0 0 46 0 97 3135
escape 0 0 0 0 68 0 144 3135
escape 0 0 0 0 46 0 97 3135
escape 0 0 0 0 68 0 145 3135
escape 0 0 0 0 68 0 144 3135
escape 0 0 0 0 90 0 192 3135
escape 0 0 0 0 46 0 97 3135
escape 0 0 0 0 68 0 144 3135
escape 0 0 0 0 46 0 97 3135
escape 0 0 0 0 68 0 144 3135
escape 0 0 0 0 71 0 145 6271
escape 0 0 0 0 71 0 145 6271
escape 0 0 0 0 94 0 192 6271
escape 0 0 0 0 71 0 145 6271
escape 0 0 0 0 71 0 145 6271
escape 0 0 0 0 94 0 192 6271
escape 0 0 0 0 71 0 145 6271
escape 0 0 0 0 71 0 145 6271
escape 0 0 0 0 94 0 192 6271
escape 0 0 0 0 71 0 145 6271
escape 0 0 0 0 71 0 145 6271
escape 0 0 0 0 94 0 192 6271
unres 0 0 0 0 24 0 80 30000
unres 0 0 0 0 25 0 81 30000
escape 0 0 0 0 47 0 98 3135
escape 0 0 0 0 69 0 145 3135
escape 0 0 0 0 47 0 98 3135
escape 0 0 0 0 69 0 145 3135
escape 0 0 0 0 47 0 98 3135
escape 0 0 0 0 69 0 145 3135
unres 0 0 0 0 24 0 80 30000
unres 0 0 0 0 25 0 81 30000
escape 0 0 0 0 50 0 130 3126
unres 0 0 0 0 24 0 80 30000
unres 0 0 0 0 25 0 81 30000
escape 0 0 0 0 50 0 130 3126
escape 0 0 0 0 51 0 131 3126
escape 0 0 0 0 6 0 97 3136
escape 0 0 0 0 6 0 145 3136
escape 0 0 0 0 10 0 144 3136
escape 0 0 0 0 10 0 192 3136
escape 0 0 0 0 6 0 97 3136
escape 0 0 0 0 10 0 144 3136
escape 0 0 0 0 6 0 97 3136
escape 0 0 0 0 6 0 145 3136
escape 0 0 0 0 10 0 144 3136
escape 0 0 0 0 10 0 192 3136
escape 0 0 0 0 72 0 146 6271
escape 0 0 0 0 72 0 146 6271
escape 0 0 0 0 95 0 193 6271
escape 0 0 0 0 72 0 146 6271
escape 0 0 0 0 72 0 146 6271
escape 0 0 0 0 95 0 193 6271
escape 0 0 0 0 72 0 146 6271
escape 0 0 0 0 72 0 146 6271
escape 0 0 0 0 95 0 193 6271
escape 0 0 0 0 48 0 97 6271
escape 0 0 0 0 71 0 145 6271
escape 0 0 0 0 71 0 145 6271
escape 0 0 0 0 94 0 192 6271
escape 0 0 0 0 48 0 97 6271
escape 0 0 0 0 71 0 145 6271
escape 0 0 0 0 71 0 145 6271
escape 0 0 0 0 94 0 192 6271
escape 0 0 0 0 48 0 97 6271
escape 0 0 0 0 71 0 145 6271
escape 0 0 0 0 71 0 145 6271
escape 0 0 0 0 94 0 192 6271
escape 0 0 0 0 48 0 97 6271
escape 0 0 0 0 71 0 145 6271
escape 0 0 0 0 71 0 145 6271
escape 0 0 0 0 94 0 192 6271
escape 0 0 0 0 71 0 145 6271
escape 0 0 0 0 71 0 145 6271
escape 0 0 0 0 94 0 192 6271
escape 0 0 0 0 71 0 145 6271
escape 0 0 0 0 71 0 145 6271
escape 0 0 0 0 94 0 192 6271
escape 0 0 0 0 71 0 145 6271
escape 0 0 0 0 71 0 145 6271
escape 0 0 0 0 94 0 192 6271
escape 0 0 0 0 71 0 145 6271
escape 0 0 0 0 71 0 145 6271
escape 0 0 0 0 94 0 192 6271
escape 0 0 0 0 71 0 145 6271
escape 0 0 0 0 71 0 145 6271
escape 0 0 0 0 94 0 192 6271
escape 0 0 0 0 103 0 176 4081
escape 0 0 0 0 71 0 145 6271
escape 0 0 0 0 71 0 145 6271
escape 0 0 0 0 94 0 192 6271
escape 0 0 0 0 103 0 176 4081
escape 0 0 0 0 120 0 208 4081
escape 0 0 0 0 71 0 145 6271
escape 0 0 0 0 71 0 145 6271
escape 0 0 0 0 94 0 192 6271
escape 0 0 0 0 76 0 288 6266
escape 0 0 0 0 77 0 289 6266
escape 0 0 0 0 47 0 98 3135
escape 0 0 0 0 69 0 145 3135
escape 0 0 0 0 47 0 98 3135
escape 0 0 0 0 69 0 145 3135
escape 0 0 0 0 47 0 98 3135
escape 0 0 0 0 69 0 145 3135
escape 0 0 0 0 6 0 97 3136
escape 0 0 0 0 7 0 98 3136
escape 0 0 0 0 6 0 97 3136
escape 0 0 0 0 7 0 98 3136
escape 0 0 0 0 6 0 97 3136
escape 0 0 0 0 7 0 98 3136
escape 0 0 0 0 6 0 97 3136
escape 0 0 0 0 7 0 98 3136
escape 0 0 0 0 6 0 97 3136
escape 0 0 0 0 6 0 97 3136
escape 0 0 0 0 7 0 98 3136
escape 0 0 0 0 6 0 97 3136
escape 0 0 0 0 7 0 98 3136
escape 0 0 0 0 6 0 97 3136
escape 0 0 0 0 7 0 98 3136
escape 0 0 0 0 6 0 97 3136
escape 0 0 0 0 7 0 98 3136
escape 0 0 0 0 6 0 97 3136
escape 0 0 0 0 7 0 98 3136
escape 0 0 0 0 6 0 97 3136
escape 0 0 0 0 6 0 97 3136
escape 0 0 0 0 7 0 98 3136
escape 0 0 0 0 7 0 98 3136
escape 0 0 0 0 7 0 146 3136
escape 0 0 0 0 7 0 98 3136
escape 0 0 0 0 7 0 98 3136
escape 0 0 0 0 32 0 75 16360
escape 0 0 0 0 32 0 110 16360
escape 0 0 0 0 32 0 75 16360
escape 0 0 0 0 32 0 75 16360
escape 0 0 0 0 32 0 110 16360
escape 0 0 0 0 6 0 97 3136
escape 0 0 0 0 6 0 145 3136
escape 0 0 0 0 10 0 144 3136
escape 0 0 0 0 10 0 192 3136
escape 0 0 0 0 6 0 97 3136
escape 0 0 0 0 10 0 144 3136
escape 0 0 0 0 6 0 97 3136
escape 0 0 0 0 6 0 145 3136
escape 0 0 0 0 10 0 144 3136
escape 0 0 0 0 10 0 192 3136
escape 0 0 0 0 72 0 146 6271
escape 0 0 0 0 72 0 146 6271
escape 0 0 0 0 95 0 193 6271
escape 0 0 0 0 72 0 146 6271
escape 0 0 0 0 72 0 146 6271
escape 0 0 0 0 95 0 193 6271
escape 0 0 0 0 72 0 146 6271
escape 0 0 0 0 72 0 146 6271
escape 0 0 0 0 95 0 193 6271
escape 0 0 0 0 71 0 145 6271
escape 0 0 0 0 71 0 145 6271
escape 0 0 0 0 94 0 192 6271
escape 0 0 0 0 71 0 145 6271
escape 0 0 0 0 71 0 145 6271
escape 0 0 0 0 94 0 192 6271
escape 0 0 0 0 71 0 145 6271
escape 0 0 0 0 71 0 145 6271
escape 0 0 0 0 94 0 192 6271
escape 0 0 0 0 11 0 97 3137
escape 0 0 0 0 76 0 184 4065
escape 0 0 0 0 11 0 97 3137
escape 0 0 0 0 11 0 97 3137
escape 0 0 0 0 16 0 145 3137
escape 0 0 0 0 48 0 97 6271
escape 0 0 0 0 71 0 145 6271
escape 0 0 0 0 71 0 145 6271
escape 0 0 0 0 94 0 192 6271
escape 0 0 0 0 48 0 97 6271
escape 0 0 0 0 71 0 145 6271
escape 0 0 0 0 71 0 145 6271
escape 0 0 0 0 94 0 192 6271
escape 0 0 0 0 103 0 176 4081
escape 0 0 0 0 120 0 208 4081
escape 0 0 0 0 48 0 97 6271
escape 0 0 0 0 71 0 145 6271
escape 0 0 0 0 71 0 145 6271
escape 0 0 0 0 94 0 192 6271
escape 0 0 0 0 48 0 97 6271
escape 0 0 0 0 71 0 145 6271
escape 0 0 0 0 71 0 145 6271
escape 0 0 0 0 94 0 192 6271
escape 0 0 0 0 76 0 288 6266
escape 0 0 0 0 46 0 97 3135
escape 0 0 0 0 68 0 144 3135
escape 0 0 0 0 46 0 97 3135
escape 0 0 0 0 68 0 145 3135
escape 0 0 0 0 68 0 144 3135
escape 0 0 0 0 90 0 192 3135
escape 0 0 0 0 46 0 97 3135
escape 0 0 0 0 68 0 144 3135
escape 0 0 0 0 46 0 97 3135
escape 0 0 0 0 68 0 144 3135
escape 0 0 0 0 6 0 97 3136
escape 0 0 0 0 7 0 98 3136
escape 0 0 0 0 6 0 97 3136
escape 0 0 0 0 7 0 98 3136
escape 0 0 0 0 6 0 97 3136
escape 0 0 0 0 7 0 98 3136
escape 0 0 0 0 6 0 97 3136
escape 0 0 0 0 7 0 98 3136
escape 0 0 0 0 6 0 97 3136
escape 0 0 0 0 6 0 97 3136
escape 0 0 0 0 7 0 98 3136
escape 0 0 0 0 6 0 97 3136
escape 0 0 0 0 7 0 98 3136
escape 0 0 0 0 6 0 97 3136
escape 0 0 0 0 7 0 98 3136
escape 0 0 0 0 6 0 97 3136
escape 0 0 0 0 7 0 98 3136
escape 0 0 0 0 6 0 97 3136
escape 0 0 0 0 7 0 98 3136
escape 0 0 0 0 118 0 241 6271
escape 0 0 0 0 6 0 97 3136
escape 0 0 0 0 6 0 97 3136
escape 0 0 0 0 7 0 98 3136
escape 0 0 0 0 6 0 97 3136
escape 0 0 0 0 6 0 145 3136
escape 0 0 0 0 6 0 97 3136
escape 0 0 0 0 6 0 97 3136
escape 0 0 0 0 11 0 97 3137
escape 0 0 0 0 11 0 97 3137
escape 0 0 0 0 16 0 145 3137
escape 0 0 0 0 6 0 143 3200
escape 0 0 0 0 11 0 97 3137
escape 0 0 0 0 6 0 97 3136
escape 0 0 0 0 6 0 145 3136
escape 0 0 0 0 10 0 144 3136
escape 0 0 0 0 10 0 192 3136
escape 0 0 0 0 6 0 97 3136
escape 0 0 0 0 10 0 144 3136
escape 0 0 0 0 6 0 97 3136
escape 0 0 0 0 6 0 145 3136
escape 0 0 0 0 10 0 144 3136
escape 0 0 0 0 10 0 192 3136
escape 0 0 0 0 72 0 146 6271
escape 0 0 0 0 72 0 146 6271
escape 0 0 0 0 95 0 193 6271
escape 0 0 0 0 72 0 146 6271
escape 0 0 0 0 72 0 146 6271
escape 0 0 0 0 95 0 193 6271
escape 0 0 0 0 72 0 146 6271
escape 0 0 0 0 72 0 146 6271
escape 0 0 0 0 95 0 193 6271
escape 0 0 0 0 48 0 97 6271
escape 0 0 0 0 71 0 145 6271
escape 0 0 0 0 71 0 145 6271
escape 0 0 0 0 94 0 192 6271
escape 0 0 0 0 48 0 97 6271
escape 0 0 0 0 71 0 145 6271
escape 0 0 0 0 71 0 145 6271
escape 0 0 0 0 94 0 192 6271
escape 0 0 0 0 48 0 97 6271
escape 0 0 0 0 71 0 145 6271
escape 0 0 0 0 71 0 145 6271
escape 0 0 0 0 94 0 192 6271
escape 0 0 0 0 48 0 97 6271
escape 0 0 0 0 71 0 145 6271
escape 0 0 0 0 71 0 145 6271
escape 0 0 0 0 94 0 192 6271
escape 0 0 0 0 71 0 145 6271
escape 0 0 0 0 71 0 145 6271
escape 0 0 0 0 94 0 192 6271
escape 0 0 0 0 71 0 145 6271
escape 0 0 0 0 71 0 145 6271
escape 0 0 0 0 94 0 192 6271
escape 0 0 0 0 71 0 145 6271
escape 0 0 0 0 71 0 145 6271
escape 0 0 0 0 94 0 192 6271
escape 0 0 0 0 48 0 97 6271
escape 0 0 0 0 71 0 145 6271
escape 0 0 0 0 71 0 145 6271
escape 0 0 0 0 94 0 192 6271
escape 0 0 0 0 48 0 97 6271
escape 0 0 0 0 71 0 145 6271
escape 0 0 0 0 71 0 145 6271
escape 0 0 0 0 94 0 192 6271
escape 0 0 0 0 48 0 97 6271
escape 0 0 0 0 71 0 145 6271
escape 0 0 0 0 71 0 145 6271
escape 0 0 0 0 94 0 192 6271
escape 0 0 0 0 48 0 97 6271
escape 0 0 0 0 71 0 145 6271
escape 0 0 0 0 71 0 145 6271
escape 0 0 0 0 94 0 192 6271
escape 0 0 0 0 46 0 97 3135
escape 0 0 0 0 68 0 144 3135
escape 0 0 0 0 46 0 97 3135
escape 0 0 0 0 68 0 145 3135
escape 0 0 0 0 68 0 144 3135
escape 0 0 0 0 90 0 192 3135
escape 0 0 0 0 46 0 97 3135
escape 0 0 0 0 68 0 144 3135
escape 0 0 0 0 46 0 97 3135
escape 0 0 0 0 68 0 144 3135
escape 0 0 0 0 58 0 62 3512
escape 0 0 0 0 87 0 90 3512
escape 0 0 0 0 6 0 97 3136
escape 0 0 0 0 6 0 97 3136
escape 0 0 0 0 6 0 97 3136
escape 0 0 0 0 6 0 97 3136
escape 0 0 0 0 6 0 97 3136
escape 0 0 0 0 6 0 97 3136
escape 0 0 0 0 6 0 97 3136
escape 0 0 0 0 6 0 97 3136
escape 0 0 0 0 6 0 97 3136
escape 0 0 0 0 6 0 97 3136
escape 0 0 0 0 118 0 241 6271
escape 0 0 0 0 141 0 289 6271
escape 0 0 0 0 6 0 97 3136
escape 0 0 0 0 6 0 97 3136
escape 0 0 0 0 7 0 98 3136
escape 0 0 0 0 7 0 146 3136
escape 0 0 0 0 76 0 145 3135
unres 0 0 0 0 17 0 119 30000
escape 0 0 0 0 7 0 98 3136
escape 0 0 0 0 7 0 98 3136
escape 0 0 0 0 32 0 75 16360
escape 0 0 0 0 32 0 110 16360
escape 0 0 0 0 92 0 108 16365
escape 0 0 0 0 32 0 75 16360
escape 0 0 0 0 32 0 75 16360
escape 0 0 0 0 32 0 110 16360
escape 0 0 0 0 73 0 144 3199
escape 0 0 0 0 97 0 191 3199
escape 0 0 0 0 48 0 97 6271
escape 0 0 0 0 71 0 145 6271
escape 0 0 0 0 71 0 145 6271
escape 0 0 0 0 94 0 192 6271
escape 0 0 0 0 48 0 97 6271
escape 0 0 0 0 71 0 145 6271
escape 0 0 0 0 71 0 145 6271
escape 0 0 0 0 94 0 192 6271
escape 0 0 0 0 48 0 97 6271
escape 0 0 0 0 71 0 145 6271
escape 0 0 0 0 71 0 145 6271
escape 0 0 0 0 94 0 192 6271
escape 0 0 0 0 48 0 97 6271
escape 0 0 0 0 71 0 145 6271
escape 0 0 0 0 71 0 145 6271
escape 0 0 0 0 94 0 192 6271
escape 0 0 0 0 163 0 135 8183
escape 0 0 0 0 187 0 157 8183
escape 0 0 0 0 11 0 97 3137
escape 0 0 0 0 11 0 97 3137
escape 0 0 0 0 11 0 97 3137
escape 0 0 0 0 16 0 145 3137
escape 0 0 0 0 56 0 114 3648
escape 0 0 0 0 74 0 154 5172
unres 0 0 0 0 22 0 102 30000
escape 0 0 0 0 57 0 61 3512
escape 0 0 0 0 86 0 89 3512
escape 0 0 0 0 71 0 145 6271
escape 0 0 0 0 71 0 145 6271
escape 0 0 0 0 94 0 192 6271
escape 0 0 0 0 71 0 145 6271
escape 0 0 0 0 71 0 145 6271
escape 0 0 0 0 94 0 192 6271
escape 0 0 0 0 71 0 145 6271
escape 0 0 0 0 71 0 145 6271
escape 0 0 0 0 94 0 192 6271
escape 0 0 0 0 71 0 145 6271
escape 0 0 0 0 71 0 145 6271
escape 0 0 0 0 94 0 192 6271
escape 0 0 0 0 47 0 98 3135
escape 0 0 0 0 69 0 145 3135
escape 0 0 0 0 47 0 98 3135
escape 0 0 0 0 69 0 145 3135
escape 0 0 0 0 47 0 98 3135
escape 0 0 0 0 69 0 145 3135
escape 0 0 0 0 6 0 97 3136
escape 0 0 0 0 7 0 98 3136
escape 0 0 0 0 6 0 97 3136
escape 0 0 0 0 7 0 98 3136
escape 0 0 0 0 6 0 97 3136
escape 0 0 0 0 7 0 98 3136
escape 0 0 0 0 6 0 97 3136
escape 0 0 0 0 7 0 98 3136
escape 0 0 0 0 6 0 97 3136
escape 0 0 0 0 6 0 97 3136
escape 0 0 0 0 7 0 98 3136
escape 0 0 0 0 6 0 97 3136
escape 0 0 0 0 7 0 98 3136
escape 0 0 0 0 6 0 97 3136
escape 0 0 0 0 7 0 98 3136
escape 0 0 0 0 6 0 97 3136
escape 0 0 0 0 7 0 98 3136
escape 0 0 0 0 6 0 97 3136
escape 0 0 0 0 7 0 98 3136
escape 0 0 0 0 6 0 97 3136
escape 0 0 0 0 6 0 97 3136
escape 0 0 0 0 7 0 98 3136
escape 0 0 0 0 6 0 97 3136
escape 0 0 0 0 6 0 145 3136
escape 0 0 0 0 75 0 144 3135
unres 0 0 0 0 16 0 118 30000
escape 0 0 0 0 34 0 68 3107
escape 0 0 0 0 6 0 97 3136
escape 0 0 0 0 6 0 97 3136
escape 0 0 0 0 72 0 143 3199
escape 0 0 0 0 96 0 190 3199
escape 0 0 0 0 11 0 97 3137
escape 0 0 0 0 11 0 97 3137
escape 0 0 0 0 16 0 145 3137
unres 0 0 0 0 16 0 100 30000
escape 0 0 0 0 11 0 97 3137
escape 0 0 0 0 13 0 140 3266
escape 0 0 0 0 22 0 186 3266
escape 0 0 0 0 6 0 97 3136
escape 0 0 0 0 6 0 97 3136
escape 0 0 0 0 6 0 97 3136
escape 0 0 0 0 6 0 97 3136
escape 0 0 0 0 6 0 97 3136
escape 0 0 0 0 6 0 97 3136
escape 0 0 0 0 7 0 96 3135
escape 0 0 0 0 7 0 96 3135
escape 0 0 0 0 8 0 143 3135
unres 0 0 0 0 26 0 127 30000
unres 0 0 0 0 30 0 98 30000
escape 0 0 0 0 33 0 69 3106
escape 0 0 0 0 7 0 96 3135
escape 0 0 0 0 74 0 145 3134
escape 0 0 0 0 7 0 96 3135
escape 0 0 0 0 46 0 97 3135
escape 0 0 0 0 68 0 144 3135
escape 0 0 0 0 68 0 145 3135
escape 0 0 0 0 90 0 192 3135
escape 0 0 0 0 46 0 97 3135
escape 0 0 0 0 68 0 144 3135
escape 0 0 0 0 68 0 145 3135
escape 0 0 0 0 90 0 192 3135
escape 0 0 0 0 46 0 97 3135
escape 0 0 0 0 68 0 144 3135
escape 0 0 0 0 68 0 145 3135
escape 0 0 0 0 90 0 192 3135
escape 0 0 0 0 46 0 97 3135
escape 0 0 0 0 68 0 144 3135
escape 0 0 0 0 68 0 145 3135
escape 0 0 0 0 90 0 192 3135
escape 0 0 0 0 73 0 143 3199
escape 0 0 0 0 96 0 190 3199
escape 0 0 0 0 57 0 61 3512
escape 0 0 0 0 86 0 89 3512
unres 0 0 0 0 188 0 242 30000
unres 0 0 0 0 24 0 80 30000
escape 0 0 0 0 52 0 61 5473
escape 0 0 0 0 6 0 97 3136
escape 0 0 0 0 6 0 97 3136
escape 0 0 0 0 6 0 97 3136
escape 0 0 0 0 6 0 97 3136
escape 0 0 0 0 6 0 97 3136
escape 0 0 0 0 6 0 97 3136
escape 0 0 0 0 6 0 97 6272
escape 0 0 0 0 48 0 97 6271
escape 0 0 0 0 9 0 145 6272
escape 0 0 0 0 71 0 145 6271
escape 0 0 0 0 7 0 145 6272
escape 0 0 0 0 71 0 145 6271
escape 0 0 0 0 10 0 192 6272
escape 0 0 0 0 94 0 192 6271
escape 0 0 0 0 6 0 97 6272
escape 0 0 0 0 48 0 97 6271
escape 0 0 0 0 9 0 145 6272
escape 0 0 0 0 71 0 145 6271
escape 0 0 0 0 7 0 145 6272
escape 0 0 0 0 71 0 145 6271
escape 0 0 0 0 10 0 192 6272
escape 0 0 0 0 94 0 192 6271
escape 0 0 0 0 6 0 97 6272
escape 0 0 0 0 48 0 97 6271
escape 0 0 0 0 9 0 145 6272
escape 0 0 0 0 71 0 145 6271
escape 0 0 0 0 7 0 145 6272
escape 0 0 0 0 71 0 145 6271
escape 0 0 0 0 10 0 192 6272
escape 0 0 0 0 94 0 192 6271
escape 0 0 0 0 72 0 143 3199
escape 0 0 0 0 96 0 190 3199
escape 0 0 0 0 71 0 145 6271
escape 0 0 0 0 71 0 145 6271
escape 0 0 0 0 94 0 192 6271
escape 0 0 0 0 71 0 145 6271
escape 0 0 0 0 71 0 145 6271
escape 0 0 0 0 94 0 192 6271
escape 0 0 0 0 71 0 145 6271
escape 0 0 0 0 71 0 145 6271
escape 0 0 0 0 94 0 192 6271
escape 0 0 0 0 6 0 97 6272
escape 0 0 0 0 48 0 97 6271
escape 0 0 0 0 9 0 145 6272
escape 0 0 0 0 71 0 145 6271
escape 0 0 0 0 7 0 145 6272
escape 0 0 0 0 71 0 145 6271
escape 0 0 0 0 10 0 192 6272
escape 0 0 0 0 94 0 192 6271
escape 0 0 0 0 6 0 97 6272
escape 0 0 0 0 48 0 97 6271
escape 0 0 0 0 9 0 145 6272
escape 0 0 0 0 71 0 145 6271
escape 0 0 0 0 7 0 145 6272
escape 0 0 0 0 71 0 145 6271
escape 0 0 0 0 10 0 192 6272
escape 0 0 0 0 94 0 192 6271
escape 0 0 0 0 6 0 97 6272
escape 0 0 0 0 48 0 97 6271
escape 0 0 0 0 9 0 145 6272
escape 0 0 0 0 71 0 145 6271
escape 0 0 0 0 7 0 145 6272
escape 0 0 0 0 71 0 145 6271
escape 0 0 0 0 10 0 192 6272
escape 0 0 0 0 94 0 192 6271
escape 0 0 0 0 52 0 61 5473
escape 0 0 0 0 47 0 98 3135
escape 0 0 0 0 47 0 98 3135
escape 0 0 0 0 47 0 98 3135
escape 0 0 0 0 47 0 98 3135
escape 0 0 0 0 69 0 147 3135
escape 0 0 0 0 46 0 97 3135
escape 0 0 0 0 68 0 144 3135
escape 0 0 0 0 46 0 97 3135
escape 0 0 0 0 68 0 144 3135
escape 0 0 0 0 46 0 97 3135
escape 0 0 0 0 68 0 144 3135
escape 0 0 0 0 46 0 97 3135
escape 0 0 0 0 68 0 144 3135
escape 0 0 0 0 6 0 97 3136
escape 0 0 0 0 6 0 97 3136
escape 0 0 0 0 6 0 97 3136
escape 0 0 0 0 6 0 97 3136
escape 0 0 0 0 6 0 97 3136
escape 0 0 0 0 6 0 97 3136
escape 0 0 0 0 57 0 61 3512
escape 0 0 0 0 86 0 89 3512
escape 0 0 0 0 7 0 96 3135
escape 0 0 0 0 8 0 143 3135
unres 0 0 0 0 26 0 127 30000
unres 0 0 0 0 30 0 98 30000
escape 0 0 0 0 7 0 96 3135
escape 0 0 0 0 33 0 69 3106
escape 0 0 0 0 7 0 96 3135
escape 0 0 0 0 7 0 96 3135
escape 0 0 0 0 74 0 145 3134
escape 0 0 0 0 46 0 97 3135
escape 0 0 0 0 68 0 144 3135
escape 0 0 0 0 68 0 145 3135
escape 0 0 0 0 90 0 192 3135
escape 0 0 0 0 46 0 97 3135
escape 0 0 0 0 68 0 144 3135
escape 0 0 0 0 68 0 145 3135
escape 0 0 0 0 90 0 192 3135
escape 0 0 0 0 46 0 97 3135
escape 0 0 0 0 68 0 144 3135
escape 0 0 0 0 68 0 145 3135
escape 0 0 0 0 90 0 192 3135
escape 0 0 0 0 46 0 97 3135
escape 0 0 0 0 68 0 144 3135
escape 0 0 0 0 68 0 145 3135
escape 0 0 0 0 90 0 192 3135
escape 0 0 0 0 73 0 143 3199
escape 0 0 0 0 96 0 190 3199
unres 0 0 0 0 188 0 242 30000
unres 0 0 0 0 24 0 80 30000
escape 0 0 0 0 52 0 61 5473
escape 0 0 0 0 6 0 97 3136
escape 0 0 0 0 6 0 97 3136
escape 0 0 0 0 6 0 97 3136
escape 0 0 0 0 6 0 97 3136
escape 0 0 0 0 6 0 97 3136
escape 0 0 0 0 6 0 97 3136
escape 0 0 0 0 71 0 145 6271
escape 0 0 0 0 71 0 145 6271
escape 0 0 0 0 94 0 192 6271
escape 0 0 0 0 71 0 145 6271
escape 0 0 0 0 71 0 145 6271
escape 0 0 0 0 94 0 192 6271
escape 0 0 0 0 71 0 145 6271
escape 0 0 0 0 71 0 145 6271
escape 0 0 0 0 94 0 192 6271
escape 0 0 0 0 6 0 97 6272
escape 0 0 0 0 48 0 97 6271
escape 0 0 0 0 6 0 97 6270
escape 0 0 0 0 9 0 145 6272
escape 0 0 0 0 71 0 145 6271
escape 0 0 0 0 9 0 145 6270
escape 0 0 0 0 7 0 145 6272
escape 0 0 0 0 71 0 145 6271
escape 0 0 0 0 10 0 192 6272
escape 0 0 0 0 94 0 192 6271
escape 0 0 0 0 6 0 97 6272
escape 0 0 0 0 48 0 97 6271
escape 0 0 0 0 6 0 97 6270
escape 0 0 0 0 9 0 145 6272
escape 0 0 0 0 71 0 145 6271
escape 0 0 0 0 9 0 145 6270
escape 0 0 0 0 7 0 145 6272
escape 0 0 0 0 71 0 145 6271
escape 0 0 0 0 10 0 192 6272
escape 0 0 0 0 94 0 192 6271
escape 0 0 0 0 6 0 97 6272
escape 0 0 0 0 48 0 97 6271
escape 0 0 0 0 6 0 97 6270
escape 0 0 0 0 9 0 145 6272
escape 0 0 0 0 71 0 145 6271
escape 0 0 0 0 9 0 145 6270
escape 0 0 0 0 7 0 145 6272
escape 0 0 0 0 71 0 145 6271
escape 0 0 0 0 10 0 192 6272
escape 0 0 0 0 94 0 192 6271
escape 0 0 0 0 52 0 61 5473
escape 0 0 0 0 47 0 98 3135
escape 0 0 0 0 47 0 98 3135
escape 0 0 0 0 47 0 98 3135
escape 0 0 0 0 69 0 147 3135
escape 0 0 0 0 47 0 98 3135
escape 0 0 0 0 46 0 97 3135
escape 0 0 0 0 68 0 144 3135
escape 0 0 0 0 46 0 97 3135
escape 0 0 0 0 68 0 144 3135
escape 0 0 0 0 46 0 97 3135
escape 0 0 0 0 68 0 144 3135
escape 0 0 0 0 46 0 97 3135
escape 0 0 0 0 68 0 144 3135
escape 0 0 0 0 72 0 143 3199
escape 0 0 0 0 96 0 190 3199
escape 0 0 0 0 6 0 97 6272
escape 0 0 0 0 48 0 97 6271
escape 0 0 0 0 25 0 98 6268
escape 0 0 0 0 9 0 145 6272
escape 0 0 0 0 71 0 145 6271
escape 0 0 0 0 40 0 146 6268
escape 0 0 0 0 7 0 145 6272
escape 0 0 0 0 71 0 145 6271
escape 0 0 0 0 32 0 146 6268
escape 0 0 0 0 10 0 192 6272
escape 0 0 0 0 94 0 192 6271
escape 0 0 0 0 47 0 193 6268
escape 0 0 0 0 6 0 97 6272
escape 0 0 0 0 48 0 97 6271
escape 0 0 0 0 25 0 98 6268
escape 0 0 0 0 9 0 145 6272
escape 0 0 0 0 71 0 145 6271
escape 0 0 0 0 40 0 146 6268
escape 0 0 0 0 7 0 145 6272
escape 0 0 0 0 71 0 145 6271
escape 0 0 0 0 32 0 146 6268
escape 0 0 0 0 10 0 192 6272
escape 0 0 0 0 94 0 192 6271
escape 0 0 0 0 47 0 193 6268
escape 0 0 0 0 6 0 97 6272
escape 0 0 0 0 48 0 97 6271
escape 0 0 0 0 25 0 98 6268
escape 0 0 0 0 9 0 145 6272
escape 0 0 0 0 71 0 145 6271
escape 0 0 0 0 40 0 146 6268
escape 0 0 0 0 7 0 145 6272
escape 0 0 0 0 71 0 145 6271
escape 0 0 0 0 32 0 146 6268
escape 0 0 0 0 10 0 192 6272
escape 0 0 0 0 94 0 192 6271
escape 0 0 0 0 47 0 193 6268
unres 0 0 0 0 10 0 54 30000
unres 0 0 0 0 13 0 80 30000
unres 0 0 0 0 14 0 79 30000
unres 0 0 0 0 17 0 105 30000
unres 0 0 0 0 10 0 54 30000
unres 0 0 0 0 13 0 80 30000
unres 0 0 0 0 14 0 79 30000
unres 0 0 0 0 17 0 105 30000
unres 0 0 0 0 10 0 54 30000
unres 0 0 0 0 13 0 80 30000
unres 0 0 0 0 14 0 79 30000
unres 0 0 0 0 17 0 105 30000
unres 0 0 0 0 61 0 89 30000
escape 0 0 0 0 6 0 97 3136
escape 0 0 0 0 6 0 97 3136
escape 0 0 0 0 6 0 97 3136
escape 0 0 0 0 6 0 97 3136
escape 0 0 0 0 6 0 97 3136
escape 0 0 0 0 6 0 97 3136
escape 0 0 0 0 6 0 97 6272
escape 0 0 0 0 48 0 97 6271
escape 0 0 0 0 9 0 145 6272
escape 0 0 0 0 71 0 145 6271
escape 0 0 0 0 7 0 145 6272
escape 0 0 0 0 71 0 145 6271
escape 0 0 0 0 10 0 192 6272
escape 0 0 0 0 94 0 192 6271
escape 0 0 0 0 6 0 97 6272
escape 0 0 0 0 48 0 97 6271
escape 0 0 0 0 9 0 145 6272
escape 0 0 0 0 71 0 145 6271
escape 0 0 0 0 7 0 145 6272
escape 0 0 0 0 71 0 145 6271
escape 0 0 0 0 10 0 192 6272
escape 0 0 0 0 94 0 192 6271
escape 0 0 0 0 6 0 97 6272
escape 0 0 0 0 48 0 97 6271
escape 0 0 0 0 9 0 145 6272
escape 0 0 0 0 71 0 145 6271
escape 0 0 0 0 7 0 145 6272
escape 0 0 0 0 71 0 145 6271
escape 0 0 0 0 10 0 192 6272
escape 0 0 0 0 94 0 192 6271
escape 0 0 0 0 47 0 98 3135
escape 0 0 0 0 47 0 98 3135
escape 0 0 0 0 47 0 98 3135
escape 0 0 0 0 47 0 98 3135
escape 0 0 0 0 46 0 97 3135
escape 0 0 0 0 68 0 144 3135
escape 0 0 0 0 46 0 97 3135
escape 0 0 0 0 68 0 144 3135
escape 0 0 0 0 46 0 97 3135
escape 0 0 0 0 68 0 144 3135
escape 0 0 0 0 46 0 97 3135
escape 0 0 0 0 68 0 144 3135
escape 0 0 0 0 192 0 202 9371
escape 0 0 0 0 236 0 277 3135
escape 0 0 0 0 71 0 145 6271
escape 0 0 0 0 71 0 145 6271
escape 0 0 0 0 94 0 192 6271
escape 0 0 0 0 71 0 145 6271
escape 0 0 0 0 71 0 145 6271
escape 0 0 0 0 94 0 192 6271
escape 0 0 0 0 71 0 145 6271
escape 0 0 0 0 71 0 145 6271
escape 0 0 0 0 94 0 192 6271
escape 0 0 0 0 6 0 97 6272
escape 0 0 0 0 48 0 97 6271
escape 0 0 0 0 9 0 145 6272
escape 0 0 0 0 71 0 145 6271
escape 0 0 0 0 7 0 145 6272
escape 0 0 0 0 71 0 145 6271
escape 0 0 0 0 10 0 192 6272
escape 0 0 0 0 94 0 192 6271
escape 0 0 0 0 6 0 97 6272
escape 0 0 0 0 48 0 97 6271
escape 0 0 0 0 9 0 145 6272
escape 0 0 0 0 71 0 145 6271
escape 0 0 0 0 7 0 145 6272
escape 0 0 0 0 71 0 145 6271
escape 0 0 0 0 10 0 192 6272
escape 0 0 0 0 94 0 192 6271
escape 0 0 0 0 6 0 97 6272
escape 0 0 0 0 48 0 97 6271
escape 0 0 0 0 9 0 145 6272
escape 0 0 0 0 71 0 145 6271
escape 0 0 0 0 7 0 145 6272
escape 0 0 0 0 71 0 145 6271
escape 0 0 0 0 10 0 192 6272
escape 0 0 0 0 94 0 192 6271
escape 0 0 0 0 47 0 98 3135
unres 0 0 0 0 25 0 237 30000
escape 0 0 0 0 47 0 98 3135
escape 0 0 0 0 47 0 98 3135
escape 0 0 0 0 166 0 211 3135
escape 0 0 0 0 47 0 98 3135
escape 0 0 0 0 46 0 170 3134
escape 0 0 0 0 46 0 97 3135
escape 0 0 0 0 68 0 144 3135
escape 0 0 0 0 46 0 97 3135
escape 0 0 0 0 68 0 144 3135
escape 0 0 0 0 46 0 97 3135
escape 0 0 0 0 68 0 144 3135
escape 0 0 0 0 46 0 97 3135
escape 0 0 0 0 68 0 144 3135
escape 0 0 0 0 14 0 138 3265
escape 0 0 0 0 24 0 182 3265
unres 0 0 0 0 16 0 129 30000
escape 0 0 0 0 6 0 97 3136
escape 0 0 0 0 6 0 97 3136
escape 0 0 0 0 6 0 97 3136
escape 0 0 0 0 6 0 97 3136
escape 0 0 0 0 6 0 97 3136
escape 0 0 0 0 6 0 97 3136
escape 0 0 0 0 71 0 145 6271
escape 0 0 0 0 71 0 145 6271
escape 0 0 0 0 94 0 192 6271
escape 0 0 0 0 71 0 145 6271
escape 0 0 0 0 71 0 145 6271
escape 0 0 0 0 94 0 192 6271
escape 0 0 0 0 71 0 145 6271
escape 0 0 0 0 71 0 145 6271
escape 0 0 0 0 94 0 192 6271
escape 0 0 0 0 6 0 97 6272
escape 0 0 0 0 48 0 97 6271
escape 0 0 0 0 6 0 97 6270
escape 0 0 0 0 9 0 145 6272
escape 0 0 0 0 71 0 145 6271
escape 0 0 0 0 9 0 145 6270
escape 0 0 0 0 7 0 145 6272
escape 0 0 0 0 71 0 145 6271
escape 0 0 0 0 10 0 192 6272
escape 0 0 0 0 94 0 192 6271
escape 0 0 0 0 6 0 97 6272
escape 0 0 0 0 48 0 97 6271
escape 0 0 0 0 6 0 97 6270
escape 0 0 0 0 9 0 145 6272
escape 0 0 0 0 71 0 145 6271
escape 0 0 0 0 9 0 145 6270
escape 0 0 0 0 7 0 145 6272
escape 0 0 0 0 71 0 145 6271
escape 0 0 0 0 10 0 192 6272
escape 0 0 0 0 94 0 192 6271
escape 0 0 0 0 6 0 97 6272
escape 0 0 0 0 48 0 97 6271
escape 0 0 0 0 6 0 97 6270
escape 0 0 0 0 9 0 145 6272
escape 0 0 0 0 71 0 145 6271
escape 0 0 0 0 9 0 145 6270
escape 0 0 0 0 7 0 145 6272
escape 0 0 0 0 71 0 145 6271
escape 0 0 0 0 10 0 192 6272
escape 0 0 0 0 94 0 192 6271
escape 0 0 0 0 47 0 98 3135
escape 0 0 0 0 47 0 98 3135
escape 0 0 0 0 47 0 98 3135
escape 0 0 0 0 46 0 170 3134
escape 0 0 0 0 47 0 98 3135
escape 0 0 0 0 166 0 211 3135
escape 0 0 0 0 46 0 97 3135
escape 0 0 0 0 68 0 144 3135
escape 0 0 0 0 46 0 97 3135
escape 0 0 0 0 68 0 144 3135
escape 0 0 0 0 46 0 97 3135
escape 0 0 0 0 68 0 144 3135
escape 0 0 0 0 46 0 97 3135
escape 0 0 0 0 68 0 144 3135
escape 0 0 0 0 6 0 97 6272
escape 0 0 0 0 48 0 97 6271
escape 0 0 0 0 25 0 98 6268
escape 0 0 0 0 9 0 145 6272
escape 0 0 0 0 71 0 145 6271
escape 0 0 0 0 40 0 146 6268
escape 0 0 0 0 7 0 145 6272
escape 0 0 0 0 71 0 145 6271
escape 0 0 0 0 32 0 146 6268
escape 0 0 0 0 10 0 192 6272
escape 0 0 0 0 94 0 192 6271
escape 0 0 0 0 47 0 193 6268
escape 0 0 0 0 6 0 97 6272
escape 0 0 0 0 48 0 97 6271
escape 0 0 0 0 25 0 98 6268
escape 0 0 0 0 9 0 145 6272
escape 0 0 0 0 71 0 145 6271
escape 0 0 0 0 40 0 146 6268
escape 0 0 0 0 7 0 145 6272
escape 0 0 0 0 71 0 145 6271
escape 0 0 0 0 32 0 146 6268
escape 0 0 0 0 10 0 192 6272
escape 0 0 0 0 94 0 192 6271
escape 0 0 0 0 47 0 193 6268
escape 0 0 0 0 6 0 97 6272
escape 0 0 0 0 48 0 97 6271
escape 0 0 0 0 25 0 98 6268
escape 0 0 0 0 9 0 145 6272
escape 0 0 0 0 71 0 145 6271
escape 0 0 0 0 40 0 146 6268
escape 0 0 0 0 7 0 145 6272
escape 0 0 0 0 71 0 145 6271
escape 0 0 0 0 32 0 146 6268
escape 0 0 0 0 10 0 192 6272
escape 0 0 0 0 94 0 192 6271
escape 0 0 0 0 47 0 193 6268
unres 0 0 0 0 10 0 54 30000
unres 0 0 0 0 13 0 80 30000
unres 0 0 0 0 14 0 79 30000
unres 0 0 0 0 17 0 105 30000
unres 0 0 0 0 10 0 54 30000
unres 0 0 0 0 13 0 80 30000
unres 0 0 0 0 14 0 79 30000
unres 0 0 0 0 17 0 105 30000
unres 0 0 0 0 10 0 54 30000
unres 0 0 0 0 13 0 80 30000
unres 0 0 0 0 14 0 79 30000
unres 0 0 0 0 17 0 105 30000
escape 0 0 0 0 47 0 98 3135
escape 0 0 0 0 47 0 98 3135
escape 0 0 0 0 47 0 98 3135
escape 0 0 0 0 47 0 98 3135
escape 0 0 0 0 46 0 97 3135
escape 0 0 0 0 68 0 144 3135
escape 0 0 0 0 46 0 97 3135
escape 0 0 0 0 68 0 144 3135
escape 0 0 0 0 46 0 97 3135
escape 0 0 0 0 68 0 144 3135
escape 0 0 0 0 46 0 97 3135
escape 0 0 0 0 68 0 144 3135
escape 0 0 0 0 192 0 202 9371
escape 0 0 0 0 236 0 277 3135
escape 0 0 0 0 237 0 278 3135
escape 0 0 0 0 14 0 138 3265
escape 0 0 0 0 24 0 182 3265
unres 0 0 0 0 16 0 129 30000
escape 0 0 0 0 6 0 97 6272
escape 0 0 0 0 48 0 97 6271
escape 0 0 0 0 9 0 145 6272
escape 0 0 0 0 71 0 145 6271
escape 0 0 0 0 7 0 145 6272
escape 0 0 0 0 71 0 145 6271
escape 0 0 0 0 10 0 192 6272
escape 0 0 0 0 94 0 192 6271
escape 0 0 0 0 6 0 97 6272
escape 0 0 0 0 48 0 97 6271
escape 0 0 0 0 9 0 145 6272
escape 0 0 0 0 71 0 145 6271
escape 0 0 0 0 7 0 145 6272
escape 0 0 0 0 71 0 145 6271
escape 0 0 0 0 10 0 192 6272
escape 0 0 0 0 94 0 192 6271
escape 0 0 0 0 6 0 97 6272
escape 0 0 0 0 48 0 97 6271
escape 0 0 0 0 9 0 145 6272
escape 0 0 0 0 71 0 145 6271
escape 0 0 0 0 7 0 145 6272
escape 0 0 0 0 71 0 145 6271
escape 0 0 0 0 10 0 192 6272
escape 0 0 0 0 94 0 192 6271
escape 0 0 0 0 71 0 145 6271
escape 0 0 0 0 71 0 145 6271
escape 0 0 0 0 94 0 192 6271
escape 0 0 0 0 71 0 145 6271
escape 0 0 0 0 71 0 145 6271
escape 0 0 0 0 94 0 192 6271
escape 0 0 0 0 71 0 145 6271
escape 0 0 0 0 71 0 145 6271
escape 0 0 0 0 94 0 192 6271
escape 0 0 0 0 6 0 97 6272
escape 0 0 0 0 48 0 97 6271
escape 0 0 0 0 6 0 97 6270
escape 0 0 0 0 9 0 145 6272
escape 0 0 0 0 71 0 145 6271
escape 0 0 0 0 9 0 145 6270
escape 0 0 0 0 7 0 145 6272
escape 0 0 0 0 71 0 145 6271
escape 0 0 0 0 10 0 192 6272
escape 0 0 0 0 94 0 192 6271
escape 0 0 0 0 6 0 97 6272
escape 0 0 0 0 48 0 97 6271
escape 0 0 0 0 6 0 97 6270
escape 0 0 0 0 9 0 145 6272
escape 0 0 0 0 71 0 145 6271
escape 0 0 0 0 9 0 145 6270
escape 0 0 0 0 7 0 145 6272
escape 0 0 0 0 71 0 145 6271
escape 0 0 0 0 10 0 192 6272
escape 0 0 0 0 94 0 192 6271
escape 0 0 0 0 6 0 97 6272
escape 0 0 0 0 48 0 97 6271
escape 0 0 0 0 6 0 97 6270
escape 0 0 0 0 9 0 145 6272
escape 0 0 0 0 71 0 145 6271
escape 0 0 0 0 9 0 145 6270
escape 0 0 0 0 7 0 145 6272
escape 0 0 0 0 71 0 145 6271
escape 0 0 0 0 10 0 192 6272
escape 0 0 0 0 94 0 192 6271
escape 0 0 0 0 71 0 145 6271
escape 0 0 0 0 71 0 145 6271
escape 0 0 0 0 94 0 192 6271
escape 0 0 0 0 71 0 145 6271
escape 0 0 0 0 71 0 145 6271
escape 0 0 0 0 94 0 192 6271
escape 0 0 0 0 71 0 145 6271
escape 0 0 0 0 71 0 145 6271
escape 0 0 0 0 94 0 192 6271
escape 0 0 0 0 6 0 97 6272
escape 0 0 0 0 48 0 97 6271
escape 0 0 0 0 9 0 145 6272
escape 0 0 0 0 71 0 145 6271
escape 0 0 0 0 7 0 145 6272
escape 0 0 0 0 71 0 145 6271
escape 0 0 0 0 10 0 192 6272
escape 0 0 0 0 94 0 192 6271
escape 0 0 0 0 6 0 97 6272
escape 0 0 0 0 48 0 97 6271
escape 0 0 0 0 9 0 145 6272
escape 0 0 0 0 71 0 145 6271
escape 0 0 0 0 7 0 145 6272
escape 0 0 0 0 71 0 145 6271
escape 0 0 0 0 10 0 192 6272
escape 0 0 0 0 94 0 192 6271
escape 0 0 0 0 6 0 97 6272
escape 0 0 0 0 48 0 97 6271
escape 0 0 0 0 9 0 145 6272
escape 0 0 0 0 71 0 145 6271
escape 0 0 0 0 7 0 145 6272
escape 0 0 0 0 71 0 145 6271
escape 0 0 0 0 10 0 192 6272
escape 0 0 0 0 94 0 192 6271
escape 0 0 0 0 6 0 97 6272
escape 0 0 0 0 48 0 97 6271
escape 0 0 0 0 25 0 98 6268
escape 0 0 0 0 9 0 145 6272
escape 0 0 0 0 71 0 145 6271
escape 0 0 0 0 40 0 146 6268
escape 0 0 0 0 7 0 145 6272
escape 0 0 0 0 71 0 145 6271
escape 0 0 0 0 32 0 146 6268
escape 0 0 0 0 10 0 192 6272
escape 0 0 0 0 94 0 192 6271
escape 0 0 0 0 47 0 193 6268
escape 0 0 0 0 6 0 97 6272
escape 0 0 0 0 48 0 97 6271
escape 0 0 0 0 25 0 98 6268
escape 0 0 0 0 9 0 145 6272
escape 0 0 0 0 71 0 145 6271
escape 0 0 0 0 40 0 146 6268
escape 0 0 0 0 7 0 145 6272
escape 0 0 0 0 71 0 145 6271
escape 0 0 0 0 32 0 146 6268
escape 0 0 0 0 10 0 192 6272
escape 0 0 0 0 94 0 192 6271
escape 0 0 0 0 47 0 193 6268
escape 0 0 0 0 6 0 97 6272
escape 0 0 0 0 48 0 97 6271
escape 0 0 0 0 25 0 98 6268
escape 0 0 0 0 9 0 145 6272
escape 0 0 0 0 71 0 145 6271
escape 0 0 0 0 40 0 146 6268
escape 0 0 0 0 7 0 145 6272
escape 0 0 0 0 71 0 145 6271
escape 0 0 0 0 32 0 146 6268
escape 0 0 0 0 10 0 192 6272
escape 0 0 0 0 94 0 192 6271
escape 0 0 0 0 47 0 193 6268
unres 0 0 0 0 10 0 54 30000
unres 0 0 0 0 13 0 80 30000
unres 0 0 0 0 14 0 79 30000
unres 0 0 0 0 17 0 105 30000
unres 0 0 0 0 10 0 54 30000
unres 0 0 0 0 13 0 80 30000
unres 0 0 0 0 14 0 79 30000
unres 0 0 0 0 17 0 105 30000
unres 0 0 0 0 10 0 54 30000
unres 0 0 0 0 13 0 80 30000
unres 0 0 0 0 14 0 79 30000
unres 0 0 0 0 17 0 105 30000
escape 0 0 0 0 7 0 98 3136
escape 0 0 0 0 7 0 98 3136
escape 0 0 0 0 7 0 98 3136
escape 0 0 0 0 7 0 98 3136
escape 0 0 0 0 7 0 98 3136
escape 0 0 0 0 7 0 98 3136
escape 0 0 0 0 7 0 97 6272
escape 0 0 0 0 10 0 144 6272
escape 0 0 0 0 8 0 143 6272
escape 0 0 0 0 11 0 189 6272
escape 0 0 0 0 7 0 97 6272
escape 0 0 0 0 10 0 144 6272
escape 0 0 0 0 8 0 143 6272
escape 0 0 0 0 11 0 189 6272
escape 0 0 0 0 7 0 97 6272
escape 0 0 0 0 10 0 144 6272
escape 0 0 0 0 8 0 143 6272
escape 0 0 0 0 11 0 189 6272
escape 0 0 0 0 9 0 145 6272
escape 0 0 0 0 9 0 145 6272
escape 0 0 0 0 10 0 192 6272
escape 0 0 0 0 9 0 145 6272
escape 0 0 0 0 9 0 145 6272
escape 0 0 0 0 10 0 192 6272
escape 0 0 0 0 9 0 145 6272
escape 0 0 0 0 9 0 145 6272
escape 0 0 0 0 10 0 192 6272
escape 0 0 0 0 49 0 147 3136
escape 0 0 0 0 28 0 138 3267
escape 0 0 0 0 37 0 181 3267
escape 0 0 0 0 49 0 98 6271
escape 0 0 0 0 72 0 146 6271
escape 0 0 0 0 72 0 146 6271
escape 0 0 0 0 95 0 193 6271
escape 0 0 0 0 49 0 98 6271
escape 0 0 0 0 72 0 146 6271
escape 0 0 0 0 72 0 146 6271
escape 0 0 0 0 95 0 193 6271
escape 0 0 0 0 49 0 98 6271
escape 0 0 0 0 72 0 146 6271
escape 0 0 0 0 72 0 146 6271
escape 0 0 0 0 95 0 193 6271
escape 0 0 0 0 72 0 146 6271
escape 0 0 0 0 72 0 146 6271
escape 0 0 0 0 95 0 193 6271
escape 0 0 0 0 72 0 146 6271
escape 0 0 0 0 72 0 146 6271
escape 0 0 0 0 95 0 193 6271
escape 0 0 0 0 72 0 146 6271
escape 0 0 0 0 72 0 146 6271
escape 0 0 0 0 95 0 193 6271
escape 0 0 0 0 53 0 62 5473
escape 0 0 0 0 119 0 126 16367
escape 0 0 0 0 119 0 126 16367
escape 0 0 0 0 161 0 167 16367
escape 0 0 0 0 119 0 126 16367
escape 0 0 0 0 119 0 126 16367
escape 0 0 0 0 161 0 167 16367
escape 0 0 0 0 119 0 126 16367
escape 0 0 0 0 119 0 126 16367
escape 0 0 0 0 161 0 167 16367
escape 0 0 0 0 48 0 99 3135
escape 0 0 0 0 47 0 98 3135
escape 0 0 0 0 48 0 99 3135
escape 0 0 0 0 48 0 99 3135
escape 0 0 0 0 47 0 98 3135
escape 0 0 0 0 69 0 145 3135
escape 0 0 0 0 47 0 98 3135
escape 0 0 0 0 69 0 145 3135
escape 0 0 0 0 47 0 98 3135
escape 0 0 0 0 69 0 145 3135
escape 0 0 0 0 47 0 98 3135
escape 0 0 0 0 69 0 145 3135
escape 0 0 0 0 22 0 146 3198
escape 0 0 0 0 18 0 139 3263
escape 0 0 0 0 22 0 146 3198
escape 0 0 0 0 18 0 139 3263
escape 0 0 0 0 22 0 146 3198
escape 0 0 0 0 18 0 139 3263
escape 0 0 0 0 18 0 139 3263
escape 0 0 0 0 71 0 75 16359
escape 0 0 0 0 71 0 75 16359
escape 0 0 0 0 71 0 75 16359
escape 0 0 0 0 71 0 75 16359
escape 0 0 0 0 7 0 96 3200
escape 0 0 0 0 12 0 134 3272
escape 0 0 0 0 11 0 142 3200
escape 0 0 0 0 43 0 157 3316
escape 0 0 0 0 7 0 96 3200
escape 0 0 0 0 11 0 142 3200
escape 0 0 0 0 7 0 96 3200
escape 0 0 0 0 11 0 142 3200
escape 0 0 0 0 12 0 89 3272
escape 0 0 0 0 20 0 132 3272
escape 0 0 0 0 12 0 89 3272
escape 0 0 0 0 20 0 132 3272
escape 0 0 0 0 12 0 89 3272
escape 0 0 0 0 20 0 132 3272
unres 0 0 0 0 10 0 54 30000
unres 0 0 0 0 14 0 79 30000
unres 0 0 0 0 13 0 80 30000
unres 0 0 0 0 17 0 105 30000
unres 0 0 0 0 10 0 54 30000
unres 0 0 0 0 14 0 79 30000
unres 0 0 0 0 13 0 80 30000
unres 0 0 0 0 17 0 105 30000
unres 0 0 0 0 10 0 54 30000
unres 0 0 0 0 14 0 79 30000
unres 0 0 0 0 13 0 80 30000
unres 0 0 0 0 17 0 105 30000
escape 0 0 0 0 6 0 97 3136
escape 0 0 0 0 7 0 96 3136
escape 0 0 0 0 6 0 97 3136
escape 0 0 0 0 7 0 96 3136
escape 0 0 0 0 6 0 145 3136
escape 0 0 0 0 75 0 144 3135
unres 0 0 0 0 22 0 127 30000
unres 0 0 0 0 16 0 118 30000
escape 0 0 0 0 6 0 97 3136
escape 0 0 0 0 7 0 96 3136
escape 0 0 0 0 11 0 146 3136
escape 0 0 0 0 74 0 145 3135
escape 0 0 0 0 34 0 68 3107
escape 0 0 0 0 33 0 69 3107
escape 0 0 0 0 6 0 97 3136
escape 0 0 0 0 7 0 96 3136
escape 0 0 0 0 72 0 143 3199
escape 0 0 0 0 96 0 190 3199
escape 0 0 0 0 57 0 61 3512
escape 0 0 0 0 86 0 89 3512
escape 0 0 0 0 7 0 98 3136
escape 0 0 0 0 7 0 98 3136
escape 0 0 0 0 7 0 98 3136
escape 0 0 0 0 7 0 98 3136
escape 0 0 0 0 7 0 98 3136
escape 0 0 0 0 7 0 98 3136
escape 0 0 0 0 58 0 62 3512
escape 0 0 0 0 87 0 90 3512
escape 0 0 0 0 95 0 108 3643
escape 0 0 0 0 154 0 146 5167
escape 0 0 0 0 8 0 97 3135
escape 0 0 0 0 9 0 144 3135
unres 0 0 0 0 27 0 128 30000
unres 0 0 0 0 31 0 99 30000
escape 0 0 0 0 47 0 98 3135
escape 0 0 0 0 69 0 146 3135
escape 0 0 0 0 8 0 97 3135
escape 0 0 0 0 8 0 97 3135
escape 0 0 0 0 75 0 146 3134
escape 0 0 0 0 47 0 98 3135
escape 0 0 0 0 69 0 145 3135
escape 0 0 0 0 69 0 146 3135
escape 0 0 0 0 91 0 193 3135
escape 0 0 0 0 47 0 98 3135
escape 0 0 0 0 69 0 145 3135
escape 0 0 0 0 69 0 146 3135
escape 0 0 0 0 91 0 193 3135
escape 0 0 0 0 47 0 98 3135
escape 0 0 0 0 69 0 145 3135
escape 0 0 0 0 69 0 146 3135
escape 0 0 0 0 91 0 193 3135
escape 0 0 0 0 47 0 98 3135
escape 0 0 0 0 69 0 145 3135
escape 0 0 0 0 69 0 146 3135
escape 0 0 0 0 91 0 193 3135
escape 0 0 0 0 18 0 139 3263
escape 0 0 0 0 18 0 139 3263
escape 0 0 0 0 21 0 185 3263
escape 0 0 0 0 18 0 139 3263
escape 0 0 0 0 18 0 139 3263
escape 0 0 0 0 21 0 185 3263
escape 0 0 0 0 18 0 139 3263
escape 0 0 0 0 18 0 139 3263
escape 0 0 0 0 21 0 185 3263
escape 0 0 0 0 73 0 143 3199
escape 0 0 0 0 18 0 139 3263
escape 0 0 0 0 18 0 139 3263
escape 0 0 0 0 96 0 190 3199
escape 0 0 0 0 21 0 185 3263
escape 0 0 0 0 71 0 75 16359
escape 0 0 0 0 34 0 108 16360
escape 0 0 0 0 102 0 110 16359
escape 0 0 0 0 71 0 75 16359
escape 0 0 0 0 102 0 110 16359
escape 0 0 0 0 71 0 75 16359
escape 0 0 0 0 102 0 110 16359
escape 0 0 0 0 71 0 75 16359
escape 0 0 0 0 102 0 110 16359
unres 0 0 0 0 189 0 243 30000
unres 0 0 0 0 25 0 81 30000
escape 0 0 0 0 53 0 62 5473
escape 0 0 0 0 7 0 98 3136
escape 0 0 0 0 7 0 98 3136
escape 0 0 0 0 7 0 98 3136
escape 0 0 0 0 7 0 98 3136
escape 0 0 0 0 7 0 98 3136
escape 0 0 0 0 7 0 98 3136
escape 0 0 0 0 6 0 97 3136
escape 0 0 0 0 46 0 97 3135
escape 0 0 0 0 6 0 97 3136
escape 0 0 0 0 46 0 97 3135
escape 0 0 0 0 6 0 145 3136
escape 0 0 0 0 6 0 97 3136
escape 0 0 0 0 46 0 97 3135
escape 0 0 0 0 11 0 146 3136
escape 0 0 0 0 68 0 146 3135
escape 0 0 0 0 6 0 97 3136
escape 0 0 0 0 46 0 97 3135
escape 0 0 0 0 47 0 98 3135
escape 0 0 0 0 69 0 145 3135
escape 0 0 0 0 47 0 98 3135
escape 0 0 0 0 69 0 145 3135
escape 0 0 0 0 47 0 98 3135
escape 0 0 0 0 69 0 145 3135
escape 0 0 0 0 47 0 98 3135
escape 0 0 0 0 69 0 145 3135
escape 0 0 0 0 18 0 139 3264
escape 0 0 0 0 22 0 146 3199
escape 0 0 0 0 18 0 139 3264
escape 0 0 0 0 18 0 139 3264
escape 0 0 0 0 21 0 185 3264
escape 0 0 0 0 18 0 139 3264
escape 0 0 0 0 28 0 146 3136
escape 0 0 0 0 6 0 97 6272
escape 0 0 0 0 48 0 97 6270
escape 0 0 0 0 9 0 145 6272
escape 0 0 0 0 71 0 145 6270
escape 0 0 0 0 7 0 145 6272
escape 0 0 0 0 10 0 192 6272
escape 0 0 0 0 6 0 97 6272
escape 0 0 0 0 48 0 97 6270
escape 0 0 0 0 9 0 145 6272
escape 0 0 0 0 71 0 145 6270
escape 0 0 0 0 7 0 145 6272
escape 0 0 0 0 10 0 192 6272
escape 0 0 0 0 6 0 97 6272
escape 0 0 0 0 48 0 97 6270
escape 0 0 0 0 9 0 145 6272
escape 0 0 0 0 71 0 145 6270
escape 0 0 0 0 7 0 145 6272
escape 0 0 0 0 10 0 192 6272
escape 0 0 0 0 52 0 61 5474
escape 0 0 0 0 46 0 97 3135
escape 0 0 0 0 68 0 144 3135
escape 0 0 0 0 46 0 97 3135
escape 0 0 0 0 68 0 144 3135
escape 0 0 0 0 46 0 97 3135
escape 0 0 0 0 68 0 145 3135
escape 0 0 0 0 73 0 144 3199
escape 0 0 0 0 68 0 144 3135
escape 0 0 0 0 90 0 192 3135
escape 0 0 0 0 97 0 191 3199
escape 0 0 0 0 6 0 97 6272
escape 0 0 0 0 6 0 97 6271
escape 0 0 0 0 9 0 145 6272
escape 0 0 0 0 10 0 143 6399
escape 0 0 0 0 7 0 145 6272
escape 0 0 0 0 7 0 145 6271
escape 0 0 0 0 10 0 192 6272
escape 0 0 0 0 11 0 189 6399
escape 0 0 0 0 6 0 97 6272
escape 0 0 0 0 6 0 97 6271
escape 0 0 0 0 9 0 145 6272
escape 0 0 0 0 10 0 143 6399
escape 0 0 0 0 7 0 145 6272
escape 0 0 0 0 7 0 145 6271
escape 0 0 0 0 10 0 192 6272
escape 0 0 0 0 11 0 189 6399
escape 0 0 0 0 6 0 97 6272
escape 0 0 0 0 6 0 97 6271
escape 0 0 0 0 9 0 145 6272
escape 0 0 0 0 10 0 143 6399
escape 0 0 0 0 7 0 145 6272
escape 0 0 0 0 7 0 145 6271
escape 0 0 0 0 10 0 192 6272
escape 0 0 0 0 11 0 189 6399
escape 0 0 0 0 82 0 85 16367
escape 0 0 0 0 124 0 126 16367
escape 0 0 0 0 119 0 126 16367
escape 0 0 0 0 161 0 167 16367
escape 0 0 0 0 82 0 85 16367
escape 0 0 0 0 124 0 126 16367
escape 0 0 0 0 119 0 126 16367
escape 0 0 0 0 161 0 167 16367
escape 0 0 0 0 82 0 85 16367
escape 0 0 0 0 124 0 126 16367
escape 0 0 0 0 119 0 126 16367
escape 0 0 0 0 161 0 167 16367
escape 0 0 0 0 6 0 97 3136
escape 0 0 0 0 6 0 145 3136
escape 0 0 0 0 10 0 144 3136
escape 0 0 0 0 10 0 192 3136
escape 0 0 0 0 6 0 97 3136
escape 0 0 0 0 10 0 144 3136
escape 0 0 0 0 6 0 97 3136
escape 0 0 0 0 10 0 144 3136
escape 0 0 0 0 6 0 97 3136
escape 0 0 0 0 6 0 145 3136
escape 0 0 0 0 10 0 144 3136
escape 0 0 0 0 10 0 192 3136
escape 0 0 0 0 6 0 97 3136
escape 0 0 0 0 10 0 144 3136
escape 0 0 0 0 6 0 97 3136
escape 0 0 0 0 6 0 145 3136
escape 0 0 0 0 10 0 144 3136
escape 0 0 0 0 10 0 192 3136
escape 0 0 0 0 7 0 98 3136
escape 0 0 0 0 7 0 98 3136
escape 0 0 0 0 7 0 98 3136
escape 0 0 0 0 7 0 98 3136
escape 0 0 0 0 7 0 98 3136
escape 0 0 0 0 7 0 98 3136
escape 0 0 0 0 6 0 97 3136
escape 0 0 0 0 46 0 97 3135
escape 0 0 0 0 6 0 97 3136
escape 0 0 0 0 46 0 97 3135
escape 0 0 0 0 6 0 145 3136
escape 0 0 0 0 6 0 97 3136
escape 0 0 0 0 46 0 97 3135
escape 0 0 0 0 6 0 97 3136
escape 0 0 0 0 46 0 97 3135
escape 0 0 0 0 47 0 98 3135
escape 0 0 0 0 69 0 145 3135
escape 0 0 0 0 47 0 98 3135
escape 0 0 0 0 69 0 145 3135
escape 0 0 0 0 47 0 98 3135
escape 0 0 0 0 69 0 145 3135
escape 0 0 0 0 47 0 98 3135
escape 0 0 0 0 69 0 145 3135
escape 0 0 0 0 7 0 97 6272
escape 0 0 0 0 10 0 144 6272
escape 0 0 0 0 8 0 143 6272
escape 0 0 0 0 11 0 189 6272
escape 0 0 0 0 7 0 97 6272
escape 0 0 0 0 10 0 144 6272
escape 0 0 0 0 8 0 143 6272
escape 0 0 0 0 11 0 189 6272
escape 0 0 0 0 7 0 97 6272
escape 0 0 0 0 10 0 144 6272
escape 0 0 0 0 8 0 143 6272
escape 0 0 0 0 11 0 189 6272
escape 0 0 0 0 9 0 145 6272
escape 0 0 0 0 9 0 145 6272
escape 0 0 0 0 10 0 192 6272
escape 0 0 0 0 9 0 145 6272
escape 0 0 0 0 9 0 145 6272
escape 0 0 0 0 10 0 192 6272
escape 0 0 0 0 9 0 145 6272
escape 0 0 0 0 9 0 145 6272
escape 0 0 0 0 10 0 192 6272
escape 0 0 0 0 49 0 98 6271
escape 0 0 0 0 72 0 146 6271
escape 0 0 0 0 72 0 146 6271
escape 0 0 0 0 95 0 193 6271
escape 0 0 0 0 49 0 98 6271
escape 0 0 0 0 72 0 146 6271
escape 0 0 0 0 72 0 146 6271
escape 0 0 0 0 95 0 193 6271
escape 0 0 0 0 49 0 98 6271
escape 0 0 0 0 72 0 146 6271
escape 0 0 0 0 72 0 146 6271
escape 0 0 0 0 95 0 193 6271
escape 0 0 0 0 72 0 146 6271
escape 0 0 0 0 72 0 146 6271
escape 0 0 0 0 95 0 193 6271
escape 0 0 0 0 72 0 146 6271
escape 0 0 0 0 72 0 146 6271
escape 0 0 0 0 95 0 193 6271
escape 0 0 0 0 72 0 146 6271
escape 0 0 0 0 72 0 146 6271
escape 0 0 0 0 95 0 193 6271
escape 0 0 0 0 119 0 126 16367
escape 0 0 0 0 119 0 126 16367
escape 0 0 0 0 161 0 167 16367
escape 0 0 0 0 119 0 126 16367
escape 0 0 0 0 119 0 126 16367
escape 0 0 0 0 161 0 167 16367
escape 0 0 0 0 119 0 126 16367
escape 0 0 0 0 119 0 126 16367
escape 0 0 0 0 161 0 167 16367
escape 0 0 0 0 48 0 99 3135
escape 0 0 0 0 47 0 98 3135
escape 0 0 0 0 48 0 99 3135
escape 0 0 0 0 169 0 214 3135
escape 0 0 0 0 48 0 99 3135
escape 0 0 0 0 83 0 171 3135
escape 0 0 0 0 47 0 98 3135
escape 0 0 0 0 69 0 145 3135
escape 0 0 0 0 47 0 98 3135
escape 0 0 0 0 69 0 145 3135
escape 0 0 0 0 47 0 98 3135
escape 0 0 0 0 69 0 145 3135
escape 0 0 0 0 99 0 137 8182
escape 0 0 0 0 121 0 159 8182
escape 0 0 0 0 47 0 98 3135
escape 0 0 0 0 69 0 145 3135
escape 0 0 0 0 21 0 183 3198
escape 0 0 0 0 18 0 139 3263
escape 0 0 0 0 99 0 138 8182
escape 0 0 0 0 121 0 161 8182
escape 0 0 0 0 21 0 183 3198
escape 0 0 0 0 18 0 139 3263
escape 0 0 0 0 21 0 183 3198
escape 0 0 0 0 18 0 139 3263
escape 0 0 0 0 18 0 139 3263
escape 0 0 0 0 71 0 75 16359
escape 0 0 0 0 71 0 75 16359
escape 0 0 0 0 71 0 75 16359
escape 0 0 0 0 90 0 184 16356
escape 0 0 0 0 71 0 75 16359
escape 0 0 0 0 138 0 146 16359
escape 0 0 0 0 72 0 149 16356
unres 0 0 0 0 17 0 130 30000
escape 0 0 0 0 7 0 96 3200
escape 0 0 0 0 11 0 142 3200
escape 0 0 0 0 7 0 96 3200
escape 0 0 0 0 11 0 142 3200
escape 0 0 0 0 7 0 96 3200
escape 0 0 0 0 11 0 142 3200
escape 0 0 0 0 12 0 89 3272
escape 0 0 0 0 14 0 138 3266
escape 0 0 0 0 20 0 132 3272
escape 0 0 0 0 23 0 183 3266
escape 0 0 0 0 12 0 89 3272
escape 0 0 0 0 7 0 141 3200
escape 0 0 0 0 20 0 132 3272
escape 0 0 0 0 11 0 187 3200
escape 0 0 0 0 12 0 89 3272
escape 0 0 0 0 20 0 132 3272
unres 0 0 0 0 10 0 54 30000
unres 0 0 0 0 14 0 79 30000
unres 0 0 0 0 13 0 80 30000
unres 0 0 0 0 17 0 105 30000
unres 0 0 0 0 10 0 54 30000
unres 0 0 0 0 14 0 79 30000
unres 0 0 0 0 13 0 80 30000
unres 0 0 0 0 17 0 105 30000
unres 0 0 0 0 10 0 54 30000
unres 0 0 0 0 14 0 79 30000
unres 0 0 0 0 13 0 80 30000
unres 0 0 0 0 17 0 105 30000
escape 0 0 0 0 7 0 97 6272
escape 0 0 0 0 10 0 144 6272
escape 0 0 0 0 8 0 143 6272
escape 0 0 0 0 11 0 189 6272
escape 0 0 0 0 18 0 139 3264
escape 0 0 0 0 22 0 146 3199
escape 0 0 0 0 7 0 97 6272
escape 0 0 0 0 10 0 144 6272
escape 0 0 0 0 8 0 143 6272
escape 0 0 0 0 11 0 189 6272
escape 0 0 0 0 18 0 139 3264
escape 0 0 0 0 18 0 139 3264
escape 0 0 0 0 21 0 185 3264
escape 0 0 0 0 18 0 139 3264
escape 0 0 0 0 28 0 146 3136
escape 0 0 0 0 7 0 97 6272
escape 0 0 0 0 10 0 144 6272
escape 0 0 0 0 8 0 143 6272
escape 0 0 0 0 11 0 189 6272
escape 0 0 0 0 9 0 145 6272
escape 0 0 0 0 9 0 145 6272
escape 0 0 0 0 10 0 192 6272
escape 0 0 0 0 9 0 145 6272
escape 0 0 0 0 9 0 145 6272
escape 0 0 0 0 10 0 192 6272
escape 0 0 0 0 9 0 145 6272
escape 0 0 0 0 9 0 145 6272
escape 0 0 0 0 10 0 192 6272
escape 0 0 0 0 6 0 97 6272
escape 0 0 0 0 48 0 97 6270
escape 0 0 0 0 9 0 145 6272
escape 0 0 0 0 71 0 145 6270
escape 0 0 0 0 7 0 145 6272
escape 0 0 0 0 10 0 192 6272
escape 0 0 0 0 6 0 97 6272
escape 0 0 0 0 48 0 97 6270
escape 0 0 0 0 9 0 145 6272
escape 0 0 0 0 71 0 145 6270
escape 0 0 0 0 7 0 145 6272
escape 0 0 0 0 10 0 192 6272
escape 0 0 0 0 6 0 97 6272
escape 0 0 0 0 48 0 97 6270
escape 0 0 0 0 9 0 145 6272
escape 0 0 0 0 71 0 145 6270
escape 0 0 0 0 7 0 145 6272
escape 0 0 0 0 10 0 192 6272
escape 0 0 0 0 49 0 98 6271
escape 0 0 0 0 72 0 146 6271
escape 0 0 0 0 72 0 146 6271
escape 0 0 0 0 95 0 193 6271
escape 0 0 0 0 49 0 98 6271
escape 0 0 0 0 72 0 146 6271
escape 0 0 0 0 72 0 146 6271
escape 0 0 0 0 95 0 193 6271
escape 0 0 0 0 49 0 98 6271
escape 0 0 0 0 72 0 146 6271
escape 0 0 0 0 72 0 146 6271
escape 0 0 0 0 95 0 193 6271
escape 0 0 0 0 72 0 146 6271
escape 0 0 0 0 72 0 146 6271
escape 0 0 0 0 95 0 193 6271
escape 0 0 0 0 46 0 97 3135
escape 0 0 0 0 68 0 144 3135
escape 0 0 0 0 72 0 146 6271
escape 0 0 0 0 72 0 146 6271
escape 0 0 0 0 95 0 193 6271
escape 0 0 0 0 46 0 97 3135
escape 0 0 0 0 68 0 144 3135
escape 0 0 0 0 46 0 97 3135
escape 0 0 0 0 68 0 145 3135
escape 0 0 0 0 68 0 144 3135
escape 0 0 0 0 90 0 192 3135
escape 0 0 0 0 72 0 146 6271
escape 0 0 0 0 72 0 146 6271
escape 0 0 0 0 95 0 193 6271
escape 0 0 0 0 6 0 97 6272
escape 0 0 0 0 6 0 97 6271
escape 0 0 0 0 9 0 145 6272
escape 0 0 0 0 10 0 143 6399
escape 0 0 0 0 7 0 145 6272
escape 0 0 0 0 7 0 145 6271
escape 0 0 0 0 10 0 192 6272
escape 0 0 0 0 11 0 189 6399
escape 0 0 0 0 6 0 97 6272
escape 0 0 0 0 6 0 97 6271
escape 0 0 0 0 9 0 145 6272
escape 0 0 0 0 10 0 143 6399
escape 0 0 0 0 7 0 145 6272
escape 0 0 0 0 7 0 145 6271
escape 0 0 0 0 10 0 192 6272
escape 0 0 0 0 11 0 189 6399
escape 0 0 0 0 6 0 97 6272
escape 0 0 0 0 6 0 97 6271
escape 0 0 0 0 9 0 145 6272
escape 0 0 0 0 10 0 143 6399
escape 0 0 0 0 7 0 145 6272
escape 0 0 0 0 7 0 145 6271
escape 0 0 0 0 10 0 192 6272
escape 0 0 0 0 11 0 189 6399
escape 0 0 0 0 119 0 126 16367
escape 0 0 0 0 119 0 126 16367
escape 0 0 0 0 161 0 167 16367
escape 0 0 0 0 82 0 85 16367
escape 0 0 0 0 124 0 126 16367
escape 0 0 0 0 119 0 126 16367
escape 0 0 0 0 161 0 167 16367
escape 0 0 0 0 119 0 126 16367
escape 0 0 0 0 119 0 126 16367
escape 0 0 0 0 161 0 167 16367
escape 0 0 0 0 82 0 85 16367
escape 0 0 0 0 124 0 126 16367
escape 0 0 0 0 119 0 126 16367
escape 0 0 0 0 161 0 167 16367
escape 0 0 0 0 82 0 85 16367
escape 0 0 0 0 124 0 126 16367
escape 0 0 0 0 119 0 126 16367
escape 0 0 0 0 161 0 167 16367
escape 0 0 0 0 119 0 126 16367
escape 0 0 0 0 119 0 126 16367
escape 0 0 0 0 161 0 167 16367
escape 0 0 0 0 6 0 97 3136
escape 0 0 0 0 6 0 145 3136
escape 0 0 0 0 10 0 144 3136
escape 0 0 0 0 10 0 192 3136
escape 0 0 0 0 6 0 97 3136
escape 0 0 0 0 10 0 144 3136
escape 0 0 0 0 6 0 97 3136
escape 0 0 0 0 10 0 144 3136
escape 0 0 0 0 6 0 97 3136
escape 0 0 0 0 6 0 145 3136
escape 0 0 0 0 10 0 144 3136
escape 0 0 0 0 10 0 192 3136
escape 0 0 0 0 6 0 97 3136
escape 0 0 0 0 10 0 144 3136
escape 0 0 0 0 6 0 97 3136
escape 0 0 0 0 6 0 145 3136
escape 0 0 0 0 10 0 144 3136
escape 0 0 0 0 10 0 192 3136
escape 0 0 0 0 7 0 96 3200
escape 0 0 0 0 11 0 142 3200
escape 0 0 0 0 7 0 96 3200
escape 0 0 0 0 11 0 142 3200
escape 0 0 0 0 7 0 96 3200
escape 0 0 0 0 11 0 142 3200
escape 0 0 0 0 12 0 89 3272
escape 0 0 0 0 20 0 132 3272
escape 0 0 0 0 12 0 89 3272
escape 0 0 0 0 20 0 132 3272
escape 0 0 0 0 12 0 89 3272
escape 0 0 0 0 20 0 132 3272
unres 0 0 0 0 10 0 54 30000
unres 0 0 0 0 14 0 79 30000
unres 0 0 0 0 13 0 80 30000
unres 0 0 0 0 17 0 105 30000
unres 0 0 0 0 10 0 54 30000
unres 0 0 0 0 14 0 79 30000
unres 0 0 0 0 13 0 80 30000
unres 0 0 0 0 17 0 105 30000
unres 0 0 0 0 10 0 54 30000
unres 0 0 0 0 14 0 79 30000
unres 0 0 0 0 13 0 80 30000
unres 0 0 0 0 17 0 105 30000
escape 0 0 0 0 7 0 98 3136
escape 0 0 0 0 7 0 98 3136
escape 0 0 0 0 7 0 98 3136
escape 0 0 0 0 7 0 98 3136
escape 0 0 0 0 7 0 98 3136
escape 0 0 0 0 7 0 98 3136
escape 0 0 0 0 6 0 97 3136
escape 0 0 0 0 46 0 97 3135
escape 0 0 0 0 6 0 97 3136
escape 0 0 0 0 46 0 97 3135
escape 0 0 0 0 6 0 145 3136
escape 0 0 0 0 6 0 97 3136
escape 0 0 0 0 46 0 97 3135
escape 0 0 0 0 9 0 169 3136
escape 0 0 0 0 47 0 169 3134
escape 0 0 0 0 6 0 97 3136
escape 0 0 0 0 46 0 97 3135
escape 0 0 0 0 111 0 238 3135
escape 0 0 0 0 165 0 210 3135
escape 0 0 0 0 47 0 98 3135
escape 0 0 0 0 69 0 145 3135
escape 0 0 0 0 47 0 98 3135
escape 0 0 0 0 69 0 145 3135
escape 0 0 0 0 47 0 98 3135
escape 0 0 0 0 69 0 145 3135
escape 0 0 0 0 163 0 135 8183
escape 0 0 0 0 187 0 157 8183
escape 0 0 0 0 47 0 98 3135
escape 0 0 0 0 69 0 145 3135
escape 0 0 0 0 18 0 139 3264
escape 0 0 0 0 22 0 146 3199
escape 0 0 0 0 18 0 139 3264
escape 0 0 0 0 18 0 139 3264
escape 0 0 0 0 21 0 185 3264
escape 0 0 0 0 18 0 139 3264
escape 0 0 0 0 28 0 146 3136
escape 0 0 0 0 6 0 97 6272
escape 0 0 0 0 48 0 97 6270
escape 0 0 0 0 9 0 145 6272
escape 0 0 0 0 71 0 145 6270
escape 0 0 0 0 7 0 145 6272
escape 0 0 0 0 10 0 192 6272
escape 0 0 0 0 6 0 97 6272
escape 0 0 0 0 48 0 97 6270
escape 0 0 0 0 9 0 145 6272
escape 0 0 0 0 71 0 145 6270
escape 0 0 0 0 7 0 145 6272
escape 0 0 0 0 10 0 192 6272
escape 0 0 0 0 6 0 97 6272
escape 0 0 0 0 48 0 97 6270
escape 0 0 0 0 9 0 145 6272
escape 0 0 0 0 71 0 145 6270
escape 0 0 0 0 7 0 145 6272
escape 0 0 0 0 10 0 192 6272
escape 0 0 0 0 46 0 97 3135
escape 0 0 0 0 68 0 144 3135
escape 0 0 0 0 46 0 97 3135
escape 0 0 0 0 68 0 144 3135
escape 0 0 0 0 46 0 97 3135
escape 0 0 0 0 68 0 145 3135
escape 0 0 0 0 68 0 144 3135
escape 0 0 0 0 90 0 192 3135
escape 0 0 0 0 6 0 97 6272
escape 0 0 0 0 6 0 97 6271
escape 0 0 0 0 9 0 145 6272
escape 0 0 0 0 10 0 143 6399
escape 0 0 0 0 7 0 145 6272
escape 0 0 0 0 7 0 145 6271
escape 0 0 0 0 10 0 192 6272
escape 0 0 0 0 11 0 189 6399
escape 0 0 0 0 6 0 97 6272
escape 0 0 0 0 6 0 97 6271
escape 0 0 0 0 9 0 145 6272
escape 0 0 0 0 10 0 143 6399
escape 0 0 0 0 7 0 145 6272
escape 0 0 0 0 7 0 145 6271
escape 0 0 0 0 10 0 192 6272
escape 0 0 0 0 11 0 189 6399
escape 0 0 0 0 6 0 97 6272
escape 0 0 0 0 6 0 97 6271
escape 0 0 0 0 9 0 145 6272
escape 0 0 0 0 10 0 143 6399
escape 0 0 0 0 7 0 145 6272
escape 0 0 0 0 7 0 145 6271
escape 0 0 0 0 10 0 192 6272
escape 0 0 0 0 11 0 189 6399
escape 0 0 0 0 82 0 85 16367
escape 0 0 0 0 124 0 126 16367
escape 0 0 0 0 119 0 126 16367
escape 0 0 0 0 161 0 167 16367
escape 0 0 0 0 82 0 85 16367
escape 0 0 0 0 124 0 126 16367
escape 0 0 0 0 119 0 126 16367
escape 0 0 0 0 161 0 167 16367
escape 0 0 0 0 82 0 85 16367
escape 0 0 0 0 124 0 126 16367
escape 0 0 0 0 119 0 126 16367
escape 0 0 0 0 161 0 167 16367
escape 0 0 0 0 48 0 99 3135
escape 0 0 0 0 47 0 98 3135
escape 0 0 0 0 48 0 99 3135
escape 0 0 0 0 48 0 99 3135
escape 0 0 0 0 47 0 98 3135
escape 0 0 0 0 69 0 145 3135
escape 0 0 0 0 47 0 98 3135
escape 0 0 0 0 69 0 145 3135
escape 0 0 0 0 47 0 98 3135
escape 0 0 0 0 69 0 145 3135
escape 0 0 0 0 47 0 98 3135
escape 0 0 0 0 69 0 145 3135
escape 0 0 0 0 18 0 139 3263
escape 0 0 0 0 18 0 139 3263
escape 0 0 0 0 18 0 139 3263
escape 0 0 0 0 236 0 277 3135
escape 0 0 0 0 192 0 202 9371
escape 0 0 0 0 18 0 139 3263
escape 0 0 0 0 71 0 75 16359
escape 0 0 0 0 71 0 75 16359
escape 0 0 0 0 71 0 75 16359
escape 0 0 0 0 71 0 75 16359
escape 0 0 0 0 168 0 180 16359
escape 0 0 0 0 6 0 97 3136
escape 0 0 0 0 6 0 145 3136
escape 0 0 0 0 13 0 139 3265
escape 0 0 0 0 10 0 144 3136
escape 0 0 0 0 10 0 192 3136
escape 0 0 0 0 23 0 183 3265
escape 0 0 0 0 6 0 97 3136
escape 0 0 0 0 10 0 144 3136
escape 0 0 0 0 6 0 97 3136
escape 0 0 0 0 10 0 144 3136
escape 0 0 0 0 6 0 97 3136
escape 0 0 0 0 6 0 145 3136
escape 0 0 0 0 10 0 144 3136
escape 0 0 0 0 10 0 192 3136
escape 0 0 0 0 6 0 97 3136
escape 0 0 0 0 10 0 144 3136
escape 0 0 0 0 6 0 97 3136
escape 0 0 0 0 6 0 145 3136
escape 0 0 0 0 10 0 144 3136
escape 0 0 0 0 10 0 192 3136
unres 0 0 0 0 17 0 130 30000
escape 0 0 0 0 73 0 143 3199
escape 0 0 0 0 96 0 190 3199
escape 0 0 0 0 95 0 108 3643
escape 0 0 0 0 96 0 109 3643
escape 0 0 0 0 154 0 146 5167
escape 0 0 0 0 155 0 147 5167
escape 0 0 0 0 7 0 98 3136
escape 0 0 0 0 7 0 98 3136
escape 0 0 0 0 7 0 98 3136
escape 0 0 0 0 7 0 98 3136
escape 0 0 0 0 7 0 98 3136
escape 0 0 0 0 7 0 98 3136
escape 0 0 0 0 7 0 98 3136
escape 0 0 0 0 7 0 98 3136
escape 0 0 0 0 7 0 98 3136
escape 0 0 0 0 7 0 98 3136
escape 0 0 0 0 6 0 97 6272
escape 0 0 0 0 9 0 145 6272
escape 0 0 0 0 7 0 145 6272
escape 0 0 0 0 10 0 192 6272
escape 0 0 0 0 6 0 97 6272
escape 0 0 0 0 9 0 145 6272
escape 0 0 0 0 7 0 145 6272
escape 0 0 0 0 10 0 192 6272
escape 0 0 0 0 6 0 97 6272
escape 0 0 0 0 9 0 145 6272
escape 0 0 0 0 7 0 145 6272
escape 0 0 0 0 10 0 192 6272
escape 0 0 0 0 46 0 97 3135
escape 0 0 0 0 47 0 98 3135
escape 0 0 0 0 68 0 144 3135
escape 0 0 0 0 69 0 145 3135
escape 0 0 0 0 46 0 97 3135
escape 0 0 0 0 47 0 98 3135
escape 0 0 0 0 68 0 144 3135
escape 0 0 0 0 69 0 145 3135
escape 0 0 0 0 46 0 97 3135
escape 0 0 0 0 68 0 145 3135
escape 0 0 0 0 68 0 144 3135
escape 0 0 0 0 90 0 192 3135
escape 0 0 0 0 6 0 97 3136
escape 0 0 0 0 48 0 98 3135
escape 0 0 0 0 6 0 145 3136
escape 0 0 0 0 71 0 146 3135
escape 0 0 0 0 6 0 97 3136
escape 0 0 0 0 48 0 98 3135
escape 0 0 0 0 6 0 97 3136
escape 0 0 0 0 48 0 98 3135
escape 0 0 0 0 11 0 146 3136
escape 0 0 0 0 72 0 147 3135
escape 0 0 0 0 6 0 97 3136
escape 0 0 0 0 48 0 98 3135
escape 0 0 0 0 71 0 75 16359
escape 0 0 0 0 102 0 110 16359
escape 0 0 0 0 71 0 75 16359
escape 0 0 0 0 71 0 75 16359
escape 0 0 0 0 71 0 75 16359
escape 0 0 0 0 6 0 97 6272
escape 0 0 0 0 9 0 145 6272
escape 0 0 0 0 7 0 145 6272
escape 0 0 0 0 10 0 192 6272
escape 0 0 0 0 6 0 97 6272
escape 0 0 0 0 9 0 145 6272
escape 0 0 0 0 7 0 145 6272
escape 0 0 0 0 10 0 192 6272
escape 0 0 0 0 6 0 97 6272
escape 0 0 0 0 9 0 145 6272
escape 0 0 0 0 7 0 145 6272
escape 0 0 0 0 10 0 192 6272
escape 0 0 0 0 6 0 97 3136
escape 0 0 0 0 7 0 98 3136
escape 0 0 0 0 6 0 145 3136
escape 0 0 0 0 7 0 146 3136
escape 0 0 0 0 10 0 144 3136
escape 0 0 0 0 11 0 145 3136
escape 0 0 0 0 10 0 192 3136
escape 0 0 0 0 11 0 193 3136
escape 0 0 0 0 6 0 97 3136
escape 0 0 0 0 7 0 98 3136
escape 0 0 0 0 10 0 144 3136
escape 0 0 0 0 11 0 145 3136
escape 0 0 0 0 6 0 97 3136
escape 0 0 0 0 10 0 144 3136
escape 0 0 0 0 6 0 97 3136
escape 0 0 0 0 7 0 98 3136
escape 0 0 0 0 6 0 145 3136
escape 0 0 0 0 7 0 146 3136
escape 0 0 0 0 10 0 144 3136
escape 0 0 0 0 11 0 145 3136
escape 0 0 0 0 10 0 192 3136
escape 0 0 0 0 11 0 193 3136
escape 0 0 0 0 6 0 97 3136
escape 0 0 0 0 7 0 98 3136
escape 0 0 0 0 10 0 144 3136
escape 0 0 0 0 11 0 145 3136
escape 0 0 0 0 6 0 97 3136
escape 0 0 0 0 6 0 145 3136
escape 0 0 0 0 10 0 144 3136
escape 0 0 0 0 10 0 192 3136
escape 0 0 0 0 7 0 98 3136
escape 0 0 0 0 7 0 98 3136
escape 0 0 0 0 7 0 98 3136
escape 0 0 0 0 7 0 98 3136
escape 0 0 0 0 7 0 98 3136
escape 0 0 0 0 7 0 98 3136
escape 0 0 0 0 7 0 98 3136
escape 0 0 0 0 7 0 98 3136
escape 0 0 0 0 7 0 98 3136
escape 0 0 0 0 7 0 98 3136
escape 0 0 0 0 9 0 145 6272
escape 0 0 0 0 40 0 146 6268
escape 0 0 0 0 9 0 145 6272
escape 0 0 0 0 40 0 146 6268
escape 0 0 0 0 10 0 192 6272
escape 0 0 0 0 47 0 193 6268
escape 0 0 0 0 9 0 145 6272
escape 0 0 0 0 40 0 146 6268
escape 0 0 0 0 9 0 145 6272
escape 0 0 0 0 40 0 146 6268
escape 0 0 0 0 10 0 192 6272
escape 0 0 0 0 47 0 193 6268
escape 0 0 0 0 9 0 145 6272
escape 0 0 0 0 40 0 146 6268
escape 0 0 0 0 9 0 145 6272
escape 0 0 0 0 40 0 146 6268
escape 0 0 0 0 10 0 192 6272
escape 0 0 0 0 47 0 193 6268
escape 0 0 0 0 49 0 147 3136
escape 0 0 0 0 50 0 148 3136
escape 0 0 0 0 7 0 98 3136
escape 0 0 0 0 7 0 98 3136
escape 0 0 0 0 7 0 98 3136
escape 0 0 0 0 7 0 98 3136
escape 0 0 0 0 7 0 98 3136
escape 0 0 0 0 7 0 98 3136
escape 0 0 0 0 7 0 98 3136
escape 0 0 0 0 7 0 98 3136
escape 0 0 0 0 7 0 98 3136
escape 0 0 0 0 7 0 98 3136
escape 0 0 0 0 57 0 61 3512
escape 0 0 0 0 58 0 62 3512
escape 0 0 0 0 86 0 89 3512
escape 0 0 0 0 87 0 90 3512
escape 0 0 0 0 6 0 97 3136
escape 0 0 0 0 48 0 98 3135
escape 0 0 0 0 6 0 145 3136
escape 0 0 0 0 71 0 146 3135
escape 0 0 0 0 75 0 144 3135
escape 0 0 0 0 76 0 145 3135
unres 0 0 0 0 16 0 118 30000
unres 0 0 0 0 17 0 119 30000
escape 0 0 0 0 6 0 97 3136
escape 0 0 0 0 48 0 98 3135
escape 0 0 0 0 6 0 97 3136
escape 0 0 0 0 48 0 98 3135
escape 0 0 0 0 11 0 146 3136
escape 0 0 0 0 72 0 147 3135
escape 0 0 0 0 34 0 68 3107
escape 0 0 0 0 6 0 97 3136
escape 0 0 0 0 48 0 98 3135
escape 0 0 0 0 72 0 143 3199
escape 0 0 0 0 7 0 144 3136
escape 0 0 0 0 96 0 190 3199
escape 0 0 0 0 11 0 191 3136
escape 0 0 0 0 71 0 75 16359
escape 0 0 0 0 102 0 110 16359
escape 0 0 0 0 34 0 108 16360
escape 0 0 0 0 71 0 75 16359
escape 0 0 0 0 71 0 75 16359
escape 0 0 0 0 71 0 75 16359
