(10, 46, 'parity', [0, 1], 2, 11, 1, 1)
(10, 46, 'parity', [0, 1], 2, 13, 1, 1)
(10, 46, 'or', [0, 1], 2, 11, 1, 1)
(10, 46, 'or', [0, 1], 2, 13, 1, 1)
(10, 52, 'parity', [0, 1], 2, 11, 1, 1)
(10, 52, 'parity', [0, 1], 2, 13, 1, 1)
(10, 52, 'or', [0, 1], 2, 11, 1, 1)
(10, 52, 'or', [0, 1], 2, 13, 1, 1)
(10, 82, 'parity', [0, 1], 2, 11, 4, -3)
(10, 82, 'parity', [0, 1], 2, 13, 5, -3)
(10, 82, 'or', [0, 1], 2, 11, 4, -3)
(10, 82, 'or', [0, 1], 2, 13, 5, -3)
(10, 88, 'parity', [0, 1], 2, 11, 4, -3)
(10, 88, 'parity', [0, 1], 2, 13, 5, -3)
(10, 88, 'or', [0, 1], 2, 11, 4, -3)
(10, 88, 'or', [0, 1], 2, 13, 5, -3)
(10, 118, 'parity', [0, 1], 2, 11, 1, -1)
(10, 118, 'parity', [0, 1], 2, 13, 1, -1)
(10, 118, 'or', [0, 1], 2, 11, 1, -1)
(10, 118, 'or', [0, 1], 2, 13, 1, -1)
(10, 121, 'parity', [1], 3, 11, 1, -1)
(10, 121, 'parity', [1], 3, 13, 1, -1)
(10, 121, 'parity', [0, 1], 2, 11, 1, -1)
(10, 121, 'parity', [0, 1], 2, 13, 1, -1)
(10, 121, 'or', [1], 3, 11, 1, -1)
(10, 121, 'or', [1], 3, 13, 1, -1)
(10, 121, 'or', [0, 1], 2, 11, 1, -1)
(10, 121, 'or', [0, 1], 2, 13, 1, -1)
(10, 124, 'parity', [0, 1], 2, 11, 1, -1)
(10, 124, 'parity', [0, 1], 2, 13, 1, -1)
(10, 124, 'or', [0, 1], 2, 11, 1, -1)
(10, 124, 'or', [0, 1], 2, 13, 1, -1)
(10, 190, 'parity', [0, 1], 2, 11, 1, 1)
(10, 190, 'parity', [0, 1], 2, 13, 1, 1)
(10, 190, 'or', [0, 1], 2, 11, 1, 1)
(10, 190, 'or', [0, 1], 2, 13, 1, 1)
(10, 193, 'parity', [0, 1], 2, 11, 1, 1)
(10, 193, 'parity', [0, 1], 2, 13, 1, 1)
(10, 193, 'or', [0, 1], 2, 11, 1, 1)
(10, 193, 'or', [0, 1], 2, 13, 1, 1)
(10, 196, 'parity', [0, 1], 2, 11, 1, 1)
(10, 196, 'parity', [0, 1], 2, 13, 1, 1)
(10, 196, 'or', [0, 1], 2, 11, 1, 1)
(10, 196, 'or', [0, 1], 2, 13, 1, 1)
(10, 226, 'parity', [0, 1], 2, 11, 4, 3)
(10, 226, 'parity', [0, 1], 2, 13, 5, 3)
(10, 226, 'or', [0, 1], 2, 11, 4, 3)
(10, 226, 'or', [0, 1], 2, 13, 5, 3)
(10, 229, 'parity', [1], 3, 11, 1, -1)
(10, 229, 'parity', [1], 3, 13, 1, -1)
(10, 229, 'parity', [0, 1], 2, 11, 4, 3)
(10, 229, 'parity', [0, 1], 2, 13, 5, 3)
(10, 229, 'or', [1], 3, 11, 1, -1)
(10, 229, 'or', [1], 3, 13, 1, -1)
(10, 229, 'or', [0, 1], 2, 11, 4, 3)
(10, 229, 'or', [0, 1], 2, 13, 5, 3)
(10, 232, 'parity', [0, 1], 2, 11, 4, 3)
(10, 232, 'parity', [0, 1], 2, 13, 5, 3)
(10, 232, 'or', [0, 1], 2, 11, 4, 3)
(10, 232, 'or', [0, 1], 2, 13, 5, 3)
(10, 262, 'parity', [0, 1], 2, 11, 1, -1)
(10, 262, 'parity', [0, 1], 2, 13, 1, -1)
(10, 262, 'or', [0, 1], 2, 11, 1, -1)
(10, 262, 'or', [0, 1], 2, 13, 1, -1)
(10, 265, 'parity', [0, 1], 2, 11, 1, -1)
(10, 265, 'parity', [0, 1], 2, 13, 1, -1)
(10, 265, 'or', [0, 1], 2, 11, 1, -1)
(10, 265, 'or', [0, 1], 2, 13, 1, -1)
(10, 268, 'parity', [0, 1], 2, 11, 1, -1)
(10, 268, 'parity', [0, 1], 2, 13, 1, -1)
(10, 268, 'or', [0, 1], 2, 11, 1, -1)
(10, 268, 'or', [0, 1], 2, 13, 1, -1)
(10, 370, 'parity', [0, 1], 2, 11, 1, 1)
(10, 370, 'parity', [0, 1], 2, 13, 1, 1)
(10, 370, 'or', [0, 1], 2, 11, 1, 1)
(10, 370, 'or', [0, 1], 2, 13, 1, 1)
(10, 373, 'parity', [1], 3, 11, 1, -1)
(10, 373, 'parity', [1], 3, 13, 1, -1)
(10, 373, 'parity', [0, 1], 2, 11, 1, 1)
(10, 373, 'parity', [0, 1], 2, 13, 1, 1)
(10, 373, 'or', [1], 3, 11, 1, -1)
(10, 373, 'or', [1], 3, 13, 1, -1)
(10, 373, 'or', [0, 1], 2, 11, 1, 1)
(10, 373, 'or', [0, 1], 2, 13, 1, 1)
(10, 376, 'parity', [0, 1], 2, 11, 1, 1)
(10, 376, 'parity', [0, 1], 2, 13, 1, 1)
(10, 376, 'or', [0, 1], 2, 11, 1, 1)
(10, 376, 'or', [0, 1], 2, 13, 1, 1)
(10, 406, 'parity', [0, 1], 2, 11, 4, -3)
(10, 406, 'parity', [0, 1], 2, 13, 5, -3)
(10, 406, 'or', [0, 1], 2, 11, 4, -3)
(10, 406, 'or', [0, 1], 2, 13, 5, -3)
(10, 409, 'parity', [0, 1], 2, 11, 4, -3)
(10, 409, 'parity', [0, 1], 2, 13, 5, -3)
(10, 409, 'or', [0, 1], 2, 11, 4, -3)
(10, 409, 'or', [0, 1], 2, 13, 5, -3)
(10, 412, 'parity', [0, 1], 2, 11, 4, -3)
(10, 412, 'parity', [0, 1], 2, 13, 5, -3)
(10, 412, 'or', [0, 1], 2, 11, 4, -3)
(10, 412, 'or', [0, 1], 2, 13, 5, -3)
(10, 442, 'parity', [0, 1], 2, 11, 1, -1)
(10, 442, 'parity', [0, 1], 2, 13, 1, -1)
(10, 442, 'or', [0, 1], 2, 11, 1, -1)
(10, 442, 'or', [0, 1], 2, 13, 1, -1)
(10, 448, 'parity', [0, 1], 2, 11, 1, -1)
(10, 448, 'parity', [0, 1], 2, 13, 1, -1)
(10, 448, 'or', [0, 1], 2, 11, 1, -1)
(10, 448, 'or', [0, 1], 2, 13, 1, -1)
(10, 514, 'parity', [0, 1], 2, 11, 1, 1)
(10, 514, 'parity', [0, 1], 2, 13, 1, 1)
(10, 514, 'or', [0, 1], 2, 11, 1, 1)
(10, 514, 'or', [0, 1], 2, 13, 1, 1)
(10, 520, 'parity', [0, 1], 2, 11, 1, 1)
(10, 520, 'parity', [0, 1], 2, 13, 1, 1)
(10, 520, 'or', [0, 1], 2, 11, 1, 1)
(10, 520, 'or', [0, 1], 2, 13, 1, 1)
(10, 550, 'parity', [0, 1], 2, 11, 4, 3)
(10, 550, 'parity', [0, 1], 2, 13, 5, 3)
(10, 550, 'or', [0, 1], 2, 11, 4, 3)
(10, 550, 'or', [0, 1], 2, 13, 5, 3)
(10, 553, 'parity', [0, 1], 2, 11, 4, 3)
(10, 553, 'parity', [0, 1], 2, 13, 5, 3)
(10, 553, 'or', [0, 1], 2, 11, 4, 3)
(10, 553, 'or', [0, 1], 2, 13, 5, 3)
(10, 556, 'parity', [0, 1], 2, 11, 4, 3)
(10, 556, 'parity', [0, 1], 2, 13, 5, 3)
(10, 556, 'or', [0, 1], 2, 11, 4, 3)
(10, 556, 'or', [0, 1], 2, 13, 5, 3)
(10, 586, 'parity', [0, 1], 2, 11, 1, -1)
(10, 586, 'parity', [0, 1], 2, 13, 1, -1)
(10, 586, 'or', [0, 1], 2, 11, 1, -1)
(10, 586, 'or', [0, 1], 2, 13, 1, -1)
(10, 589, 'parity', [1], 3, 11, 1, -1)
(10, 589, 'parity', [1], 3, 13, 1, -1)
(10, 589, 'parity', [0, 1], 2, 11, 1, -1)
(10, 589, 'parity', [0, 1], 2, 13, 1, -1)
(10, 589, 'or', [1], 3, 11, 1, -1)
(10, 589, 'or', [1], 3, 13, 1, -1)
(10, 589, 'or', [0, 1], 2, 11, 1, -1)
(10, 589, 'or', [0, 1], 2, 13, 1, -1)
(10, 592, 'parity', [0, 1], 2, 11, 1, -1)
(10, 592, 'parity', [0, 1], 2, 13, 1, -1)
(10, 592, 'or', [0, 1], 2, 11, 1, -1)
(10, 592, 'or', [0, 1], 2, 13, 1, -1)
(10, 694, 'parity', [0, 1], 2, 11, 1, 1)
(10, 694, 'parity', [0, 1], 2, 13, 1, 1)
(10, 694, 'or', [0, 1], 2, 11, 1, 1)
(10, 694, 'or', [0, 1], 2, 13, 1, 1)
(10, 697, 'parity', [0, 1], 2, 11, 1, 1)
(10, 697, 'parity', [0, 1], 2, 13, 1, 1)
(10, 697, 'or', [0, 1], 2, 11, 1, 1)
(10, 697, 'or', [0, 1], 2, 13, 1, 1)
(10, 700, 'parity', [0, 1], 2, 11, 1, 1)
(10, 700, 'parity', [0, 1], 2, 13, 1, 1)
(10, 700, 'or', [0, 1], 2, 11, 1, 1)
(10, 700, 'or', [0, 1], 2, 13, 1, 1)
(10, 730, 'parity', [0, 1], 2, 11, 4, -3)
(10, 730, 'parity', [0, 1], 2, 13, 5, -3)
(10, 730, 'or', [0, 1], 2, 11, 4, -3)
(10, 730, 'or', [0, 1], 2, 13, 5, -3)
(10, 733, 'parity', [1], 3, 11, 1, -1)
(10, 733, 'parity', [1], 3, 13, 1, -1)
(10, 733, 'parity', [0, 1], 2, 11, 4, -3)
(10, 733, 'parity', [0, 1], 2, 13, 5, -3)
(10, 733, 'or', [1], 3, 11, 1, -1)
(10, 733, 'or', [1], 3, 13, 1, -1)
(10, 733, 'or', [0, 1], 2, 11, 4, -3)
(10, 733, 'or', [0, 1], 2, 13, 5, -3)
(10, 736, 'parity', [0, 1], 2, 11, 4, -3)
(10, 736, 'parity', [0, 1], 2, 13, 5, -3)
(10, 736, 'or', [0, 1], 2, 11, 4, -3)
(10, 736, 'or', [0, 1], 2, 13, 5, -3)
(10, 766, 'parity', [0, 1], 2, 11, 1, -1)
(10, 766, 'parity', [0, 1], 2, 13, 1, -1)
(10, 766, 'or', [0, 1], 2, 11, 1, -1)
(10, 766, 'or', [0, 1], 2, 13, 1, -1)
(10, 769, 'parity', [0, 1], 2, 11, 1, -1)
(10, 769, 'parity', [0, 1], 2, 13, 1, -1)
(10, 769, 'or', [0, 1], 2, 11, 1, -1)
(10, 769, 'or', [0, 1], 2, 13, 1, -1)
(10, 772, 'parity', [0, 1], 2, 11, 1, -1)
(10, 772, 'parity', [0, 1], 2, 13, 1, -1)
(10, 772, 'or', [0, 1], 2, 11, 1, -1)
(10, 772, 'or', [0, 1], 2, 13, 1, -1)
(10, 838, 'parity', [0, 1], 2, 11, 1, 1)
(10, 838, 'parity', [0, 1], 2, 13, 1, 1)
(10, 838, 'or', [0, 1], 2, 11, 1, 1)
(10, 838, 'or', [0, 1], 2, 13, 1, 1)
(10, 841, 'parity', [1], 3, 11, 1, -1)
(10, 841, 'parity', [1], 3, 13, 1, -1)
(10, 841, 'parity', [0, 1], 2, 11, 1, 1)
(10, 841, 'parity', [0, 1], 2, 13, 1, 1)
(10, 841, 'or', [1], 3, 11, 1, -1)
(10, 841, 'or', [1], 3, 13, 1, -1)
(10, 841, 'or', [0, 1], 2, 11, 1, 1)
(10, 841, 'or', [0, 1], 2, 13, 1, 1)
(10, 844, 'parity', [0, 1], 2, 11, 1, 1)
(10, 844, 'parity', [0, 1], 2, 13, 1, 1)
(10, 844, 'or', [0, 1], 2, 11, 1, 1)
(10, 844, 'or', [0, 1], 2, 13, 1, 1)
(10, 874, 'parity', [0, 1], 2, 11, 4, 3)
(10, 874, 'parity', [0, 1], 2, 13, 5, 3)
(10, 874, 'or', [0, 1], 2, 11, 4, 3)
(10, 874, 'or', [0, 1], 2, 13, 5, 3)
(10, 880, 'parity', [0, 1], 2, 11, 4, 3)
(10, 880, 'parity', [0, 1], 2, 13, 5, 3)
(10, 880, 'or', [0, 1], 2, 11, 4, 3)
(10, 880, 'or', [0, 1], 2, 13, 5, 3)
(10, 910, 'parity', [0, 1], 2, 11, 1, -1)
(10, 910, 'parity', [0, 1], 2, 13, 1, -1)
(10, 910, 'or', [0, 1], 2, 11, 1, -1)
(10, 910, 'or', [0, 1], 2, 13, 1, -1)
(10, 916, 'parity', [0, 1], 2, 11, 1, -1)
(10, 916, 'parity', [0, 1], 2, 13, 1, -1)
(10, 916, 'or', [0, 1], 2, 11, 1, -1)
(10, 916, 'or', [0, 1], 2, 13, 1, -1)
(16, 46, 'parity', [0, 1], 2, 11, 1, 1)
(16, 46, 'parity', [0, 1], 2, 13, 1, 1)
(16, 46, 'or', [0, 1], 2, 11, 1, 1)
(16, 46, 'or', [0, 1], 2, 13, 1, 1)
(16, 52, 'parity', [0, 1], 2, 11, 1, 1)
(16, 52, 'parity', [0, 1], 2, 13, 1, 1)
(16, 52, 'or', [0, 1], 2, 11, 1, 1)
(16, 52, 'or', [0, 1], 2, 13, 1, 1)
(16, 82, 'parity', [0, 1], 2, 11, 4, -3)
(16, 82, 'parity', [0, 1], 2, 13, 5, -3)
(16, 82, 'or', [0, 1], 2, 11, 4, -3)
(16, 82, 'or', [0, 1], 2, 13, 5, -3)
(16, 88, 'parity', [0, 1], 2, 11, 4, -3)
(16, 88, 'parity', [0, 1], 2, 13, 5, -3)
(16, 88, 'or', [0, 1], 2, 11, 4, -3)
(16, 88, 'or', [0, 1], 2, 13, 5, -3)
(16, 118, 'parity', [0, 1], 2, 11, 1, -1)
(16, 118, 'parity', [0, 1], 2, 13, 1, -1)
(16, 118, 'or', [0, 1], 2, 11, 1, -1)
(16, 118, 'or', [0, 1], 2, 13, 1, -1)
(16, 121, 'parity', [1], 3, 11, 1, -1)
(16, 121, 'parity', [1], 3, 13, 1, -1)
(16, 121, 'parity', [0, 1], 2, 11, 1, -1)
(16, 121, 'parity', [0, 1], 2, 13, 1, -1)
(16, 121, 'or', [1], 3, 11, 1, -1)
(16, 121, 'or', [1], 3, 13, 1, -1)
(16, 121, 'or', [0, 1], 2, 11, 1, -1)
(16, 121, 'or', [0, 1], 2, 13, 1, -1)
(16, 124, 'parity', [0, 1], 2, 11, 1, -1)
(16, 124, 'parity', [0, 1], 2, 13, 1, -1)
(16, 124, 'or', [0, 1], 2, 11, 1, -1)
(16, 124, 'or', [0, 1], 2, 13, 1, -1)
(16, 190, 'parity', [0, 1], 2, 11, 1, 1)
(16, 190, 'parity', [0, 1], 2, 13, 1, 1)
(16, 190, 'or', [0, 1], 2, 11, 1, 1)
(16, 190, 'or', [0, 1], 2, 13, 1, 1)
(16, 193, 'parity', [0, 1], 2, 11, 1, 1)
(16, 193, 'parity', [0, 1], 2, 13, 1, 1)
(16, 193, 'or', [0, 1], 2, 11, 1, 1)
(16, 193, 'or', [0, 1], 2, 13, 1, 1)
(16, 196, 'parity', [0, 1], 2, 11, 1, 1)
(16, 196, 'parity', [0, 1], 2, 13, 1, 1)
(16, 196, 'or', [0, 1], 2, 11, 1, 1)
(16, 196, 'or', [0, 1], 2, 13, 1, 1)
(16, 226, 'parity', [0, 1], 2, 11, 4, 3)
(16, 226, 'parity', [0, 1], 2, 13, 5, 3)
(16, 226, 'or', [0, 1], 2, 11, 4, 3)
(16, 226, 'or', [0, 1], 2, 13, 5, 3)
(16, 229, 'parity', [1], 3, 11, 1, -1)
(16, 229, 'parity', [1], 3, 13, 1, -1)
(16, 229, 'parity', [0, 1], 2, 11, 4, 3)
(16, 229, 'parity', [0, 1], 2, 13, 5, 3)
(16, 229, 'or', [1], 3, 11, 1, -1)
(16, 229, 'or', [1], 3, 13, 1, -1)
(16, 229, 'or', [0, 1], 2, 11, 4, 3)
(16, 229, 'or', [0, 1], 2, 13, 5, 3)
(16, 232, 'parity', [0, 1], 2, 11, 4, 3)
(16, 232, 'parity', [0, 1], 2, 13, 5, 3)
(16, 232, 'or', [0, 1], 2, 11, 4, 3)
(16, 232, 'or', [0, 1], 2, 13, 5, 3)
(16, 262, 'parity', [0, 1], 2, 11, 1, -1)
(16, 262, 'parity', [0, 1], 2, 13, 1, -1)
(16, 262, 'or', [0, 1], 2, 11, 1, -1)
(16, 262, 'or', [0, 1], 2, 13, 1, -1)
(16, 265, 'parity', [0, 1], 2, 11, 1, -1)
(16, 265, 'parity', [0, 1], 2, 13, 1, -1)
(16, 265, 'or', [0, 1], 2, 11, 1, -1)
(16, 265, 'or', [0, 1], 2, 13, 1, -1)
(16, 268, 'parity', [0, 1], 2, 11, 1, -1)
(16, 268, 'parity', [0, 1], 2, 13, 1, -1)
(16, 268, 'or', [0, 1], 2, 11, 1, -1)
(16, 268, 'or', [0, 1], 2, 13, 1, -1)
(16, 370, 'parity', [0, 1], 2, 11, 1, 1)
(16, 370, 'parity', [0, 1], 2, 13, 1, 1)
(16, 370, 'or', [0, 1], 2, 11, 1, 1)
(16, 370, 'or', [0, 1], 2, 13, 1, 1)
(16, 373, 'parity', [1], 3, 11, 1, -1)
(16, 373, 'parity', [1], 3, 13, 1, -1)
(16, 373, 'parity', [0, 1], 2, 11, 1, 1)
(16, 373, 'parity', [0, 1], 2, 13, 1, 1)
(16, 373, 'or', [1], 3, 11, 1, -1)
(16, 373, 'or', [1], 3, 13, 1, -1)
(16, 373, 'or', [0, 1], 2, 11, 1, 1)
(16, 373, 'or', [0, 1], 2, 13, 1, 1)
(16, 376, 'parity', [0, 1], 2, 11, 1, 1)
(16, 376, 'parity', [0, 1], 2, 13, 1, 1)
(16, 376, 'or', [0, 1], 2, 11, 1, 1)
(16, 376, 'or', [0, 1], 2, 13, 1, 1)
(16, 406, 'parity', [0, 1], 2, 11, 4, -3)
(16, 406, 'parity', [0, 1], 2, 13, 5, -3)
(16, 406, 'or', [0, 1], 2, 11, 4, -3)
(16, 406, 'or', [0, 1], 2, 13, 5, -3)
(16, 409, 'parity', [0, 1], 2, 11, 4, -3)
(16, 409, 'parity', [0, 1], 2, 13, 5, -3)
(16, 409, 'or', [0, 1], 2, 11, 4, -3)
(16, 409, 'or', [0, 1], 2, 13, 5, -3)
(16, 412, 'parity', [0, 1], 2, 11, 4, -3)
(16, 412, 'parity', [0, 1], 2, 13, 5, -3)
(16, 412, 'or', [0, 1], 2, 11, 4, -3)
(16, 412, 'or', [0, 1], 2, 13, 5, -3)
(16, 442, 'parity', [0, 1], 2, 11, 1, -1)
(16, 442, 'parity', [0, 1], 2, 13, 1, -1)
(16, 442, 'or', [0, 1], 2, 11, 1, -1)
(16, 442, 'or', [0, 1], 2, 13, 1, -1)
(16, 448, 'parity', [0, 1], 2, 11, 1, -1)
(16, 448, 'parity', [0, 1], 2, 13, 1, -1)
(16, 448, 'or', [0, 1], 2, 11, 1, -1)
(16, 448, 'or', [0, 1], 2, 13, 1, -1)
(16, 514, 'parity', [0, 1], 2, 11, 1, 1)
(16, 514, 'parity', [0, 1], 2, 13, 1, 1)
(16, 514, 'or', [0, 1], 2, 11, 1, 1)
(16, 514, 'or', [0, 1], 2, 13, 1, 1)
(16, 520, 'parity', [0, 1], 2, 11, 1, 1)
(16, 520, 'parity', [0, 1], 2, 13, 1, 1)
(16, 520, 'or', [0, 1], 2, 11, 1, 1)
(16, 520, 'or', [0, 1], 2, 13, 1, 1)
(16, 550, 'parity', [0, 1], 2, 11, 4, 3)
(16, 550, 'parity', [0, 1], 2, 13, 5, 3)
(16, 550, 'or', [0, 1], 2, 11, 4, 3)
(16, 550, 'or', [0, 1], 2, 13, 5, 3)
(16, 553, 'parity', [0, 1], 2, 11, 4, 3)
(16, 553, 'parity', [0, 1], 2, 13, 5, 3)
(16, 553, 'or', [0, 1], 2, 11, 4, 3)
(16, 553, 'or', [0, 1], 2, 13, 5, 3)
(16, 556, 'parity', [0, 1], 2, 11, 4, 3)
(16, 556, 'parity', [0, 1], 2, 13, 5, 3)
(16, 556, 'or', [0, 1], 2, 11, 4, 3)
(16, 556, 'or', [0, 1], 2, 13, 5, 3)
(16, 586, 'parity', [0, 1], 2, 11, 1, -1)
(16, 586, 'parity', [0, 1], 2, 13, 1, -1)
(16, 586, 'or', [0, 1], 2, 11, 1, -1)
(16, 586, 'or', [0, 1], 2, 13, 1, -1)
(16, 589, 'parity', [1], 3, 11, 1, -1)
(16, 589, 'parity', [1], 3, 13, 1, -1)
(16, 589, 'parity', [0, 1], 2, 11, 1, -1)
(16, 589, 'parity', [0, 1], 2, 13, 1, -1)
(16, 589, 'or', [1], 3, 11, 1, -1)
(16, 589, 'or', [1], 3, 13, 1, -1)
(16, 589, 'or', [0, 1], 2, 11, 1, -1)
(16, 589, 'or', [0, 1], 2, 13, 1, -1)
(16, 592, 'parity', [0, 1], 2, 11, 1, -1)
(16, 592, 'parity', [0, 1], 2, 13, 1, -1)
(16, 592, 'or', [0, 1], 2, 11, 1, -1)
(16, 592, 'or', [0, 1], 2, 13, 1, -1)
(16, 694, 'parity', [0, 1], 2, 11, 1, 1)
(16, 694, 'parity', [0, 1], 2, 13, 1, 1)
(16, 694, 'or', [0, 1], 2, 11, 1, 1)
(16, 694, 'or', [0, 1], 2, 13, 1, 1)
(16, 697, 'parity', [0, 1], 2, 11, 1, 1)
(16, 697, 'parity', [0, 1], 2, 13, 1, 1)
(16, 697, 'or', [0, 1], 2, 11, 1, 1)
(16, 697, 'or', [0, 1], 2, 13, 1, 1)
(16, 700, 'parity', [0, 1], 2, 11, 1, 1)
(16, 700, 'parity', [0, 1], 2, 13, 1, 1)
(16, 700, 'or', [0, 1], 2, 11, 1, 1)
(16, 700, 'or', [0, 1], 2, 13, 1, 1)
(16, 910, 'parity', [0, 1], 2, 11, 1, -1)
(16, 910, 'parity', [0, 1], 2, 13, 1, -1)
(16, 910, 'or', [0, 1], 2, 11, 1, -1)
(16, 910, 'or', [0, 1], 2, 13, 1, -1)
(16, 916, 'parity', [0, 1], 2, 11, 1, -1)
(16, 916, 'parity', [0, 1], 2, 13, 1, -1)
(16, 916, 'or', [0, 1], 2, 11, 1, -1)
(16, 916, 'or', [0, 1], 2, 13, 1, -1)
(16, 730, 'parity', [0, 1], 2, 11, 4, -3)
(16, 730, 'parity', [0, 1], 2, 13, 5, -3)
(16, 730, 'or', [0, 1], 2, 11, 4, -3)
(16, 730, 'or', [0, 1], 2, 13, 5, -3)
(16, 733, 'parity', [1], 3, 11, 1, -1)
(16, 733, 'parity', [1], 3, 13, 1, -1)
(16, 733, 'parity', [0, 1], 2, 11, 4, -3)
(16, 733, 'parity', [0, 1], 2, 13, 5, -3)
(16, 733, 'or', [1], 3, 11, 1, -1)
(16, 733, 'or', [1], 3, 13, 1, -1)
(16, 733, 'or', [0, 1], 2, 11, 4, -3)
(16, 733, 'or', [0, 1], 2, 13, 5, -3)
(16, 736, 'parity', [0, 1], 2, 11, 4, -3)
(16, 736, 'parity', [0, 1], 2, 13, 5, -3)
(16, 736, 'or', [0, 1], 2, 11, 4, -3)
(16, 736, 'or', [0, 1], 2, 13, 5, -3)
(16, 766, 'parity', [0, 1], 2, 11, 1, -1)
(16, 766, 'parity', [0, 1], 2, 13, 1, -1)
(16, 766, 'or', [0, 1], 2, 11, 1, -1)
(16, 766, 'or', [0, 1], 2, 13, 1, -1)
(16, 769, 'parity', [0, 1], 2, 11, 1, -1)
(16, 769, 'parity', [0, 1], 2, 13, 1, -1)
(16, 769, 'or', [0, 1], 2, 11, 1, -1)
(16, 769, 'or', [0, 1], 2, 13, 1, -1)
(16, 772, 'parity', [0, 1], 2, 11, 1, -1)
(16, 772, 'parity', [0, 1], 2, 13, 1, -1)
(16, 772, 'or', [0, 1], 2, 11, 1, -1)
(16, 772, 'or', [0, 1], 2, 13, 1, -1)
(16, 838, 'parity', [0, 1], 2, 11, 1, 1)
(16, 838, 'parity', [0, 1], 2, 13, 1, 1)
(16, 838, 'or', [0, 1], 2, 11, 1, 1)
(16, 838, 'or', [0, 1], 2, 13, 1, 1)
(16, 841, 'parity', [1], 3, 11, 1, -1)
(16, 841, 'parity', [1], 3, 13, 1, -1)
(16, 841, 'parity', [0, 1], 2, 11, 1, 1)
(16, 841, 'parity', [0, 1], 2, 13, 1, 1)
(16, 841, 'or', [1], 3, 11, 1, -1)
(16, 841, 'or', [1], 3, 13, 1, -1)
(16, 841, 'or', [0, 1], 2, 11, 1, 1)
(16, 841, 'or', [0, 1], 2, 13, 1, 1)
(16, 844, 'parity', [0, 1], 2, 11, 1, 1)
(16, 844, 'parity', [0, 1], 2, 13, 1, 1)
(16, 844, 'or', [0, 1], 2, 11, 1, 1)
(16, 844, 'or', [0, 1], 2, 13, 1, 1)
(16, 874, 'parity', [0, 1], 2, 11, 4, 3)
(16, 874, 'parity', [0, 1], 2, 13, 5, 3)
(16, 874, 'or', [0, 1], 2, 11, 4, 3)
(16, 874, 'or', [0, 1], 2, 13, 5, 3)
(16, 880, 'parity', [0, 1], 2, 11, 4, 3)
(16, 880, 'parity', [0, 1], 2, 13, 5, 3)
(16, 880, 'or', [0, 1], 2, 11, 4, 3)
(16, 880, 'or', [0, 1], 2, 13, 5, 3)
(20, 56, 'parity', [0, 1], 1, 11, 1, 1)
(20, 56, 'parity', [0, 1], 1, 13, 1, 1)
(20, 56, 'or', [0, 1], 1, 11, 1, 1)
(20, 56, 'or', [0, 1], 1, 13, 1, 1)
(20, 59, 'parity', [0, 1], 1, 11, 1, 1)
(20, 59, 'parity', [0, 1], 1, 13, 1, 1)
(20, 59, 'or', [0, 1], 1, 11, 1, 1)
(20, 59, 'or', [0, 1], 1, 13, 1, 1)
(20, 92, 'parity', [0, 1], 1, 11, 4, -3)
(20, 92, 'parity', [0, 1], 1, 13, 5, -3)
(20, 92, 'or', [0, 1], 1, 11, 4, -3)
(20, 92, 'or', [0, 1], 1, 13, 5, -3)
(20, 95, 'parity', [0, 1], 1, 11, 4, -3)
(20, 95, 'parity', [0, 1], 1, 13, 5, -3)
(20, 95, 'or', [0, 1], 1, 11, 4, -3)
(20, 95, 'or', [0, 1], 1, 13, 5, -3)
(20, 236, 'parity', [0, 1], 1, 11, 4, 3)
(20, 236, 'parity', [0, 1], 1, 13, 5, 3)
(20, 236, 'or', [0, 1], 1, 11, 4, 3)
(20, 236, 'or', [0, 1], 1, 13, 5, 3)
(20, 239, 'parity', [0, 1], 1, 11, 4, 3)
(20, 239, 'parity', [0, 1], 1, 13, 5, 3)
(20, 239, 'or', [0, 1], 1, 11, 4, 3)
(20, 239, 'or', [0, 1], 1, 13, 5, 3)
(20, 242, 'parity', [0, 1], 1, 11, 4, 3)
(20, 242, 'parity', [0, 1], 1, 13, 5, 3)
(20, 242, 'or', [0, 1], 1, 11, 4, 3)
(20, 242, 'or', [0, 1], 1, 13, 5, 3)
(20, 272, 'parity', [0, 1], 1, 11, 1, -1)
(20, 272, 'parity', [0, 1], 1, 13, 1, -1)
(20, 272, 'or', [0, 1], 1, 11, 1, -1)
(20, 272, 'or', [0, 1], 1, 13, 1, -1)
(20, 275, 'parity', [0, 1], 1, 11, 1, -1)
(20, 275, 'parity', [0, 1], 1, 13, 1, -1)
(20, 275, 'or', [0, 1], 1, 11, 1, -1)
(20, 275, 'or', [0, 1], 1, 13, 1, -1)
(20, 278, 'parity', [0, 1], 1, 11, 1, -1)
(20, 278, 'parity', [0, 1], 1, 13, 1, -1)
(20, 278, 'or', [0, 1], 1, 11, 1, -1)
(20, 278, 'or', [0, 1], 1, 13, 1, -1)
(20, 884, 'parity', [0, 1], 1, 11, 4, 3)
(20, 884, 'parity', [0, 1], 1, 13, 5, 3)
(20, 884, 'or', [0, 1], 1, 11, 4, 3)
(20, 884, 'or', [0, 1], 1, 13, 5, 3)
(20, 887, 'parity', [0, 1], 1, 11, 4, 3)
(20, 887, 'parity', [0, 1], 1, 13, 5, 3)
(20, 887, 'or', [0, 1], 1, 11, 4, 3)
(20, 887, 'or', [0, 1], 1, 13, 5, 3)
(20, 920, 'parity', [0, 1], 1, 11, 1, -1)
(20, 920, 'parity', [0, 1], 1, 13, 1, -1)
(20, 920, 'or', [0, 1], 1, 11, 1, -1)
(20, 920, 'or', [0, 1], 1, 13, 1, -1)
(20, 923, 'parity', [0, 1], 1, 11, 1, -1)
(20, 923, 'parity', [0, 1], 1, 13, 1, -1)
(20, 923, 'or', [0, 1], 1, 11, 1, -1)
(20, 923, 'or', [0, 1], 1, 13, 1, -1)
(20, 380, 'parity', [0, 1], 1, 11, 1, 1)
(20, 380, 'parity', [0, 1], 1, 13, 1, 1)
(20, 380, 'or', [0, 1], 1, 11, 1, 1)
(20, 380, 'or', [0, 1], 1, 13, 1, 1)
(20, 383, 'parity', [0, 1], 1, 11, 1, 1)
(20, 383, 'parity', [0, 1], 1, 13, 1, 1)
(20, 383, 'or', [0, 1], 1, 11, 1, 1)
(20, 383, 'or', [0, 1], 1, 13, 1, 1)
(20, 386, 'parity', [0, 1], 1, 11, 1, 1)
(20, 386, 'parity', [0, 1], 1, 13, 1, 1)
(20, 386, 'or', [0, 1], 1, 11, 1, 1)
(20, 386, 'or', [0, 1], 1, 13, 1, 1)
(20, 416, 'parity', [0, 1], 1, 11, 4, -3)
(20, 416, 'parity', [0, 1], 1, 13, 5, -3)
(20, 416, 'or', [0, 1], 1, 11, 4, -3)
(20, 416, 'or', [0, 1], 1, 13, 5, -3)
(20, 419, 'parity', [0, 1], 1, 11, 4, -3)
(20, 419, 'parity', [0, 1], 1, 13, 5, -3)
(20, 419, 'or', [0, 1], 1, 11, 4, -3)
(20, 419, 'or', [0, 1], 1, 13, 5, -3)
(20, 422, 'parity', [0, 1], 1, 11, 4, -3)
(20, 422, 'parity', [0, 1], 1, 13, 5, -3)
(20, 422, 'or', [0, 1], 1, 11, 4, -3)
(20, 422, 'or', [0, 1], 1, 13, 5, -3)
(20, 560, 'parity', [0, 1], 1, 11, 4, 3)
(20, 560, 'parity', [0, 1], 1, 13, 5, 3)
(20, 560, 'or', [0, 1], 1, 11, 4, 3)
(20, 560, 'or', [0, 1], 1, 13, 5, 3)
(20, 563, 'parity', [0, 1], 1, 11, 4, 3)
(20, 563, 'parity', [0, 1], 1, 13, 5, 3)
(20, 563, 'or', [0, 1], 1, 11, 4, 3)
(20, 563, 'or', [0, 1], 1, 13, 5, 3)
(20, 566, 'parity', [0, 1], 1, 11, 4, 3)
(20, 566, 'parity', [0, 1], 1, 13, 5, 3)
(20, 566, 'or', [0, 1], 1, 11, 4, 3)
(20, 566, 'or', [0, 1], 1, 13, 5, 3)
(20, 596, 'parity', [0, 1], 1, 11, 1, -1)
(20, 596, 'parity', [0, 1], 1, 13, 1, -1)
(20, 596, 'or', [0, 1], 1, 11, 1, -1)
(20, 596, 'or', [0, 1], 1, 13, 1, -1)
(20, 599, 'parity', [0, 1], 1, 11, 1, -1)
(20, 599, 'parity', [0, 1], 1, 13, 1, -1)
(20, 599, 'or', [0, 1], 1, 11, 1, -1)
(20, 599, 'or', [0, 1], 1, 13, 1, -1)
(20, 602, 'parity', [0, 1], 1, 11, 1, -1)
(20, 602, 'parity', [0, 1], 1, 13, 1, -1)
(20, 602, 'or', [0, 1], 1, 11, 1, -1)
(20, 602, 'or', [0, 1], 1, 13, 1, -1)
(20, 704, 'parity', [0, 1], 1, 11, 1, 1)
(20, 704, 'parity', [0, 1], 1, 13, 1, 1)
(20, 704, 'or', [0, 1], 1, 11, 1, 1)
(20, 704, 'or', [0, 1], 1, 13, 1, 1)
(20, 707, 'parity', [0, 1], 1, 11, 1, 1)
(20, 707, 'parity', [0, 1], 1, 13, 1, 1)
(20, 707, 'or', [0, 1], 1, 11, 1, 1)
(20, 707, 'or', [0, 1], 1, 13, 1, 1)
(20, 710, 'parity', [0, 1], 1, 11, 1, 1)
(20, 710, 'parity', [0, 1], 1, 13, 1, 1)
(20, 710, 'or', [0, 1], 1, 11, 1, 1)
(20, 710, 'or', [0, 1], 1, 13, 1, 1)
(20, 740, 'parity', [0, 1], 1, 11, 4, -3)
(20, 740, 'parity', [0, 1], 1, 13, 5, -3)
(20, 740, 'or', [0, 1], 1, 11, 4, -3)
(20, 740, 'or', [0, 1], 1, 13, 5, -3)
(20, 743, 'parity', [0, 1], 1, 11, 4, -3)
(20, 743, 'parity', [0, 1], 1, 13, 5, -3)
(20, 743, 'or', [0, 1], 1, 11, 4, -3)
(20, 743, 'or', [0, 1], 1, 13, 5, -3)
(20, 746, 'parity', [0, 1], 1, 11, 4, -3)
(20, 746, 'parity', [0, 1], 1, 13, 5, -3)
(20, 746, 'or', [0, 1], 1, 11, 4, -3)
(20, 746, 'or', [0, 1], 1, 13, 5, -3)
(23, 56, 'parity', [0, 1], 1, 11, 1, 1)
(23, 56, 'parity', [0, 1], 1, 13, 1, 1)
(23, 56, 'or', [0, 1], 1, 11, 1, 1)
(23, 56, 'or', [0, 1], 1, 13, 1, 1)
(23, 59, 'parity', [0, 1], 1, 11, 1, 1)
(23, 59, 'parity', [0, 1], 1, 13, 1, 1)
(23, 59, 'or', [0, 1], 1, 11, 1, 1)
(23, 59, 'or', [0, 1], 1, 13, 1, 1)
(23, 92, 'parity', [0, 1], 1, 11, 4, -3)
(23, 92, 'parity', [0, 1], 1, 13, 5, -3)
(23, 92, 'or', [0, 1], 1, 11, 4, -3)
(23, 92, 'or', [0, 1], 1, 13, 5, -3)
(23, 95, 'parity', [0, 1], 1, 11, 4, -3)
(23, 95, 'parity', [0, 1], 1, 13, 5, -3)
(23, 95, 'or', [0, 1], 1, 11, 4, -3)
(23, 95, 'or', [0, 1], 1, 13, 5, -3)
(23, 884, 'parity', [0, 1], 1, 11, 4, 3)
(23, 884, 'parity', [0, 1], 1, 13, 5, 3)
(23, 884, 'or', [0, 1], 1, 11, 4, 3)
(23, 884, 'or', [0, 1], 1, 13, 5, 3)
(23, 887, 'parity', [0, 1], 1, 11, 4, 3)
(23, 887, 'parity', [0, 1], 1, 13, 5, 3)
(23, 887, 'or', [0, 1], 1, 11, 4, 3)
(23, 887, 'or', [0, 1], 1, 13, 5, 3)
(23, 920, 'parity', [0, 1], 1, 11, 1, -1)
(23, 920, 'parity', [0, 1], 1, 13, 1, -1)
(23, 920, 'or', [0, 1], 1, 11, 1, -1)
(23, 920, 'or', [0, 1], 1, 13, 1, -1)
(23, 923, 'parity', [0, 1], 1, 11, 1, -1)
(23, 923, 'parity', [0, 1], 1, 13, 1, -1)
(23, 923, 'or', [0, 1], 1, 11, 1, -1)
(23, 923, 'or', [0, 1], 1, 13, 1, -1)
(23, 236, 'parity', [0, 1], 1, 11, 4, 3)
(23, 236, 'parity', [0, 1], 1, 13, 5, 3)
(23, 236, 'or', [0, 1], 1, 11, 4, 3)
(23, 236, 'or', [0, 1], 1, 13, 5, 3)
(23, 239, 'parity', [0, 1], 1, 11, 4, 3)
(23, 239, 'parity', [0, 1], 1, 13, 5, 3)
(23, 239, 'or', [0, 1], 1, 11, 4, 3)
(23, 239, 'or', [0, 1], 1, 13, 5, 3)
(23, 242, 'parity', [0, 1], 1, 11, 4, 3)
(23, 242, 'parity', [0, 1], 1, 13, 5, 3)
(23, 242, 'or', [0, 1], 1, 11, 4, 3)
(23, 242, 'or', [0, 1], 1, 13, 5, 3)
(23, 272, 'parity', [0, 1], 1, 11, 1, -1)
(23, 272, 'parity', [0, 1], 1, 13, 1, -1)
(23, 272, 'or', [0, 1], 1, 11, 1, -1)
(23, 272, 'or', [0, 1], 1, 13, 1, -1)
(23, 275, 'parity', [0, 1], 1, 11, 1, -1)
(23, 275, 'parity', [0, 1], 1, 13, 1, -1)
(23, 275, 'or', [0, 1], 1, 11, 1, -1)
(23, 275, 'or', [0, 1], 1, 13, 1, -1)
(23, 278, 'parity', [0, 1], 1, 11, 1, -1)
(23, 278, 'parity', [0, 1], 1, 13, 1, -1)
(23, 278, 'or', [0, 1], 1, 11, 1, -1)
(23, 278, 'or', [0, 1], 1, 13, 1, -1)
(23, 380, 'parity', [0, 1], 1, 11, 1, 1)
(23, 380, 'parity', [0, 1], 1, 13, 1, 1)
(23, 380, 'or', [0, 1], 1, 11, 1, 1)
(23, 380, 'or', [0, 1], 1, 13, 1, 1)
(23, 383, 'parity', [0, 1], 1, 11, 1, 1)
(23, 383, 'parity', [0, 1], 1, 13, 1, 1)
(23, 383, 'or', [0, 1], 1, 11, 1, 1)
(23, 383, 'or', [0, 1], 1, 13, 1, 1)
(23, 386, 'parity', [0, 1], 1, 11, 1, 1)
(23, 386, 'parity', [0, 1], 1, 13, 1, 1)
(23, 386, 'or', [0, 1], 1, 11, 1, 1)
(23, 386, 'or', [0, 1], 1, 13, 1, 1)
(23, 416, 'parity', [0, 1], 1, 11, 4, -3)
(23, 416, 'parity', [0, 1], 1, 13, 5, -3)
(23, 416, 'or', [0, 1], 1, 11, 4, -3)
(23, 416, 'or', [0, 1], 1, 13, 5, -3)
(23, 419, 'parity', [0, 1], 1, 11, 4, -3)
(23, 419, 'parity', [0, 1], 1, 13, 5, -3)
(23, 419, 'or', [0, 1], 1, 11, 4, -3)
(23, 419, 'or', [0, 1], 1, 13, 5, -3)
(23, 422, 'parity', [0, 1], 1, 11, 4, -3)
(23, 422, 'parity', [0, 1], 1, 13, 5, -3)
(23, 422, 'or', [0, 1], 1, 11, 4, -3)
(23, 422, 'or', [0, 1], 1, 13, 5, -3)
(23, 560, 'parity', [0, 1], 1, 11, 4, 3)
(23, 560, 'parity', [0, 1], 1, 13, 5, 3)
(23, 560, 'or', [0, 1], 1, 11, 4, 3)
(23, 560, 'or', [0, 1], 1, 13, 5, 3)
(23, 563, 'parity', [0, 1], 1, 11, 4, 3)
(23, 563, 'parity', [0, 1], 1, 13, 5, 3)
(23, 563, 'or', [0, 1], 1, 11, 4, 3)
(23, 563, 'or', [0, 1], 1, 13, 5, 3)
(23, 566, 'parity', [0, 1], 1, 11, 4, 3)
(23, 566, 'parity', [0, 1], 1, 13, 5, 3)
(23, 566, 'or', [0, 1], 1, 11, 4, 3)
(23, 566, 'or', [0, 1], 1, 13, 5, 3)
(23, 596, 'parity', [0, 1], 1, 11, 1, -1)
(23, 596, 'parity', [0, 1], 1, 13, 1, -1)
(23, 596, 'or', [0, 1], 1, 11, 1, -1)
(23, 596, 'or', [0, 1], 1, 13, 1, -1)
(23, 599, 'parity', [0, 1], 1, 11, 1, -1)
(23, 599, 'parity', [0, 1], 1, 13, 1, -1)
(23, 599, 'or', [0, 1], 1, 11, 1, -1)
(23, 599, 'or', [0, 1], 1, 13, 1, -1)
(23, 602, 'parity', [0, 1], 1, 11, 1, -1)
(23, 602, 'parity', [0, 1], 1, 13, 1, -1)
(23, 602, 'or', [0, 1], 1, 11, 1, -1)
(23, 602, 'or', [0, 1], 1, 13, 1, -1)
(23, 704, 'parity', [0, 1], 1, 11, 1, 1)
(23, 704, 'parity', [0, 1], 1, 13, 1, 1)
(23, 704, 'or', [0, 1], 1, 11, 1, 1)
(23, 704, 'or', [0, 1], 1, 13, 1, 1)
(23, 707, 'parity', [0, 1], 1, 11, 1, 1)
(23, 707, 'parity', [0, 1], 1, 13, 1, 1)
(23, 707, 'or', [0, 1], 1, 11, 1, 1)
(23, 707, 'or', [0, 1], 1, 13, 1, 1)
(23, 710, 'parity', [0, 1], 1, 11, 1, 1)
(23, 710, 'parity', [0, 1], 1, 13, 1, 1)
(23, 710, 'or', [0, 1], 1, 11, 1, 1)
(23, 710, 'or', [0, 1], 1, 13, 1, 1)
(23, 740, 'parity', [0, 1], 1, 11, 4, -3)
(23, 740, 'parity', [0, 1], 1, 13, 5, -3)
(23, 740, 'or', [0, 1], 1, 11, 4, -3)
(23, 740, 'or', [0, 1], 1, 13, 5, -3)
(23, 743, 'parity', [0, 1], 1, 11, 4, -3)
(23, 743, 'parity', [0, 1], 1, 13, 5, -3)
(23, 743, 'or', [0, 1], 1, 11, 4, -3)
(23, 743, 'or', [0, 1], 1, 13, 5, -3)
(23, 746, 'parity', [0, 1], 1, 11, 4, -3)
(23, 746, 'parity', [0, 1], 1, 13, 5, -3)
(23, 746, 'or', [0, 1], 1, 11, 4, -3)
(23, 746, 'or', [0, 1], 1, 13, 5, -3)
(28, 29, 'parity', [0], 2, 11, 1, -1)
(28, 29, 'parity', [0], 2, 13, 1, -1)
(28, 29, 'parity', [1], 1, 11, 1, -1)
(28, 29, 'parity', [1], 1, 13, 1, -1)
(28, 29, 'or', [0], 2, 11, 1, -1)
(28, 29, 'or', [0], 2, 13, 1, -1)
(28, 29, 'or', [1], 1, 11, 1, -1)
(28, 29, 'or', [1], 1, 13, 1, -1)
(28, 32, 'parity', [0], 2, 11, 1, -1)
(28, 32, 'parity', [0], 2, 13, 1, -1)
(28, 32, 'parity', [1], 1, 11, 1, -1)
(28, 32, 'parity', [1], 1, 13, 1, -1)
(28, 32, 'or', [0], 2, 11, 1, -1)
(28, 32, 'or', [0], 2, 13, 1, -1)
(28, 32, 'or', [1], 1, 11, 1, -1)
(28, 32, 'or', [1], 1, 13, 1, -1)
(28, 101, 'parity', [0], 2, 11, 1, 1)
(28, 101, 'parity', [0], 2, 13, 1, 1)
(28, 101, 'or', [0], 2, 11, 1, 1)
(28, 101, 'or', [0], 2, 13, 1, 1)
(28, 104, 'parity', [0], 2, 11, 1, 1)
(28, 104, 'parity', [0], 2, 13, 1, 1)
(28, 104, 'or', [0], 2, 11, 1, 1)
(28, 104, 'or', [0], 2, 13, 1, 1)
(28, 136, 'parity', [0], 2, 11, 1, -1)
(28, 136, 'parity', [0], 2, 13, 1, -1)
(28, 136, 'or', [0], 2, 11, 1, -1)
(28, 136, 'or', [0], 2, 13, 1, -1)
(28, 139, 'parity', [0], 2, 11, 1, -1)
(28, 139, 'parity', [0], 2, 13, 1, -1)
(28, 139, 'parity', [1], 1, 11, 1, -1)
(28, 139, 'parity', [1], 1, 13, 1, -1)
(28, 139, 'or', [0], 2, 11, 1, -1)
(28, 139, 'or', [0], 2, 13, 1, -1)
(28, 139, 'or', [1], 1, 11, 1, -1)
(28, 139, 'or', [1], 1, 13, 1, -1)
(28, 208, 'parity', [0], 2, 11, 1, 1)
(28, 208, 'parity', [0], 2, 13, 1, 1)
(28, 208, 'or', [0], 2, 11, 1, 1)
(28, 208, 'or', [0], 2, 13, 1, 1)
(28, 211, 'parity', [0], 2, 11, 1, 1)
(28, 211, 'parity', [0], 2, 13, 1, 1)
(28, 211, 'or', [0], 2, 11, 1, 1)
(28, 211, 'or', [0], 2, 13, 1, 1)
(28, 245, 'parity', [0], 2, 11, 1, -1)
(28, 245, 'parity', [0], 2, 13, 1, -1)
(28, 245, 'or', [0], 2, 11, 1, -1)
(28, 245, 'or', [0], 2, 13, 1, -1)
(28, 247, 'parity', [1], 1, 11, 1, -1)
(28, 247, 'parity', [1], 1, 13, 1, -1)
(28, 247, 'or', [1], 1, 11, 1, -1)
(28, 247, 'or', [1], 1, 13, 1, -1)
(28, 248, 'parity', [0], 2, 11, 1, -1)
(28, 248, 'parity', [0], 2, 13, 1, -1)
(28, 248, 'or', [0], 2, 11, 1, -1)
(28, 248, 'or', [0], 2, 13, 1, -1)
(28, 317, 'parity', [0], 2, 11, 1, 1)
(28, 317, 'parity', [0], 2, 13, 1, 1)
(28, 317, 'parity', [1], 1, 11, 1, -1)
(28, 317, 'parity', [1], 1, 13, 1, -1)
(28, 317, 'or', [0], 2, 11, 1, 1)
(28, 317, 'or', [0], 2, 13, 1, 1)
(28, 317, 'or', [1], 1, 11, 1, -1)
(28, 317, 'or', [1], 1, 13, 1, -1)
(28, 320, 'parity', [0], 2, 11, 1, 1)
(28, 320, 'parity', [0], 2, 13, 1, 1)
(28, 320, 'or', [0], 2, 11, 1, 1)
(28, 320, 'or', [0], 2, 13, 1, 1)
(28, 323, 'parity', [1], 1, 11, 1, -1)
(28, 323, 'parity', [1], 1, 13, 1, -1)
(28, 323, 'or', [1], 1, 11, 1, -1)
(28, 323, 'or', [1], 1, 13, 1, -1)
(28, 353, 'parity', [0], 2, 11, 1, -1)
(28, 353, 'parity', [0], 2, 13, 1, -1)
(28, 353, 'parity', [1], 1, 11, 1, -1)
(28, 353, 'parity', [1], 1, 13, 1, -1)
(28, 353, 'or', [0], 2, 11, 1, -1)
(28, 353, 'or', [0], 2, 13, 1, -1)
(28, 353, 'or', [1], 1, 11, 1, -1)
(28, 353, 'or', [1], 1, 13, 1, -1)
(28, 359, 'parity', [0], 2, 11, 1, -1)
(28, 359, 'parity', [0], 2, 13, 1, -1)
(28, 359, 'parity', [1], 1, 11, 1, -1)
(28, 359, 'parity', [1], 1, 13, 1, -1)
(28, 359, 'or', [0], 2, 11, 1, -1)
(28, 359, 'or', [0], 2, 13, 1, -1)
(28, 359, 'or', [1], 1, 11, 1, -1)
(28, 359, 'or', [1], 1, 13, 1, -1)
(28, 425, 'parity', [0], 2, 11, 1, 1)
(28, 425, 'parity', [0], 2, 13, 1, 1)
(28, 425, 'or', [0], 2, 11, 1, 1)
(28, 425, 'or', [0], 2, 13, 1, 1)
(28, 431, 'parity', [0], 2, 11, 1, 1)
(28, 431, 'parity', [0], 2, 13, 1, 1)
(28, 431, 'or', [0], 2, 11, 1, 1)
(28, 431, 'or', [0], 2, 13, 1, 1)
(28, 460, 'parity', [0], 2, 11, 1, -1)
(28, 460, 'parity', [0], 2, 13, 1, -1)
(28, 460, 'or', [0], 2, 11, 1, -1)
(28, 460, 'or', [0], 2, 13, 1, -1)
(28, 466, 'parity', [0], 2, 11, 1, -1)
(28, 466, 'parity', [0], 2, 13, 1, -1)
(28, 466, 'or', [0], 2, 11, 1, -1)
(28, 466, 'or', [0], 2, 13, 1, -1)
(28, 532, 'parity', [0], 2, 11, 1, 1)
(28, 532, 'parity', [0], 2, 13, 1, 1)
(28, 532, 'or', [0], 2, 11, 1, 1)
(28, 532, 'or', [0], 2, 13, 1, 1)
(28, 538, 'parity', [0], 2, 11, 1, 1)
(28, 538, 'parity', [0], 2, 13, 1, 1)
(28, 538, 'or', [0], 2, 11, 1, 1)
(28, 538, 'or', [0], 2, 13, 1, 1)
(28, 784, 'parity', [0], 2, 11, 1, -1)
(28, 784, 'parity', [0], 2, 13, 1, -1)
(28, 784, 'or', [0], 2, 11, 1, -1)
(28, 784, 'or', [0], 2, 13, 1, -1)
(28, 787, 'parity', [0], 2, 11, 1, -1)
(28, 787, 'parity', [0], 2, 13, 1, -1)
(28, 787, 'or', [0], 2, 11, 1, -1)
(28, 787, 'or', [0], 2, 13, 1, -1)
(28, 856, 'parity', [0], 2, 11, 1, 1)
(28, 856, 'parity', [0], 2, 13, 1, 1)
(28, 856, 'or', [0], 2, 11, 1, 1)
(28, 856, 'or', [0], 2, 13, 1, 1)
(28, 859, 'parity', [0], 2, 11, 1, 1)
(28, 859, 'parity', [0], 2, 13, 1, 1)
(28, 859, 'parity', [1], 1, 11, 1, -1)
(28, 859, 'parity', [1], 1, 13, 1, -1)
(28, 859, 'or', [0], 2, 11, 1, 1)
(28, 859, 'or', [0], 2, 13, 1, 1)
(28, 859, 'or', [1], 1, 11, 1, -1)
(28, 859, 'or', [1], 1, 13, 1, -1)
(28, 893, 'parity', [0], 2, 11, 1, -1)
(28, 893, 'parity', [0], 2, 13, 1, -1)
(28, 893, 'or', [0], 2, 11, 1, -1)
(28, 893, 'or', [0], 2, 13, 1, -1)
(28, 896, 'parity', [0], 2, 11, 1, -1)
(28, 896, 'parity', [0], 2, 13, 1, -1)
(28, 896, 'or', [0], 2, 11, 1, -1)
(28, 896, 'or', [0], 2, 13, 1, -1)
(28, 965, 'parity', [0], 2, 11, 1, 1)
(28, 965, 'parity', [0], 2, 13, 1, 1)
(28, 965, 'parity', [1], 1, 11, 1, -1)
(28, 965, 'parity', [1], 1, 13, 1, -1)
(28, 965, 'or', [0], 2, 11, 1, 1)
(28, 965, 'or', [0], 2, 13, 1, 1)
(28, 965, 'or', [1], 1, 11, 1, -1)
(28, 965, 'or', [1], 1, 13, 1, -1)
(28, 968, 'parity', [0], 2, 11, 1, 1)
(28, 968, 'parity', [0], 2, 13, 1, 1)
(28, 968, 'parity', [1], 1, 11, 1, -1)
(28, 968, 'parity', [1], 1, 13, 1, -1)
(28, 968, 'or', [0], 2, 11, 1, 1)
(28, 968, 'or', [0], 2, 13, 1, 1)
(28, 968, 'or', [1], 1, 11, 1, -1)
(28, 968, 'or', [1], 1, 13, 1, -1)
(28, 569, 'parity', [0], 2, 11, 1, -1)
(28, 569, 'parity', [0], 2, 13, 1, -1)
(28, 569, 'or', [0], 2, 11, 1, -1)
(28, 569, 'or', [0], 2, 13, 1, -1)
(28, 575, 'parity', [0], 2, 11, 1, -1)
(28, 575, 'parity', [0], 2, 13, 1, -1)
(28, 575, 'or', [0], 2, 11, 1, -1)
(28, 575, 'or', [0], 2, 13, 1, -1)
(28, 641, 'parity', [0], 2, 11, 1, 1)
(28, 641, 'parity', [0], 2, 13, 1, 1)
(28, 641, 'parity', [1], 1, 11, 1, -1)
(28, 641, 'parity', [1], 1, 13, 1, -1)
(28, 641, 'or', [0], 2, 11, 1, 1)
(28, 641, 'or', [0], 2, 13, 1, 1)
(28, 641, 'or', [1], 1, 11, 1, -1)
(28, 641, 'or', [1], 1, 13, 1, -1)
(28, 647, 'parity', [0], 2, 11, 1, 1)
(28, 647, 'parity', [0], 2, 13, 1, 1)
(28, 647, 'parity', [1], 1, 11, 1, -1)
(28, 647, 'parity', [1], 1, 13, 1, -1)
(28, 647, 'or', [0], 2, 11, 1, 1)
(28, 647, 'or', [0], 2, 13, 1, 1)
(28, 647, 'or', [1], 1, 11, 1, -1)
(28, 647, 'or', [1], 1, 13, 1, -1)
(28, 677, 'parity', [0], 2, 11, 1, -1)
(28, 677, 'parity', [0], 2, 13, 1, -1)
(28, 677, 'parity', [1], 1, 11, 1, -1)
(28, 677, 'parity', [1], 1, 13, 1, -1)
(28, 677, 'or', [0], 2, 11, 1, -1)
(28, 677, 'or', [0], 2, 13, 1, -1)
(28, 677, 'or', [1], 1, 11, 1, -1)
(28, 677, 'or', [1], 1, 13, 1, -1)
(28, 680, 'parity', [0], 2, 11, 1, -1)
(28, 680, 'parity', [0], 2, 13, 1, -1)
(28, 680, 'or', [0], 2, 11, 1, -1)
(28, 680, 'or', [0], 2, 13, 1, -1)
(28, 683, 'parity', [1], 1, 11, 1, -1)
(28, 683, 'parity', [1], 1, 13, 1, -1)
(28, 683, 'or', [1], 1, 11, 1, -1)
(28, 683, 'or', [1], 1, 13, 1, -1)
(28, 749, 'parity', [0], 2, 11, 1, 1)
(28, 749, 'parity', [0], 2, 13, 1, 1)
(28, 749, 'or', [0], 2, 11, 1, 1)
(28, 749, 'or', [0], 2, 13, 1, 1)
(28, 751, 'parity', [1], 1, 11, 1, -1)
(28, 751, 'parity', [1], 1, 13, 1, -1)
(28, 751, 'or', [1], 1, 11, 1, -1)
(28, 751, 'or', [1], 1, 13, 1, -1)
(28, 752, 'parity', [0], 2, 11, 1, 1)
(28, 752, 'parity', [0], 2, 13, 1, 1)
(28, 752, 'or', [0], 2, 11, 1, 1)
(28, 752, 'or', [0], 2, 13, 1, 1)
(34, 32, 'parity', [0], 2, 11, 1, -1)
(34, 32, 'parity', [0], 2, 13, 1, -1)
(34, 32, 'parity', [1], 1, 11, 1, -1)
(34, 32, 'parity', [1], 1, 13, 1, -1)
(34, 32, 'or', [0], 2, 11, 1, -1)
(34, 32, 'or', [0], 2, 13, 1, -1)
(34, 32, 'or', [1], 1, 11, 1, -1)
(34, 32, 'or', [1], 1, 13, 1, -1)
(34, 101, 'parity', [0], 2, 11, 1, 1)
(34, 101, 'parity', [0], 2, 13, 1, 1)
(34, 101, 'or', [0], 2, 11, 1, 1)
(34, 101, 'or', [0], 2, 13, 1, 1)
(34, 104, 'parity', [0], 2, 11, 1, 1)
(34, 104, 'parity', [0], 2, 13, 1, 1)
(34, 104, 'or', [0], 2, 11, 1, 1)
(34, 104, 'or', [0], 2, 13, 1, 1)
(34, 136, 'parity', [0], 2, 11, 1, -1)
(34, 136, 'parity', [0], 2, 13, 1, -1)
(34, 136, 'or', [0], 2, 11, 1, -1)
(34, 136, 'or', [0], 2, 13, 1, -1)
(34, 139, 'parity', [0], 2, 11, 1, -1)
(34, 139, 'parity', [0], 2, 13, 1, -1)
(34, 139, 'parity', [1], 1, 11, 1, -1)
(34, 139, 'parity', [1], 1, 13, 1, -1)
(34, 139, 'or', [0], 2, 11, 1, -1)
(34, 139, 'or', [0], 2, 13, 1, -1)
(34, 139, 'or', [1], 1, 11, 1, -1)
(34, 139, 'or', [1], 1, 13, 1, -1)
(34, 208, 'parity', [0], 2, 11, 1, 1)
(34, 208, 'parity', [0], 2, 13, 1, 1)
(34, 208, 'or', [0], 2, 11, 1, 1)
(34, 208, 'or', [0], 2, 13, 1, 1)
(34, 211, 'parity', [0], 2, 11, 1, 1)
(34, 211, 'parity', [0], 2, 13, 1, 1)
(34, 211, 'or', [0], 2, 11, 1, 1)
(34, 211, 'or', [0], 2, 13, 1, 1)
(34, 245, 'parity', [0], 2, 11, 1, -1)
(34, 245, 'parity', [0], 2, 13, 1, -1)
(34, 245, 'or', [0], 2, 11, 1, -1)
(34, 245, 'or', [0], 2, 13, 1, -1)
(34, 247, 'parity', [1], 1, 11, 1, -1)
(34, 247, 'parity', [1], 1, 13, 1, -1)
(34, 247, 'or', [1], 1, 11, 1, -1)
(34, 247, 'or', [1], 1, 13, 1, -1)
(34, 248, 'parity', [0], 2, 11, 1, -1)
(34, 248, 'parity', [0], 2, 13, 1, -1)
(34, 248, 'or', [0], 2, 11, 1, -1)
(34, 248, 'or', [0], 2, 13, 1, -1)
(34, 532, 'parity', [0], 2, 11, 1, 1)
(34, 532, 'parity', [0], 2, 13, 1, 1)
(34, 532, 'or', [0], 2, 11, 1, 1)
(34, 532, 'or', [0], 2, 13, 1, 1)
(34, 538, 'parity', [0], 2, 11, 1, 1)
(34, 538, 'parity', [0], 2, 13, 1, 1)
(34, 538, 'or', [0], 2, 11, 1, 1)
(34, 538, 'or', [0], 2, 13, 1, 1)
(34, 569, 'parity', [0], 2, 11, 1, -1)
(34, 569, 'parity', [0], 2, 13, 1, -1)
(34, 569, 'or', [0], 2, 11, 1, -1)
(34, 569, 'or', [0], 2, 13, 1, -1)
(34, 575, 'parity', [0], 2, 11, 1, -1)
(34, 575, 'parity', [0], 2, 13, 1, -1)
(34, 575, 'or', [0], 2, 11, 1, -1)
(34, 575, 'or', [0], 2, 13, 1, -1)
(34, 641, 'parity', [0], 2, 11, 1, 1)
(34, 641, 'parity', [0], 2, 13, 1, 1)
(34, 641, 'parity', [1], 1, 11, 1, -1)
(34, 641, 'parity', [1], 1, 13, 1, -1)
(34, 641, 'or', [0], 2, 11, 1, 1)
(34, 641, 'or', [0], 2, 13, 1, 1)
(34, 641, 'or', [1], 1, 11, 1, -1)
(34, 641, 'or', [1], 1, 13, 1, -1)
(34, 647, 'parity', [0], 2, 11, 1, 1)
(34, 647, 'parity', [0], 2, 13, 1, 1)
(34, 647, 'parity', [1], 1, 11, 1, -1)
(34, 647, 'parity', [1], 1, 13, 1, -1)
(34, 647, 'or', [0], 2, 11, 1, 1)
(34, 647, 'or', [0], 2, 13, 1, 1)
(34, 647, 'or', [1], 1, 11, 1, -1)
(34, 647, 'or', [1], 1, 13, 1, -1)
(34, 677, 'parity', [0], 2, 11, 1, -1)
(34, 677, 'parity', [0], 2, 13, 1, -1)
(34, 677, 'parity', [1], 1, 11, 1, -1)
(34, 677, 'parity', [1], 1, 13, 1, -1)
(34, 677, 'or', [0], 2, 11, 1, -1)
(34, 677, 'or', [0], 2, 13, 1, -1)
(34, 677, 'or', [1], 1, 11, 1, -1)
(34, 677, 'or', [1], 1, 13, 1, -1)
(34, 680, 'parity', [0], 2, 11, 1, -1)
(34, 680, 'parity', [0], 2, 13, 1, -1)
(34, 680, 'or', [0], 2, 11, 1, -1)
(34, 680, 'or', [0], 2, 13, 1, -1)
(34, 683, 'parity', [1], 1, 11, 1, -1)
(34, 683, 'parity', [1], 1, 13, 1, -1)
(34, 683, 'or', [1], 1, 11, 1, -1)
(34, 683, 'or', [1], 1, 13, 1, -1)
(34, 317, 'parity', [0], 2, 11, 1, 1)
(34, 317, 'parity', [0], 2, 13, 1, 1)
(34, 317, 'parity', [1], 1, 11, 1, -1)
(34, 317, 'parity', [1], 1, 13, 1, -1)
(34, 317, 'or', [0], 2, 11, 1, 1)
(34, 317, 'or', [0], 2, 13, 1, 1)
(34, 317, 'or', [1], 1, 11, 1, -1)
(34, 317, 'or', [1], 1, 13, 1, -1)
(34, 320, 'parity', [0], 2, 11, 1, 1)
(34, 320, 'parity', [0], 2, 13, 1, 1)
(34, 320, 'or', [0], 2, 11, 1, 1)
(34, 320, 'or', [0], 2, 13, 1, 1)
(34, 323, 'parity', [1], 1, 11, 1, -1)
(34, 323, 'parity', [1], 1, 13, 1, -1)
(34, 323, 'or', [1], 1, 11, 1, -1)
(34, 323, 'or', [1], 1, 13, 1, -1)
(34, 353, 'parity', [0], 2, 11, 1, -1)
(34, 353, 'parity', [0], 2, 13, 1, -1)
(34, 353, 'parity', [1], 1, 11, 1, -1)
(34, 353, 'parity', [1], 1, 13, 1, -1)
(34, 353, 'or', [0], 2, 11, 1, -1)
(34, 353, 'or', [0], 2, 13, 1, -1)
(34, 353, 'or', [1], 1, 11, 1, -1)
(34, 353, 'or', [1], 1, 13, 1, -1)
(34, 359, 'parity', [0], 2, 11, 1, -1)
(34, 359, 'parity', [0], 2, 13, 1, -1)
(34, 359, 'parity', [1], 1, 11, 1, -1)
(34, 359, 'parity', [1], 1, 13, 1, -1)
(34, 359, 'or', [0], 2, 11, 1, -1)
(34, 359, 'or', [0], 2, 13, 1, -1)
(34, 359, 'or', [1], 1, 11, 1, -1)
(34, 359, 'or', [1], 1, 13, 1, -1)
(34, 425, 'parity', [0], 2, 11, 1, 1)
(34, 425, 'parity', [0], 2, 13, 1, 1)
(34, 425, 'or', [0], 2, 11, 1, 1)
(34, 425, 'or', [0], 2, 13, 1, 1)
(34, 431, 'parity', [0], 2, 11, 1, 1)
(34, 431, 'parity', [0], 2, 13, 1, 1)
(34, 431, 'or', [0], 2, 11, 1, 1)
(34, 431, 'or', [0], 2, 13, 1, 1)
(34, 460, 'parity', [0], 2, 11, 1, -1)
(34, 460, 'parity', [0], 2, 13, 1, -1)
(34, 460, 'or', [0], 2, 11, 1, -1)
(34, 460, 'or', [0], 2, 13, 1, -1)
(34, 466, 'parity', [0], 2, 11, 1, -1)
(34, 466, 'parity', [0], 2, 13, 1, -1)
(34, 466, 'or', [0], 2, 11, 1, -1)
(34, 466, 'or', [0], 2, 13, 1, -1)
(34, 749, 'parity', [0], 2, 11, 1, 1)
(34, 749, 'parity', [0], 2, 13, 1, 1)
(34, 749, 'or', [0], 2, 11, 1, 1)
(34, 749, 'or', [0], 2, 13, 1, 1)
(34, 751, 'parity', [1], 1, 11, 1, -1)
(34, 751, 'parity', [1], 1, 13, 1, -1)
(34, 751, 'or', [1], 1, 11, 1, -1)
(34, 751, 'or', [1], 1, 13, 1, -1)
(34, 752, 'parity', [0], 2, 11, 1, 1)
(34, 752, 'parity', [0], 2, 13, 1, 1)
(34, 752, 'or', [0], 2, 11, 1, 1)
(34, 752, 'or', [0], 2, 13, 1, 1)
(34, 784, 'parity', [0], 2, 11, 1, -1)
(34, 784, 'parity', [0], 2, 13, 1, -1)
(34, 784, 'or', [0], 2, 11, 1, -1)
(34, 784, 'or', [0], 2, 13, 1, -1)
(34, 787, 'parity', [0], 2, 11, 1, -1)
(34, 787, 'parity', [0], 2, 13, 1, -1)
(34, 787, 'or', [0], 2, 11, 1, -1)
(34, 787, 'or', [0], 2, 13, 1, -1)
(34, 856, 'parity', [0], 2, 11, 1, 1)
(34, 856, 'parity', [0], 2, 13, 1, 1)
(34, 856, 'or', [0], 2, 11, 1, 1)
(34, 856, 'or', [0], 2, 13, 1, 1)
(34, 859, 'parity', [0], 2, 11, 1, 1)
(34, 859, 'parity', [0], 2, 13, 1, 1)
(34, 859, 'parity', [1], 1, 11, 1, -1)
(34, 859, 'parity', [1], 1, 13, 1, -1)
(34, 859, 'or', [0], 2, 11, 1, 1)
(34, 859, 'or', [0], 2, 13, 1, 1)
(34, 859, 'or', [1], 1, 11, 1, -1)
(34, 859, 'or', [1], 1, 13, 1, -1)
(34, 893, 'parity', [0], 2, 11, 1, -1)
(34, 893, 'parity', [0], 2, 13, 1, -1)
(34, 893, 'or', [0], 2, 11, 1, -1)
(34, 893, 'or', [0], 2, 13, 1, -1)
(34, 896, 'parity', [0], 2, 11, 1, -1)
(34, 896, 'parity', [0], 2, 13, 1, -1)
(34, 896, 'or', [0], 2, 11, 1, -1)
(34, 896, 'or', [0], 2, 13, 1, -1)
(34, 968, 'parity', [0], 2, 11, 1, 1)
(34, 968, 'parity', [0], 2, 13, 1, 1)
(34, 968, 'parity', [1], 1, 11, 1, -1)
(34, 968, 'parity', [1], 1, 13, 1, -1)
(34, 968, 'or', [0], 2, 11, 1, 1)
(34, 968, 'or', [0], 2, 13, 1, 1)
(34, 968, 'or', [1], 1, 11, 1, -1)
(34, 968, 'or', [1], 1, 13, 1, -1)
(46, 154, 'parity', [0, 1], 2, 11, 1, 1)
(46, 154, 'parity', [0, 1], 2, 13, 1, 1)
(46, 154, 'or', [0, 1], 2, 11, 1, 1)
(46, 154, 'or', [0, 1], 2, 13, 1, 1)
(46, 157, 'parity', [1], 3, 11, 1, 1)
(46, 157, 'parity', [1], 3, 13, 1, 1)
(46, 157, 'parity', [0, 1], 2, 11, 1, 1)
(46, 157, 'parity', [0, 1], 2, 13, 1, 1)
(46, 157, 'or', [1], 3, 11, 1, 1)
(46, 157, 'or', [1], 3, 13, 1, 1)
(46, 157, 'or', [0, 1], 2, 11, 1, 1)
(46, 157, 'or', [0, 1], 2, 13, 1, 1)
(46, 160, 'parity', [0, 1], 2, 11, 1, 1)
(46, 160, 'parity', [0, 1], 2, 13, 1, 1)
(46, 160, 'or', [0, 1], 2, 11, 1, 1)
(46, 160, 'or', [0, 1], 2, 13, 1, 1)
(46, 193, 'parity', [1], 3, 11, 4, -3)
(46, 193, 'parity', [1], 3, 13, 5, -3)
(46, 193, 'or', [1], 3, 11, 4, -3)
(46, 193, 'or', [1], 3, 13, 5, -3)
(46, 265, 'parity', [1], 3, 11, 1, 1)
(46, 265, 'parity', [1], 3, 13, 1, 1)
(46, 265, 'or', [1], 3, 11, 1, 1)
(46, 265, 'or', [1], 3, 13, 1, 1)
(46, 298, 'parity', [0, 1], 2, 11, 1, 1)
(46, 298, 'parity', [0, 1], 2, 13, 1, 1)
(46, 298, 'or', [0, 1], 2, 11, 1, 1)
(46, 298, 'or', [0, 1], 2, 13, 1, 1)
(46, 301, 'parity', [1], 3, 11, 4, -3)
(46, 301, 'parity', [1], 3, 13, 5, -3)
(46, 301, 'parity', [0, 1], 2, 11, 1, 1)
(46, 301, 'parity', [0, 1], 2, 13, 1, 1)
(46, 301, 'or', [1], 3, 11, 4, -3)
(46, 301, 'or', [1], 3, 13, 5, -3)
(46, 301, 'or', [0, 1], 2, 11, 1, 1)
(46, 301, 'or', [0, 1], 2, 13, 1, 1)
(46, 304, 'parity', [0, 1], 2, 11, 1, 1)
(46, 304, 'parity', [0, 1], 2, 13, 1, 1)
(46, 304, 'or', [0, 1], 2, 11, 1, 1)
(46, 304, 'or', [0, 1], 2, 13, 1, 1)
(46, 334, 'parity', [0, 1], 2, 11, 1, 1)
(46, 334, 'parity', [0, 1], 2, 13, 1, 1)
(46, 334, 'or', [0, 1], 2, 11, 1, 1)
(46, 334, 'or', [0, 1], 2, 13, 1, 1)
(46, 337, 'parity', [1], 3, 11, 1, -1)
(46, 337, 'parity', [1], 3, 13, 1, -1)
(46, 337, 'parity', [0, 1], 2, 11, 1, 1)
(46, 337, 'parity', [0, 1], 2, 13, 1, 1)
(46, 337, 'or', [1], 3, 11, 1, -1)
(46, 337, 'or', [1], 3, 13, 1, -1)
(46, 337, 'or', [0, 1], 2, 11, 1, 1)
(46, 337, 'or', [0, 1], 2, 13, 1, 1)
(46, 340, 'parity', [0, 1], 2, 11, 1, 1)
(46, 340, 'parity', [0, 1], 2, 13, 1, 1)
(46, 340, 'or', [0, 1], 2, 11, 1, 1)
(46, 340, 'or', [0, 1], 2, 13, 1, 1)
(46, 805, 'parity', [1], 3, 11, 1, -1)
(46, 805, 'parity', [1], 3, 13, 1, -1)
(46, 805, 'parity', [0, 1], 2, 11, 1, 1)
(46, 805, 'parity', [0, 1], 2, 13, 1, 1)
(46, 805, 'or', [1], 3, 11, 1, -1)
(46, 805, 'or', [1], 3, 13, 1, -1)
(46, 805, 'or', [0, 1], 2, 11, 1, 1)
(46, 805, 'or', [0, 1], 2, 13, 1, 1)
(46, 808, 'parity', [0, 1], 2, 11, 1, 1)
(46, 808, 'parity', [0, 1], 2, 13, 1, 1)
(46, 808, 'or', [0, 1], 2, 11, 1, 1)
(46, 808, 'or', [0, 1], 2, 13, 1, 1)
(46, 409, 'parity', [1], 3, 11, 1, 1)
(46, 409, 'parity', [1], 3, 13, 1, 1)
(46, 409, 'or', [1], 3, 11, 1, 1)
(46, 409, 'or', [1], 3, 13, 1, 1)
(46, 478, 'parity', [0, 1], 2, 11, 1, 1)
(46, 478, 'parity', [0, 1], 2, 13, 1, 1)
(46, 478, 'or', [0, 1], 2, 11, 1, 1)
(46, 478, 'or', [0, 1], 2, 13, 1, 1)
(46, 484, 'parity', [0, 1], 2, 11, 1, 1)
(46, 484, 'parity', [0, 1], 2, 13, 1, 1)
(46, 484, 'or', [0, 1], 2, 11, 1, 1)
(46, 484, 'or', [0, 1], 2, 13, 1, 1)
(46, 553, 'parity', [1], 3, 11, 1, -1)
(46, 553, 'parity', [1], 3, 13, 1, -1)
(46, 553, 'or', [1], 3, 11, 1, -1)
(46, 553, 'or', [1], 3, 13, 1, -1)
(46, 622, 'parity', [0, 1], 2, 11, 1, 1)
(46, 622, 'parity', [0, 1], 2, 13, 1, 1)
(46, 622, 'or', [0, 1], 2, 11, 1, 1)
(46, 622, 'or', [0, 1], 2, 13, 1, 1)
(46, 625, 'parity', [1], 3, 11, 1, 1)
(46, 625, 'parity', [1], 3, 13, 1, 1)
(46, 625, 'parity', [0, 1], 2, 11, 1, 1)
(46, 625, 'parity', [0, 1], 2, 13, 1, 1)
(46, 625, 'or', [1], 3, 11, 1, 1)
(46, 625, 'or', [1], 3, 13, 1, 1)
(46, 625, 'or', [0, 1], 2, 11, 1, 1)
(46, 625, 'or', [0, 1], 2, 13, 1, 1)
(46, 628, 'parity', [0, 1], 2, 11, 1, 1)
(46, 628, 'parity', [0, 1], 2, 13, 1, 1)
(46, 628, 'or', [0, 1], 2, 11, 1, 1)
(46, 628, 'or', [0, 1], 2, 13, 1, 1)
(46, 658, 'parity', [0, 1], 2, 11, 1, 1)
(46, 658, 'parity', [0, 1], 2, 13, 1, 1)
(46, 658, 'or', [0, 1], 2, 11, 1, 1)
(46, 658, 'or', [0, 1], 2, 13, 1, 1)
(46, 661, 'parity', [1], 3, 11, 4, 3)
(46, 661, 'parity', [1], 3, 13, 5, 3)
(46, 661, 'parity', [0, 1], 2, 11, 1, 1)
(46, 661, 'parity', [0, 1], 2, 13, 1, 1)
(46, 661, 'or', [1], 3, 11, 4, 3)
(46, 661, 'or', [1], 3, 13, 5, 3)
(46, 661, 'or', [0, 1], 2, 11, 1, 1)
(46, 661, 'or', [0, 1], 2, 13, 1, 1)
(46, 664, 'parity', [0, 1], 2, 11, 1, 1)
(46, 664, 'parity', [0, 1], 2, 13, 1, 1)
(46, 664, 'or', [0, 1], 2, 11, 1, 1)
(46, 664, 'or', [0, 1], 2, 13, 1, 1)
(46, 697, 'parity', [1], 3, 11, 1, -1)
(46, 697, 'parity', [1], 3, 13, 1, -1)
(46, 697, 'or', [1], 3, 11, 1, -1)
(46, 697, 'or', [1], 3, 13, 1, -1)
(46, 769, 'parity', [1], 3, 11, 4, 3)
(46, 769, 'parity', [1], 3, 13, 5, 3)
(46, 769, 'or', [1], 3, 11, 4, 3)
(46, 769, 'or', [1], 3, 13, 5, 3)
(46, 802, 'parity', [0, 1], 2, 11, 1, 1)
(46, 802, 'parity', [0, 1], 2, 13, 1, 1)
(46, 802, 'or', [0, 1], 2, 11, 1, 1)
(46, 802, 'or', [0, 1], 2, 13, 1, 1)
(52, 154, 'parity', [0, 1], 2, 11, 1, 1)
(52, 154, 'parity', [0, 1], 2, 13, 1, 1)
(52, 154, 'or', [0, 1], 2, 11, 1, 1)
(52, 154, 'or', [0, 1], 2, 13, 1, 1)
(52, 157, 'parity', [1], 3, 11, 1, 1)
(52, 157, 'parity', [1], 3, 13, 1, 1)
(52, 157, 'parity', [0, 1], 2, 11, 1, 1)
(52, 157, 'parity', [0, 1], 2, 13, 1, 1)
(52, 157, 'or', [1], 3, 11, 1, 1)
(52, 157, 'or', [1], 3, 13, 1, 1)
(52, 157, 'or', [0, 1], 2, 11, 1, 1)
(52, 157, 'or', [0, 1], 2, 13, 1, 1)
(52, 160, 'parity', [0, 1], 2, 11, 1, 1)
(52, 160, 'parity', [0, 1], 2, 13, 1, 1)
(52, 160, 'or', [0, 1], 2, 11, 1, 1)
(52, 160, 'or', [0, 1], 2, 13, 1, 1)
(52, 193, 'parity', [1], 3, 11, 4, -3)
(52, 193, 'parity', [1], 3, 13, 5, -3)
(52, 193, 'or', [1], 3, 11, 4, -3)
(52, 193, 'or', [1], 3, 13, 5, -3)
(52, 265, 'parity', [1], 3, 11, 1, 1)
(52, 265, 'parity', [1], 3, 13, 1, 1)
(52, 265, 'or', [1], 3, 11, 1, 1)
(52, 265, 'or', [1], 3, 13, 1, 1)
(52, 298, 'parity', [0, 1], 2, 11, 1, 1)
(52, 298, 'parity', [0, 1], 2, 13, 1, 1)
(52, 298, 'or', [0, 1], 2, 11, 1, 1)
(52, 298, 'or', [0, 1], 2, 13, 1, 1)
(52, 301, 'parity', [1], 3, 11, 4, -3)
(52, 301, 'parity', [1], 3, 13, 5, -3)
(52, 301, 'parity', [0, 1], 2, 11, 1, 1)
(52, 301, 'parity', [0, 1], 2, 13, 1, 1)
(52, 301, 'or', [1], 3, 11, 4, -3)
(52, 301, 'or', [1], 3, 13, 5, -3)
(52, 301, 'or', [0, 1], 2, 11, 1, 1)
(52, 301, 'or', [0, 1], 2, 13, 1, 1)
(52, 304, 'parity', [0, 1], 2, 11, 1, 1)
(52, 304, 'parity', [0, 1], 2, 13, 1, 1)
(52, 304, 'or', [0, 1], 2, 11, 1, 1)
(52, 304, 'or', [0, 1], 2, 13, 1, 1)
(52, 334, 'parity', [0, 1], 2, 11, 1, 1)
(52, 334, 'parity', [0, 1], 2, 13, 1, 1)
(52, 334, 'or', [0, 1], 2, 11, 1, 1)
(52, 334, 'or', [0, 1], 2, 13, 1, 1)
(52, 337, 'parity', [1], 3, 11, 1, -1)
(52, 337, 'parity', [1], 3, 13, 1, -1)
(52, 337, 'parity', [0, 1], 2, 11, 1, 1)
(52, 337, 'parity', [0, 1], 2, 13, 1, 1)
(52, 337, 'or', [1], 3, 11, 1, -1)
(52, 337, 'or', [1], 3, 13, 1, -1)
(52, 337, 'or', [0, 1], 2, 11, 1, 1)
(52, 337, 'or', [0, 1], 2, 13, 1, 1)
(52, 340, 'parity', [0, 1], 2, 11, 1, 1)
(52, 340, 'parity', [0, 1], 2, 13, 1, 1)
(52, 340, 'or', [0, 1], 2, 11, 1, 1)
(52, 340, 'or', [0, 1], 2, 13, 1, 1)
(52, 769, 'parity', [1], 3, 11, 4, 3)
(52, 769, 'parity', [1], 3, 13, 5, 3)
(52, 769, 'or', [1], 3, 11, 4, 3)
(52, 769, 'or', [1], 3, 13, 5, 3)
(52, 802, 'parity', [0, 1], 2, 11, 1, 1)
(52, 802, 'parity', [0, 1], 2, 13, 1, 1)
(52, 802, 'or', [0, 1], 2, 11, 1, 1)
(52, 802, 'or', [0, 1], 2, 13, 1, 1)
(52, 805, 'parity', [1], 3, 11, 1, -1)
(52, 805, 'parity', [1], 3, 13, 1, -1)
(52, 805, 'parity', [0, 1], 2, 11, 1, 1)
(52, 805, 'parity', [0, 1], 2, 13, 1, 1)
(52, 805, 'or', [1], 3, 11, 1, -1)
(52, 805, 'or', [1], 3, 13, 1, -1)
(52, 805, 'or', [0, 1], 2, 11, 1, 1)
(52, 805, 'or', [0, 1], 2, 13, 1, 1)
(52, 808, 'parity', [0, 1], 2, 11, 1, 1)
(52, 808, 'parity', [0, 1], 2, 13, 1, 1)
(52, 808, 'or', [0, 1], 2, 11, 1, 1)
(52, 808, 'or', [0, 1], 2, 13, 1, 1)
(52, 409, 'parity', [1], 3, 11, 1, 1)
(52, 409, 'parity', [1], 3, 13, 1, 1)
(52, 409, 'or', [1], 3, 11, 1, 1)
(52, 409, 'or', [1], 3, 13, 1, 1)
(52, 478, 'parity', [0, 1], 2, 11, 1, 1)
(52, 478, 'parity', [0, 1], 2, 13, 1, 1)
(52, 478, 'or', [0, 1], 2, 11, 1, 1)
(52, 478, 'or', [0, 1], 2, 13, 1, 1)
(52, 484, 'parity', [0, 1], 2, 11, 1, 1)
(52, 484, 'parity', [0, 1], 2, 13, 1, 1)
(52, 484, 'or', [0, 1], 2, 11, 1, 1)
(52, 484, 'or', [0, 1], 2, 13, 1, 1)
(52, 553, 'parity', [1], 3, 11, 1, -1)
(52, 553, 'parity', [1], 3, 13, 1, -1)
(52, 553, 'or', [1], 3, 11, 1, -1)
(52, 553, 'or', [1], 3, 13, 1, -1)
(52, 622, 'parity', [0, 1], 2, 11, 1, 1)
(52, 622, 'parity', [0, 1], 2, 13, 1, 1)
(52, 622, 'or', [0, 1], 2, 11, 1, 1)
(52, 622, 'or', [0, 1], 2, 13, 1, 1)
(52, 625, 'parity', [1], 3, 11, 1, 1)
(52, 625, 'parity', [1], 3, 13, 1, 1)
(52, 625, 'parity', [0, 1], 2, 11, 1, 1)
(52, 625, 'parity', [0, 1], 2, 13, 1, 1)
(52, 625, 'or', [1], 3, 11, 1, 1)
(52, 625, 'or', [1], 3, 13, 1, 1)
(52, 625, 'or', [0, 1], 2, 11, 1, 1)
(52, 625, 'or', [0, 1], 2, 13, 1, 1)
(52, 628, 'parity', [0, 1], 2, 11, 1, 1)
(52, 628, 'parity', [0, 1], 2, 13, 1, 1)
(52, 628, 'or', [0, 1], 2, 11, 1, 1)
(52, 628, 'or', [0, 1], 2, 13, 1, 1)
(52, 658, 'parity', [0, 1], 2, 11, 1, 1)
(52, 658, 'parity', [0, 1], 2, 13, 1, 1)
(52, 658, 'or', [0, 1], 2, 11, 1, 1)
(52, 658, 'or', [0, 1], 2, 13, 1, 1)
(52, 661, 'parity', [1], 3, 11, 4, 3)
(52, 661, 'parity', [1], 3, 13, 5, 3)
(52, 661, 'parity', [0, 1], 2, 11, 1, 1)
(52, 661, 'parity', [0, 1], 2, 13, 1, 1)
(52, 661, 'or', [1], 3, 11, 4, 3)
(52, 661, 'or', [1], 3, 13, 5, 3)
(52, 661, 'or', [0, 1], 2, 11, 1, 1)
(52, 661, 'or', [0, 1], 2, 13, 1, 1)
(52, 664, 'parity', [0, 1], 2, 11, 1, 1)
(52, 664, 'parity', [0, 1], 2, 13, 1, 1)
(52, 664, 'or', [0, 1], 2, 11, 1, 1)
(52, 664, 'or', [0, 1], 2, 13, 1, 1)
(52, 697, 'parity', [1], 3, 11, 1, -1)
(52, 697, 'parity', [1], 3, 13, 1, -1)
(52, 697, 'or', [1], 3, 11, 1, -1)
(52, 697, 'or', [1], 3, 13, 1, -1)
(55, 245, 'parity', [0], 2, 11, 2, -1)
(55, 245, 'parity', [0], 2, 13, 2, -1)
(55, 245, 'or', [0], 2, 11, 2, -1)
(55, 245, 'or', [0], 2, 13, 2, -1)
(55, 569, 'parity', [0], 2, 11, 2, -1)
(55, 569, 'parity', [0], 2, 13, 2, -1)
(55, 569, 'or', [0], 2, 11, 2, -1)
(55, 569, 'or', [0], 2, 13, 2, -1)
(55, 575, 'parity', [0], 2, 11, 2, -1)
(55, 575, 'parity', [0], 2, 13, 2, -1)
(55, 575, 'or', [0], 2, 11, 2, -1)
(55, 575, 'or', [0], 2, 13, 2, -1)
(55, 893, 'parity', [0], 2, 11, 2, -1)
(55, 893, 'parity', [0], 2, 13, 2, -1)
(55, 893, 'or', [0], 2, 11, 2, -1)
(55, 893, 'or', [0], 2, 13, 2, -1)
(55, 896, 'parity', [0], 2, 11, 2, -1)
(55, 896, 'parity', [0], 2, 13, 2, -1)
(55, 896, 'or', [0], 2, 11, 2, -1)
(55, 896, 'or', [0], 2, 13, 2, -1)
(56, 308, 'parity', [0, 1], 1, 11, 1, 1)
(56, 308, 'parity', [0, 1], 1, 13, 1, 1)
(56, 308, 'or', [0, 1], 1, 11, 1, 1)
(56, 308, 'or', [0, 1], 1, 13, 1, 1)
(56, 311, 'parity', [0, 1], 1, 11, 1, 1)
(56, 311, 'parity', [0, 1], 1, 13, 1, 1)
(56, 311, 'or', [0, 1], 1, 11, 1, 1)
(56, 311, 'or', [0, 1], 1, 13, 1, 1)
(56, 314, 'parity', [0, 1], 1, 11, 1, 1)
(56, 314, 'parity', [0, 1], 1, 13, 1, 1)
(56, 314, 'or', [0, 1], 1, 11, 1, 1)
(56, 314, 'or', [0, 1], 1, 13, 1, 1)
(56, 344, 'parity', [0, 1], 1, 11, 1, 1)
(56, 344, 'parity', [0, 1], 1, 13, 1, 1)
(56, 344, 'or', [0, 1], 1, 11, 1, 1)
(56, 344, 'or', [0, 1], 1, 13, 1, 1)
(56, 347, 'parity', [0, 1], 1, 11, 1, 1)
(56, 347, 'parity', [0, 1], 1, 13, 1, 1)
(56, 347, 'or', [0, 1], 1, 11, 1, 1)
(56, 347, 'or', [0, 1], 1, 13, 1, 1)
(56, 350, 'parity', [0, 1], 1, 11, 1, 1)
(56, 350, 'parity', [0, 1], 1, 13, 1, 1)
(56, 350, 'or', [0, 1], 1, 11, 1, 1)
(56, 350, 'or', [0, 1], 1, 13, 1, 1)
(56, 632, 'parity', [0, 1], 1, 11, 1, 1)
(56, 632, 'parity', [0, 1], 1, 13, 1, 1)
(56, 632, 'or', [0, 1], 1, 11, 1, 1)
(56, 632, 'or', [0, 1], 1, 13, 1, 1)
(56, 635, 'parity', [0, 1], 1, 11, 1, 1)
(56, 635, 'parity', [0, 1], 1, 13, 1, 1)
(56, 635, 'or', [0, 1], 1, 11, 1, 1)
(56, 635, 'or', [0, 1], 1, 13, 1, 1)
(56, 638, 'parity', [0, 1], 1, 11, 1, 1)
(56, 638, 'parity', [0, 1], 1, 13, 1, 1)
(56, 638, 'or', [0, 1], 1, 11, 1, 1)
(56, 638, 'or', [0, 1], 1, 13, 1, 1)
(56, 668, 'parity', [0, 1], 1, 11, 1, 1)
(56, 668, 'parity', [0, 1], 1, 13, 1, 1)
(56, 668, 'or', [0, 1], 1, 11, 1, 1)
(56, 668, 'or', [0, 1], 1, 13, 1, 1)
(56, 671, 'parity', [0, 1], 1, 11, 1, 1)
(56, 671, 'parity', [0, 1], 1, 13, 1, 1)
(56, 671, 'or', [0, 1], 1, 11, 1, 1)
(56, 671, 'or', [0, 1], 1, 13, 1, 1)
(56, 674, 'parity', [0, 1], 1, 11, 1, 1)
(56, 674, 'parity', [0, 1], 1, 13, 1, 1)
(56, 674, 'or', [0, 1], 1, 11, 1, 1)
(56, 674, 'or', [0, 1], 1, 13, 1, 1)
(59, 308, 'parity', [0, 1], 1, 11, 1, 1)
(59, 308, 'parity', [0, 1], 1, 13, 1, 1)
(59, 308, 'or', [0, 1], 1, 11, 1, 1)
(59, 308, 'or', [0, 1], 1, 13, 1, 1)
(59, 311, 'parity', [0, 1], 1, 11, 1, 1)
(59, 311, 'parity', [0, 1], 1, 13, 1, 1)
(59, 311, 'or', [0, 1], 1, 11, 1, 1)
(59, 311, 'or', [0, 1], 1, 13, 1, 1)
(59, 314, 'parity', [0, 1], 1, 11, 1, 1)
(59, 314, 'parity', [0, 1], 1, 13, 1, 1)
(59, 314, 'or', [0, 1], 1, 11, 1, 1)
(59, 314, 'or', [0, 1], 1, 13, 1, 1)
(59, 344, 'parity', [0, 1], 1, 11, 1, 1)
(59, 344, 'parity', [0, 1], 1, 13, 1, 1)
(59, 344, 'or', [0, 1], 1, 11, 1, 1)
(59, 344, 'or', [0, 1], 1, 13, 1, 1)
(59, 347, 'parity', [0, 1], 1, 11, 1, 1)
(59, 347, 'parity', [0, 1], 1, 13, 1, 1)
(59, 347, 'or', [0, 1], 1, 11, 1, 1)
(59, 347, 'or', [0, 1], 1, 13, 1, 1)
(59, 350, 'parity', [0, 1], 1, 11, 1, 1)
(59, 350, 'parity', [0, 1], 1, 13, 1, 1)
(59, 350, 'or', [0, 1], 1, 11, 1, 1)
(59, 350, 'or', [0, 1], 1, 13, 1, 1)
(59, 632, 'parity', [0, 1], 1, 11, 1, 1)
(59, 632, 'parity', [0, 1], 1, 13, 1, 1)
(59, 632, 'or', [0, 1], 1, 11, 1, 1)
(59, 632, 'or', [0, 1], 1, 13, 1, 1)
(59, 635, 'parity', [0, 1], 1, 11, 1, 1)
(59, 635, 'parity', [0, 1], 1, 13, 1, 1)
(59, 635, 'or', [0, 1], 1, 11, 1, 1)
(59, 635, 'or', [0, 1], 1, 13, 1, 1)
(59, 638, 'parity', [0, 1], 1, 11, 1, 1)
(59, 638, 'parity', [0, 1], 1, 13, 1, 1)
(59, 638, 'or', [0, 1], 1, 11, 1, 1)
(59, 638, 'or', [0, 1], 1, 13, 1, 1)
(59, 668, 'parity', [0, 1], 1, 11, 1, 1)
(59, 668, 'parity', [0, 1], 1, 13, 1, 1)
(59, 668, 'or', [0, 1], 1, 11, 1, 1)
(59, 668, 'or', [0, 1], 1, 13, 1, 1)
(59, 671, 'parity', [0, 1], 1, 11, 1, 1)
(59, 671, 'parity', [0, 1], 1, 13, 1, 1)
(59, 671, 'or', [0, 1], 1, 11, 1, 1)
(59, 671, 'or', [0, 1], 1, 13, 1, 1)
(59, 674, 'parity', [0, 1], 1, 11, 1, 1)
(59, 674, 'parity', [0, 1], 1, 13, 1, 1)
(59, 674, 'or', [0, 1], 1, 11, 1, 1)
(59, 674, 'or', [0, 1], 1, 13, 1, 1)
(61, 893, 'parity', [0], 2, 11, 2, -1)
(61, 893, 'parity', [0], 2, 13, 2, -1)
(61, 893, 'or', [0], 2, 11, 2, -1)
(61, 893, 'or', [0], 2, 13, 2, -1)
(61, 896, 'parity', [0], 2, 11, 2, -1)
(61, 896, 'parity', [0], 2, 13, 2, -1)
(61, 896, 'or', [0], 2, 11, 2, -1)
(61, 896, 'or', [0], 2, 13, 2, -1)
(61, 569, 'parity', [0], 2, 11, 2, -1)
(61, 569, 'parity', [0], 2, 13, 2, -1)
(61, 569, 'or', [0], 2, 11, 2, -1)
(61, 569, 'or', [0], 2, 13, 2, -1)
(61, 575, 'parity', [0], 2, 11, 2, -1)
(61, 575, 'parity', [0], 2, 13, 2, -1)
(61, 575, 'or', [0], 2, 11, 2, -1)
(61, 575, 'or', [0], 2, 13, 2, -1)
(61, 245, 'parity', [0], 2, 11, 2, -1)
(61, 245, 'parity', [0], 2, 13, 2, -1)
(61, 245, 'or', [0], 2, 11, 2, -1)
(61, 245, 'or', [0], 2, 13, 2, -1)
(64, 65, 'parity', [0], 2, 11, 1, 1)
(64, 65, 'parity', [0], 2, 13, 1, 1)
(64, 65, 'parity', [1], 1, 11, 1, 1)
(64, 65, 'parity', [1], 1, 13, 1, 1)
(64, 65, 'or', [0], 2, 11, 1, 1)
(64, 65, 'or', [0], 2, 13, 1, 1)
(64, 65, 'or', [1], 1, 11, 1, 1)
(64, 65, 'or', [1], 1, 13, 1, 1)
(64, 68, 'parity', [0], 2, 11, 1, 1)
(64, 68, 'parity', [0], 2, 13, 1, 1)
(64, 68, 'parity', [1], 1, 11, 1, 1)
(64, 68, 'parity', [1], 1, 13, 1, 1)
(64, 68, 'or', [0], 2, 11, 1, 1)
(64, 68, 'or', [0], 2, 13, 1, 1)
(64, 68, 'or', [1], 1, 11, 1, 1)
(64, 68, 'or', [1], 1, 13, 1, 1)
(64, 101, 'parity', [1], 1, 11, 4, -3)
(64, 101, 'parity', [1], 1, 13, 5, -3)
(64, 101, 'or', [1], 1, 11, 4, -3)
(64, 101, 'or', [1], 1, 13, 5, -3)
(64, 104, 'parity', [1], 1, 11, 4, -3)
(64, 104, 'parity', [1], 1, 13, 5, -3)
(64, 104, 'or', [1], 1, 11, 4, -3)
(64, 104, 'or', [1], 1, 13, 5, -3)
(64, 172, 'parity', [0], 2, 11, 1, 1)
(64, 172, 'parity', [0], 2, 13, 1, 1)
(64, 172, 'or', [0], 2, 11, 1, 1)
(64, 172, 'or', [0], 2, 13, 1, 1)
(64, 175, 'parity', [0], 2, 11, 1, 1)
(64, 175, 'parity', [0], 2, 13, 1, 1)
(64, 175, 'parity', [1], 1, 11, 1, 1)
(64, 175, 'parity', [1], 1, 13, 1, 1)
(64, 175, 'or', [0], 2, 11, 1, 1)
(64, 175, 'or', [0], 2, 13, 1, 1)
(64, 175, 'or', [1], 1, 11, 1, 1)
(64, 175, 'or', [1], 1, 13, 1, 1)
(64, 211, 'parity', [1], 1, 11, 4, -3)
(64, 211, 'parity', [1], 1, 13, 5, -3)
(64, 211, 'or', [1], 1, 11, 4, -3)
(64, 211, 'or', [1], 1, 13, 5, -3)
(64, 245, 'parity', [1], 1, 11, 4, 3)
(64, 245, 'parity', [1], 1, 13, 5, 3)
(64, 245, 'or', [1], 1, 11, 4, 3)
(64, 245, 'or', [1], 1, 13, 5, 3)
(64, 251, 'parity', [1], 1, 11, 4, 3)
(64, 251, 'parity', [1], 1, 13, 5, 3)
(64, 251, 'or', [1], 1, 11, 4, 3)
(64, 251, 'or', [1], 1, 13, 5, 3)
(64, 281, 'parity', [0], 2, 11, 1, 1)
(64, 281, 'parity', [0], 2, 13, 1, 1)
(64, 281, 'parity', [1], 1, 11, 1, -1)
(64, 281, 'parity', [1], 1, 13, 1, -1)
(64, 281, 'or', [0], 2, 11, 1, 1)
(64, 281, 'or', [0], 2, 13, 1, 1)
(64, 281, 'or', [1], 1, 11, 1, -1)
(64, 281, 'or', [1], 1, 13, 1, -1)
(64, 283, 'parity', [1], 1, 11, 1, 1)
(64, 283, 'parity', [1], 1, 13, 1, 1)
(64, 283, 'or', [1], 1, 11, 1, 1)
(64, 283, 'or', [1], 1, 13, 1, 1)
(64, 284, 'parity', [0], 2, 11, 1, 1)
(64, 284, 'parity', [0], 2, 13, 1, 1)
(64, 284, 'or', [0], 2, 11, 1, 1)
(64, 284, 'or', [0], 2, 13, 1, 1)
(64, 287, 'parity', [1], 1, 11, 1, -1)
(64, 287, 'parity', [1], 1, 13, 1, -1)
(64, 287, 'or', [1], 1, 11, 1, -1)
(64, 287, 'or', [1], 1, 13, 1, -1)
(64, 713, 'parity', [0], 2, 11, 1, 1)
(64, 713, 'parity', [0], 2, 13, 1, 1)
(64, 713, 'parity', [1], 1, 11, 1, 1)
(64, 713, 'parity', [1], 1, 13, 1, 1)
(64, 713, 'or', [0], 2, 11, 1, 1)
(64, 713, 'or', [0], 2, 13, 1, 1)
(64, 713, 'or', [1], 1, 11, 1, 1)
(64, 713, 'or', [1], 1, 13, 1, 1)
(64, 715, 'parity', [1], 1, 11, 1, -1)
(64, 715, 'parity', [1], 1, 13, 1, -1)
(64, 715, 'or', [1], 1, 11, 1, -1)
(64, 715, 'or', [1], 1, 13, 1, -1)
(64, 716, 'parity', [0], 2, 11, 1, 1)
(64, 716, 'parity', [0], 2, 13, 1, 1)
(64, 716, 'or', [0], 2, 11, 1, 1)
(64, 716, 'or', [0], 2, 13, 1, 1)
(64, 719, 'parity', [1], 1, 11, 1, 1)
(64, 719, 'parity', [1], 1, 13, 1, 1)
(64, 719, 'or', [1], 1, 11, 1, 1)
(64, 719, 'or', [1], 1, 13, 1, 1)
(64, 749, 'parity', [1], 1, 11, 4, -3)
(64, 749, 'parity', [1], 1, 13, 5, -3)
(64, 749, 'or', [1], 1, 11, 4, -3)
(64, 749, 'or', [1], 1, 13, 5, -3)
(64, 755, 'parity', [1], 1, 11, 4, -3)
(64, 755, 'parity', [1], 1, 13, 5, -3)
(64, 755, 'or', [1], 1, 11, 4, -3)
(64, 755, 'or', [1], 1, 13, 5, -3)
(64, 787, 'parity', [1], 1, 11, 4, 3)
(64, 787, 'parity', [1], 1, 13, 5, 3)
(64, 787, 'or', [1], 1, 11, 4, 3)
(64, 787, 'or', [1], 1, 13, 5, 3)
(64, 820, 'parity', [0], 2, 11, 1, 1)
(64, 820, 'parity', [0], 2, 13, 1, 1)
(64, 820, 'or', [0], 2, 11, 1, 1)
(64, 820, 'or', [0], 2, 13, 1, 1)
(64, 823, 'parity', [0], 2, 11, 1, 1)
(64, 823, 'parity', [0], 2, 13, 1, 1)
(64, 823, 'parity', [1], 1, 11, 1, -1)
(64, 823, 'parity', [1], 1, 13, 1, -1)
(64, 823, 'or', [0], 2, 11, 1, 1)
(64, 823, 'or', [0], 2, 13, 1, 1)
(64, 823, 'or', [1], 1, 11, 1, -1)
(64, 823, 'or', [1], 1, 13, 1, -1)
(64, 496, 'parity', [0], 2, 11, 1, 1)
(64, 496, 'parity', [0], 2, 13, 1, 1)
(64, 496, 'or', [0], 2, 11, 1, 1)
(64, 496, 'or', [0], 2, 13, 1, 1)
(64, 502, 'parity', [0], 2, 11, 1, 1)
(64, 502, 'parity', [0], 2, 13, 1, 1)
(64, 502, 'or', [0], 2, 11, 1, 1)
(64, 502, 'or', [0], 2, 13, 1, 1)
(64, 569, 'parity', [1], 1, 11, 4, 3)
(64, 569, 'parity', [1], 1, 13, 5, 3)
(64, 569, 'or', [1], 1, 11, 4, 3)
(64, 569, 'or', [1], 1, 13, 5, 3)
(64, 575, 'parity', [1], 1, 11, 4, 3)
(64, 575, 'parity', [1], 1, 13, 5, 3)
(64, 575, 'or', [1], 1, 11, 4, 3)
(64, 575, 'or', [1], 1, 13, 5, 3)
(64, 605, 'parity', [0], 2, 11, 1, 1)
(64, 605, 'parity', [0], 2, 13, 1, 1)
(64, 605, 'parity', [1], 1, 11, 1, -1)
(64, 605, 'parity', [1], 1, 13, 1, -1)
(64, 605, 'or', [0], 2, 11, 1, 1)
(64, 605, 'or', [0], 2, 13, 1, 1)
(64, 605, 'or', [1], 1, 11, 1, -1)
(64, 605, 'or', [1], 1, 13, 1, -1)
(64, 611, 'parity', [0], 2, 11, 1, 1)
(64, 611, 'parity', [0], 2, 13, 1, 1)
(64, 611, 'parity', [1], 1, 11, 1, -1)
(64, 611, 'parity', [1], 1, 13, 1, -1)
(64, 611, 'or', [0], 2, 11, 1, 1)
(64, 611, 'or', [0], 2, 13, 1, 1)
(64, 611, 'or', [1], 1, 11, 1, -1)
(64, 611, 'or', [1], 1, 13, 1, -1)
(64, 679, 'parity', [1], 1, 11, 4, 3)
(64, 679, 'parity', [1], 1, 13, 5, 3)
(64, 679, 'or', [1], 1, 11, 4, 3)
(64, 679, 'or', [1], 1, 13, 5, 3)
(64, 893, 'parity', [1], 1, 11, 4, 3)
(64, 893, 'parity', [1], 1, 13, 5, 3)
(64, 893, 'or', [1], 1, 11, 4, 3)
(64, 893, 'or', [1], 1, 13, 5, 3)
(64, 896, 'parity', [1], 1, 11, 4, 3)
(64, 896, 'parity', [1], 1, 13, 5, 3)
(64, 896, 'or', [1], 1, 11, 4, 3)
(64, 896, 'or', [1], 1, 13, 5, 3)
(64, 929, 'parity', [0], 2, 11, 1, 1)
(64, 929, 'parity', [0], 2, 13, 1, 1)
(64, 929, 'parity', [1], 1, 11, 1, -1)
(64, 929, 'parity', [1], 1, 13, 1, -1)
(64, 929, 'or', [0], 2, 11, 1, 1)
(64, 929, 'or', [0], 2, 13, 1, 1)
(64, 929, 'or', [1], 1, 11, 1, -1)
(64, 929, 'or', [1], 1, 13, 1, -1)
(64, 932, 'parity', [0], 2, 11, 1, 1)
(64, 932, 'parity', [0], 2, 13, 1, 1)
(64, 932, 'parity', [1], 1, 11, 1, -1)
(64, 932, 'parity', [1], 1, 13, 1, -1)
(64, 932, 'or', [0], 2, 11, 1, 1)
(64, 932, 'or', [0], 2, 13, 1, 1)
(64, 932, 'or', [1], 1, 11, 1, -1)
(64, 932, 'or', [1], 1, 13, 1, -1)
(64, 319, 'parity', [1], 1, 11, 4, -3)
(64, 319, 'parity', [1], 1, 13, 5, -3)
(64, 319, 'or', [1], 1, 11, 4, -3)
(64, 319, 'or', [1], 1, 13, 5, -3)
(64, 389, 'parity', [0], 2, 11, 1, 1)
(64, 389, 'parity', [0], 2, 13, 1, 1)
(64, 389, 'parity', [1], 1, 11, 1, 1)
(64, 389, 'parity', [1], 1, 13, 1, 1)
(64, 389, 'or', [0], 2, 11, 1, 1)
(64, 389, 'or', [0], 2, 13, 1, 1)
(64, 389, 'or', [1], 1, 11, 1, 1)
(64, 389, 'or', [1], 1, 13, 1, 1)
(64, 395, 'parity', [0], 2, 11, 1, 1)
(64, 395, 'parity', [0], 2, 13, 1, 1)
(64, 395, 'parity', [1], 1, 11, 1, 1)
(64, 395, 'parity', [1], 1, 13, 1, 1)
(64, 395, 'or', [0], 2, 11, 1, 1)
(64, 395, 'or', [0], 2, 13, 1, 1)
(64, 395, 'or', [1], 1, 11, 1, 1)
(64, 395, 'or', [1], 1, 13, 1, 1)
(64, 425, 'parity', [1], 1, 11, 4, -3)
(64, 425, 'parity', [1], 1, 13, 5, -3)
(64, 425, 'or', [1], 1, 11, 4, -3)
(64, 425, 'or', [1], 1, 13, 5, -3)
(64, 431, 'parity', [1], 1, 11, 4, -3)
(64, 431, 'parity', [1], 1, 13, 5, -3)
(64, 431, 'or', [1], 1, 11, 4, -3)
(64, 431, 'or', [1], 1, 13, 5, -3)
(70, 68, 'parity', [0], 2, 11, 1, 1)
(70, 68, 'parity', [0], 2, 13, 1, 1)
(70, 68, 'parity', [1], 1, 11, 1, 1)
(70, 68, 'parity', [1], 1, 13, 1, 1)
(70, 68, 'or', [0], 2, 11, 1, 1)
(70, 68, 'or', [0], 2, 13, 1, 1)
(70, 68, 'or', [1], 1, 11, 1, 1)
(70, 68, 'or', [1], 1, 13, 1, 1)
(70, 101, 'parity', [1], 1, 11, 4, -3)
(70, 101, 'parity', [1], 1, 13, 5, -3)
(70, 101, 'or', [1], 1, 11, 4, -3)
(70, 101, 'or', [1], 1, 13, 5, -3)
(70, 104, 'parity', [1], 1, 11, 4, -3)
(70, 104, 'parity', [1], 1, 13, 5, -3)
(70, 104, 'or', [1], 1, 11, 4, -3)
(70, 104, 'or', [1], 1, 13, 5, -3)
(70, 172, 'parity', [0], 2, 11, 1, 1)
(70, 172, 'parity', [0], 2, 13, 1, 1)
(70, 172, 'or', [0], 2, 11, 1, 1)
(70, 172, 'or', [0], 2, 13, 1, 1)
(70, 175, 'parity', [0], 2, 11, 1, 1)
(70, 175, 'parity', [0], 2, 13, 1, 1)
(70, 175, 'parity', [1], 1, 11, 1, 1)
(70, 175, 'parity', [1], 1, 13, 1, 1)
(70, 175, 'or', [0], 2, 11, 1, 1)
(70, 175, 'or', [0], 2, 13, 1, 1)
(70, 175, 'or', [1], 1, 11, 1, 1)
(70, 175, 'or', [1], 1, 13, 1, 1)
(70, 211, 'parity', [1], 1, 11, 4, -3)
(70, 211, 'parity', [1], 1, 13, 5, -3)
(70, 211, 'or', [1], 1, 11, 4, -3)
(70, 211, 'or', [1], 1, 13, 5, -3)
(70, 245, 'parity', [1], 1, 11, 4, 3)
(70, 245, 'parity', [1], 1, 13, 5, 3)
(70, 245, 'or', [1], 1, 11, 4, 3)
(70, 245, 'or', [1], 1, 13, 5, 3)
(70, 251, 'parity', [1], 1, 11, 4, 3)
(70, 251, 'parity', [1], 1, 13, 5, 3)
(70, 251, 'or', [1], 1, 11, 4, 3)
(70, 251, 'or', [1], 1, 13, 5, 3)
(70, 893, 'parity', [1], 1, 11, 4, 3)
(70, 893, 'parity', [1], 1, 13, 5, 3)
(70, 893, 'or', [1], 1, 11, 4, 3)
(70, 893, 'or', [1], 1, 13, 5, 3)
(70, 896, 'parity', [1], 1, 11, 4, 3)
(70, 896, 'parity', [1], 1, 13, 5, 3)
(70, 896, 'or', [1], 1, 11, 4, 3)
(70, 896, 'or', [1], 1, 13, 5, 3)
(70, 932, 'parity', [0], 2, 11, 1, 1)
(70, 932, 'parity', [0], 2, 13, 1, 1)
(70, 932, 'parity', [1], 1, 11, 1, -1)
(70, 932, 'parity', [1], 1, 13, 1, -1)
(70, 932, 'or', [0], 2, 11, 1, 1)
(70, 932, 'or', [0], 2, 13, 1, 1)
(70, 932, 'or', [1], 1, 11, 1, -1)
(70, 932, 'or', [1], 1, 13, 1, -1)
(70, 496, 'parity', [0], 2, 11, 1, 1)
(70, 496, 'parity', [0], 2, 13, 1, 1)
(70, 496, 'or', [0], 2, 11, 1, 1)
(70, 496, 'or', [0], 2, 13, 1, 1)
(70, 502, 'parity', [0], 2, 11, 1, 1)
(70, 502, 'parity', [0], 2, 13, 1, 1)
(70, 502, 'or', [0], 2, 11, 1, 1)
(70, 502, 'or', [0], 2, 13, 1, 1)
(70, 569, 'parity', [1], 1, 11, 4, 3)
(70, 569, 'parity', [1], 1, 13, 5, 3)
(70, 569, 'or', [1], 1, 11, 4, 3)
(70, 569, 'or', [1], 1, 13, 5, 3)
(70, 575, 'parity', [1], 1, 11, 4, 3)
(70, 575, 'parity', [1], 1, 13, 5, 3)
(70, 575, 'or', [1], 1, 11, 4, 3)
(70, 575, 'or', [1], 1, 13, 5, 3)
(70, 605, 'parity', [0], 2, 11, 1, 1)
(70, 605, 'parity', [0], 2, 13, 1, 1)
(70, 605, 'parity', [1], 1, 11, 1, -1)
(70, 605, 'parity', [1], 1, 13, 1, -1)
(70, 605, 'or', [0], 2, 11, 1, 1)
(70, 605, 'or', [0], 2, 13, 1, 1)
(70, 605, 'or', [1], 1, 11, 1, -1)
(70, 605, 'or', [1], 1, 13, 1, -1)
(70, 611, 'parity', [0], 2, 11, 1, 1)
(70, 611, 'parity', [0], 2, 13, 1, 1)
(70, 611, 'parity', [1], 1, 11, 1, -1)
(70, 611, 'parity', [1], 1, 13, 1, -1)
(70, 611, 'or', [0], 2, 11, 1, 1)
(70, 611, 'or', [0], 2, 13, 1, 1)
(70, 611, 'or', [1], 1, 11, 1, -1)
(70, 611, 'or', [1], 1, 13, 1, -1)
(70, 679, 'parity', [1], 1, 11, 4, 3)
(70, 679, 'parity', [1], 1, 13, 5, 3)
(70, 679, 'or', [1], 1, 11, 4, 3)
(70, 679, 'or', [1], 1, 13, 5, 3)
(70, 713, 'parity', [0], 2, 11, 1, 1)
(70, 713, 'parity', [0], 2, 13, 1, 1)
(70, 713, 'parity', [1], 1, 11, 1, 1)
(70, 713, 'parity', [1], 1, 13, 1, 1)
(70, 713, 'or', [0], 2, 11, 1, 1)
(70, 713, 'or', [0], 2, 13, 1, 1)
(70, 713, 'or', [1], 1, 11, 1, 1)
(70, 713, 'or', [1], 1, 13, 1, 1)
(70, 715, 'parity', [1], 1, 11, 1, -1)
(70, 715, 'parity', [1], 1, 13, 1, -1)
(70, 715, 'or', [1], 1, 11, 1, -1)
(70, 715, 'or', [1], 1, 13, 1, -1)
(70, 716, 'parity', [0], 2, 11, 1, 1)
(70, 716, 'parity', [0], 2, 13, 1, 1)
(70, 716, 'or', [0], 2, 11, 1, 1)
(70, 716, 'or', [0], 2, 13, 1, 1)
(70, 719, 'parity', [1], 1, 11, 1, 1)
(70, 719, 'parity', [1], 1, 13, 1, 1)
(70, 719, 'or', [1], 1, 11, 1, 1)
(70, 719, 'or', [1], 1, 13, 1, 1)
(70, 749, 'parity', [1], 1, 11, 4, -3)
(70, 749, 'parity', [1], 1, 13, 5, -3)
(70, 749, 'or', [1], 1, 11, 4, -3)
(70, 749, 'or', [1], 1, 13, 5, -3)
(70, 755, 'parity', [1], 1, 11, 4, -3)
(70, 755, 'parity', [1], 1, 13, 5, -3)
(70, 755, 'or', [1], 1, 11, 4, -3)
(70, 755, 'or', [1], 1, 13, 5, -3)
(70, 787, 'parity', [1], 1, 11, 4, 3)
(70, 787, 'parity', [1], 1, 13, 5, 3)
(70, 787, 'or', [1], 1, 11, 4, 3)
(70, 787, 'or', [1], 1, 13, 5, 3)
(70, 820, 'parity', [0], 2, 11, 1, 1)
(70, 820, 'parity', [0], 2, 13, 1, 1)
(70, 820, 'or', [0], 2, 11, 1, 1)
(70, 820, 'or', [0], 2, 13, 1, 1)
(70, 823, 'parity', [0], 2, 11, 1, 1)
(70, 823, 'parity', [0], 2, 13, 1, 1)
(70, 823, 'parity', [1], 1, 11, 1, -1)
(70, 823, 'parity', [1], 1, 13, 1, -1)
(70, 823, 'or', [0], 2, 11, 1, 1)
(70, 823, 'or', [0], 2, 13, 1, 1)
(70, 823, 'or', [1], 1, 11, 1, -1)
(70, 823, 'or', [1], 1, 13, 1, -1)
(70, 281, 'parity', [0], 2, 11, 1, 1)
(70, 281, 'parity', [0], 2, 13, 1, 1)
(70, 281, 'parity', [1], 1, 11, 1, -1)
(70, 281, 'parity', [1], 1, 13, 1, -1)
(70, 281, 'or', [0], 2, 11, 1, 1)
(70, 281, 'or', [0], 2, 13, 1, 1)
(70, 281, 'or', [1], 1, 11, 1, -1)
(70, 281, 'or', [1], 1, 13, 1, -1)
(70, 283, 'parity', [1], 1, 11, 1, 1)
(70, 283, 'parity', [1], 1, 13, 1, 1)
(70, 283, 'or', [1], 1, 11, 1, 1)
(70, 283, 'or', [1], 1, 13, 1, 1)
(70, 284, 'parity', [0], 2, 11, 1, 1)
(70, 284, 'parity', [0], 2, 13, 1, 1)
(70, 284, 'or', [0], 2, 11, 1, 1)
(70, 284, 'or', [0], 2, 13, 1, 1)
(70, 287, 'parity', [1], 1, 11, 1, -1)
(70, 287, 'parity', [1], 1, 13, 1, -1)
(70, 287, 'or', [1], 1, 11, 1, -1)
(70, 287, 'or', [1], 1, 13, 1, -1)
(70, 319, 'parity', [1], 1, 11, 4, -3)
(70, 319, 'parity', [1], 1, 13, 5, -3)
(70, 319, 'or', [1], 1, 11, 4, -3)
(70, 319, 'or', [1], 1, 13, 5, -3)
(70, 389, 'parity', [0], 2, 11, 1, 1)
(70, 389, 'parity', [0], 2, 13, 1, 1)
(70, 389, 'parity', [1], 1, 11, 1, 1)
(70, 389, 'parity', [1], 1, 13, 1, 1)
(70, 389, 'or', [0], 2, 11, 1, 1)
(70, 389, 'or', [0], 2, 13, 1, 1)
(70, 389, 'or', [1], 1, 11, 1, 1)
(70, 389, 'or', [1], 1, 13, 1, 1)
(70, 395, 'parity', [0], 2, 11, 1, 1)
(70, 395, 'parity', [0], 2, 13, 1, 1)
(70, 395, 'parity', [1], 1, 11, 1, 1)
(70, 395, 'parity', [1], 1, 13, 1, 1)
(70, 395, 'or', [0], 2, 11, 1, 1)
(70, 395, 'or', [0], 2, 13, 1, 1)
(70, 395, 'or', [1], 1, 11, 1, 1)
(70, 395, 'or', [1], 1, 13, 1, 1)
(70, 425, 'parity', [1], 1, 11, 4, -3)
(70, 425, 'parity', [1], 1, 13, 5, -3)
(70, 425, 'or', [1], 1, 11, 4, -3)
(70, 425, 'or', [1], 1, 13, 5, -3)
(70, 431, 'parity', [1], 1, 11, 4, -3)
(70, 431, 'parity', [1], 1, 13, 5, -3)
(70, 431, 'or', [1], 1, 11, 4, -3)
(70, 431, 'or', [1], 1, 13, 5, -3)
(82, 121, 'parity', [1], 3, 11, 1, 1)
(82, 121, 'parity', [1], 3, 13, 1, 1)
(82, 121, 'or', [1], 3, 11, 1, 1)
(82, 121, 'or', [1], 3, 13, 1, 1)
(82, 154, 'parity', [0, 1], 2, 11, 4, -3)
(82, 154, 'parity', [0, 1], 2, 13, 5, -3)
(82, 154, 'or', [0, 1], 2, 11, 4, -3)
(82, 154, 'or', [0, 1], 2, 13, 5, -3)
(82, 157, 'parity', [0, 1], 2, 11, 4, -3)
(82, 157, 'parity', [0, 1], 2, 13, 5, -3)
(82, 157, 'or', [0, 1], 2, 11, 4, -3)
(82, 157, 'or', [0, 1], 2, 13, 5, -3)
(82, 160, 'parity', [0, 1], 2, 11, 4, -3)
(82, 160, 'parity', [0, 1], 2, 13, 5, -3)
(82, 160, 'or', [0, 1], 2, 11, 4, -3)
(82, 160, 'or', [0, 1], 2, 13, 5, -3)
(82, 478, 'parity', [0, 1], 2, 11, 4, -3)
(82, 478, 'parity', [0, 1], 2, 13, 5, -3)
(82, 478, 'or', [0, 1], 2, 11, 4, -3)
(82, 478, 'or', [0, 1], 2, 13, 5, -3)
(82, 484, 'parity', [0, 1], 2, 11, 4, -3)
(82, 484, 'parity', [0, 1], 2, 13, 5, -3)
(82, 484, 'or', [0, 1], 2, 11, 4, -3)
(82, 484, 'or', [0, 1], 2, 13, 5, -3)
(82, 589, 'parity', [1], 3, 11, 1, 1)
(82, 589, 'parity', [1], 3, 13, 1, 1)
(82, 589, 'or', [1], 3, 11, 1, 1)
(82, 589, 'or', [1], 3, 13, 1, 1)
(82, 229, 'parity', [1], 3, 11, 1, 1)
(82, 229, 'parity', [1], 3, 13, 1, 1)
(82, 229, 'or', [1], 3, 11, 1, 1)
(82, 229, 'or', [1], 3, 13, 1, 1)
(82, 298, 'parity', [0, 1], 2, 11, 4, -3)
(82, 298, 'parity', [0, 1], 2, 13, 5, -3)
(82, 298, 'or', [0, 1], 2, 11, 4, -3)
(82, 298, 'or', [0, 1], 2, 13, 5, -3)
(82, 301, 'parity', [0, 1], 2, 11, 4, -3)
(82, 301, 'parity', [0, 1], 2, 13, 5, -3)
(82, 301, 'or', [0, 1], 2, 11, 4, -3)
(82, 301, 'or', [0, 1], 2, 13, 5, -3)
(82, 304, 'parity', [0, 1], 2, 11, 4, -3)
(82, 304, 'parity', [0, 1], 2, 13, 5, -3)
(82, 304, 'or', [0, 1], 2, 11, 4, -3)
(82, 304, 'or', [0, 1], 2, 13, 5, -3)
(82, 334, 'parity', [0, 1], 2, 11, 4, -3)
(82, 334, 'parity', [0, 1], 2, 13, 5, -3)
(82, 334, 'or', [0, 1], 2, 11, 4, -3)
(82, 334, 'or', [0, 1], 2, 13, 5, -3)
(82, 337, 'parity', [0, 1], 2, 11, 4, -3)
(82, 337, 'parity', [0, 1], 2, 13, 5, -3)
(82, 337, 'or', [0, 1], 2, 11, 4, -3)
(82, 337, 'or', [0, 1], 2, 13, 5, -3)
(82, 340, 'parity', [0, 1], 2, 11, 4, -3)
(82, 340, 'parity', [0, 1], 2, 13, 5, -3)
(82, 340, 'or', [0, 1], 2, 11, 4, -3)
(82, 340, 'or', [0, 1], 2, 13, 5, -3)
(82, 373, 'parity', [1], 3, 11, 1, 1)
(82, 373, 'parity', [1], 3, 13, 1, 1)
(82, 373, 'or', [1], 3, 11, 1, 1)
(82, 373, 'or', [1], 3, 13, 1, 1)
(82, 622, 'parity', [0, 1], 2, 11, 4, -3)
(82, 622, 'parity', [0, 1], 2, 13, 5, -3)
(82, 622, 'or', [0, 1], 2, 11, 4, -3)
(82, 622, 'or', [0, 1], 2, 13, 5, -3)
(82, 625, 'parity', [0, 1], 2, 11, 4, -3)
(82, 625, 'parity', [0, 1], 2, 13, 5, -3)
(82, 625, 'or', [0, 1], 2, 11, 4, -3)
(82, 625, 'or', [0, 1], 2, 13, 5, -3)
(82, 628, 'parity', [0, 1], 2, 11, 4, -3)
(82, 628, 'parity', [0, 1], 2, 13, 5, -3)
(82, 628, 'or', [0, 1], 2, 11, 4, -3)
(82, 628, 'or', [0, 1], 2, 13, 5, -3)
(82, 658, 'parity', [0, 1], 2, 11, 4, -3)
(82, 658, 'parity', [0, 1], 2, 13, 5, -3)
(82, 658, 'or', [0, 1], 2, 11, 4, -3)
(82, 658, 'or', [0, 1], 2, 13, 5, -3)
(82, 661, 'parity', [0, 1], 2, 11, 4, -3)
(82, 661, 'parity', [0, 1], 2, 13, 5, -3)
(82, 661, 'or', [0, 1], 2, 11, 4, -3)
(82, 661, 'or', [0, 1], 2, 13, 5, -3)
(82, 664, 'parity', [0, 1], 2, 11, 4, -3)
(82, 664, 'parity', [0, 1], 2, 13, 5, -3)
(82, 664, 'or', [0, 1], 2, 11, 4, -3)
(82, 664, 'or', [0, 1], 2, 13, 5, -3)
(82, 733, 'parity', [1], 3, 11, 1, 1)
(82, 733, 'parity', [1], 3, 13, 1, 1)
(82, 733, 'or', [1], 3, 11, 1, 1)
(82, 733, 'or', [1], 3, 13, 1, 1)
(82, 802, 'parity', [0, 1], 2, 11, 4, -3)
(82, 802, 'parity', [0, 1], 2, 13, 5, -3)
(82, 802, 'or', [0, 1], 2, 11, 4, -3)
(82, 802, 'or', [0, 1], 2, 13, 5, -3)
(82, 805, 'parity', [0, 1], 2, 11, 4, -3)
(82, 805, 'parity', [0, 1], 2, 13, 5, -3)
(82, 805, 'or', [0, 1], 2, 11, 4, -3)
(82, 805, 'or', [0, 1], 2, 13, 5, -3)
(82, 808, 'parity', [0, 1], 2, 11, 4, -3)
(82, 808, 'parity', [0, 1], 2, 13, 5, -3)
(82, 808, 'or', [0, 1], 2, 11, 4, -3)
(82, 808, 'or', [0, 1], 2, 13, 5, -3)
(82, 841, 'parity', [1], 3, 11, 1, 1)
(82, 841, 'parity', [1], 3, 13, 1, 1)
(82, 841, 'or', [1], 3, 11, 1, 1)
(82, 841, 'or', [1], 3, 13, 1, 1)
(88, 121, 'parity', [1], 3, 11, 1, 1)
(88, 121, 'parity', [1], 3, 13, 1, 1)
(88, 121, 'or', [1], 3, 11, 1, 1)
(88, 121, 'or', [1], 3, 13, 1, 1)
(88, 154, 'parity', [0, 1], 2, 11, 4, -3)
(88, 154, 'parity', [0, 1], 2, 13, 5, -3)
(88, 154, 'or', [0, 1], 2, 11, 4, -3)
(88, 154, 'or', [0, 1], 2, 13, 5, -3)
(88, 157, 'parity', [0, 1], 2, 11, 4, -3)
(88, 157, 'parity', [0, 1], 2, 13, 5, -3)
(88, 157, 'or', [0, 1], 2, 11, 4, -3)
(88, 157, 'or', [0, 1], 2, 13, 5, -3)
(88, 160, 'parity', [0, 1], 2, 11, 4, -3)
(88, 160, 'parity', [0, 1], 2, 13, 5, -3)
(88, 160, 'or', [0, 1], 2, 11, 4, -3)
(88, 160, 'or', [0, 1], 2, 13, 5, -3)
(88, 808, 'parity', [0, 1], 2, 11, 4, -3)
(88, 808, 'parity', [0, 1], 2, 13, 5, -3)
(88, 808, 'or', [0, 1], 2, 11, 4, -3)
(88, 808, 'or', [0, 1], 2, 13, 5, -3)
(88, 841, 'parity', [1], 3, 11, 1, 1)
(88, 841, 'parity', [1], 3, 13, 1, 1)
(88, 841, 'or', [1], 3, 11, 1, 1)
(88, 841, 'or', [1], 3, 13, 1, 1)
(88, 478, 'parity', [0, 1], 2, 11, 4, -3)
(88, 478, 'parity', [0, 1], 2, 13, 5, -3)
(88, 478, 'or', [0, 1], 2, 11, 4, -3)
(88, 478, 'or', [0, 1], 2, 13, 5, -3)
(88, 484, 'parity', [0, 1], 2, 11, 4, -3)
(88, 484, 'parity', [0, 1], 2, 13, 5, -3)
(88, 484, 'or', [0, 1], 2, 11, 4, -3)
(88, 484, 'or', [0, 1], 2, 13, 5, -3)
(88, 589, 'parity', [1], 3, 11, 1, 1)
(88, 589, 'parity', [1], 3, 13, 1, 1)
(88, 589, 'or', [1], 3, 11, 1, 1)
(88, 589, 'or', [1], 3, 13, 1, 1)
(88, 229, 'parity', [1], 3, 11, 1, 1)
(88, 229, 'parity', [1], 3, 13, 1, 1)
(88, 229, 'or', [1], 3, 11, 1, 1)
(88, 229, 'or', [1], 3, 13, 1, 1)
(88, 298, 'parity', [0, 1], 2, 11, 4, -3)
(88, 298, 'parity', [0, 1], 2, 13, 5, -3)
(88, 298, 'or', [0, 1], 2, 11, 4, -3)
(88, 298, 'or', [0, 1], 2, 13, 5, -3)
(88, 301, 'parity', [0, 1], 2, 11, 4, -3)
(88, 301, 'parity', [0, 1], 2, 13, 5, -3)
(88, 301, 'or', [0, 1], 2, 11, 4, -3)
(88, 301, 'or', [0, 1], 2, 13, 5, -3)
(88, 304, 'parity', [0, 1], 2, 11, 4, -3)
(88, 304, 'parity', [0, 1], 2, 13, 5, -3)
(88, 304, 'or', [0, 1], 2, 11, 4, -3)
(88, 304, 'or', [0, 1], 2, 13, 5, -3)
(88, 334, 'parity', [0, 1], 2, 11, 4, -3)
(88, 334, 'parity', [0, 1], 2, 13, 5, -3)
(88, 334, 'or', [0, 1], 2, 11, 4, -3)
(88, 334, 'or', [0, 1], 2, 13, 5, -3)
(88, 337, 'parity', [0, 1], 2, 11, 4, -3)
(88, 337, 'parity', [0, 1], 2, 13, 5, -3)
(88, 337, 'or', [0, 1], 2, 11, 4, -3)
(88, 337, 'or', [0, 1], 2, 13, 5, -3)
(88, 340, 'parity', [0, 1], 2, 11, 4, -3)
(88, 340, 'parity', [0, 1], 2, 13, 5, -3)
(88, 340, 'or', [0, 1], 2, 11, 4, -3)
(88, 340, 'or', [0, 1], 2, 13, 5, -3)
(88, 373, 'parity', [1], 3, 11, 1, 1)
(88, 373, 'parity', [1], 3, 13, 1, 1)
(88, 373, 'or', [1], 3, 11, 1, 1)
(88, 373, 'or', [1], 3, 13, 1, 1)
(88, 622, 'parity', [0, 1], 2, 11, 4, -3)
(88, 622, 'parity', [0, 1], 2, 13, 5, -3)
(88, 622, 'or', [0, 1], 2, 11, 4, -3)
(88, 622, 'or', [0, 1], 2, 13, 5, -3)
(88, 625, 'parity', [0, 1], 2, 11, 4, -3)
(88, 625, 'parity', [0, 1], 2, 13, 5, -3)
(88, 625, 'or', [0, 1], 2, 11, 4, -3)
(88, 625, 'or', [0, 1], 2, 13, 5, -3)
(88, 628, 'parity', [0, 1], 2, 11, 4, -3)
(88, 628, 'parity', [0, 1], 2, 13, 5, -3)
(88, 628, 'or', [0, 1], 2, 11, 4, -3)
(88, 628, 'or', [0, 1], 2, 13, 5, -3)
(88, 658, 'parity', [0, 1], 2, 11, 4, -3)
(88, 658, 'parity', [0, 1], 2, 13, 5, -3)
(88, 658, 'or', [0, 1], 2, 11, 4, -3)
(88, 658, 'or', [0, 1], 2, 13, 5, -3)
(88, 661, 'parity', [0, 1], 2, 11, 4, -3)
(88, 661, 'parity', [0, 1], 2, 13, 5, -3)
(88, 661, 'or', [0, 1], 2, 11, 4, -3)
(88, 661, 'or', [0, 1], 2, 13, 5, -3)
(88, 664, 'parity', [0, 1], 2, 11, 4, -3)
(88, 664, 'parity', [0, 1], 2, 13, 5, -3)
(88, 664, 'or', [0, 1], 2, 11, 4, -3)
(88, 664, 'or', [0, 1], 2, 13, 5, -3)
(88, 733, 'parity', [1], 3, 11, 1, 1)
(88, 733, 'parity', [1], 3, 13, 1, 1)
(88, 733, 'or', [1], 3, 11, 1, 1)
(88, 733, 'or', [1], 3, 13, 1, 1)
(88, 802, 'parity', [0, 1], 2, 11, 4, -3)
(88, 802, 'parity', [0, 1], 2, 13, 5, -3)
(88, 802, 'or', [0, 1], 2, 11, 4, -3)
(88, 802, 'or', [0, 1], 2, 13, 5, -3)
(88, 805, 'parity', [0, 1], 2, 11, 4, -3)
(88, 805, 'parity', [0, 1], 2, 13, 5, -3)
(88, 805, 'or', [0, 1], 2, 11, 4, -3)
(88, 805, 'or', [0, 1], 2, 13, 5, -3)
(92, 308, 'parity', [0, 1], 1, 11, 4, -3)
(92, 308, 'parity', [0, 1], 1, 13, 5, -3)
(92, 308, 'or', [0, 1], 1, 11, 4, -3)
(92, 308, 'or', [0, 1], 1, 13, 5, -3)
(92, 311, 'parity', [0, 1], 1, 11, 4, -3)
(92, 311, 'parity', [0, 1], 1, 13, 5, -3)
(92, 311, 'or', [0, 1], 1, 11, 4, -3)
(92, 311, 'or', [0, 1], 1, 13, 5, -3)
(92, 314, 'parity', [0, 1], 1, 11, 4, -3)
(92, 314, 'parity', [0, 1], 1, 13, 5, -3)
(92, 314, 'or', [0, 1], 1, 11, 4, -3)
(92, 314, 'or', [0, 1], 1, 13, 5, -3)
(92, 344, 'parity', [0, 1], 1, 11, 4, -3)
(92, 344, 'parity', [0, 1], 1, 13, 5, -3)
(92, 344, 'or', [0, 1], 1, 11, 4, -3)
(92, 344, 'or', [0, 1], 1, 13, 5, -3)
(92, 347, 'parity', [0, 1], 1, 11, 4, -3)
(92, 347, 'parity', [0, 1], 1, 13, 5, -3)
(92, 347, 'or', [0, 1], 1, 11, 4, -3)
(92, 347, 'or', [0, 1], 1, 13, 5, -3)
(92, 350, 'parity', [0, 1], 1, 11, 4, -3)
(92, 350, 'parity', [0, 1], 1, 13, 5, -3)
(92, 350, 'or', [0, 1], 1, 11, 4, -3)
(92, 350, 'or', [0, 1], 1, 13, 5, -3)
(92, 632, 'parity', [0, 1], 1, 11, 4, -3)
(92, 632, 'parity', [0, 1], 1, 13, 5, -3)
(92, 632, 'or', [0, 1], 1, 11, 4, -3)
(92, 632, 'or', [0, 1], 1, 13, 5, -3)
(92, 635, 'parity', [0, 1], 1, 11, 4, -3)
(92, 635, 'parity', [0, 1], 1, 13, 5, -3)
(92, 635, 'or', [0, 1], 1, 11, 4, -3)
(92, 635, 'or', [0, 1], 1, 13, 5, -3)
(92, 638, 'parity', [0, 1], 1, 11, 4, -3)
(92, 638, 'parity', [0, 1], 1, 13, 5, -3)
(92, 638, 'or', [0, 1], 1, 11, 4, -3)
(92, 638, 'or', [0, 1], 1, 13, 5, -3)
(92, 668, 'parity', [0, 1], 1, 11, 4, -3)
(92, 668, 'parity', [0, 1], 1, 13, 5, -3)
(92, 668, 'or', [0, 1], 1, 11, 4, -3)
(92, 668, 'or', [0, 1], 1, 13, 5, -3)
(92, 671, 'parity', [0, 1], 1, 11, 4, -3)
(92, 671, 'parity', [0, 1], 1, 13, 5, -3)
(92, 671, 'or', [0, 1], 1, 11, 4, -3)
(92, 671, 'or', [0, 1], 1, 13, 5, -3)
(92, 674, 'parity', [0, 1], 1, 11, 4, -3)
(92, 674, 'parity', [0, 1], 1, 13, 5, -3)
(92, 674, 'or', [0, 1], 1, 11, 4, -3)
(92, 674, 'or', [0, 1], 1, 13, 5, -3)
(95, 632, 'parity', [0, 1], 1, 11, 4, -3)
(95, 632, 'parity', [0, 1], 1, 13, 5, -3)
(95, 632, 'or', [0, 1], 1, 11, 4, -3)
(95, 632, 'or', [0, 1], 1, 13, 5, -3)
(95, 635, 'parity', [0, 1], 1, 11, 4, -3)
(95, 635, 'parity', [0, 1], 1, 13, 5, -3)
(95, 635, 'or', [0, 1], 1, 11, 4, -3)
(95, 635, 'or', [0, 1], 1, 13, 5, -3)
(95, 638, 'parity', [0, 1], 1, 11, 4, -3)
(95, 638, 'parity', [0, 1], 1, 13, 5, -3)
(95, 638, 'or', [0, 1], 1, 11, 4, -3)
(95, 638, 'or', [0, 1], 1, 13, 5, -3)
(95, 668, 'parity', [0, 1], 1, 11, 4, -3)
(95, 668, 'parity', [0, 1], 1, 13, 5, -3)
(95, 668, 'or', [0, 1], 1, 11, 4, -3)
(95, 668, 'or', [0, 1], 1, 13, 5, -3)
(95, 671, 'parity', [0, 1], 1, 11, 4, -3)
(95, 671, 'parity', [0, 1], 1, 13, 5, -3)
(95, 671, 'or', [0, 1], 1, 11, 4, -3)
(95, 671, 'or', [0, 1], 1, 13, 5, -3)
(95, 674, 'parity', [0, 1], 1, 11, 4, -3)
(95, 674, 'parity', [0, 1], 1, 13, 5, -3)
(95, 674, 'or', [0, 1], 1, 11, 4, -3)
(95, 674, 'or', [0, 1], 1, 13, 5, -3)
(95, 308, 'parity', [0, 1], 1, 11, 4, -3)
(95, 308, 'parity', [0, 1], 1, 13, 5, -3)
(95, 308, 'or', [0, 1], 1, 11, 4, -3)
(95, 308, 'or', [0, 1], 1, 13, 5, -3)
(95, 311, 'parity', [0, 1], 1, 11, 4, -3)
(95, 311, 'parity', [0, 1], 1, 13, 5, -3)
(95, 311, 'or', [0, 1], 1, 11, 4, -3)
(95, 311, 'or', [0, 1], 1, 13, 5, -3)
(95, 314, 'parity', [0, 1], 1, 11, 4, -3)
(95, 314, 'parity', [0, 1], 1, 13, 5, -3)
(95, 314, 'or', [0, 1], 1, 11, 4, -3)
(95, 314, 'or', [0, 1], 1, 13, 5, -3)
(95, 344, 'parity', [0, 1], 1, 11, 4, -3)
(95, 344, 'parity', [0, 1], 1, 13, 5, -3)
(95, 344, 'or', [0, 1], 1, 11, 4, -3)
(95, 344, 'or', [0, 1], 1, 13, 5, -3)
(95, 347, 'parity', [0, 1], 1, 11, 4, -3)
(95, 347, 'parity', [0, 1], 1, 13, 5, -3)
(95, 347, 'or', [0, 1], 1, 11, 4, -3)
(95, 347, 'or', [0, 1], 1, 13, 5, -3)
(95, 350, 'parity', [0, 1], 1, 11, 4, -3)
(95, 350, 'parity', [0, 1], 1, 13, 5, -3)
(95, 350, 'or', [0, 1], 1, 11, 4, -3)
(95, 350, 'or', [0, 1], 1, 13, 5, -3)
(100, 139, 'parity', [1], 1, 11, 1, 1)
(100, 139, 'parity', [1], 1, 13, 1, 1)
(100, 139, 'or', [1], 1, 11, 1, 1)
(100, 139, 'or', [1], 1, 13, 1, 1)
(100, 172, 'parity', [0], 2, 11, 4, -3)
(100, 172, 'parity', [0], 2, 13, 5, -3)
(100, 172, 'or', [0], 2, 11, 4, -3)
(100, 172, 'or', [0], 2, 13, 5, -3)
(100, 175, 'parity', [0], 2, 11, 4, -3)
(100, 175, 'parity', [0], 2, 13, 5, -3)
(100, 175, 'or', [0], 2, 11, 4, -3)
(100, 175, 'or', [0], 2, 13, 5, -3)
(100, 820, 'parity', [0], 2, 11, 4, -3)
(100, 820, 'parity', [0], 2, 13, 5, -3)
(100, 820, 'or', [0], 2, 11, 4, -3)
(100, 820, 'or', [0], 2, 13, 5, -3)
(100, 823, 'parity', [0], 2, 11, 4, -3)
(100, 823, 'parity', [0], 2, 13, 5, -3)
(100, 823, 'or', [0], 2, 11, 4, -3)
(100, 823, 'or', [0], 2, 13, 5, -3)
(100, 859, 'parity', [1], 1, 11, 1, 1)
(100, 859, 'parity', [1], 1, 13, 1, 1)
(100, 859, 'or', [1], 1, 11, 1, 1)
(100, 859, 'or', [1], 1, 13, 1, 1)
(100, 496, 'parity', [0], 2, 11, 4, -3)
(100, 496, 'parity', [0], 2, 13, 5, -3)
(100, 496, 'or', [0], 2, 11, 4, -3)
(100, 496, 'or', [0], 2, 13, 5, -3)
(100, 502, 'parity', [0], 2, 11, 4, -3)
(100, 502, 'parity', [0], 2, 13, 5, -3)
(100, 502, 'or', [0], 2, 11, 4, -3)
(100, 502, 'or', [0], 2, 13, 5, -3)
(100, 587, 'parity', [1], 1, 11, 2, 1)
(100, 587, 'parity', [1], 1, 13, 2, 1)
(100, 587, 'or', [1], 1, 11, 2, 1)
(100, 587, 'or', [1], 1, 13, 2, 1)
(100, 593, 'parity', [1], 1, 11, 2, 1)
(100, 593, 'parity', [1], 1, 13, 2, 1)
(100, 593, 'or', [1], 1, 11, 2, 1)
(100, 593, 'or', [1], 1, 13, 2, 1)
(100, 226, 'parity', [0, 1], 2, 11, 8, -1)
(100, 247, 'parity', [1], 1, 11, 1, 1)
(100, 247, 'parity', [1], 1, 13, 1, 1)
(100, 247, 'or', [1], 1, 11, 1, 1)
(100, 247, 'or', [1], 1, 13, 1, 1)
(100, 263, 'parity', [1], 1, 11, 2, 1)
(100, 263, 'parity', [1], 1, 13, 2, 1)
(100, 263, 'or', [1], 1, 11, 2, 1)
(100, 263, 'or', [1], 1, 13, 2, 1)
(100, 269, 'parity', [1], 1, 11, 2, 1)
(100, 269, 'parity', [1], 1, 13, 2, 1)
(100, 269, 'or', [1], 1, 11, 2, 1)
(100, 269, 'or', [1], 1, 13, 2, 1)
(100, 281, 'parity', [0], 2, 11, 4, -3)
(100, 281, 'parity', [0], 2, 13, 5, -3)
(100, 281, 'or', [0], 2, 11, 4, -3)
(100, 281, 'or', [0], 2, 13, 5, -3)
(100, 284, 'parity', [0], 2, 11, 4, -3)
(100, 284, 'parity', [0], 2, 13, 5, -3)
(100, 284, 'or', [0], 2, 11, 4, -3)
(100, 284, 'or', [0], 2, 13, 5, -3)
(100, 317, 'parity', [1], 1, 11, 1, 1)
(100, 317, 'parity', [1], 1, 13, 1, 1)
(100, 317, 'or', [1], 1, 11, 1, 1)
(100, 317, 'or', [1], 1, 13, 1, 1)
(100, 323, 'parity', [1], 1, 11, 1, 1)
(100, 323, 'parity', [1], 1, 13, 1, 1)
(100, 323, 'or', [1], 1, 11, 1, 1)
(100, 323, 'or', [1], 1, 13, 1, 1)
(100, 353, 'parity', [1], 1, 11, 1, 1)
(100, 353, 'parity', [1], 1, 13, 1, 1)
(100, 353, 'or', [1], 1, 11, 1, 1)
(100, 353, 'or', [1], 1, 13, 1, 1)
(100, 359, 'parity', [1], 1, 11, 1, 1)
(100, 359, 'parity', [1], 1, 13, 1, 1)
(100, 359, 'or', [1], 1, 11, 1, 1)
(100, 359, 'or', [1], 1, 13, 1, 1)
(100, 389, 'parity', [0], 2, 11, 4, -3)
(100, 389, 'parity', [0], 2, 13, 5, -3)
(100, 389, 'or', [0], 2, 11, 4, -3)
(100, 389, 'or', [0], 2, 13, 5, -3)
(100, 395, 'parity', [0], 2, 11, 4, -3)
(100, 395, 'parity', [0], 2, 13, 5, -3)
(100, 395, 'or', [0], 2, 11, 4, -3)
(100, 395, 'or', [0], 2, 13, 5, -3)
(100, 605, 'parity', [0], 2, 11, 4, -3)
(100, 605, 'parity', [0], 2, 13, 5, -3)
(100, 605, 'or', [0], 2, 11, 4, -3)
(100, 605, 'or', [0], 2, 13, 5, -3)
(100, 611, 'parity', [0], 2, 11, 4, -3)
(100, 611, 'parity', [0], 2, 13, 5, -3)
(100, 611, 'or', [0], 2, 11, 4, -3)
(100, 611, 'or', [0], 2, 13, 5, -3)
(100, 641, 'parity', [1], 1, 11, 1, 1)
(100, 641, 'parity', [1], 1, 13, 1, 1)
(100, 641, 'or', [1], 1, 11, 1, 1)
(100, 641, 'or', [1], 1, 13, 1, 1)
(100, 647, 'parity', [1], 1, 11, 1, 1)
(100, 647, 'parity', [1], 1, 13, 1, 1)
(100, 647, 'or', [1], 1, 11, 1, 1)
(100, 647, 'or', [1], 1, 13, 1, 1)
(100, 677, 'parity', [1], 1, 11, 1, 1)
(100, 677, 'parity', [1], 1, 13, 1, 1)
(100, 677, 'or', [1], 1, 11, 1, 1)
(100, 677, 'or', [1], 1, 13, 1, 1)
(100, 683, 'parity', [1], 1, 11, 1, 1)
(100, 683, 'parity', [1], 1, 13, 1, 1)
(100, 683, 'or', [1], 1, 11, 1, 1)
(100, 683, 'or', [1], 1, 13, 1, 1)
(100, 713, 'parity', [0], 2, 11, 4, -3)
(100, 713, 'parity', [0], 2, 13, 5, -3)
(100, 713, 'or', [0], 2, 11, 4, -3)
(100, 713, 'or', [0], 2, 13, 5, -3)
(100, 716, 'parity', [0], 2, 11, 4, -3)
(100, 716, 'parity', [0], 2, 13, 5, -3)
(100, 716, 'or', [0], 2, 11, 4, -3)
(100, 716, 'or', [0], 2, 13, 5, -3)
(100, 751, 'parity', [1], 1, 11, 1, 1)
(100, 751, 'parity', [1], 1, 13, 1, 1)
(100, 751, 'or', [1], 1, 11, 1, 1)
(100, 751, 'or', [1], 1, 13, 1, 1)
(101, 236, 'parity', [0, 1], 1, 11, 8, -1)
(104, 236, 'parity', [0, 1], 1, 11, 8, -1)
(106, 139, 'parity', [1], 1, 11, 1, 1)
(106, 139, 'parity', [1], 1, 13, 1, 1)
(106, 139, 'or', [1], 1, 11, 1, 1)
(106, 139, 'or', [1], 1, 13, 1, 1)
(106, 172, 'parity', [0], 2, 11, 4, -3)
(106, 172, 'parity', [0], 2, 13, 5, -3)
(106, 172, 'or', [0], 2, 11, 4, -3)
(106, 172, 'or', [0], 2, 13, 5, -3)
(106, 175, 'parity', [0], 2, 11, 4, -3)
(106, 175, 'parity', [0], 2, 13, 5, -3)
(106, 175, 'or', [0], 2, 11, 4, -3)
(106, 175, 'or', [0], 2, 13, 5, -3)
(106, 820, 'parity', [0], 2, 11, 4, -3)
(106, 820, 'parity', [0], 2, 13, 5, -3)
(106, 820, 'or', [0], 2, 11, 4, -3)
(106, 820, 'or', [0], 2, 13, 5, -3)
(106, 823, 'parity', [0], 2, 11, 4, -3)
(106, 823, 'parity', [0], 2, 13, 5, -3)
(106, 823, 'or', [0], 2, 11, 4, -3)
(106, 823, 'or', [0], 2, 13, 5, -3)
(106, 859, 'parity', [1], 1, 11, 1, 1)
(106, 859, 'parity', [1], 1, 13, 1, 1)
(106, 859, 'or', [1], 1, 11, 1, 1)
(106, 859, 'or', [1], 1, 13, 1, 1)
(106, 496, 'parity', [0], 2, 11, 4, -3)
(106, 496, 'parity', [0], 2, 13, 5, -3)
(106, 496, 'or', [0], 2, 11, 4, -3)
(106, 496, 'or', [0], 2, 13, 5, -3)
(106, 502, 'parity', [0], 2, 11, 4, -3)
(106, 502, 'parity', [0], 2, 13, 5, -3)
(106, 502, 'or', [0], 2, 11, 4, -3)
(106, 502, 'or', [0], 2, 13, 5, -3)
(106, 587, 'parity', [1], 1, 11, 2, 1)
(106, 587, 'parity', [1], 1, 13, 2, 1)
(106, 587, 'or', [1], 1, 11, 2, 1)
(106, 587, 'or', [1], 1, 13, 2, 1)
(106, 593, 'parity', [1], 1, 11, 2, 1)
(106, 593, 'parity', [1], 1, 13, 2, 1)
(106, 593, 'or', [1], 1, 11, 2, 1)
(106, 593, 'or', [1], 1, 13, 2, 1)
(106, 605, 'parity', [0], 2, 11, 4, -3)
(106, 605, 'parity', [0], 2, 13, 5, -3)
(106, 605, 'or', [0], 2, 11, 4, -3)
(106, 605, 'or', [0], 2, 13, 5, -3)
(106, 611, 'parity', [0], 2, 11, 4, -3)
(106, 611, 'parity', [0], 2, 13, 5, -3)
(106, 611, 'or', [0], 2, 11, 4, -3)
(106, 611, 'or', [0], 2, 13, 5, -3)
(106, 641, 'parity', [1], 1, 11, 1, 1)
(106, 641, 'parity', [1], 1, 13, 1, 1)
(106, 641, 'or', [1], 1, 11, 1, 1)
(106, 641, 'or', [1], 1, 13, 1, 1)
(106, 647, 'parity', [1], 1, 11, 1, 1)
(106, 647, 'parity', [1], 1, 13, 1, 1)
(106, 647, 'or', [1], 1, 11, 1, 1)
(106, 647, 'or', [1], 1, 13, 1, 1)
(106, 677, 'parity', [1], 1, 11, 1, 1)
(106, 677, 'parity', [1], 1, 13, 1, 1)
(106, 677, 'or', [1], 1, 11, 1, 1)
(106, 677, 'or', [1], 1, 13, 1, 1)
(106, 683, 'parity', [1], 1, 11, 1, 1)
(106, 683, 'parity', [1], 1, 13, 1, 1)
(106, 683, 'or', [1], 1, 11, 1, 1)
(106, 683, 'or', [1], 1, 13, 1, 1)
(106, 713, 'parity', [0], 2, 11, 4, -3)
(106, 713, 'parity', [0], 2, 13, 5, -3)
(106, 713, 'or', [0], 2, 11, 4, -3)
(106, 713, 'or', [0], 2, 13, 5, -3)
(106, 716, 'parity', [0], 2, 11, 4, -3)
(106, 716, 'parity', [0], 2, 13, 5, -3)
(106, 716, 'or', [0], 2, 11, 4, -3)
(106, 716, 'or', [0], 2, 13, 5, -3)
(106, 751, 'parity', [1], 1, 11, 1, 1)
(106, 751, 'parity', [1], 1, 13, 1, 1)
(106, 751, 'or', [1], 1, 11, 1, 1)
(106, 751, 'or', [1], 1, 13, 1, 1)
(106, 226, 'parity', [0, 1], 2, 11, 8, -1)
(106, 247, 'parity', [1], 1, 11, 1, 1)
(106, 247, 'parity', [1], 1, 13, 1, 1)
(106, 247, 'or', [1], 1, 11, 1, 1)
(106, 247, 'or', [1], 1, 13, 1, 1)
(106, 263, 'parity', [1], 1, 11, 2, 1)
(106, 263, 'parity', [1], 1, 13, 2, 1)
(106, 263, 'or', [1], 1, 11, 2, 1)
(106, 263, 'or', [1], 1, 13, 2, 1)
(106, 269, 'parity', [1], 1, 11, 2, 1)
(106, 269, 'parity', [1], 1, 13, 2, 1)
(106, 269, 'or', [1], 1, 11, 2, 1)
(106, 269, 'or', [1], 1, 13, 2, 1)
(106, 281, 'parity', [0], 2, 11, 4, -3)
(106, 281, 'parity', [0], 2, 13, 5, -3)
(106, 281, 'or', [0], 2, 11, 4, -3)
(106, 281, 'or', [0], 2, 13, 5, -3)
(106, 284, 'parity', [0], 2, 11, 4, -3)
(106, 284, 'parity', [0], 2, 13, 5, -3)
(106, 284, 'or', [0], 2, 11, 4, -3)
(106, 284, 'or', [0], 2, 13, 5, -3)
(106, 317, 'parity', [1], 1, 11, 1, 1)
(106, 317, 'parity', [1], 1, 13, 1, 1)
(106, 317, 'or', [1], 1, 11, 1, 1)
(106, 317, 'or', [1], 1, 13, 1, 1)
(106, 323, 'parity', [1], 1, 11, 1, 1)
(106, 323, 'parity', [1], 1, 13, 1, 1)
(106, 323, 'or', [1], 1, 11, 1, 1)
(106, 323, 'or', [1], 1, 13, 1, 1)
(106, 353, 'parity', [1], 1, 11, 1, 1)
(106, 353, 'parity', [1], 1, 13, 1, 1)
(106, 353, 'or', [1], 1, 11, 1, 1)
(106, 353, 'or', [1], 1, 13, 1, 1)
(106, 359, 'parity', [1], 1, 11, 1, 1)
(106, 359, 'parity', [1], 1, 13, 1, 1)
(106, 359, 'or', [1], 1, 11, 1, 1)
(106, 359, 'or', [1], 1, 13, 1, 1)
(106, 389, 'parity', [0], 2, 11, 4, -3)
(106, 389, 'parity', [0], 2, 13, 5, -3)
(106, 389, 'or', [0], 2, 11, 4, -3)
(106, 389, 'or', [0], 2, 13, 5, -3)
(106, 395, 'parity', [0], 2, 11, 4, -3)
(106, 395, 'parity', [0], 2, 13, 5, -3)
(106, 395, 'or', [0], 2, 11, 4, -3)
(106, 395, 'or', [0], 2, 13, 5, -3)
(128, 632, 'parity', [0, 1], 1, 11, 1, -1)
(128, 632, 'parity', [0, 1], 1, 13, 1, -1)
(128, 632, 'or', [0, 1], 1, 11, 1, -1)
(128, 632, 'or', [0, 1], 1, 13, 1, -1)
(128, 635, 'parity', [0, 1], 1, 11, 1, -1)
(128, 635, 'parity', [0, 1], 1, 13, 1, -1)
(128, 635, 'or', [0, 1], 1, 11, 1, -1)
(128, 635, 'or', [0, 1], 1, 13, 1, -1)
(128, 638, 'parity', [0, 1], 1, 11, 1, -1)
(128, 638, 'parity', [0, 1], 1, 13, 1, -1)
(128, 638, 'or', [0, 1], 1, 11, 1, -1)
(128, 638, 'or', [0, 1], 1, 13, 1, -1)
(128, 668, 'parity', [0, 1], 1, 11, 1, -1)
(128, 668, 'parity', [0, 1], 1, 13, 1, -1)
(128, 668, 'or', [0, 1], 1, 11, 1, -1)
(128, 668, 'or', [0, 1], 1, 13, 1, -1)
(128, 671, 'parity', [0, 1], 1, 11, 1, -1)
(128, 671, 'parity', [0, 1], 1, 13, 1, -1)
(128, 671, 'or', [0, 1], 1, 11, 1, -1)
(128, 671, 'or', [0, 1], 1, 13, 1, -1)
(128, 674, 'parity', [0, 1], 1, 11, 1, -1)
(128, 674, 'parity', [0, 1], 1, 13, 1, -1)
(128, 674, 'or', [0, 1], 1, 11, 1, -1)
(128, 674, 'or', [0, 1], 1, 13, 1, -1)
(128, 308, 'parity', [0, 1], 1, 11, 1, -1)
(128, 308, 'parity', [0, 1], 1, 13, 1, -1)
(128, 308, 'or', [0, 1], 1, 11, 1, -1)
(128, 308, 'or', [0, 1], 1, 13, 1, -1)
(128, 311, 'parity', [0, 1], 1, 11, 1, -1)
(128, 311, 'parity', [0, 1], 1, 13, 1, -1)
(128, 311, 'or', [0, 1], 1, 11, 1, -1)
(128, 311, 'or', [0, 1], 1, 13, 1, -1)
(128, 314, 'parity', [0, 1], 1, 11, 1, -1)
(128, 314, 'parity', [0, 1], 1, 13, 1, -1)
(128, 314, 'or', [0, 1], 1, 11, 1, -1)
(128, 314, 'or', [0, 1], 1, 13, 1, -1)
(128, 344, 'parity', [0, 1], 1, 11, 1, -1)
(128, 344, 'parity', [0, 1], 1, 13, 1, -1)
(128, 344, 'or', [0, 1], 1, 11, 1, -1)
(128, 344, 'or', [0, 1], 1, 13, 1, -1)
(128, 347, 'parity', [0, 1], 1, 11, 1, -1)
(128, 347, 'parity', [0, 1], 1, 13, 1, -1)
(128, 347, 'or', [0, 1], 1, 11, 1, -1)
(128, 347, 'or', [0, 1], 1, 13, 1, -1)
(128, 350, 'parity', [0, 1], 1, 11, 1, -1)
(128, 350, 'parity', [0, 1], 1, 13, 1, -1)
(128, 350, 'or', [0, 1], 1, 11, 1, -1)
(128, 350, 'or', [0, 1], 1, 13, 1, -1)
(131, 632, 'parity', [0, 1], 1, 11, 1, -1)
(131, 632, 'parity', [0, 1], 1, 13, 1, -1)
(131, 632, 'or', [0, 1], 1, 11, 1, -1)
(131, 632, 'or', [0, 1], 1, 13, 1, -1)
(131, 635, 'parity', [0, 1], 1, 11, 1, -1)
(131, 635, 'parity', [0, 1], 1, 13, 1, -1)
(131, 635, 'or', [0, 1], 1, 11, 1, -1)
(131, 635, 'or', [0, 1], 1, 13, 1, -1)
(131, 638, 'parity', [0, 1], 1, 11, 1, -1)
(131, 638, 'parity', [0, 1], 1, 13, 1, -1)
(131, 638, 'or', [0, 1], 1, 11, 1, -1)
(131, 638, 'or', [0, 1], 1, 13, 1, -1)
(131, 668, 'parity', [0, 1], 1, 11, 1, -1)
(131, 668, 'parity', [0, 1], 1, 13, 1, -1)
(131, 668, 'or', [0, 1], 1, 11, 1, -1)
(131, 668, 'or', [0, 1], 1, 13, 1, -1)
(131, 671, 'parity', [0, 1], 1, 11, 1, -1)
(131, 671, 'parity', [0, 1], 1, 13, 1, -1)
(131, 671, 'or', [0, 1], 1, 11, 1, -1)
(131, 671, 'or', [0, 1], 1, 13, 1, -1)
(131, 674, 'parity', [0, 1], 1, 11, 1, -1)
(131, 674, 'parity', [0, 1], 1, 13, 1, -1)
(131, 674, 'or', [0, 1], 1, 11, 1, -1)
(131, 674, 'or', [0, 1], 1, 13, 1, -1)
(131, 308, 'parity', [0, 1], 1, 11, 1, -1)
(131, 308, 'parity', [0, 1], 1, 13, 1, -1)
(131, 308, 'or', [0, 1], 1, 11, 1, -1)
(131, 308, 'or', [0, 1], 1, 13, 1, -1)
(131, 311, 'parity', [0, 1], 1, 11, 1, -1)
(131, 311, 'parity', [0, 1], 1, 13, 1, -1)
(131, 311, 'or', [0, 1], 1, 11, 1, -1)
(131, 311, 'or', [0, 1], 1, 13, 1, -1)
(131, 314, 'parity', [0, 1], 1, 11, 1, -1)
(131, 314, 'parity', [0, 1], 1, 13, 1, -1)
(131, 314, 'or', [0, 1], 1, 11, 1, -1)
(131, 314, 'or', [0, 1], 1, 13, 1, -1)
(131, 344, 'parity', [0, 1], 1, 11, 1, -1)
(131, 344, 'parity', [0, 1], 1, 13, 1, -1)
(131, 344, 'or', [0, 1], 1, 11, 1, -1)
(131, 344, 'or', [0, 1], 1, 13, 1, -1)
(131, 347, 'parity', [0, 1], 1, 11, 1, -1)
(131, 347, 'parity', [0, 1], 1, 13, 1, -1)
(131, 347, 'or', [0, 1], 1, 11, 1, -1)
(131, 347, 'or', [0, 1], 1, 13, 1, -1)
(131, 350, 'parity', [0, 1], 1, 11, 1, -1)
(131, 350, 'parity', [0, 1], 1, 13, 1, -1)
(131, 350, 'or', [0, 1], 1, 11, 1, -1)
(131, 350, 'or', [0, 1], 1, 13, 1, -1)
(134, 236, 'parity', [0], 3, 11, 1, -1)
(134, 236, 'parity', [0], 3, 13, 1, -1)
(134, 236, 'or', [0], 3, 11, 1, -1)
(134, 236, 'or', [0], 3, 13, 1, -1)
(134, 239, 'parity', [0], 3, 11, 1, -1)
(134, 239, 'parity', [0], 3, 13, 1, -1)
(134, 239, 'or', [0], 3, 11, 1, -1)
(134, 239, 'or', [0], 3, 13, 1, -1)
(134, 740, 'parity', [0], 3, 11, 1, 1)
(134, 740, 'parity', [0], 3, 13, 1, 1)
(134, 740, 'or', [0], 3, 11, 1, 1)
(134, 740, 'or', [0], 3, 13, 1, 1)
(134, 743, 'parity', [0], 3, 11, 1, 1)
(134, 743, 'parity', [0], 3, 13, 1, 1)
(134, 743, 'or', [0], 3, 11, 1, 1)
(134, 743, 'or', [0], 3, 13, 1, 1)
(134, 308, 'parity', [0], 3, 11, 1, 1)
(134, 308, 'parity', [0], 3, 13, 1, 1)
(134, 308, 'parity', [0, 1], 1, 11, 1, -1)
(134, 308, 'parity', [0, 1], 1, 13, 1, -1)
(134, 308, 'or', [0], 3, 11, 1, 1)
(134, 308, 'or', [0], 3, 13, 1, 1)
(134, 308, 'or', [0, 1], 1, 11, 1, -1)
(134, 308, 'or', [0, 1], 1, 13, 1, -1)
(134, 311, 'parity', [0], 3, 11, 1, 1)
(134, 311, 'parity', [0], 3, 13, 1, 1)
(134, 311, 'parity', [0, 1], 1, 11, 1, -1)
(134, 311, 'parity', [0, 1], 1, 13, 1, -1)
(134, 311, 'or', [0], 3, 11, 1, 1)
(134, 311, 'or', [0], 3, 13, 1, 1)
(134, 311, 'or', [0, 1], 1, 11, 1, -1)
(134, 311, 'or', [0, 1], 1, 13, 1, -1)
(134, 314, 'parity', [0, 1], 1, 11, 1, -1)
(134, 314, 'parity', [0, 1], 1, 13, 1, -1)
(134, 314, 'or', [0, 1], 1, 11, 1, -1)
(134, 314, 'or', [0, 1], 1, 13, 1, -1)
(134, 344, 'parity', [0], 3, 11, 1, -1)
(134, 344, 'parity', [0], 3, 13, 1, -1)
(134, 344, 'parity', [0, 1], 1, 11, 1, -1)
(134, 344, 'parity', [0, 1], 1, 13, 1, -1)
(134, 344, 'or', [0], 3, 11, 1, -1)
(134, 344, 'or', [0], 3, 13, 1, -1)
(134, 344, 'or', [0, 1], 1, 11, 1, -1)
(134, 344, 'or', [0, 1], 1, 13, 1, -1)
(134, 347, 'parity', [0], 3, 11, 1, -1)
(134, 347, 'parity', [0], 3, 13, 1, -1)
(134, 347, 'parity', [0, 1], 1, 11, 1, -1)
(134, 347, 'parity', [0, 1], 1, 13, 1, -1)
(134, 347, 'or', [0], 3, 11, 1, -1)
(134, 347, 'or', [0], 3, 13, 1, -1)
(134, 347, 'or', [0, 1], 1, 11, 1, -1)
(134, 347, 'or', [0, 1], 1, 13, 1, -1)
(134, 350, 'parity', [0], 3, 11, 1, -1)
(134, 350, 'parity', [0], 3, 13, 1, -1)
(134, 350, 'parity', [0, 1], 1, 11, 1, -1)
(134, 350, 'parity', [0, 1], 1, 13, 1, -1)
(134, 350, 'or', [0], 3, 11, 1, -1)
(134, 350, 'or', [0], 3, 13, 1, -1)
(134, 350, 'or', [0, 1], 1, 11, 1, -1)
(134, 350, 'or', [0, 1], 1, 13, 1, -1)
(134, 416, 'parity', [0], 3, 11, 1, 1)
(134, 416, 'parity', [0], 3, 13, 1, 1)
(134, 416, 'or', [0], 3, 11, 1, 1)
(134, 416, 'or', [0], 3, 13, 1, 1)
(134, 419, 'parity', [0], 3, 11, 1, 1)
(134, 419, 'parity', [0], 3, 13, 1, 1)
(134, 419, 'or', [0], 3, 11, 1, 1)
(134, 419, 'or', [0], 3, 13, 1, 1)
(134, 422, 'parity', [0], 3, 11, 1, 1)
(134, 422, 'parity', [0], 3, 13, 1, 1)
(134, 422, 'or', [0], 3, 11, 1, 1)
(134, 422, 'or', [0], 3, 13, 1, 1)
(134, 560, 'parity', [0], 3, 11, 1, -1)
(134, 560, 'parity', [0], 3, 13, 1, -1)
(134, 560, 'or', [0], 3, 11, 1, -1)
(134, 560, 'or', [0], 3, 13, 1, -1)
(134, 563, 'parity', [0], 3, 11, 1, -1)
(134, 563, 'parity', [0], 3, 13, 1, -1)
(134, 563, 'or', [0], 3, 11, 1, -1)
(134, 563, 'or', [0], 3, 13, 1, -1)
(134, 566, 'parity', [0], 3, 11, 1, -1)
(134, 566, 'parity', [0], 3, 13, 1, -1)
(134, 566, 'or', [0], 3, 11, 1, -1)
(134, 566, 'or', [0], 3, 13, 1, -1)
(134, 632, 'parity', [0], 3, 11, 1, 1)
(134, 632, 'parity', [0], 3, 13, 1, 1)
(134, 632, 'parity', [0, 1], 1, 11, 1, -1)
(134, 632, 'parity', [0, 1], 1, 13, 1, -1)
(134, 632, 'or', [0], 3, 11, 1, 1)
(134, 632, 'or', [0], 3, 13, 1, 1)
(134, 632, 'or', [0, 1], 1, 11, 1, -1)
(134, 632, 'or', [0, 1], 1, 13, 1, -1)
(134, 635, 'parity', [0], 3, 11, 1, 1)
(134, 635, 'parity', [0], 3, 13, 1, 1)
(134, 635, 'parity', [0, 1], 1, 11, 1, -1)
(134, 635, 'parity', [0, 1], 1, 13, 1, -1)
(134, 635, 'or', [0], 3, 11, 1, 1)
(134, 635, 'or', [0], 3, 13, 1, 1)
(134, 635, 'or', [0, 1], 1, 11, 1, -1)
(134, 635, 'or', [0, 1], 1, 13, 1, -1)
(134, 638, 'parity', [0], 3, 11, 1, 1)
(134, 638, 'parity', [0], 3, 13, 1, 1)
(134, 638, 'parity', [0, 1], 1, 11, 1, -1)
(134, 638, 'parity', [0, 1], 1, 13, 1, -1)
(134, 638, 'or', [0], 3, 11, 1, 1)
(134, 638, 'or', [0], 3, 13, 1, 1)
(134, 638, 'or', [0, 1], 1, 11, 1, -1)
(134, 638, 'or', [0, 1], 1, 13, 1, -1)
(134, 668, 'parity', [0], 3, 11, 1, -1)
(134, 668, 'parity', [0], 3, 13, 1, -1)
(134, 668, 'parity', [0, 1], 1, 11, 1, -1)
(134, 668, 'parity', [0, 1], 1, 13, 1, -1)
(134, 668, 'or', [0], 3, 11, 1, -1)
(134, 668, 'or', [0], 3, 13, 1, -1)
(134, 668, 'or', [0, 1], 1, 11, 1, -1)
(134, 668, 'or', [0, 1], 1, 13, 1, -1)
(134, 671, 'parity', [0], 3, 11, 1, -1)
(134, 671, 'parity', [0], 3, 13, 1, -1)
(134, 671, 'parity', [0, 1], 1, 11, 1, -1)
(134, 671, 'parity', [0, 1], 1, 13, 1, -1)
(134, 671, 'or', [0], 3, 11, 1, -1)
(134, 671, 'or', [0], 3, 13, 1, -1)
(134, 671, 'or', [0, 1], 1, 11, 1, -1)
(134, 671, 'or', [0, 1], 1, 13, 1, -1)
(134, 674, 'parity', [0, 1], 1, 11, 1, -1)
(134, 674, 'parity', [0, 1], 1, 13, 1, -1)
(134, 674, 'or', [0, 1], 1, 11, 1, -1)
(134, 674, 'or', [0, 1], 1, 13, 1, -1)
(137, 139, 'parity', [1], 1, 11, 1, -1)
(137, 139, 'parity', [1], 1, 13, 1, -1)
(137, 139, 'or', [1], 1, 11, 1, -1)
(137, 139, 'or', [1], 1, 13, 1, -1)
(137, 859, 'parity', [1], 1, 11, 1, -1)
(137, 859, 'parity', [1], 1, 13, 1, -1)
(137, 859, 'or', [1], 1, 11, 1, -1)
(137, 859, 'or', [1], 1, 13, 1, -1)
(137, 641, 'parity', [1], 1, 11, 1, -1)
(137, 641, 'parity', [1], 1, 13, 1, -1)
(137, 641, 'or', [1], 1, 11, 1, -1)
(137, 641, 'or', [1], 1, 13, 1, -1)
(137, 647, 'parity', [1], 1, 11, 1, -1)
(137, 647, 'parity', [1], 1, 13, 1, -1)
(137, 647, 'or', [1], 1, 11, 1, -1)
(137, 647, 'or', [1], 1, 13, 1, -1)
(137, 677, 'parity', [1], 1, 11, 1, -1)
(137, 677, 'parity', [1], 1, 13, 1, -1)
(137, 677, 'or', [1], 1, 11, 1, -1)
(137, 677, 'or', [1], 1, 13, 1, -1)
(137, 683, 'parity', [1], 1, 11, 1, -1)
(137, 683, 'parity', [1], 1, 13, 1, -1)
(137, 683, 'or', [1], 1, 11, 1, -1)
(137, 683, 'or', [1], 1, 13, 1, -1)
(137, 751, 'parity', [1], 1, 11, 1, -1)
(137, 751, 'parity', [1], 1, 13, 1, -1)
(137, 751, 'or', [1], 1, 11, 1, -1)
(137, 751, 'or', [1], 1, 13, 1, -1)
(137, 247, 'parity', [1], 1, 11, 1, -1)
(137, 247, 'parity', [1], 1, 13, 1, -1)
(137, 247, 'or', [1], 1, 11, 1, -1)
(137, 247, 'or', [1], 1, 13, 1, -1)
(137, 317, 'parity', [1], 1, 11, 1, -1)
(137, 317, 'parity', [1], 1, 13, 1, -1)
(137, 317, 'or', [1], 1, 11, 1, -1)
(137, 317, 'or', [1], 1, 13, 1, -1)
(137, 323, 'parity', [1], 1, 11, 1, -1)
(137, 323, 'parity', [1], 1, 13, 1, -1)
(137, 323, 'or', [1], 1, 11, 1, -1)
(137, 323, 'or', [1], 1, 13, 1, -1)
(137, 353, 'parity', [1], 1, 11, 1, -1)
(137, 353, 'parity', [1], 1, 13, 1, -1)
(137, 353, 'or', [1], 1, 11, 1, -1)
(137, 353, 'or', [1], 1, 13, 1, -1)
(137, 359, 'parity', [1], 1, 11, 1, -1)
(137, 359, 'parity', [1], 1, 13, 1, -1)
(137, 359, 'or', [1], 1, 11, 1, -1)
(137, 359, 'or', [1], 1, 13, 1, -1)
(143, 139, 'parity', [0], 2, 11, 1, -1)
(143, 139, 'parity', [0], 2, 13, 1, -1)
(143, 139, 'parity', [1], 1, 11, 1, -1)
(143, 139, 'parity', [1], 1, 13, 1, -1)
(143, 139, 'or', [0], 2, 11, 1, -1)
(143, 139, 'or', [0], 2, 13, 1, -1)
(143, 139, 'or', [1], 1, 11, 1, -1)
(143, 139, 'or', [1], 1, 13, 1, -1)
(143, 208, 'parity', [0], 2, 11, 1, 1)
(143, 208, 'parity', [0], 2, 13, 1, 1)
(143, 208, 'or', [0], 2, 11, 1, 1)
(143, 208, 'or', [0], 2, 13, 1, 1)
(143, 211, 'parity', [0], 2, 11, 1, 1)
(143, 211, 'parity', [0], 2, 13, 1, 1)
(143, 211, 'or', [0], 2, 11, 1, 1)
(143, 211, 'or', [0], 2, 13, 1, 1)
(143, 245, 'parity', [0], 2, 11, 1, -1)
(143, 245, 'parity', [0], 2, 13, 1, -1)
(143, 245, 'or', [0], 2, 11, 1, -1)
(143, 245, 'or', [0], 2, 13, 1, -1)
(143, 247, 'parity', [1], 1, 11, 1, -1)
(143, 247, 'parity', [1], 1, 13, 1, -1)
(143, 247, 'or', [1], 1, 11, 1, -1)
(143, 247, 'or', [1], 1, 13, 1, -1)
(143, 248, 'parity', [0], 2, 11, 1, -1)
(143, 248, 'parity', [0], 2, 13, 1, -1)
(143, 248, 'or', [0], 2, 11, 1, -1)
(143, 248, 'or', [0], 2, 13, 1, -1)
(143, 677, 'parity', [0], 2, 11, 1, -1)
(143, 677, 'parity', [0], 2, 13, 1, -1)
(143, 677, 'parity', [1], 1, 11, 1, -1)
(143, 677, 'parity', [1], 1, 13, 1, -1)
(143, 677, 'or', [0], 2, 11, 1, -1)
(143, 677, 'or', [0], 2, 13, 1, -1)
(143, 677, 'or', [1], 1, 11, 1, -1)
(143, 677, 'or', [1], 1, 13, 1, -1)
(143, 680, 'parity', [0], 2, 11, 1, -1)
(143, 680, 'parity', [0], 2, 13, 1, -1)
(143, 680, 'or', [0], 2, 11, 1, -1)
(143, 680, 'or', [0], 2, 13, 1, -1)
(143, 683, 'parity', [1], 1, 11, 1, -1)
(143, 683, 'parity', [1], 1, 13, 1, -1)
(143, 683, 'or', [1], 1, 11, 1, -1)
(143, 683, 'or', [1], 1, 13, 1, -1)
(143, 749, 'parity', [0], 2, 11, 1, 1)
(143, 749, 'parity', [0], 2, 13, 1, 1)
(143, 749, 'or', [0], 2, 11, 1, 1)
(143, 749, 'or', [0], 2, 13, 1, 1)
(143, 751, 'parity', [1], 1, 11, 1, -1)
(143, 751, 'parity', [1], 1, 13, 1, -1)
(143, 751, 'or', [1], 1, 11, 1, -1)
(143, 751, 'or', [1], 1, 13, 1, -1)
(143, 752, 'parity', [0], 2, 11, 1, 1)
(143, 752, 'parity', [0], 2, 13, 1, 1)
(143, 752, 'or', [0], 2, 11, 1, 1)
(143, 752, 'or', [0], 2, 13, 1, 1)
(143, 784, 'parity', [0], 2, 11, 1, -1)
(143, 784, 'parity', [0], 2, 13, 1, -1)
(143, 784, 'or', [0], 2, 11, 1, -1)
(143, 784, 'or', [0], 2, 13, 1, -1)
(143, 787, 'parity', [0], 2, 11, 1, -1)
(143, 787, 'parity', [0], 2, 13, 1, -1)
(143, 787, 'or', [0], 2, 11, 1, -1)
(143, 787, 'or', [0], 2, 13, 1, -1)
(143, 859, 'parity', [0], 2, 11, 1, 1)
(143, 859, 'parity', [0], 2, 13, 1, 1)
(143, 859, 'parity', [1], 1, 11, 1, -1)
(143, 859, 'parity', [1], 1, 13, 1, -1)
(143, 859, 'or', [0], 2, 11, 1, 1)
(143, 859, 'or', [0], 2, 13, 1, 1)
(143, 859, 'or', [1], 1, 11, 1, -1)
(143, 859, 'or', [1], 1, 13, 1, -1)
(143, 460, 'parity', [0], 2, 11, 1, -1)
(143, 460, 'parity', [0], 2, 13, 1, -1)
(143, 460, 'or', [0], 2, 11, 1, -1)
(143, 460, 'or', [0], 2, 13, 1, -1)
(143, 466, 'parity', [0], 2, 11, 1, -1)
(143, 466, 'parity', [0], 2, 13, 1, -1)
(143, 466, 'or', [0], 2, 11, 1, -1)
(143, 466, 'or', [0], 2, 13, 1, -1)
(143, 532, 'parity', [0], 2, 11, 1, 1)
(143, 532, 'parity', [0], 2, 13, 1, 1)
(143, 532, 'or', [0], 2, 11, 1, 1)
(143, 532, 'or', [0], 2, 13, 1, 1)
(143, 538, 'parity', [0], 2, 11, 1, 1)
(143, 538, 'parity', [0], 2, 13, 1, 1)
(143, 538, 'or', [0], 2, 11, 1, 1)
(143, 538, 'or', [0], 2, 13, 1, 1)
(143, 569, 'parity', [0], 2, 11, 1, -1)
(143, 569, 'parity', [0], 2, 13, 1, -1)
(143, 569, 'or', [0], 2, 11, 1, -1)
(143, 569, 'or', [0], 2, 13, 1, -1)
(143, 575, 'parity', [0], 2, 11, 1, -1)
(143, 575, 'parity', [0], 2, 13, 1, -1)
(143, 575, 'or', [0], 2, 11, 1, -1)
(143, 575, 'or', [0], 2, 13, 1, -1)
(143, 641, 'parity', [0], 2, 11, 1, 1)
(143, 641, 'parity', [0], 2, 13, 1, 1)
(143, 641, 'parity', [1], 1, 11, 1, -1)
(143, 641, 'parity', [1], 1, 13, 1, -1)
(143, 641, 'or', [0], 2, 11, 1, 1)
(143, 641, 'or', [0], 2, 13, 1, 1)
(143, 641, 'or', [1], 1, 11, 1, -1)
(143, 641, 'or', [1], 1, 13, 1, -1)
(143, 647, 'parity', [0], 2, 11, 1, 1)
(143, 647, 'parity', [0], 2, 13, 1, 1)
(143, 647, 'parity', [1], 1, 11, 1, -1)
(143, 647, 'parity', [1], 1, 13, 1, -1)
(143, 647, 'or', [0], 2, 11, 1, 1)
(143, 647, 'or', [0], 2, 13, 1, 1)
(143, 647, 'or', [1], 1, 11, 1, -1)
(143, 647, 'or', [1], 1, 13, 1, -1)
(143, 317, 'parity', [0], 2, 11, 1, 1)
(143, 317, 'parity', [0], 2, 13, 1, 1)
(143, 317, 'parity', [1], 1, 11, 1, -1)
(143, 317, 'parity', [1], 1, 13, 1, -1)
(143, 317, 'or', [0], 2, 11, 1, 1)
(143, 317, 'or', [0], 2, 13, 1, 1)
(143, 317, 'or', [1], 1, 11, 1, -1)
(143, 317, 'or', [1], 1, 13, 1, -1)
(143, 320, 'parity', [0], 2, 11, 1, 1)
(143, 320, 'parity', [0], 2, 13, 1, 1)
(143, 320, 'or', [0], 2, 11, 1, 1)
(143, 320, 'or', [0], 2, 13, 1, 1)
(143, 323, 'parity', [1], 1, 11, 1, -1)
(143, 323, 'parity', [1], 1, 13, 1, -1)
(143, 323, 'or', [1], 1, 11, 1, -1)
(143, 323, 'or', [1], 1, 13, 1, -1)
(143, 353, 'parity', [0], 2, 11, 1, -1)
(143, 353, 'parity', [0], 2, 13, 1, -1)
(143, 353, 'parity', [1], 1, 11, 1, -1)
(143, 353, 'parity', [1], 1, 13, 1, -1)
(143, 353, 'or', [0], 2, 11, 1, -1)
(143, 353, 'or', [0], 2, 13, 1, -1)
(143, 353, 'or', [1], 1, 11, 1, -1)
(143, 353, 'or', [1], 1, 13, 1, -1)
(143, 359, 'parity', [0], 2, 11, 1, -1)
(143, 359, 'parity', [0], 2, 13, 1, -1)
(143, 359, 'parity', [1], 1, 11, 1, -1)
(143, 359, 'parity', [1], 1, 13, 1, -1)
(143, 359, 'or', [0], 2, 11, 1, -1)
(143, 359, 'or', [0], 2, 13, 1, -1)
(143, 359, 'or', [1], 1, 11, 1, -1)
(143, 359, 'or', [1], 1, 13, 1, -1)
(143, 425, 'parity', [0], 2, 11, 1, 1)
(143, 425, 'parity', [0], 2, 13, 1, 1)
(143, 425, 'or', [0], 2, 11, 1, 1)
(143, 425, 'or', [0], 2, 13, 1, 1)
(143, 431, 'parity', [0], 2, 11, 1, 1)
(143, 431, 'parity', [0], 2, 13, 1, 1)
(143, 431, 'or', [0], 2, 11, 1, 1)
(143, 431, 'or', [0], 2, 13, 1, 1)
(164, 236, 'parity', [0, 1], 1, 11, 4, 3)
(164, 236, 'parity', [0, 1], 1, 13, 5, 3)
(164, 236, 'or', [0, 1], 1, 11, 4, 3)
(164, 236, 'or', [0, 1], 1, 13, 5, 3)
(164, 239, 'parity', [0, 1], 1, 11, 4, 3)
(164, 239, 'parity', [0, 1], 1, 13, 5, 3)
(164, 239, 'or', [0, 1], 1, 11, 4, 3)
(164, 239, 'or', [0, 1], 1, 13, 5, 3)
(164, 242, 'parity', [0, 1], 1, 11, 4, 3)
(164, 242, 'parity', [0, 1], 1, 13, 5, 3)
(164, 242, 'or', [0, 1], 1, 11, 4, 3)
(164, 242, 'or', [0, 1], 1, 13, 5, 3)
(164, 272, 'parity', [0, 1], 1, 11, 1, -1)
(164, 272, 'parity', [0, 1], 1, 13, 1, -1)
(164, 272, 'or', [0, 1], 1, 11, 1, -1)
(164, 272, 'or', [0, 1], 1, 13, 1, -1)
(164, 275, 'parity', [0, 1], 1, 11, 1, -1)
(164, 275, 'parity', [0, 1], 1, 13, 1, -1)
(164, 275, 'or', [0, 1], 1, 11, 1, -1)
(164, 275, 'or', [0, 1], 1, 13, 1, -1)
(164, 278, 'parity', [0, 1], 1, 11, 1, -1)
(164, 278, 'parity', [0, 1], 1, 13, 1, -1)
(164, 278, 'or', [0, 1], 1, 11, 1, -1)
(164, 278, 'or', [0, 1], 1, 13, 1, -1)
(164, 380, 'parity', [0, 1], 1, 11, 1, 1)
(164, 380, 'parity', [0, 1], 1, 13, 1, 1)
(164, 380, 'or', [0, 1], 1, 11, 1, 1)
(164, 380, 'or', [0, 1], 1, 13, 1, 1)
(164, 383, 'parity', [0, 1], 1, 11, 1, 1)
(164, 383, 'parity', [0, 1], 1, 13, 1, 1)
(164, 383, 'or', [0, 1], 1, 11, 1, 1)
(164, 383, 'or', [0, 1], 1, 13, 1, 1)
(164, 386, 'parity', [0, 1], 1, 11, 1, 1)
(164, 386, 'parity', [0, 1], 1, 13, 1, 1)
(164, 386, 'or', [0, 1], 1, 11, 1, 1)
(164, 386, 'or', [0, 1], 1, 13, 1, 1)
(164, 416, 'parity', [0, 1], 1, 11, 4, -3)
(164, 416, 'parity', [0, 1], 1, 13, 5, -3)
(164, 416, 'or', [0, 1], 1, 11, 4, -3)
(164, 416, 'or', [0, 1], 1, 13, 5, -3)
(164, 419, 'parity', [0, 1], 1, 11, 4, -3)
(164, 419, 'parity', [0, 1], 1, 13, 5, -3)
(164, 419, 'or', [0, 1], 1, 11, 4, -3)
(164, 419, 'or', [0, 1], 1, 13, 5, -3)
(164, 422, 'parity', [0, 1], 1, 11, 4, -3)
(164, 422, 'parity', [0, 1], 1, 13, 5, -3)
(164, 422, 'or', [0, 1], 1, 11, 4, -3)
(164, 422, 'or', [0, 1], 1, 13, 5, -3)
(164, 560, 'parity', [0, 1], 1, 11, 4, 3)
(164, 560, 'parity', [0, 1], 1, 13, 5, 3)
(164, 560, 'or', [0, 1], 1, 11, 4, 3)
(164, 560, 'or', [0, 1], 1, 13, 5, 3)
(164, 563, 'parity', [0, 1], 1, 11, 4, 3)
(164, 563, 'parity', [0, 1], 1, 13, 5, 3)
(164, 563, 'or', [0, 1], 1, 11, 4, 3)
(164, 563, 'or', [0, 1], 1, 13, 5, 3)
(164, 566, 'parity', [0, 1], 1, 11, 4, 3)
(164, 566, 'parity', [0, 1], 1, 13, 5, 3)
(164, 566, 'or', [0, 1], 1, 11, 4, 3)
(164, 566, 'or', [0, 1], 1, 13, 5, 3)
(164, 596, 'parity', [0, 1], 1, 11, 1, -1)
(164, 596, 'parity', [0, 1], 1, 13, 1, -1)
(164, 596, 'or', [0, 1], 1, 11, 1, -1)
(164, 596, 'or', [0, 1], 1, 13, 1, -1)
(164, 599, 'parity', [0, 1], 1, 11, 1, -1)
(164, 599, 'parity', [0, 1], 1, 13, 1, -1)
(164, 599, 'or', [0, 1], 1, 11, 1, -1)
(164, 599, 'or', [0, 1], 1, 13, 1, -1)
(164, 602, 'parity', [0, 1], 1, 11, 1, -1)
(164, 602, 'parity', [0, 1], 1, 13, 1, -1)
(164, 602, 'or', [0, 1], 1, 11, 1, -1)
(164, 602, 'or', [0, 1], 1, 13, 1, -1)
(164, 704, 'parity', [0, 1], 1, 11, 1, 1)
(164, 704, 'parity', [0, 1], 1, 13, 1, 1)
(164, 704, 'or', [0, 1], 1, 11, 1, 1)
(164, 704, 'or', [0, 1], 1, 13, 1, 1)
(164, 707, 'parity', [0, 1], 1, 11, 1, 1)
(164, 707, 'parity', [0, 1], 1, 13, 1, 1)
(164, 707, 'or', [0, 1], 1, 11, 1, 1)
(164, 707, 'or', [0, 1], 1, 13, 1, 1)
(164, 710, 'parity', [0, 1], 1, 11, 1, 1)
(164, 710, 'parity', [0, 1], 1, 13, 1, 1)
(164, 710, 'or', [0, 1], 1, 11, 1, 1)
(164, 710, 'or', [0, 1], 1, 13, 1, 1)
(164, 740, 'parity', [0, 1], 1, 11, 4, -3)
(164, 740, 'parity', [0, 1], 1, 13, 5, -3)
(164, 740, 'or', [0, 1], 1, 11, 4, -3)
(164, 740, 'or', [0, 1], 1, 13, 5, -3)
(164, 743, 'parity', [0, 1], 1, 11, 4, -3)
(164, 743, 'parity', [0, 1], 1, 13, 5, -3)
(164, 743, 'or', [0, 1], 1, 11, 4, -3)
(164, 743, 'or', [0, 1], 1, 13, 5, -3)
(164, 746, 'parity', [0, 1], 1, 11, 4, -3)
(164, 746, 'parity', [0, 1], 1, 13, 5, -3)
(164, 746, 'or', [0, 1], 1, 11, 4, -3)
(164, 746, 'or', [0, 1], 1, 13, 5, -3)
(167, 236, 'parity', [0, 1], 1, 11, 4, 3)
(167, 236, 'parity', [0, 1], 1, 13, 5, 3)
(167, 236, 'or', [0, 1], 1, 11, 4, 3)
(167, 236, 'or', [0, 1], 1, 13, 5, 3)
(167, 239, 'parity', [0, 1], 1, 11, 4, 3)
(167, 239, 'parity', [0, 1], 1, 13, 5, 3)
(167, 239, 'or', [0, 1], 1, 11, 4, 3)
(167, 239, 'or', [0, 1], 1, 13, 5, 3)
(167, 242, 'parity', [0, 1], 1, 11, 4, 3)
(167, 242, 'parity', [0, 1], 1, 13, 5, 3)
(167, 242, 'or', [0, 1], 1, 11, 4, 3)
(167, 242, 'or', [0, 1], 1, 13, 5, 3)
(167, 272, 'parity', [0, 1], 1, 11, 1, -1)
(167, 272, 'parity', [0, 1], 1, 13, 1, -1)
(167, 272, 'or', [0, 1], 1, 11, 1, -1)
(167, 272, 'or', [0, 1], 1, 13, 1, -1)
(167, 275, 'parity', [0, 1], 1, 11, 1, -1)
(167, 275, 'parity', [0, 1], 1, 13, 1, -1)
(167, 275, 'or', [0, 1], 1, 11, 1, -1)
(167, 275, 'or', [0, 1], 1, 13, 1, -1)
(167, 278, 'parity', [0, 1], 1, 11, 1, -1)
(167, 278, 'parity', [0, 1], 1, 13, 1, -1)
(167, 278, 'or', [0, 1], 1, 11, 1, -1)
(167, 278, 'or', [0, 1], 1, 13, 1, -1)
(167, 380, 'parity', [0, 1], 1, 11, 1, 1)
(167, 380, 'parity', [0, 1], 1, 13, 1, 1)
(167, 380, 'or', [0, 1], 1, 11, 1, 1)
(167, 380, 'or', [0, 1], 1, 13, 1, 1)
(167, 383, 'parity', [0, 1], 1, 11, 1, 1)
(167, 383, 'parity', [0, 1], 1, 13, 1, 1)
(167, 383, 'or', [0, 1], 1, 11, 1, 1)
(167, 383, 'or', [0, 1], 1, 13, 1, 1)
(167, 386, 'parity', [0, 1], 1, 11, 1, 1)
(167, 386, 'parity', [0, 1], 1, 13, 1, 1)
(167, 386, 'or', [0, 1], 1, 11, 1, 1)
(167, 386, 'or', [0, 1], 1, 13, 1, 1)
(167, 416, 'parity', [0, 1], 1, 11, 4, -3)
(167, 416, 'parity', [0, 1], 1, 13, 5, -3)
(167, 416, 'or', [0, 1], 1, 11, 4, -3)
(167, 416, 'or', [0, 1], 1, 13, 5, -3)
(167, 419, 'parity', [0, 1], 1, 11, 4, -3)
(167, 419, 'parity', [0, 1], 1, 13, 5, -3)
(167, 419, 'or', [0, 1], 1, 11, 4, -3)
(167, 419, 'or', [0, 1], 1, 13, 5, -3)
(167, 422, 'parity', [0, 1], 1, 11, 4, -3)
(167, 422, 'parity', [0, 1], 1, 13, 5, -3)
(167, 422, 'or', [0, 1], 1, 11, 4, -3)
(167, 422, 'or', [0, 1], 1, 13, 5, -3)
(167, 560, 'parity', [0, 1], 1, 11, 4, 3)
(167, 560, 'parity', [0, 1], 1, 13, 5, 3)
(167, 560, 'or', [0, 1], 1, 11, 4, 3)
(167, 560, 'or', [0, 1], 1, 13, 5, 3)
(167, 563, 'parity', [0, 1], 1, 11, 4, 3)
(167, 563, 'parity', [0, 1], 1, 13, 5, 3)
(167, 563, 'or', [0, 1], 1, 11, 4, 3)
(167, 563, 'or', [0, 1], 1, 13, 5, 3)
(167, 566, 'parity', [0, 1], 1, 11, 4, 3)
(167, 566, 'parity', [0, 1], 1, 13, 5, 3)
(167, 566, 'or', [0, 1], 1, 11, 4, 3)
(167, 566, 'or', [0, 1], 1, 13, 5, 3)
(167, 596, 'parity', [0, 1], 1, 11, 1, -1)
(167, 596, 'parity', [0, 1], 1, 13, 1, -1)
(167, 596, 'or', [0, 1], 1, 11, 1, -1)
(167, 596, 'or', [0, 1], 1, 13, 1, -1)
(167, 599, 'parity', [0, 1], 1, 11, 1, -1)
(167, 599, 'parity', [0, 1], 1, 13, 1, -1)
(167, 599, 'or', [0, 1], 1, 11, 1, -1)
(167, 599, 'or', [0, 1], 1, 13, 1, -1)
(167, 602, 'parity', [0, 1], 1, 11, 1, -1)
(167, 602, 'parity', [0, 1], 1, 13, 1, -1)
(167, 602, 'or', [0, 1], 1, 11, 1, -1)
(167, 602, 'or', [0, 1], 1, 13, 1, -1)
(167, 704, 'parity', [0, 1], 1, 11, 1, 1)
(167, 704, 'parity', [0, 1], 1, 13, 1, 1)
(167, 704, 'or', [0, 1], 1, 11, 1, 1)
(167, 704, 'or', [0, 1], 1, 13, 1, 1)
(167, 707, 'parity', [0, 1], 1, 11, 1, 1)
(167, 707, 'parity', [0, 1], 1, 13, 1, 1)
(167, 707, 'or', [0, 1], 1, 11, 1, 1)
(167, 707, 'or', [0, 1], 1, 13, 1, 1)
(167, 710, 'parity', [0, 1], 1, 11, 1, 1)
(167, 710, 'parity', [0, 1], 1, 13, 1, 1)
(167, 710, 'or', [0, 1], 1, 11, 1, 1)
(167, 710, 'or', [0, 1], 1, 13, 1, 1)
(167, 740, 'parity', [0, 1], 1, 11, 4, -3)
(167, 740, 'parity', [0, 1], 1, 13, 5, -3)
(167, 740, 'or', [0, 1], 1, 11, 4, -3)
(167, 740, 'or', [0, 1], 1, 13, 5, -3)
(167, 743, 'parity', [0, 1], 1, 11, 4, -3)
(167, 743, 'parity', [0, 1], 1, 13, 5, -3)
(167, 743, 'or', [0, 1], 1, 11, 4, -3)
(167, 743, 'or', [0, 1], 1, 13, 5, -3)
(167, 746, 'parity', [0, 1], 1, 11, 4, -3)
(167, 746, 'parity', [0, 1], 1, 13, 5, -3)
(167, 746, 'or', [0, 1], 1, 11, 4, -3)
(167, 746, 'or', [0, 1], 1, 13, 5, -3)
(170, 236, 'parity', [0, 1], 1, 11, 4, 3)
(170, 236, 'parity', [0, 1], 1, 13, 5, 3)
(170, 236, 'or', [0, 1], 1, 11, 4, 3)
(170, 236, 'or', [0, 1], 1, 13, 5, 3)
(170, 239, 'parity', [0, 1], 1, 11, 4, 3)
(170, 239, 'parity', [0, 1], 1, 13, 5, 3)
(170, 239, 'or', [0, 1], 1, 11, 4, 3)
(170, 239, 'or', [0, 1], 1, 13, 5, 3)
(170, 242, 'parity', [0, 1], 1, 11, 4, 3)
(170, 242, 'parity', [0, 1], 1, 13, 5, 3)
(170, 242, 'or', [0, 1], 1, 11, 4, 3)
(170, 242, 'or', [0, 1], 1, 13, 5, 3)
(170, 704, 'parity', [0], 3, 11, 1, 1)
(170, 704, 'parity', [0], 3, 13, 1, 1)
(170, 704, 'parity', [0, 1], 1, 11, 1, 1)
(170, 704, 'parity', [0, 1], 1, 13, 1, 1)
(170, 704, 'or', [0], 3, 11, 1, 1)
(170, 704, 'or', [0], 3, 13, 1, 1)
(170, 704, 'or', [0, 1], 1, 11, 1, 1)
(170, 704, 'or', [0, 1], 1, 13, 1, 1)
(170, 707, 'parity', [0], 3, 11, 1, 1)
(170, 707, 'parity', [0], 3, 13, 1, 1)
(170, 707, 'parity', [0, 1], 1, 11, 1, 1)
(170, 707, 'parity', [0, 1], 1, 13, 1, 1)
(170, 707, 'or', [0], 3, 11, 1, 1)
(170, 707, 'or', [0], 3, 13, 1, 1)
(170, 707, 'or', [0, 1], 1, 11, 1, 1)
(170, 707, 'or', [0, 1], 1, 13, 1, 1)
(170, 710, 'parity', [0, 1], 1, 11, 1, 1)
(170, 710, 'parity', [0, 1], 1, 13, 1, 1)
(170, 710, 'or', [0, 1], 1, 11, 1, 1)
(170, 710, 'or', [0, 1], 1, 13, 1, 1)
(170, 740, 'parity', [0, 1], 1, 11, 4, -3)
(170, 740, 'parity', [0, 1], 1, 13, 5, -3)
(170, 740, 'or', [0, 1], 1, 11, 4, -3)
(170, 740, 'or', [0, 1], 1, 13, 5, -3)
(170, 743, 'parity', [0, 1], 1, 11, 4, -3)
(170, 743, 'parity', [0, 1], 1, 13, 5, -3)
(170, 743, 'or', [0, 1], 1, 11, 4, -3)
(170, 743, 'or', [0, 1], 1, 13, 5, -3)
(170, 746, 'parity', [0, 1], 1, 11, 4, -3)
(170, 746, 'parity', [0, 1], 1, 13, 5, -3)
(170, 746, 'or', [0, 1], 1, 11, 4, -3)
(170, 746, 'or', [0, 1], 1, 13, 5, -3)
(170, 272, 'parity', [0], 3, 11, 1, 1)
(170, 272, 'parity', [0], 3, 13, 1, 1)
(170, 272, 'parity', [0, 1], 1, 11, 1, -1)
(170, 272, 'parity', [0, 1], 1, 13, 1, -1)
(170, 272, 'or', [0], 3, 11, 1, 1)
(170, 272, 'or', [0], 3, 13, 1, 1)
(170, 272, 'or', [0, 1], 1, 11, 1, -1)
(170, 272, 'or', [0, 1], 1, 13, 1, -1)
(170, 275, 'parity', [0], 3, 11, 1, 1)
(170, 275, 'parity', [0], 3, 13, 1, 1)
(170, 275, 'parity', [0, 1], 1, 11, 1, -1)
(170, 275, 'parity', [0, 1], 1, 13, 1, -1)
(170, 275, 'or', [0], 3, 11, 1, 1)
(170, 275, 'or', [0], 3, 13, 1, 1)
(170, 275, 'or', [0, 1], 1, 11, 1, -1)
(170, 275, 'or', [0, 1], 1, 13, 1, -1)
(170, 278, 'parity', [0, 1], 1, 11, 1, -1)
(170, 278, 'parity', [0, 1], 1, 13, 1, -1)
(170, 278, 'or', [0, 1], 1, 11, 1, -1)
(170, 278, 'or', [0, 1], 1, 13, 1, -1)
(170, 380, 'parity', [0], 3, 11, 1, 1)
(170, 380, 'parity', [0], 3, 13, 1, 1)
(170, 380, 'parity', [0, 1], 1, 11, 1, 1)
(170, 380, 'parity', [0, 1], 1, 13, 1, 1)
(170, 380, 'or', [0], 3, 11, 1, 1)
(170, 380, 'or', [0], 3, 13, 1, 1)
(170, 380, 'or', [0, 1], 1, 11, 1, 1)
(170, 380, 'or', [0, 1], 1, 13, 1, 1)
(170, 383, 'parity', [0], 3, 11, 1, 1)
(170, 383, 'parity', [0], 3, 13, 1, 1)
(170, 383, 'parity', [0, 1], 1, 11, 1, 1)
(170, 383, 'parity', [0, 1], 1, 13, 1, 1)
(170, 383, 'or', [0], 3, 11, 1, 1)
(170, 383, 'or', [0], 3, 13, 1, 1)
(170, 383, 'or', [0, 1], 1, 11, 1, 1)
(170, 383, 'or', [0, 1], 1, 13, 1, 1)
(170, 386, 'parity', [0], 3, 11, 1, 1)
(170, 386, 'parity', [0], 3, 13, 1, 1)
(170, 386, 'parity', [0, 1], 1, 11, 1, 1)
(170, 386, 'parity', [0, 1], 1, 13, 1, 1)
(170, 386, 'or', [0], 3, 11, 1, 1)
(170, 386, 'or', [0], 3, 13, 1, 1)
(170, 386, 'or', [0, 1], 1, 11, 1, 1)
(170, 386, 'or', [0, 1], 1, 13, 1, 1)
(170, 416, 'parity', [0, 1], 1, 11, 4, -3)
(170, 416, 'parity', [0, 1], 1, 13, 5, -3)
(170, 416, 'or', [0, 1], 1, 11, 4, -3)
(170, 416, 'or', [0, 1], 1, 13, 5, -3)
(170, 419, 'parity', [0, 1], 1, 11, 4, -3)
(170, 419, 'parity', [0, 1], 1, 13, 5, -3)
(170, 419, 'or', [0, 1], 1, 11, 4, -3)
(170, 419, 'or', [0, 1], 1, 13, 5, -3)
(170, 422, 'parity', [0, 1], 1, 11, 4, -3)
(170, 422, 'parity', [0, 1], 1, 13, 5, -3)
(170, 422, 'or', [0, 1], 1, 11, 4, -3)
(170, 422, 'or', [0, 1], 1, 13, 5, -3)
(170, 560, 'parity', [0, 1], 1, 11, 4, 3)
(170, 560, 'parity', [0, 1], 1, 13, 5, 3)
(170, 560, 'or', [0, 1], 1, 11, 4, 3)
(170, 560, 'or', [0, 1], 1, 13, 5, 3)
(170, 563, 'parity', [0, 1], 1, 11, 4, 3)
(170, 563, 'parity', [0, 1], 1, 13, 5, 3)
(170, 563, 'or', [0, 1], 1, 11, 4, 3)
(170, 563, 'or', [0, 1], 1, 13, 5, 3)
(170, 566, 'parity', [0, 1], 1, 11, 4, 3)
(170, 566, 'parity', [0, 1], 1, 13, 5, 3)
(170, 566, 'or', [0, 1], 1, 11, 4, 3)
(170, 566, 'or', [0, 1], 1, 13, 5, 3)
(170, 596, 'parity', [0], 3, 11, 1, 1)
(170, 596, 'parity', [0], 3, 13, 1, 1)
(170, 596, 'parity', [0, 1], 1, 11, 1, -1)
(170, 596, 'parity', [0, 1], 1, 13, 1, -1)
(170, 596, 'or', [0], 3, 11, 1, 1)
(170, 596, 'or', [0], 3, 13, 1, 1)
(170, 596, 'or', [0, 1], 1, 11, 1, -1)
(170, 596, 'or', [0, 1], 1, 13, 1, -1)
(170, 599, 'parity', [0], 3, 11, 1, 1)
(170, 599, 'parity', [0], 3, 13, 1, 1)
(170, 599, 'parity', [0, 1], 1, 11, 1, -1)
(170, 599, 'parity', [0, 1], 1, 13, 1, -1)
(170, 599, 'or', [0], 3, 11, 1, 1)
(170, 599, 'or', [0], 3, 13, 1, 1)
(170, 599, 'or', [0, 1], 1, 11, 1, -1)
(170, 599, 'or', [0, 1], 1, 13, 1, -1)
(170, 602, 'parity', [0], 3, 11, 1, 1)
(170, 602, 'parity', [0], 3, 13, 1, 1)
(170, 602, 'parity', [0, 1], 1, 11, 1, -1)
(170, 602, 'parity', [0, 1], 1, 13, 1, -1)
(170, 602, 'or', [0], 3, 11, 1, 1)
(170, 602, 'or', [0], 3, 13, 1, 1)
(170, 602, 'or', [0, 1], 1, 11, 1, -1)
(170, 602, 'or', [0, 1], 1, 13, 1, -1)
(173, 787, 'parity', [1], 1, 11, 4, 3)
(173, 787, 'parity', [1], 1, 13, 5, 3)
(173, 787, 'or', [1], 1, 11, 4, 3)
(173, 787, 'or', [1], 1, 13, 5, 3)
(173, 823, 'parity', [1], 1, 11, 1, -1)
(173, 823, 'parity', [1], 1, 13, 1, -1)
(173, 823, 'or', [1], 1, 11, 1, -1)
(173, 823, 'or', [1], 1, 13, 1, -1)
(173, 175, 'parity', [1], 1, 11, 1, 1)
(173, 175, 'parity', [1], 1, 13, 1, 1)
(173, 175, 'or', [1], 1, 11, 1, 1)
(173, 175, 'or', [1], 1, 13, 1, 1)
(173, 211, 'parity', [1], 1, 11, 4, -3)
(173, 211, 'parity', [1], 1, 13, 5, -3)
(173, 211, 'or', [1], 1, 11, 4, -3)
(173, 211, 'or', [1], 1, 13, 5, -3)
(173, 245, 'parity', [1], 1, 11, 4, 3)
(173, 245, 'parity', [1], 1, 13, 5, 3)
(173, 245, 'or', [1], 1, 11, 4, 3)
(173, 245, 'or', [1], 1, 13, 5, 3)
(173, 251, 'parity', [1], 1, 11, 4, 3)
(173, 251, 'parity', [1], 1, 13, 5, 3)
(173, 251, 'or', [1], 1, 11, 4, 3)
(173, 251, 'or', [1], 1, 13, 5, 3)
(173, 281, 'parity', [1], 1, 11, 1, -1)
(173, 281, 'parity', [1], 1, 13, 1, -1)
(173, 281, 'or', [1], 1, 11, 1, -1)
(173, 281, 'or', [1], 1, 13, 1, -1)
(173, 283, 'parity', [1], 1, 11, 1, 1)
(173, 283, 'parity', [1], 1, 13, 1, 1)
(173, 283, 'or', [1], 1, 11, 1, 1)
(173, 283, 'or', [1], 1, 13, 1, 1)
(173, 287, 'parity', [1], 1, 11, 1, -1)
(173, 287, 'parity', [1], 1, 13, 1, -1)
(173, 287, 'or', [1], 1, 11, 1, -1)
(173, 287, 'or', [1], 1, 13, 1, -1)
(173, 319, 'parity', [1], 1, 11, 4, -3)
(173, 319, 'parity', [1], 1, 13, 5, -3)
(173, 319, 'or', [1], 1, 11, 4, -3)
(173, 319, 'or', [1], 1, 13, 5, -3)
(173, 389, 'parity', [1], 1, 11, 1, 1)
(173, 389, 'parity', [1], 1, 13, 1, 1)
(173, 389, 'or', [1], 1, 11, 1, 1)
(173, 389, 'or', [1], 1, 13, 1, 1)
(173, 395, 'parity', [1], 1, 11, 1, 1)
(173, 395, 'parity', [1], 1, 13, 1, 1)
(173, 395, 'or', [1], 1, 11, 1, 1)
(173, 395, 'or', [1], 1, 13, 1, 1)
(173, 425, 'parity', [1], 1, 11, 4, -3)
(173, 425, 'parity', [1], 1, 13, 5, -3)
(173, 425, 'or', [1], 1, 11, 4, -3)
(173, 425, 'or', [1], 1, 13, 5, -3)
(173, 431, 'parity', [1], 1, 11, 4, -3)
(173, 431, 'parity', [1], 1, 13, 5, -3)
(173, 431, 'or', [1], 1, 11, 4, -3)
(173, 431, 'or', [1], 1, 13, 5, -3)
(173, 569, 'parity', [1], 1, 11, 4, 3)
(173, 569, 'parity', [1], 1, 13, 5, 3)
(173, 569, 'or', [1], 1, 11, 4, 3)
(173, 569, 'or', [1], 1, 13, 5, 3)
(173, 575, 'parity', [1], 1, 11, 4, 3)
(173, 575, 'parity', [1], 1, 13, 5, 3)
(173, 575, 'or', [1], 1, 11, 4, 3)
(173, 575, 'or', [1], 1, 13, 5, 3)
(173, 605, 'parity', [1], 1, 11, 1, -1)
(173, 605, 'parity', [1], 1, 13, 1, -1)
(173, 605, 'or', [1], 1, 11, 1, -1)
(173, 605, 'or', [1], 1, 13, 1, -1)
(173, 611, 'parity', [1], 1, 11, 1, -1)
(173, 611, 'parity', [1], 1, 13, 1, -1)
(173, 611, 'or', [1], 1, 11, 1, -1)
(173, 611, 'or', [1], 1, 13, 1, -1)
(173, 679, 'parity', [1], 1, 11, 4, 3)
(173, 679, 'parity', [1], 1, 13, 5, 3)
(173, 679, 'or', [1], 1, 11, 4, 3)
(173, 679, 'or', [1], 1, 13, 5, 3)
(173, 713, 'parity', [1], 1, 11, 1, 1)
(173, 713, 'parity', [1], 1, 13, 1, 1)
(173, 713, 'or', [1], 1, 11, 1, 1)
(173, 713, 'or', [1], 1, 13, 1, 1)
(173, 715, 'parity', [1], 1, 11, 1, -1)
(173, 715, 'parity', [1], 1, 13, 1, -1)
(173, 715, 'or', [1], 1, 11, 1, -1)
(173, 715, 'or', [1], 1, 13, 1, -1)
(173, 719, 'parity', [1], 1, 11, 1, 1)
(173, 719, 'parity', [1], 1, 13, 1, 1)
(173, 719, 'or', [1], 1, 11, 1, 1)
(173, 719, 'or', [1], 1, 13, 1, 1)
(173, 749, 'parity', [1], 1, 11, 4, -3)
(173, 749, 'parity', [1], 1, 13, 5, -3)
(173, 749, 'or', [1], 1, 11, 4, -3)
(173, 749, 'or', [1], 1, 13, 5, -3)
(173, 755, 'parity', [1], 1, 11, 4, -3)
(173, 755, 'parity', [1], 1, 13, 5, -3)
(173, 755, 'or', [1], 1, 11, 4, -3)
(173, 755, 'or', [1], 1, 13, 5, -3)
(179, 175, 'parity', [0], 2, 11, 1, 1)
(179, 175, 'parity', [0], 2, 13, 1, 1)
(179, 175, 'parity', [1], 1, 11, 1, 1)
(179, 175, 'parity', [1], 1, 13, 1, 1)
(179, 175, 'or', [0], 2, 11, 1, 1)
(179, 175, 'or', [0], 2, 13, 1, 1)
(179, 175, 'or', [1], 1, 11, 1, 1)
(179, 175, 'or', [1], 1, 13, 1, 1)
(179, 211, 'parity', [1], 1, 11, 4, -3)
(179, 211, 'parity', [1], 1, 13, 5, -3)
(179, 211, 'or', [1], 1, 11, 4, -3)
(179, 211, 'or', [1], 1, 13, 5, -3)
(179, 245, 'parity', [1], 1, 11, 4, 3)
(179, 245, 'parity', [1], 1, 13, 5, 3)
(179, 245, 'or', [1], 1, 11, 4, 3)
(179, 245, 'or', [1], 1, 13, 5, 3)
(179, 251, 'parity', [1], 1, 11, 4, 3)
(179, 251, 'parity', [1], 1, 13, 5, 3)
(179, 251, 'or', [1], 1, 11, 4, 3)
(179, 251, 'or', [1], 1, 13, 5, 3)
(179, 496, 'parity', [0], 2, 11, 1, 1)
(179, 496, 'parity', [0], 2, 13, 1, 1)
(179, 496, 'or', [0], 2, 11, 1, 1)
(179, 496, 'or', [0], 2, 13, 1, 1)
(179, 502, 'parity', [0], 2, 11, 1, 1)
(179, 502, 'parity', [0], 2, 13, 1, 1)
(179, 502, 'or', [0], 2, 11, 1, 1)
(179, 502, 'or', [0], 2, 13, 1, 1)
(179, 569, 'parity', [1], 1, 11, 4, 3)
(179, 569, 'parity', [1], 1, 13, 5, 3)
(179, 569, 'or', [1], 1, 11, 4, 3)
(179, 569, 'or', [1], 1, 13, 5, 3)
(179, 575, 'parity', [1], 1, 11, 4, 3)
(179, 575, 'parity', [1], 1, 13, 5, 3)
(179, 575, 'or', [1], 1, 11, 4, 3)
(179, 575, 'or', [1], 1, 13, 5, 3)
(179, 605, 'parity', [0], 2, 11, 1, 1)
(179, 605, 'parity', [0], 2, 13, 1, 1)
(179, 605, 'parity', [1], 1, 11, 1, -1)
(179, 605, 'parity', [1], 1, 13, 1, -1)
(179, 605, 'or', [0], 2, 11, 1, 1)
(179, 605, 'or', [0], 2, 13, 1, 1)
(179, 605, 'or', [1], 1, 11, 1, -1)
(179, 605, 'or', [1], 1, 13, 1, -1)
(179, 611, 'parity', [0], 2, 11, 1, 1)
(179, 611, 'parity', [0], 2, 13, 1, 1)
(179, 611, 'parity', [1], 1, 11, 1, -1)
(179, 611, 'parity', [1], 1, 13, 1, -1)
(179, 611, 'or', [0], 2, 11, 1, 1)
(179, 611, 'or', [0], 2, 13, 1, 1)
(179, 611, 'or', [1], 1, 11, 1, -1)
(179, 611, 'or', [1], 1, 13, 1, -1)
(179, 679, 'parity', [1], 1, 11, 4, 3)
(179, 679, 'parity', [1], 1, 13, 5, 3)
(179, 679, 'or', [1], 1, 11, 4, 3)
(179, 679, 'or', [1], 1, 13, 5, 3)
(179, 713, 'parity', [0], 2, 11, 1, 1)
(179, 713, 'parity', [0], 2, 13, 1, 1)
(179, 713, 'parity', [1], 1, 11, 1, 1)
(179, 713, 'parity', [1], 1, 13, 1, 1)
(179, 713, 'or', [0], 2, 11, 1, 1)
(179, 713, 'or', [0], 2, 13, 1, 1)
(179, 713, 'or', [1], 1, 11, 1, 1)
(179, 713, 'or', [1], 1, 13, 1, 1)
(179, 715, 'parity', [1], 1, 11, 1, -1)
(179, 715, 'parity', [1], 1, 13, 1, -1)
(179, 715, 'or', [1], 1, 11, 1, -1)
(179, 715, 'or', [1], 1, 13, 1, -1)
(179, 716, 'parity', [0], 2, 11, 1, 1)
(179, 716, 'parity', [0], 2, 13, 1, 1)
(179, 716, 'or', [0], 2, 11, 1, 1)
(179, 716, 'or', [0], 2, 13, 1, 1)
(179, 719, 'parity', [1], 1, 11, 1, 1)
(179, 719, 'parity', [1], 1, 13, 1, 1)
(179, 719, 'or', [1], 1, 11, 1, 1)
(179, 719, 'or', [1], 1, 13, 1, 1)
(179, 749, 'parity', [1], 1, 11, 4, -3)
(179, 749, 'parity', [1], 1, 13, 5, -3)
(179, 749, 'or', [1], 1, 11, 4, -3)
(179, 749, 'or', [1], 1, 13, 5, -3)
(179, 755, 'parity', [1], 1, 11, 4, -3)
(179, 755, 'parity', [1], 1, 13, 5, -3)
(179, 755, 'or', [1], 1, 11, 4, -3)
(179, 755, 'or', [1], 1, 13, 5, -3)
(179, 787, 'parity', [1], 1, 11, 4, 3)
(179, 787, 'parity', [1], 1, 13, 5, 3)
(179, 787, 'or', [1], 1, 11, 4, 3)
(179, 787, 'or', [1], 1, 13, 5, 3)
(179, 823, 'parity', [0], 2, 11, 1, 1)
(179, 823, 'parity', [0], 2, 13, 1, 1)
(179, 823, 'parity', [1], 1, 11, 1, -1)
(179, 823, 'parity', [1], 1, 13, 1, -1)
(179, 823, 'or', [0], 2, 11, 1, 1)
(179, 823, 'or', [0], 2, 13, 1, 1)
(179, 823, 'or', [1], 1, 11, 1, -1)
(179, 823, 'or', [1], 1, 13, 1, -1)
(179, 281, 'parity', [0], 2, 11, 1, 1)
(179, 281, 'parity', [0], 2, 13, 1, 1)
(179, 281, 'parity', [1], 1, 11, 1, -1)
(179, 281, 'parity', [1], 1, 13, 1, -1)
(179, 281, 'or', [0], 2, 11, 1, 1)
(179, 281, 'or', [0], 2, 13, 1, 1)
(179, 281, 'or', [1], 1, 11, 1, -1)
(179, 281, 'or', [1], 1, 13, 1, -1)
(179, 283, 'parity', [1], 1, 11, 1, 1)
(179, 283, 'parity', [1], 1, 13, 1, 1)
(179, 283, 'or', [1], 1, 11, 1, 1)
(179, 283, 'or', [1], 1, 13, 1, 1)
(179, 284, 'parity', [0], 2, 11, 1, 1)
(179, 284, 'parity', [0], 2, 13, 1, 1)
(179, 284, 'or', [0], 2, 11, 1, 1)
(179, 284, 'or', [0], 2, 13, 1, 1)
(179, 287, 'parity', [1], 1, 11, 1, -1)
(179, 287, 'parity', [1], 1, 13, 1, -1)
(179, 287, 'or', [1], 1, 11, 1, -1)
(179, 287, 'or', [1], 1, 13, 1, -1)
(179, 319, 'parity', [1], 1, 11, 4, -3)
(179, 319, 'parity', [1], 1, 13, 5, -3)
(179, 319, 'or', [1], 1, 11, 4, -3)
(179, 319, 'or', [1], 1, 13, 5, -3)
(179, 389, 'parity', [0], 2, 11, 1, 1)
(179, 389, 'parity', [0], 2, 13, 1, 1)
(179, 389, 'parity', [1], 1, 11, 1, 1)
(179, 389, 'parity', [1], 1, 13, 1, 1)
(179, 389, 'or', [0], 2, 11, 1, 1)
(179, 389, 'or', [0], 2, 13, 1, 1)
(179, 389, 'or', [1], 1, 11, 1, 1)
(179, 389, 'or', [1], 1, 13, 1, 1)
(179, 395, 'parity', [0], 2, 11, 1, 1)
(179, 395, 'parity', [0], 2, 13, 1, 1)
(179, 395, 'parity', [1], 1, 11, 1, 1)
(179, 395, 'parity', [1], 1, 13, 1, 1)
(179, 395, 'or', [0], 2, 11, 1, 1)
(179, 395, 'or', [0], 2, 13, 1, 1)
(179, 395, 'or', [1], 1, 11, 1, 1)
(179, 395, 'or', [1], 1, 13, 1, 1)
(179, 425, 'parity', [1], 1, 11, 4, -3)
(179, 425, 'parity', [1], 1, 13, 5, -3)
(179, 425, 'or', [1], 1, 11, 4, -3)
(179, 425, 'or', [1], 1, 13, 5, -3)
(179, 431, 'parity', [1], 1, 11, 4, -3)
(179, 431, 'parity', [1], 1, 13, 5, -3)
(179, 431, 'or', [1], 1, 11, 4, -3)
(179, 431, 'or', [1], 1, 13, 5, -3)
(200, 308, 'parity', [0, 1], 1, 11, 1, 1)
(200, 308, 'parity', [0, 1], 1, 13, 1, 1)
(200, 308, 'or', [0, 1], 1, 11, 1, 1)
(200, 308, 'or', [0, 1], 1, 13, 1, 1)
(200, 311, 'parity', [0, 1], 1, 11, 1, 1)
(200, 311, 'parity', [0, 1], 1, 13, 1, 1)
(200, 311, 'or', [0, 1], 1, 11, 1, 1)
(200, 311, 'or', [0, 1], 1, 13, 1, 1)
(200, 314, 'parity', [0, 1], 1, 11, 1, 1)
(200, 314, 'parity', [0, 1], 1, 13, 1, 1)
(200, 314, 'or', [0, 1], 1, 11, 1, 1)
(200, 314, 'or', [0, 1], 1, 13, 1, 1)
(200, 344, 'parity', [0, 1], 1, 11, 1, 1)
(200, 344, 'parity', [0, 1], 1, 13, 1, 1)
(200, 344, 'or', [0, 1], 1, 11, 1, 1)
(200, 344, 'or', [0, 1], 1, 13, 1, 1)
(200, 347, 'parity', [0, 1], 1, 11, 1, 1)
(200, 347, 'parity', [0, 1], 1, 13, 1, 1)
(200, 347, 'or', [0, 1], 1, 11, 1, 1)
(200, 347, 'or', [0, 1], 1, 13, 1, 1)
(200, 350, 'parity', [0, 1], 1, 11, 1, 1)
(200, 350, 'parity', [0, 1], 1, 13, 1, 1)
(200, 350, 'or', [0, 1], 1, 11, 1, 1)
(200, 350, 'or', [0, 1], 1, 13, 1, 1)
(200, 632, 'parity', [0, 1], 1, 11, 1, 1)
(200, 632, 'parity', [0, 1], 1, 13, 1, 1)
(200, 632, 'or', [0, 1], 1, 11, 1, 1)
(200, 632, 'or', [0, 1], 1, 13, 1, 1)
(200, 635, 'parity', [0, 1], 1, 11, 1, 1)
(200, 635, 'parity', [0, 1], 1, 13, 1, 1)
(200, 635, 'or', [0, 1], 1, 11, 1, 1)
(200, 635, 'or', [0, 1], 1, 13, 1, 1)
(200, 638, 'parity', [0, 1], 1, 11, 1, 1)
(200, 638, 'parity', [0, 1], 1, 13, 1, 1)
(200, 638, 'or', [0, 1], 1, 11, 1, 1)
(200, 638, 'or', [0, 1], 1, 13, 1, 1)
(200, 668, 'parity', [0, 1], 1, 11, 1, 1)
(200, 668, 'parity', [0, 1], 1, 13, 1, 1)
(200, 668, 'or', [0, 1], 1, 11, 1, 1)
(200, 668, 'or', [0, 1], 1, 13, 1, 1)
(200, 671, 'parity', [0, 1], 1, 11, 1, 1)
(200, 671, 'parity', [0, 1], 1, 13, 1, 1)
(200, 671, 'or', [0, 1], 1, 11, 1, 1)
(200, 671, 'or', [0, 1], 1, 13, 1, 1)
(200, 674, 'parity', [0, 1], 1, 11, 1, 1)
(200, 674, 'parity', [0, 1], 1, 13, 1, 1)
(200, 674, 'or', [0, 1], 1, 11, 1, 1)
(200, 674, 'or', [0, 1], 1, 13, 1, 1)
(203, 308, 'parity', [0, 1], 1, 11, 1, 1)
(203, 308, 'parity', [0, 1], 1, 13, 1, 1)
(203, 308, 'or', [0, 1], 1, 11, 1, 1)
(203, 308, 'or', [0, 1], 1, 13, 1, 1)
(203, 311, 'parity', [0, 1], 1, 11, 1, 1)
(203, 311, 'parity', [0, 1], 1, 13, 1, 1)
(203, 311, 'or', [0, 1], 1, 11, 1, 1)
(203, 311, 'or', [0, 1], 1, 13, 1, 1)
(203, 314, 'parity', [0, 1], 1, 11, 1, 1)
(203, 314, 'parity', [0, 1], 1, 13, 1, 1)
(203, 314, 'or', [0, 1], 1, 11, 1, 1)
(203, 314, 'or', [0, 1], 1, 13, 1, 1)
(203, 344, 'parity', [0, 1], 1, 11, 1, 1)
(203, 344, 'parity', [0, 1], 1, 13, 1, 1)
(203, 344, 'or', [0, 1], 1, 11, 1, 1)
(203, 344, 'or', [0, 1], 1, 13, 1, 1)
(203, 347, 'parity', [0, 1], 1, 11, 1, 1)
(203, 347, 'parity', [0, 1], 1, 13, 1, 1)
(203, 347, 'or', [0, 1], 1, 11, 1, 1)
(203, 347, 'or', [0, 1], 1, 13, 1, 1)
(203, 350, 'parity', [0, 1], 1, 11, 1, 1)
(203, 350, 'parity', [0, 1], 1, 13, 1, 1)
(203, 350, 'or', [0, 1], 1, 11, 1, 1)
(203, 350, 'or', [0, 1], 1, 13, 1, 1)
(203, 632, 'parity', [0, 1], 1, 11, 1, 1)
(203, 632, 'parity', [0, 1], 1, 13, 1, 1)
(203, 632, 'or', [0, 1], 1, 11, 1, 1)
(203, 632, 'or', [0, 1], 1, 13, 1, 1)
(203, 635, 'parity', [0, 1], 1, 11, 1, 1)
(203, 635, 'parity', [0, 1], 1, 13, 1, 1)
(203, 635, 'or', [0, 1], 1, 11, 1, 1)
(203, 635, 'or', [0, 1], 1, 13, 1, 1)
(203, 638, 'parity', [0, 1], 1, 11, 1, 1)
(203, 638, 'parity', [0, 1], 1, 13, 1, 1)
(203, 638, 'or', [0, 1], 1, 11, 1, 1)
(203, 638, 'or', [0, 1], 1, 13, 1, 1)
(203, 668, 'parity', [0, 1], 1, 11, 1, 1)
(203, 668, 'parity', [0, 1], 1, 13, 1, 1)
(203, 668, 'or', [0, 1], 1, 11, 1, 1)
(203, 668, 'or', [0, 1], 1, 13, 1, 1)
(203, 671, 'parity', [0, 1], 1, 11, 1, 1)
(203, 671, 'parity', [0, 1], 1, 13, 1, 1)
(203, 671, 'or', [0, 1], 1, 11, 1, 1)
(203, 671, 'or', [0, 1], 1, 13, 1, 1)
(203, 674, 'parity', [0, 1], 1, 11, 1, 1)
(203, 674, 'parity', [0, 1], 1, 13, 1, 1)
(203, 674, 'or', [0, 1], 1, 11, 1, 1)
(203, 674, 'or', [0, 1], 1, 13, 1, 1)
(206, 632, 'parity', [0, 1], 1, 11, 1, 1)
(206, 632, 'parity', [0, 1], 1, 13, 1, 1)
(206, 632, 'or', [0, 1], 1, 11, 1, 1)
(206, 632, 'or', [0, 1], 1, 13, 1, 1)
(206, 635, 'parity', [0, 1], 1, 11, 1, 1)
(206, 635, 'parity', [0, 1], 1, 13, 1, 1)
(206, 635, 'or', [0, 1], 1, 11, 1, 1)
(206, 635, 'or', [0, 1], 1, 13, 1, 1)
(206, 638, 'parity', [0, 1], 1, 11, 1, 1)
(206, 638, 'parity', [0, 1], 1, 13, 1, 1)
(206, 638, 'or', [0, 1], 1, 11, 1, 1)
(206, 638, 'or', [0, 1], 1, 13, 1, 1)
(206, 668, 'parity', [0, 1], 1, 11, 1, 1)
(206, 668, 'parity', [0, 1], 1, 13, 1, 1)
(206, 668, 'or', [0, 1], 1, 11, 1, 1)
(206, 668, 'or', [0, 1], 1, 13, 1, 1)
(206, 671, 'parity', [0, 1], 1, 11, 1, 1)
(206, 671, 'parity', [0, 1], 1, 13, 1, 1)
(206, 671, 'or', [0, 1], 1, 11, 1, 1)
(206, 671, 'or', [0, 1], 1, 13, 1, 1)
(206, 674, 'parity', [0, 1], 1, 11, 1, 1)
(206, 674, 'parity', [0, 1], 1, 13, 1, 1)
(206, 674, 'or', [0, 1], 1, 11, 1, 1)
(206, 674, 'or', [0, 1], 1, 13, 1, 1)
(206, 704, 'parity', [0], 3, 11, 4, -3)
(206, 704, 'parity', [0], 3, 13, 5, -3)
(206, 704, 'or', [0], 3, 11, 4, -3)
(206, 704, 'or', [0], 3, 13, 5, -3)
(206, 707, 'parity', [0], 3, 11, 4, -3)
(206, 707, 'parity', [0], 3, 13, 5, -3)
(206, 707, 'or', [0], 3, 11, 4, -3)
(206, 707, 'or', [0], 3, 13, 5, -3)
(206, 272, 'parity', [0], 3, 11, 4, -3)
(206, 272, 'parity', [0], 3, 13, 5, -3)
(206, 272, 'or', [0], 3, 11, 4, -3)
(206, 272, 'or', [0], 3, 13, 5, -3)
(206, 275, 'parity', [0], 3, 11, 4, -3)
(206, 275, 'parity', [0], 3, 13, 5, -3)
(206, 275, 'or', [0], 3, 11, 4, -3)
(206, 275, 'or', [0], 3, 13, 5, -3)
(206, 308, 'parity', [0, 1], 1, 11, 1, 1)
(206, 308, 'parity', [0, 1], 1, 13, 1, 1)
(206, 308, 'or', [0, 1], 1, 11, 1, 1)
(206, 308, 'or', [0, 1], 1, 13, 1, 1)
(206, 311, 'parity', [0, 1], 1, 11, 1, 1)
(206, 311, 'parity', [0, 1], 1, 13, 1, 1)
(206, 311, 'or', [0, 1], 1, 11, 1, 1)
(206, 311, 'or', [0, 1], 1, 13, 1, 1)
(206, 314, 'parity', [0, 1], 1, 11, 1, 1)
(206, 314, 'parity', [0, 1], 1, 13, 1, 1)
(206, 314, 'or', [0, 1], 1, 11, 1, 1)
(206, 314, 'or', [0, 1], 1, 13, 1, 1)
(206, 344, 'parity', [0, 1], 1, 11, 1, 1)
(206, 344, 'parity', [0, 1], 1, 13, 1, 1)
(206, 344, 'or', [0, 1], 1, 11, 1, 1)
(206, 344, 'or', [0, 1], 1, 13, 1, 1)
(206, 347, 'parity', [0, 1], 1, 11, 1, 1)
(206, 347, 'parity', [0, 1], 1, 13, 1, 1)
(206, 347, 'or', [0, 1], 1, 11, 1, 1)
(206, 347, 'or', [0, 1], 1, 13, 1, 1)
(206, 350, 'parity', [0, 1], 1, 11, 1, 1)
(206, 350, 'parity', [0, 1], 1, 13, 1, 1)
(206, 350, 'or', [0, 1], 1, 11, 1, 1)
(206, 350, 'or', [0, 1], 1, 13, 1, 1)
(206, 380, 'parity', [0], 3, 11, 4, -3)
(206, 380, 'parity', [0], 3, 13, 5, -3)
(206, 380, 'or', [0], 3, 11, 4, -3)
(206, 380, 'or', [0], 3, 13, 5, -3)
(206, 383, 'parity', [0], 3, 11, 4, -3)
(206, 383, 'parity', [0], 3, 13, 5, -3)
(206, 383, 'or', [0], 3, 11, 4, -3)
(206, 383, 'or', [0], 3, 13, 5, -3)
(206, 386, 'parity', [0], 3, 11, 4, -3)
(206, 386, 'parity', [0], 3, 13, 5, -3)
(206, 386, 'or', [0], 3, 11, 4, -3)
(206, 386, 'or', [0], 3, 13, 5, -3)
(206, 596, 'parity', [0], 3, 11, 4, -3)
(206, 596, 'parity', [0], 3, 13, 5, -3)
(206, 596, 'or', [0], 3, 11, 4, -3)
(206, 596, 'or', [0], 3, 13, 5, -3)
(206, 599, 'parity', [0], 3, 11, 4, -3)
(206, 599, 'parity', [0], 3, 13, 5, -3)
(206, 599, 'or', [0], 3, 11, 4, -3)
(206, 599, 'or', [0], 3, 13, 5, -3)
(206, 602, 'parity', [0], 3, 11, 4, -3)
(206, 602, 'parity', [0], 3, 13, 5, -3)
(206, 602, 'or', [0], 3, 11, 4, -3)
(206, 602, 'or', [0], 3, 13, 5, -3)
(209, 751, 'parity', [1], 1, 11, 1, 1)
(209, 751, 'parity', [1], 1, 13, 1, 1)
(209, 751, 'or', [1], 1, 11, 1, 1)
(209, 751, 'or', [1], 1, 13, 1, 1)
(209, 247, 'parity', [1], 1, 11, 1, 1)
(209, 247, 'parity', [1], 1, 13, 1, 1)
(209, 247, 'or', [1], 1, 11, 1, 1)
(209, 247, 'or', [1], 1, 13, 1, 1)
(209, 317, 'parity', [1], 1, 11, 1, 1)
(209, 317, 'parity', [1], 1, 13, 1, 1)
(209, 317, 'or', [1], 1, 11, 1, 1)
(209, 317, 'or', [1], 1, 13, 1, 1)
(209, 323, 'parity', [1], 1, 11, 1, 1)
(209, 323, 'parity', [1], 1, 13, 1, 1)
(209, 323, 'or', [1], 1, 11, 1, 1)
(209, 323, 'or', [1], 1, 13, 1, 1)
(209, 353, 'parity', [1], 1, 11, 1, 1)
(209, 353, 'parity', [1], 1, 13, 1, 1)
(209, 353, 'or', [1], 1, 11, 1, 1)
(209, 353, 'or', [1], 1, 13, 1, 1)
(209, 359, 'parity', [1], 1, 11, 1, 1)
(209, 359, 'parity', [1], 1, 13, 1, 1)
(209, 359, 'or', [1], 1, 11, 1, 1)
(209, 359, 'or', [1], 1, 13, 1, 1)
(209, 641, 'parity', [1], 1, 11, 1, 1)
(209, 641, 'parity', [1], 1, 13, 1, 1)
(209, 641, 'or', [1], 1, 11, 1, 1)
(209, 641, 'or', [1], 1, 13, 1, 1)
(209, 647, 'parity', [1], 1, 11, 1, 1)
(209, 647, 'parity', [1], 1, 13, 1, 1)
(209, 647, 'or', [1], 1, 11, 1, 1)
(209, 647, 'or', [1], 1, 13, 1, 1)
(209, 677, 'parity', [1], 1, 11, 1, 1)
(209, 677, 'parity', [1], 1, 13, 1, 1)
(209, 677, 'or', [1], 1, 11, 1, 1)
(209, 677, 'or', [1], 1, 13, 1, 1)
(209, 683, 'parity', [1], 1, 11, 1, 1)
(209, 683, 'parity', [1], 1, 13, 1, 1)
(209, 683, 'or', [1], 1, 11, 1, 1)
(209, 683, 'or', [1], 1, 13, 1, 1)
(215, 496, 'parity', [0], 2, 11, 4, -3)
(215, 496, 'parity', [0], 2, 13, 5, -3)
(215, 496, 'or', [0], 2, 11, 4, -3)
(215, 496, 'or', [0], 2, 13, 5, -3)
(215, 502, 'parity', [0], 2, 11, 4, -3)
(215, 502, 'parity', [0], 2, 13, 5, -3)
(215, 502, 'or', [0], 2, 11, 4, -3)
(215, 502, 'or', [0], 2, 13, 5, -3)
(215, 605, 'parity', [0], 2, 11, 4, -3)
(215, 605, 'parity', [0], 2, 13, 5, -3)
(215, 605, 'or', [0], 2, 11, 4, -3)
(215, 605, 'or', [0], 2, 13, 5, -3)
(215, 611, 'parity', [0], 2, 11, 4, -3)
(215, 611, 'parity', [0], 2, 13, 5, -3)
(215, 611, 'or', [0], 2, 11, 4, -3)
(215, 611, 'or', [0], 2, 13, 5, -3)
(215, 641, 'parity', [1], 1, 11, 1, 1)
(215, 641, 'parity', [1], 1, 13, 1, 1)
(215, 641, 'or', [1], 1, 11, 1, 1)
(215, 641, 'or', [1], 1, 13, 1, 1)
(215, 647, 'parity', [1], 1, 11, 1, 1)
(215, 647, 'parity', [1], 1, 13, 1, 1)
(215, 647, 'or', [1], 1, 11, 1, 1)
(215, 647, 'or', [1], 1, 13, 1, 1)
(215, 677, 'parity', [1], 1, 11, 1, 1)
(215, 677, 'parity', [1], 1, 13, 1, 1)
(215, 677, 'or', [1], 1, 11, 1, 1)
(215, 677, 'or', [1], 1, 13, 1, 1)
(215, 683, 'parity', [1], 1, 11, 1, 1)
(215, 683, 'parity', [1], 1, 13, 1, 1)
(215, 683, 'or', [1], 1, 11, 1, 1)
(215, 683, 'or', [1], 1, 13, 1, 1)
(215, 713, 'parity', [0], 2, 11, 4, -3)
(215, 713, 'parity', [0], 2, 13, 5, -3)
(215, 713, 'or', [0], 2, 11, 4, -3)
(215, 713, 'or', [0], 2, 13, 5, -3)
(215, 716, 'parity', [0], 2, 11, 4, -3)
(215, 716, 'parity', [0], 2, 13, 5, -3)
(215, 716, 'or', [0], 2, 11, 4, -3)
(215, 716, 'or', [0], 2, 13, 5, -3)
(215, 751, 'parity', [1], 1, 11, 1, 1)
(215, 751, 'parity', [1], 1, 13, 1, 1)
(215, 751, 'or', [1], 1, 11, 1, 1)
(215, 751, 'or', [1], 1, 13, 1, 1)
(215, 247, 'parity', [1], 1, 11, 1, 1)
(215, 247, 'parity', [1], 1, 13, 1, 1)
(215, 247, 'or', [1], 1, 11, 1, 1)
(215, 247, 'or', [1], 1, 13, 1, 1)
(215, 281, 'parity', [0], 2, 11, 4, -3)
(215, 281, 'parity', [0], 2, 13, 5, -3)
(215, 281, 'or', [0], 2, 11, 4, -3)
(215, 281, 'or', [0], 2, 13, 5, -3)
(215, 284, 'parity', [0], 2, 11, 4, -3)
(215, 284, 'parity', [0], 2, 13, 5, -3)
(215, 284, 'or', [0], 2, 11, 4, -3)
(215, 284, 'or', [0], 2, 13, 5, -3)
(215, 317, 'parity', [1], 1, 11, 1, 1)
(215, 317, 'parity', [1], 1, 13, 1, 1)
(215, 317, 'or', [1], 1, 11, 1, 1)
(215, 317, 'or', [1], 1, 13, 1, 1)
(215, 323, 'parity', [1], 1, 11, 1, 1)
(215, 323, 'parity', [1], 1, 13, 1, 1)
(215, 323, 'or', [1], 1, 11, 1, 1)
(215, 323, 'or', [1], 1, 13, 1, 1)
(215, 353, 'parity', [1], 1, 11, 1, 1)
(215, 353, 'parity', [1], 1, 13, 1, 1)
(215, 353, 'or', [1], 1, 11, 1, 1)
(215, 353, 'or', [1], 1, 13, 1, 1)
(215, 359, 'parity', [1], 1, 11, 1, 1)
(215, 359, 'parity', [1], 1, 13, 1, 1)
(215, 359, 'or', [1], 1, 11, 1, 1)
(215, 359, 'or', [1], 1, 13, 1, 1)
(215, 389, 'parity', [0], 2, 11, 4, -3)
(215, 389, 'parity', [0], 2, 13, 5, -3)
(215, 389, 'or', [0], 2, 11, 4, -3)
(215, 389, 'or', [0], 2, 13, 5, -3)
(215, 395, 'parity', [0], 2, 11, 4, -3)
(215, 395, 'parity', [0], 2, 13, 5, -3)
(215, 395, 'or', [0], 2, 11, 4, -3)
(215, 395, 'or', [0], 2, 13, 5, -3)
(225, 424, 'parity', [0, 1], 0, 11, 4, -3)
(225, 424, 'parity', [0, 1], 0, 13, 6, -1)
(225, 424, 'or', [0, 1], 0, 11, 4, -3)
(225, 424, 'or', [0, 1], 0, 13, 6, -1)
(225, 427, 'parity', [0, 1], 0, 11, 4, -3)
(225, 427, 'parity', [0, 1], 0, 13, 6, -1)
(225, 427, 'or', [0, 1], 0, 11, 4, -3)
(225, 427, 'or', [0, 1], 0, 13, 6, -1)
(225, 430, 'parity', [0, 1], 0, 11, 4, -3)
(225, 430, 'parity', [0, 1], 0, 13, 6, -1)
(225, 430, 'or', [0, 1], 0, 11, 4, -3)
(225, 430, 'or', [0, 1], 0, 13, 6, -1)
(227, 424, 'parity', [0, 1], 0, 11, 4, -3)
(227, 424, 'parity', [0, 1], 0, 13, 6, -1)
(227, 424, 'or', [0, 1], 0, 11, 4, -3)
(227, 424, 'or', [0, 1], 0, 13, 6, -1)
(227, 427, 'parity', [0, 1], 0, 11, 4, -3)
(227, 427, 'parity', [0, 1], 0, 13, 6, -1)
(227, 427, 'or', [0, 1], 0, 11, 4, -3)
(227, 427, 'or', [0, 1], 0, 13, 6, -1)
(227, 430, 'parity', [0, 1], 0, 11, 4, -3)
(227, 430, 'parity', [0, 1], 0, 13, 6, -1)
(227, 430, 'or', [0, 1], 0, 11, 4, -3)
(227, 430, 'or', [0, 1], 0, 13, 6, -1)
(226, 478, 'parity', [0, 1], 2, 11, 4, 3)
(226, 478, 'parity', [0, 1], 2, 13, 5, 3)
(226, 478, 'or', [0, 1], 2, 11, 4, 3)
(226, 478, 'or', [0, 1], 2, 13, 5, 3)
(226, 484, 'parity', [0, 1], 2, 11, 4, 3)
(226, 484, 'parity', [0, 1], 2, 13, 5, 3)
(226, 484, 'or', [0, 1], 2, 11, 4, 3)
(226, 484, 'or', [0, 1], 2, 13, 5, 3)
(226, 589, 'parity', [1], 3, 11, 1, -1)
(226, 589, 'parity', [1], 3, 13, 1, -1)
(226, 589, 'or', [1], 3, 11, 1, -1)
(226, 589, 'or', [1], 3, 13, 1, -1)
(226, 622, 'parity', [0, 1], 2, 11, 4, 3)
(226, 622, 'parity', [0, 1], 2, 13, 5, 3)
(226, 622, 'or', [0, 1], 2, 11, 4, 3)
(226, 622, 'or', [0, 1], 2, 13, 5, 3)
(226, 625, 'parity', [0, 1], 2, 11, 4, 3)
(226, 625, 'parity', [0, 1], 2, 13, 5, 3)
(226, 625, 'or', [0, 1], 2, 11, 4, 3)
(226, 625, 'or', [0, 1], 2, 13, 5, 3)
(226, 628, 'parity', [0, 1], 2, 11, 4, 3)
(226, 628, 'parity', [0, 1], 2, 13, 5, 3)
(226, 628, 'or', [0, 1], 2, 11, 4, 3)
(226, 628, 'or', [0, 1], 2, 13, 5, 3)
(226, 658, 'parity', [0, 1], 2, 11, 4, 3)
(226, 658, 'parity', [0, 1], 2, 13, 5, 3)
(226, 658, 'or', [0, 1], 2, 11, 4, 3)
(226, 658, 'or', [0, 1], 2, 13, 5, 3)
(226, 661, 'parity', [0, 1], 2, 11, 4, 3)
(226, 661, 'parity', [0, 1], 2, 13, 5, 3)
(226, 661, 'or', [0, 1], 2, 11, 4, 3)
(226, 661, 'or', [0, 1], 2, 13, 5, 3)
(226, 664, 'parity', [0, 1], 2, 11, 4, 3)
(226, 664, 'parity', [0, 1], 2, 13, 5, 3)
(226, 664, 'or', [0, 1], 2, 11, 4, 3)
(226, 664, 'or', [0, 1], 2, 13, 5, 3)
(226, 733, 'parity', [1], 3, 11, 1, -1)
(226, 733, 'parity', [1], 3, 13, 1, -1)
(226, 733, 'or', [1], 3, 11, 1, -1)
(226, 733, 'or', [1], 3, 13, 1, -1)
(226, 229, 'parity', [1], 3, 11, 1, -1)
(226, 229, 'parity', [1], 3, 13, 1, -1)
(226, 229, 'or', [1], 3, 11, 1, -1)
(226, 229, 'or', [1], 3, 13, 1, -1)
(226, 298, 'parity', [0, 1], 2, 11, 4, 3)
(226, 298, 'parity', [0, 1], 2, 13, 5, 3)
(226, 298, 'or', [0, 1], 2, 11, 4, 3)
(226, 298, 'or', [0, 1], 2, 13, 5, 3)
(226, 301, 'parity', [0, 1], 2, 11, 4, 3)
(226, 301, 'parity', [0, 1], 2, 13, 5, 3)
(226, 301, 'or', [0, 1], 2, 11, 4, 3)
(226, 301, 'or', [0, 1], 2, 13, 5, 3)
(226, 304, 'parity', [0, 1], 2, 11, 4, 3)
(226, 304, 'parity', [0, 1], 2, 13, 5, 3)
(226, 304, 'or', [0, 1], 2, 11, 4, 3)
(226, 304, 'or', [0, 1], 2, 13, 5, 3)
(226, 334, 'parity', [0, 1], 2, 11, 4, 3)
(226, 334, 'parity', [0, 1], 2, 13, 5, 3)
(226, 334, 'or', [0, 1], 2, 11, 4, 3)
(226, 334, 'or', [0, 1], 2, 13, 5, 3)
(226, 337, 'parity', [0, 1], 2, 11, 4, 3)
(226, 337, 'parity', [0, 1], 2, 13, 5, 3)
(226, 337, 'or', [0, 1], 2, 11, 4, 3)
(226, 337, 'or', [0, 1], 2, 13, 5, 3)
(226, 340, 'parity', [0, 1], 2, 11, 4, 3)
(226, 340, 'parity', [0, 1], 2, 13, 5, 3)
(226, 340, 'or', [0, 1], 2, 11, 4, 3)
(226, 340, 'or', [0, 1], 2, 13, 5, 3)
(226, 373, 'parity', [1], 3, 11, 1, -1)
(226, 373, 'parity', [1], 3, 13, 1, -1)
(226, 373, 'or', [1], 3, 11, 1, -1)
(226, 373, 'or', [1], 3, 13, 1, -1)
(229, 265, 'parity', [1], 3, 11, 2, 2)
(229, 265, 'parity', [1], 3, 13, 2, 2)
(229, 265, 'or', [1], 3, 11, 2, 2)
(229, 265, 'or', [1], 3, 13, 2, 2)
(229, 298, 'parity', [0, 1], 2, 11, 4, 3)
(229, 298, 'parity', [0, 1], 2, 13, 5, 3)
(229, 298, 'or', [0, 1], 2, 11, 4, 3)
(229, 298, 'or', [0, 1], 2, 13, 5, 3)
(229, 301, 'parity', [0, 1], 2, 11, 4, 3)
(229, 301, 'parity', [0, 1], 2, 13, 5, 3)
(229, 301, 'or', [0, 1], 2, 11, 4, 3)
(229, 301, 'or', [0, 1], 2, 13, 5, 3)
(229, 304, 'parity', [0, 1], 2, 11, 4, 3)
(229, 304, 'parity', [0, 1], 2, 13, 5, 3)
(229, 304, 'or', [0, 1], 2, 11, 4, 3)
(229, 304, 'or', [0, 1], 2, 13, 5, 3)
(229, 334, 'parity', [0, 1], 2, 11, 4, 3)
(229, 334, 'parity', [0, 1], 2, 13, 5, 3)
(229, 334, 'or', [0, 1], 2, 11, 4, 3)
(229, 334, 'or', [0, 1], 2, 13, 5, 3)
(229, 337, 'parity', [0, 1], 2, 11, 4, 3)
(229, 337, 'parity', [0, 1], 2, 13, 5, 3)
(229, 337, 'or', [0, 1], 2, 11, 4, 3)
(229, 337, 'or', [0, 1], 2, 13, 5, 3)
(229, 340, 'parity', [0, 1], 2, 11, 4, 3)
(229, 340, 'parity', [0, 1], 2, 13, 5, 3)
(229, 340, 'or', [0, 1], 2, 11, 4, 3)
(229, 340, 'or', [0, 1], 2, 13, 5, 3)
(229, 658, 'parity', [0, 1], 2, 11, 4, 3)
(229, 658, 'parity', [0, 1], 2, 13, 5, 3)
(229, 658, 'or', [0, 1], 2, 11, 4, 3)
(229, 658, 'or', [0, 1], 2, 13, 5, 3)
(229, 661, 'parity', [0, 1], 2, 11, 4, 3)
(229, 661, 'parity', [0, 1], 2, 13, 5, 3)
(229, 661, 'or', [0, 1], 2, 11, 4, 3)
(229, 661, 'or', [0, 1], 2, 13, 5, 3)
(229, 664, 'parity', [0, 1], 2, 11, 4, 3)
(229, 664, 'parity', [0, 1], 2, 13, 5, 3)
(229, 664, 'or', [0, 1], 2, 11, 4, 3)
(229, 664, 'or', [0, 1], 2, 13, 5, 3)
(229, 478, 'parity', [0, 1], 2, 11, 4, 3)
(229, 478, 'parity', [0, 1], 2, 13, 5, 3)
(229, 478, 'or', [0, 1], 2, 11, 4, 3)
(229, 478, 'or', [0, 1], 2, 13, 5, 3)
(229, 484, 'parity', [0, 1], 2, 11, 4, 3)
(229, 484, 'parity', [0, 1], 2, 13, 5, 3)
(229, 484, 'or', [0, 1], 2, 11, 4, 3)
(229, 484, 'or', [0, 1], 2, 13, 5, 3)
(229, 622, 'parity', [0, 1], 2, 11, 4, 3)
(229, 622, 'parity', [0, 1], 2, 13, 5, 3)
(229, 622, 'or', [0, 1], 2, 11, 4, 3)
(229, 622, 'or', [0, 1], 2, 13, 5, 3)
(229, 625, 'parity', [0, 1], 2, 11, 4, 3)
(229, 625, 'parity', [0, 1], 2, 13, 5, 3)
(229, 625, 'or', [0, 1], 2, 11, 4, 3)
(229, 625, 'or', [0, 1], 2, 13, 5, 3)
(229, 628, 'parity', [0, 1], 2, 11, 4, 3)
(229, 628, 'parity', [0, 1], 2, 13, 5, 3)
(229, 628, 'or', [0, 1], 2, 11, 4, 3)
(229, 628, 'or', [0, 1], 2, 13, 5, 3)
(231, 424, 'parity', [0, 1], 0, 11, 4, -3)
(231, 424, 'parity', [0, 1], 0, 13, 6, -1)
(231, 424, 'or', [0, 1], 0, 11, 4, -3)
(231, 424, 'or', [0, 1], 0, 13, 6, -1)
(231, 427, 'parity', [0, 1], 0, 11, 4, -3)
(231, 427, 'parity', [0, 1], 0, 13, 6, -1)
(231, 427, 'or', [0, 1], 0, 11, 4, -3)
(231, 427, 'or', [0, 1], 0, 13, 6, -1)
(231, 430, 'parity', [0, 1], 0, 11, 4, -3)
(231, 430, 'parity', [0, 1], 0, 13, 6, -1)
(231, 430, 'or', [0, 1], 0, 11, 4, -3)
(231, 430, 'or', [0, 1], 0, 13, 6, -1)
(232, 229, 'parity', [1], 3, 11, 1, -1)
(232, 229, 'parity', [1], 3, 13, 1, -1)
(232, 229, 'or', [1], 3, 11, 1, -1)
(232, 229, 'or', [1], 3, 13, 1, -1)
(232, 298, 'parity', [0, 1], 2, 11, 4, 3)
(232, 298, 'parity', [0, 1], 2, 13, 5, 3)
(232, 298, 'or', [0, 1], 2, 11, 4, 3)
(232, 298, 'or', [0, 1], 2, 13, 5, 3)
(232, 301, 'parity', [0, 1], 2, 11, 4, 3)
(232, 301, 'parity', [0, 1], 2, 13, 5, 3)
(232, 301, 'or', [0, 1], 2, 11, 4, 3)
(232, 301, 'or', [0, 1], 2, 13, 5, 3)
(232, 304, 'parity', [0, 1], 2, 11, 4, 3)
(232, 304, 'parity', [0, 1], 2, 13, 5, 3)
(232, 304, 'or', [0, 1], 2, 11, 4, 3)
(232, 304, 'or', [0, 1], 2, 13, 5, 3)
(232, 334, 'parity', [0, 1], 2, 11, 4, 3)
(232, 334, 'parity', [0, 1], 2, 13, 5, 3)
(232, 334, 'or', [0, 1], 2, 11, 4, 3)
(232, 334, 'or', [0, 1], 2, 13, 5, 3)
(232, 337, 'parity', [0, 1], 2, 11, 4, 3)
(232, 337, 'parity', [0, 1], 2, 13, 5, 3)
(232, 337, 'or', [0, 1], 2, 11, 4, 3)
(232, 337, 'or', [0, 1], 2, 13, 5, 3)
(232, 340, 'parity', [0, 1], 2, 11, 4, 3)
(232, 340, 'parity', [0, 1], 2, 13, 5, 3)
(232, 340, 'or', [0, 1], 2, 11, 4, 3)
(232, 340, 'or', [0, 1], 2, 13, 5, 3)
(232, 373, 'parity', [1], 3, 11, 1, -1)
(232, 373, 'parity', [1], 3, 13, 1, -1)
(232, 373, 'or', [1], 3, 11, 1, -1)
(232, 373, 'or', [1], 3, 13, 1, -1)
(232, 478, 'parity', [0, 1], 2, 11, 4, 3)
(232, 478, 'parity', [0, 1], 2, 13, 5, 3)
(232, 478, 'or', [0, 1], 2, 11, 4, 3)
(232, 478, 'or', [0, 1], 2, 13, 5, 3)
(232, 484, 'parity', [0, 1], 2, 11, 4, 3)
(232, 484, 'parity', [0, 1], 2, 13, 5, 3)
(232, 484, 'or', [0, 1], 2, 11, 4, 3)
(232, 484, 'or', [0, 1], 2, 13, 5, 3)
(232, 733, 'parity', [1], 3, 11, 1, -1)
(232, 733, 'parity', [1], 3, 13, 1, -1)
(232, 733, 'or', [1], 3, 11, 1, -1)
(232, 733, 'or', [1], 3, 13, 1, -1)
(232, 589, 'parity', [1], 3, 11, 1, -1)
(232, 589, 'parity', [1], 3, 13, 1, -1)
(232, 589, 'or', [1], 3, 11, 1, -1)
(232, 589, 'or', [1], 3, 13, 1, -1)
(232, 622, 'parity', [0, 1], 2, 11, 4, 3)
(232, 622, 'parity', [0, 1], 2, 13, 5, 3)
(232, 622, 'or', [0, 1], 2, 11, 4, 3)
(232, 622, 'or', [0, 1], 2, 13, 5, 3)
(232, 625, 'parity', [0, 1], 2, 11, 4, 3)
(232, 625, 'parity', [0, 1], 2, 13, 5, 3)
(232, 625, 'or', [0, 1], 2, 11, 4, 3)
(232, 625, 'or', [0, 1], 2, 13, 5, 3)
(232, 628, 'parity', [0, 1], 2, 11, 4, 3)
(232, 628, 'parity', [0, 1], 2, 13, 5, 3)
(232, 628, 'or', [0, 1], 2, 11, 4, 3)
(232, 628, 'or', [0, 1], 2, 13, 5, 3)
(232, 658, 'parity', [0, 1], 2, 11, 4, 3)
(232, 658, 'parity', [0, 1], 2, 13, 5, 3)
(232, 658, 'or', [0, 1], 2, 11, 4, 3)
(232, 658, 'or', [0, 1], 2, 13, 5, 3)
(232, 661, 'parity', [0, 1], 2, 11, 4, 3)
(232, 661, 'parity', [0, 1], 2, 13, 5, 3)
(232, 661, 'or', [0, 1], 2, 11, 4, 3)
(232, 661, 'or', [0, 1], 2, 13, 5, 3)
(232, 664, 'parity', [0, 1], 2, 11, 4, 3)
(232, 664, 'parity', [0, 1], 2, 13, 5, 3)
(232, 664, 'or', [0, 1], 2, 11, 4, 3)
(232, 664, 'or', [0, 1], 2, 13, 5, 3)
(233, 424, 'parity', [0, 1], 0, 11, 4, -3)
(233, 424, 'parity', [0, 1], 0, 13, 6, -1)
(233, 424, 'or', [0, 1], 0, 11, 4, -3)
(233, 424, 'or', [0, 1], 0, 13, 6, -1)
(233, 427, 'parity', [0, 1], 0, 11, 4, -3)
(233, 427, 'parity', [0, 1], 0, 13, 6, -1)
(233, 427, 'or', [0, 1], 0, 11, 4, -3)
(233, 427, 'or', [0, 1], 0, 13, 6, -1)
(233, 430, 'parity', [0, 1], 0, 11, 4, -3)
(233, 430, 'parity', [0, 1], 0, 13, 6, -1)
(233, 430, 'or', [0, 1], 0, 11, 4, -3)
(233, 430, 'or', [0, 1], 0, 13, 6, -1)
(234, 425, 'parity', [0, 1], 0, 11, 4, -3)
(234, 425, 'parity', [0, 1], 0, 13, 6, -1)
(234, 425, 'or', [0, 1], 0, 11, 4, -3)
(234, 425, 'or', [0, 1], 0, 13, 6, -1)
(234, 428, 'parity', [0, 1], 0, 11, 4, -3)
(234, 428, 'parity', [0, 1], 0, 13, 6, -1)
(234, 428, 'or', [0, 1], 0, 11, 4, -3)
(234, 428, 'or', [0, 1], 0, 13, 6, -1)
(234, 431, 'parity', [0, 1], 0, 11, 4, -3)
(234, 431, 'parity', [0, 1], 0, 13, 6, -1)
(234, 431, 'or', [0, 1], 0, 11, 4, -3)
(234, 431, 'or', [0, 1], 0, 13, 6, -1)
(235, 425, 'parity', [0, 1], 0, 11, 4, -3)
(235, 425, 'parity', [0, 1], 0, 13, 6, -1)
(235, 425, 'or', [0, 1], 0, 11, 4, -3)
(235, 425, 'or', [0, 1], 0, 13, 6, -1)
(235, 428, 'parity', [0, 1], 0, 11, 4, -3)
(235, 428, 'parity', [0, 1], 0, 13, 6, -1)
(235, 428, 'or', [0, 1], 0, 11, 4, -3)
(235, 428, 'or', [0, 1], 0, 13, 6, -1)
(235, 431, 'parity', [0, 1], 0, 11, 4, -3)
(235, 431, 'parity', [0, 1], 0, 13, 6, -1)
(235, 431, 'or', [0, 1], 0, 11, 4, -3)
(235, 431, 'or', [0, 1], 0, 13, 6, -1)
(236, 308, 'parity', [0, 1], 1, 11, 4, 3)
(236, 308, 'parity', [0, 1], 1, 13, 5, 3)
(236, 308, 'or', [0, 1], 1, 11, 4, 3)
(236, 308, 'or', [0, 1], 1, 13, 5, 3)
(236, 311, 'parity', [0, 1], 1, 11, 4, 3)
(236, 311, 'parity', [0, 1], 1, 13, 5, 3)
(236, 311, 'or', [0, 1], 1, 11, 4, 3)
(236, 311, 'or', [0, 1], 1, 13, 5, 3)
(236, 314, 'parity', [0, 1], 1, 11, 4, 3)
(236, 314, 'parity', [0, 1], 1, 13, 5, 3)
(236, 314, 'or', [0, 1], 1, 11, 4, 3)
(236, 314, 'or', [0, 1], 1, 13, 5, 3)
(236, 344, 'parity', [0, 1], 1, 11, 4, 3)
(236, 344, 'parity', [0, 1], 1, 13, 5, 3)
(236, 344, 'or', [0, 1], 1, 11, 4, 3)
(236, 344, 'or', [0, 1], 1, 13, 5, 3)
(236, 347, 'parity', [0, 1], 1, 11, 4, 3)
(236, 347, 'parity', [0, 1], 1, 13, 5, 3)
(236, 347, 'or', [0, 1], 1, 11, 4, 3)
(236, 347, 'or', [0, 1], 1, 13, 5, 3)
(236, 350, 'parity', [0, 1], 1, 11, 4, 3)
(236, 350, 'parity', [0, 1], 1, 13, 5, 3)
(236, 350, 'or', [0, 1], 1, 11, 4, 3)
(236, 350, 'or', [0, 1], 1, 13, 5, 3)
(237, 425, 'parity', [0, 1], 0, 11, 4, -3)
(237, 425, 'parity', [0, 1], 0, 13, 6, -1)
(237, 425, 'or', [0, 1], 0, 11, 4, -3)
(237, 425, 'or', [0, 1], 0, 13, 6, -1)
(237, 428, 'parity', [0, 1], 0, 11, 4, -3)
(237, 428, 'parity', [0, 1], 0, 13, 6, -1)
(237, 428, 'or', [0, 1], 0, 11, 4, -3)
(237, 428, 'or', [0, 1], 0, 13, 6, -1)
(237, 431, 'parity', [0, 1], 0, 11, 4, -3)
(237, 431, 'parity', [0, 1], 0, 13, 6, -1)
(237, 431, 'or', [0, 1], 0, 11, 4, -3)
(237, 431, 'or', [0, 1], 0, 13, 6, -1)
(236, 632, 'parity', [0, 1], 1, 11, 4, 3)
(236, 632, 'parity', [0, 1], 1, 13, 5, 3)
(236, 632, 'or', [0, 1], 1, 11, 4, 3)
(236, 632, 'or', [0, 1], 1, 13, 5, 3)
(236, 635, 'parity', [0, 1], 1, 11, 4, 3)
(236, 635, 'parity', [0, 1], 1, 13, 5, 3)
(236, 635, 'or', [0, 1], 1, 11, 4, 3)
(236, 635, 'or', [0, 1], 1, 13, 5, 3)
(236, 638, 'parity', [0, 1], 1, 11, 4, 3)
(236, 638, 'parity', [0, 1], 1, 13, 5, 3)
(236, 638, 'or', [0, 1], 1, 11, 4, 3)
(236, 638, 'or', [0, 1], 1, 13, 5, 3)
(236, 668, 'parity', [0, 1], 1, 11, 4, 3)
(236, 668, 'parity', [0, 1], 1, 13, 5, 3)
(236, 668, 'or', [0, 1], 1, 11, 4, 3)
(236, 668, 'or', [0, 1], 1, 13, 5, 3)
(236, 671, 'parity', [0, 1], 1, 11, 4, 3)
(236, 671, 'parity', [0, 1], 1, 13, 5, 3)
(236, 671, 'or', [0, 1], 1, 11, 4, 3)
(236, 671, 'or', [0, 1], 1, 13, 5, 3)
(236, 674, 'parity', [0, 1], 1, 11, 4, 3)
(236, 674, 'parity', [0, 1], 1, 13, 5, 3)
(236, 674, 'or', [0, 1], 1, 11, 4, 3)
(236, 674, 'or', [0, 1], 1, 13, 5, 3)
(238, 425, 'parity', [0, 1], 0, 11, 4, -3)
(238, 425, 'parity', [0, 1], 0, 13, 6, -1)
(238, 425, 'or', [0, 1], 0, 11, 4, -3)
(238, 425, 'or', [0, 1], 0, 13, 6, -1)
(238, 428, 'parity', [0, 1], 0, 11, 4, -3)
(238, 428, 'parity', [0, 1], 0, 13, 6, -1)
(238, 428, 'or', [0, 1], 0, 11, 4, -3)
(238, 428, 'or', [0, 1], 0, 13, 6, -1)
(238, 431, 'parity', [0, 1], 0, 11, 4, -3)
(238, 431, 'parity', [0, 1], 0, 13, 6, -1)
(238, 431, 'or', [0, 1], 0, 11, 4, -3)
(238, 431, 'or', [0, 1], 0, 13, 6, -1)
(239, 308, 'parity', [0, 1], 1, 11, 4, 3)
(239, 308, 'parity', [0, 1], 1, 13, 5, 3)
(239, 308, 'or', [0, 1], 1, 11, 4, 3)
(239, 308, 'or', [0, 1], 1, 13, 5, 3)
(239, 311, 'parity', [0, 1], 1, 11, 4, 3)
(239, 311, 'parity', [0, 1], 1, 13, 5, 3)
(239, 311, 'or', [0, 1], 1, 11, 4, 3)
(239, 311, 'or', [0, 1], 1, 13, 5, 3)
(239, 314, 'parity', [0, 1], 1, 11, 4, 3)
(239, 314, 'parity', [0, 1], 1, 13, 5, 3)
(239, 314, 'or', [0, 1], 1, 11, 4, 3)
(239, 314, 'or', [0, 1], 1, 13, 5, 3)
(239, 344, 'parity', [0, 1], 1, 11, 4, 3)
(239, 344, 'parity', [0, 1], 1, 13, 5, 3)
(239, 344, 'or', [0, 1], 1, 11, 4, 3)
(239, 344, 'or', [0, 1], 1, 13, 5, 3)
(239, 347, 'parity', [0, 1], 1, 11, 4, 3)
(239, 347, 'parity', [0, 1], 1, 13, 5, 3)
(239, 347, 'or', [0, 1], 1, 11, 4, 3)
(239, 347, 'or', [0, 1], 1, 13, 5, 3)
(239, 350, 'parity', [0, 1], 1, 11, 4, 3)
(239, 350, 'parity', [0, 1], 1, 13, 5, 3)
(239, 350, 'or', [0, 1], 1, 11, 4, 3)
(239, 350, 'or', [0, 1], 1, 13, 5, 3)
(239, 632, 'parity', [0, 1], 1, 11, 4, 3)
(239, 632, 'parity', [0, 1], 1, 13, 5, 3)
(239, 632, 'or', [0, 1], 1, 11, 4, 3)
(239, 632, 'or', [0, 1], 1, 13, 5, 3)
(239, 635, 'parity', [0, 1], 1, 11, 4, 3)
(239, 635, 'parity', [0, 1], 1, 13, 5, 3)
(239, 635, 'or', [0, 1], 1, 11, 4, 3)
(239, 635, 'or', [0, 1], 1, 13, 5, 3)
(239, 638, 'parity', [0, 1], 1, 11, 4, 3)
(239, 638, 'parity', [0, 1], 1, 13, 5, 3)
(239, 638, 'or', [0, 1], 1, 11, 4, 3)
(239, 638, 'or', [0, 1], 1, 13, 5, 3)
(239, 668, 'parity', [0, 1], 1, 11, 4, 3)
(239, 668, 'parity', [0, 1], 1, 13, 5, 3)
(239, 668, 'or', [0, 1], 1, 11, 4, 3)
(239, 668, 'or', [0, 1], 1, 13, 5, 3)
(239, 671, 'parity', [0, 1], 1, 11, 4, 3)
(239, 671, 'parity', [0, 1], 1, 13, 5, 3)
(239, 671, 'or', [0, 1], 1, 11, 4, 3)
(239, 671, 'or', [0, 1], 1, 13, 5, 3)
(239, 674, 'parity', [0, 1], 1, 11, 4, 3)
(239, 674, 'parity', [0, 1], 1, 13, 5, 3)
(239, 674, 'or', [0, 1], 1, 11, 4, 3)
(239, 674, 'or', [0, 1], 1, 13, 5, 3)
(242, 308, 'parity', [0], 3, 11, 1, 1)
(242, 308, 'parity', [0], 3, 13, 1, 1)
(242, 308, 'parity', [0, 1], 1, 11, 4, 3)
(242, 308, 'parity', [0, 1], 1, 13, 5, 3)
(242, 308, 'or', [0], 3, 11, 1, 1)
(242, 308, 'or', [0], 3, 13, 1, 1)
(242, 308, 'or', [0, 1], 1, 11, 4, 3)
(242, 308, 'or', [0, 1], 1, 13, 5, 3)
(242, 311, 'parity', [0], 3, 11, 1, 1)
(242, 311, 'parity', [0], 3, 13, 1, 1)
(242, 311, 'parity', [0, 1], 1, 11, 4, 3)
(242, 311, 'parity', [0, 1], 1, 13, 5, 3)
(242, 311, 'or', [0], 3, 11, 1, 1)
(242, 311, 'or', [0], 3, 13, 1, 1)
(242, 311, 'or', [0, 1], 1, 11, 4, 3)
(242, 311, 'or', [0, 1], 1, 13, 5, 3)
(242, 314, 'parity', [0, 1], 1, 11, 4, 3)
(242, 314, 'parity', [0, 1], 1, 13, 5, 3)
(242, 314, 'or', [0, 1], 1, 11, 4, 3)
(242, 314, 'or', [0, 1], 1, 13, 5, 3)
(242, 344, 'parity', [0], 3, 11, 1, -1)
(242, 344, 'parity', [0], 3, 13, 1, -1)
(242, 344, 'parity', [0, 1], 1, 11, 4, 3)
(242, 344, 'parity', [0, 1], 1, 13, 5, 3)
(242, 344, 'or', [0], 3, 11, 1, -1)
(242, 344, 'or', [0], 3, 13, 1, -1)
(242, 344, 'or', [0, 1], 1, 11, 4, 3)
(242, 344, 'or', [0, 1], 1, 13, 5, 3)
(242, 347, 'parity', [0], 3, 11, 1, -1)
(242, 347, 'parity', [0], 3, 13, 1, -1)
(242, 347, 'parity', [0, 1], 1, 11, 4, 3)
(242, 347, 'parity', [0, 1], 1, 13, 5, 3)
(242, 347, 'or', [0], 3, 11, 1, -1)
(242, 347, 'or', [0], 3, 13, 1, -1)
(242, 347, 'or', [0, 1], 1, 11, 4, 3)
(242, 347, 'or', [0, 1], 1, 13, 5, 3)
(242, 350, 'parity', [0], 3, 11, 1, -1)
(242, 350, 'parity', [0], 3, 13, 1, -1)
(242, 350, 'parity', [0, 1], 1, 11, 4, 3)
(242, 350, 'parity', [0, 1], 1, 13, 5, 3)
(242, 350, 'or', [0], 3, 11, 1, -1)
(242, 350, 'or', [0], 3, 13, 1, -1)
(242, 350, 'or', [0, 1], 1, 11, 4, 3)
(242, 350, 'or', [0, 1], 1, 13, 5, 3)
(242, 416, 'parity', [0], 3, 11, 1, 1)
(242, 416, 'parity', [0], 3, 13, 1, 1)
(242, 416, 'or', [0], 3, 11, 1, 1)
(242, 416, 'or', [0], 3, 13, 1, 1)
(242, 419, 'parity', [0], 3, 11, 1, 1)
(242, 419, 'parity', [0], 3, 13, 1, 1)
(242, 419, 'or', [0], 3, 11, 1, 1)
(242, 419, 'or', [0], 3, 13, 1, 1)
(242, 422, 'parity', [0], 3, 11, 1, 1)
(242, 422, 'parity', [0], 3, 13, 1, 1)
(242, 422, 'or', [0], 3, 11, 1, 1)
(242, 422, 'or', [0], 3, 13, 1, 1)
(243, 315, 'parity', [0, 1], 0, 11, 4, 3)
(243, 315, 'parity', [0, 1], 0, 13, 5, 3)
(243, 315, 'or', [0, 1], 0, 11, 4, 3)
(243, 315, 'or', [0, 1], 0, 13, 5, 3)
(243, 316, 'parity', [0, 1], 0, 11, 4, 3)
(243, 316, 'parity', [0, 1], 0, 13, 5, 3)
(243, 316, 'or', [0, 1], 0, 11, 4, 3)
(243, 316, 'or', [0, 1], 0, 13, 5, 3)
(243, 317, 'parity', [0, 1], 0, 11, 4, 3)
(243, 317, 'parity', [0, 1], 0, 13, 5, 3)
(243, 317, 'or', [0, 1], 0, 11, 4, 3)
(243, 317, 'or', [0, 1], 0, 13, 5, 3)
(243, 318, 'parity', [0, 1], 0, 11, 4, 3)
(243, 318, 'parity', [0, 1], 0, 13, 5, 3)
(243, 318, 'or', [0, 1], 0, 11, 4, 3)
(243, 318, 'or', [0, 1], 0, 13, 5, 3)
(243, 319, 'parity', [0, 1], 0, 11, 4, 3)
(243, 319, 'parity', [0, 1], 0, 13, 5, 3)
(243, 319, 'or', [0, 1], 0, 11, 4, 3)
(243, 319, 'or', [0, 1], 0, 13, 5, 3)
(243, 320, 'parity', [0, 1], 0, 11, 4, 3)
(243, 320, 'parity', [0, 1], 0, 13, 5, 3)
(243, 320, 'or', [0, 1], 0, 11, 4, 3)
(243, 320, 'or', [0, 1], 0, 13, 5, 3)
(243, 321, 'parity', [0, 1], 0, 11, 4, 3)
(243, 321, 'parity', [0, 1], 0, 13, 5, 3)
(243, 321, 'or', [0, 1], 0, 11, 4, 3)
(243, 321, 'or', [0, 1], 0, 13, 5, 3)
(243, 322, 'parity', [0, 1], 0, 11, 4, 3)
(243, 322, 'parity', [0, 1], 0, 13, 5, 3)
(243, 322, 'or', [0, 1], 0, 11, 4, 3)
(243, 322, 'or', [0, 1], 0, 13, 5, 3)
(243, 323, 'parity', [0, 1], 0, 11, 4, 3)
(243, 323, 'parity', [0, 1], 0, 13, 5, 3)
(243, 323, 'or', [0, 1], 0, 11, 4, 3)
(243, 323, 'or', [0, 1], 0, 13, 5, 3)
(243, 351, 'parity', [0, 1], 0, 11, 4, 3)
(243, 351, 'parity', [0, 1], 0, 13, 5, 3)
(243, 351, 'or', [0, 1], 0, 11, 4, 3)
(243, 351, 'or', [0, 1], 0, 13, 5, 3)
(243, 352, 'parity', [0, 1], 0, 11, 4, 3)
(243, 352, 'parity', [0, 1], 0, 13, 5, 3)
(243, 352, 'or', [0, 1], 0, 11, 4, 3)
(243, 352, 'or', [0, 1], 0, 13, 5, 3)
(243, 353, 'parity', [0, 1], 0, 11, 4, 3)
(243, 353, 'parity', [0, 1], 0, 13, 5, 3)
(243, 353, 'or', [0, 1], 0, 11, 4, 3)
(243, 353, 'or', [0, 1], 0, 13, 5, 3)
(243, 354, 'parity', [0, 1], 0, 11, 4, 3)
(243, 354, 'parity', [0, 1], 0, 13, 5, 3)
(243, 354, 'or', [0, 1], 0, 11, 4, 3)
(243, 354, 'or', [0, 1], 0, 13, 5, 3)
(243, 355, 'parity', [0, 1], 0, 11, 4, 3)
(243, 355, 'parity', [0, 1], 0, 13, 5, 3)
(243, 355, 'or', [0, 1], 0, 11, 4, 3)
(243, 355, 'or', [0, 1], 0, 13, 5, 3)
(243, 356, 'parity', [0, 1], 0, 11, 4, 3)
(243, 356, 'parity', [0, 1], 0, 13, 5, 3)
(243, 356, 'or', [0, 1], 0, 11, 4, 3)
(243, 356, 'or', [0, 1], 0, 13, 5, 3)
(243, 357, 'parity', [0, 1], 0, 11, 4, 3)
(243, 357, 'parity', [0, 1], 0, 13, 5, 3)
(243, 357, 'or', [0, 1], 0, 11, 4, 3)
(243, 357, 'or', [0, 1], 0, 13, 5, 3)
(243, 358, 'parity', [0, 1], 0, 11, 4, 3)
(243, 358, 'parity', [0, 1], 0, 13, 5, 3)
(243, 358, 'or', [0, 1], 0, 11, 4, 3)
(243, 358, 'or', [0, 1], 0, 13, 5, 3)
(243, 359, 'parity', [0, 1], 0, 11, 4, 3)
(243, 359, 'parity', [0, 1], 0, 13, 5, 3)
(243, 359, 'or', [0, 1], 0, 11, 4, 3)
(243, 359, 'or', [0, 1], 0, 13, 5, 3)
(242, 560, 'parity', [0], 3, 11, 1, -1)
(242, 560, 'parity', [0], 3, 13, 1, -1)
(242, 560, 'or', [0], 3, 11, 1, -1)
(242, 560, 'or', [0], 3, 13, 1, -1)
(242, 563, 'parity', [0], 3, 11, 1, -1)
(242, 563, 'parity', [0], 3, 13, 1, -1)
(242, 563, 'or', [0], 3, 11, 1, -1)
(242, 563, 'or', [0], 3, 13, 1, -1)
(242, 566, 'parity', [0], 3, 11, 1, -1)
(242, 566, 'parity', [0], 3, 13, 1, -1)
(242, 566, 'or', [0], 3, 11, 1, -1)
(242, 566, 'or', [0], 3, 13, 1, -1)
(242, 632, 'parity', [0], 3, 11, 1, 1)
(242, 632, 'parity', [0], 3, 13, 1, 1)
(242, 632, 'parity', [0, 1], 1, 11, 4, 3)
(242, 632, 'parity', [0, 1], 1, 13, 5, 3)
(242, 632, 'or', [0], 3, 11, 1, 1)
(242, 632, 'or', [0], 3, 13, 1, 1)
(242, 632, 'or', [0, 1], 1, 11, 4, 3)
(242, 632, 'or', [0, 1], 1, 13, 5, 3)
(242, 635, 'parity', [0], 3, 11, 1, 1)
(242, 635, 'parity', [0], 3, 13, 1, 1)
(242, 635, 'parity', [0, 1], 1, 11, 4, 3)
(242, 635, 'parity', [0, 1], 1, 13, 5, 3)
(242, 635, 'or', [0], 3, 11, 1, 1)
(242, 635, 'or', [0], 3, 13, 1, 1)
(242, 635, 'or', [0, 1], 1, 11, 4, 3)
(242, 635, 'or', [0, 1], 1, 13, 5, 3)
(242, 638, 'parity', [0], 3, 11, 1, 1)
(242, 638, 'parity', [0], 3, 13, 1, 1)
(242, 638, 'parity', [0, 1], 1, 11, 4, 3)
(242, 638, 'parity', [0, 1], 1, 13, 5, 3)
(242, 638, 'or', [0], 3, 11, 1, 1)
(242, 638, 'or', [0], 3, 13, 1, 1)
(242, 638, 'or', [0, 1], 1, 11, 4, 3)
(242, 638, 'or', [0, 1], 1, 13, 5, 3)
(242, 668, 'parity', [0], 3, 11, 1, -1)
(242, 668, 'parity', [0], 3, 13, 1, -1)
(242, 668, 'parity', [0, 1], 1, 11, 4, 3)
(242, 668, 'parity', [0, 1], 1, 13, 5, 3)
(242, 668, 'or', [0], 3, 11, 1, -1)
(242, 668, 'or', [0], 3, 13, 1, -1)
(242, 668, 'or', [0, 1], 1, 11, 4, 3)
(242, 668, 'or', [0, 1], 1, 13, 5, 3)
(242, 671, 'parity', [0], 3, 11, 1, -1)
(242, 671, 'parity', [0], 3, 13, 1, -1)
(242, 671, 'parity', [0, 1], 1, 11, 4, 3)
(242, 671, 'parity', [0, 1], 1, 13, 5, 3)
(242, 671, 'or', [0], 3, 11, 1, -1)
(242, 671, 'or', [0], 3, 13, 1, -1)
(242, 671, 'or', [0, 1], 1, 11, 4, 3)
(242, 671, 'or', [0, 1], 1, 13, 5, 3)
(242, 674, 'parity', [0, 1], 1, 11, 4, 3)
(242, 674, 'parity', [0, 1], 1, 13, 5, 3)
(242, 674, 'or', [0, 1], 1, 11, 4, 3)
(242, 674, 'or', [0, 1], 1, 13, 5, 3)
(243, 639, 'parity', [0, 1], 0, 11, 4, 3)
(243, 639, 'parity', [0, 1], 0, 13, 5, 3)
(243, 639, 'or', [0, 1], 0, 11, 4, 3)
(243, 639, 'or', [0, 1], 0, 13, 5, 3)
(243, 640, 'parity', [0, 1], 0, 11, 4, 3)
(243, 640, 'parity', [0, 1], 0, 13, 5, 3)
(243, 640, 'or', [0, 1], 0, 11, 4, 3)
(243, 640, 'or', [0, 1], 0, 13, 5, 3)
(243, 641, 'parity', [0, 1], 0, 11, 4, 3)
(243, 641, 'parity', [0, 1], 0, 13, 5, 3)
(243, 641, 'or', [0, 1], 0, 11, 4, 3)
(243, 641, 'or', [0, 1], 0, 13, 5, 3)
(243, 642, 'parity', [0, 1], 0, 11, 4, 3)
(243, 642, 'parity', [0, 1], 0, 13, 5, 3)
(243, 642, 'or', [0, 1], 0, 11, 4, 3)
(243, 642, 'or', [0, 1], 0, 13, 5, 3)
(243, 643, 'parity', [0, 1], 0, 11, 4, 3)
(243, 643, 'parity', [0, 1], 0, 13, 5, 3)
(243, 643, 'or', [0, 1], 0, 11, 4, 3)
(243, 643, 'or', [0, 1], 0, 13, 5, 3)
(243, 644, 'parity', [0, 1], 0, 11, 4, 3)
(243, 644, 'parity', [0, 1], 0, 13, 5, 3)
(243, 644, 'or', [0, 1], 0, 11, 4, 3)
(243, 644, 'or', [0, 1], 0, 13, 5, 3)
(243, 645, 'parity', [0, 1], 0, 11, 4, 3)
(243, 645, 'parity', [0, 1], 0, 13, 5, 3)
(243, 645, 'or', [0, 1], 0, 11, 4, 3)
(243, 645, 'or', [0, 1], 0, 13, 5, 3)
(243, 646, 'parity', [0, 1], 0, 11, 4, 3)
(243, 646, 'parity', [0, 1], 0, 13, 5, 3)
(243, 646, 'or', [0, 1], 0, 11, 4, 3)
(243, 646, 'or', [0, 1], 0, 13, 5, 3)
(243, 647, 'parity', [0, 1], 0, 11, 4, 3)
(243, 647, 'parity', [0, 1], 0, 13, 5, 3)
(243, 647, 'or', [0, 1], 0, 11, 4, 3)
(243, 647, 'or', [0, 1], 0, 13, 5, 3)
(245, 315, 'parity', [0, 1], 0, 11, 4, 3)
(245, 315, 'parity', [0, 1], 0, 13, 5, 3)
(245, 315, 'or', [0, 1], 0, 11, 4, 3)
(245, 315, 'or', [0, 1], 0, 13, 5, 3)
(245, 316, 'parity', [0, 1], 0, 11, 4, 3)
(245, 316, 'parity', [0, 1], 0, 13, 5, 3)
(245, 316, 'or', [0, 1], 0, 11, 4, 3)
(245, 316, 'or', [0, 1], 0, 13, 5, 3)
(245, 317, 'parity', [0, 1], 0, 11, 4, 3)
(245, 317, 'parity', [0, 1], 0, 13, 5, 3)
(245, 317, 'or', [0, 1], 0, 11, 4, 3)
(245, 317, 'or', [0, 1], 0, 13, 5, 3)
(245, 318, 'parity', [0, 1], 0, 11, 4, 3)
(245, 318, 'parity', [0, 1], 0, 13, 5, 3)
(245, 318, 'or', [0, 1], 0, 11, 4, 3)
(245, 318, 'or', [0, 1], 0, 13, 5, 3)
(245, 319, 'parity', [0, 1], 0, 11, 4, 3)
(245, 319, 'parity', [0, 1], 0, 13, 5, 3)
(245, 319, 'or', [0, 1], 0, 11, 4, 3)
(245, 319, 'or', [0, 1], 0, 13, 5, 3)
(245, 320, 'parity', [0, 1], 0, 11, 4, 3)
(245, 320, 'parity', [0, 1], 0, 13, 5, 3)
(245, 320, 'or', [0, 1], 0, 11, 4, 3)
(245, 320, 'or', [0, 1], 0, 13, 5, 3)
(245, 321, 'parity', [0, 1], 0, 11, 4, 3)
(245, 321, 'parity', [0, 1], 0, 13, 5, 3)
(245, 321, 'or', [0, 1], 0, 11, 4, 3)
(245, 321, 'or', [0, 1], 0, 13, 5, 3)
(245, 322, 'parity', [0, 1], 0, 11, 4, 3)
(245, 322, 'parity', [0, 1], 0, 13, 5, 3)
(245, 322, 'or', [0, 1], 0, 11, 4, 3)
(245, 322, 'or', [0, 1], 0, 13, 5, 3)
(245, 323, 'parity', [0, 1], 0, 11, 4, 3)
(245, 323, 'parity', [0, 1], 0, 13, 5, 3)
(245, 323, 'or', [0, 1], 0, 11, 4, 3)
(245, 323, 'or', [0, 1], 0, 13, 5, 3)
(245, 351, 'parity', [0, 1], 0, 11, 4, 3)
(245, 351, 'parity', [0, 1], 0, 13, 5, 3)
(245, 351, 'or', [0, 1], 0, 11, 4, 3)
(245, 351, 'or', [0, 1], 0, 13, 5, 3)
(245, 352, 'parity', [0, 1], 0, 11, 4, 3)
(245, 352, 'parity', [0, 1], 0, 13, 5, 3)
(245, 352, 'or', [0, 1], 0, 11, 4, 3)
(245, 352, 'or', [0, 1], 0, 13, 5, 3)
(245, 353, 'parity', [0, 1], 0, 11, 4, 3)
(245, 353, 'parity', [0, 1], 0, 13, 5, 3)
(245, 353, 'or', [0, 1], 0, 11, 4, 3)
(245, 353, 'or', [0, 1], 0, 13, 5, 3)
(245, 354, 'parity', [0, 1], 0, 11, 4, 3)
(245, 354, 'parity', [0, 1], 0, 13, 5, 3)
(245, 354, 'or', [0, 1], 0, 11, 4, 3)
(245, 354, 'or', [0, 1], 0, 13, 5, 3)
(245, 355, 'parity', [0, 1], 0, 11, 4, 3)
(245, 355, 'parity', [0, 1], 0, 13, 5, 3)
(245, 355, 'or', [0, 1], 0, 11, 4, 3)
(245, 355, 'or', [0, 1], 0, 13, 5, 3)
(245, 356, 'parity', [0, 1], 0, 11, 4, 3)
(245, 356, 'parity', [0, 1], 0, 13, 5, 3)
(245, 356, 'or', [0, 1], 0, 11, 4, 3)
(245, 356, 'or', [0, 1], 0, 13, 5, 3)
(245, 357, 'parity', [0, 1], 0, 11, 4, 3)
(245, 357, 'parity', [0, 1], 0, 13, 5, 3)
(245, 357, 'or', [0, 1], 0, 11, 4, 3)
(245, 357, 'or', [0, 1], 0, 13, 5, 3)
(245, 358, 'parity', [0, 1], 0, 11, 4, 3)
(245, 358, 'parity', [0, 1], 0, 13, 5, 3)
(245, 358, 'or', [0, 1], 0, 11, 4, 3)
(245, 358, 'or', [0, 1], 0, 13, 5, 3)
(245, 359, 'parity', [0, 1], 0, 11, 4, 3)
(245, 359, 'parity', [0, 1], 0, 13, 5, 3)
(245, 359, 'or', [0, 1], 0, 11, 4, 3)
(245, 359, 'or', [0, 1], 0, 13, 5, 3)
(243, 675, 'parity', [0, 1], 0, 11, 4, 3)
(243, 675, 'parity', [0, 1], 0, 13, 5, 3)
(243, 675, 'or', [0, 1], 0, 11, 4, 3)
(243, 675, 'or', [0, 1], 0, 13, 5, 3)
(243, 676, 'parity', [0, 1], 0, 11, 4, 3)
(243, 676, 'parity', [0, 1], 0, 13, 5, 3)
(243, 676, 'or', [0, 1], 0, 11, 4, 3)
(243, 676, 'or', [0, 1], 0, 13, 5, 3)
(243, 677, 'parity', [0, 1], 0, 11, 4, 3)
(243, 677, 'parity', [0, 1], 0, 13, 5, 3)
(243, 677, 'or', [0, 1], 0, 11, 4, 3)
(243, 677, 'or', [0, 1], 0, 13, 5, 3)
(243, 678, 'parity', [0, 1], 0, 11, 4, 3)
(243, 678, 'parity', [0, 1], 0, 13, 5, 3)
(243, 678, 'or', [0, 1], 0, 11, 4, 3)
(243, 678, 'or', [0, 1], 0, 13, 5, 3)
(243, 679, 'parity', [0, 1], 0, 11, 4, 3)
(243, 679, 'parity', [0, 1], 0, 13, 5, 3)
(243, 679, 'or', [0, 1], 0, 11, 4, 3)
(243, 679, 'or', [0, 1], 0, 13, 5, 3)
(243, 680, 'parity', [0, 1], 0, 11, 4, 3)
(243, 680, 'parity', [0, 1], 0, 13, 5, 3)
(243, 680, 'or', [0, 1], 0, 11, 4, 3)
(243, 680, 'or', [0, 1], 0, 13, 5, 3)
(243, 681, 'parity', [0, 1], 0, 11, 4, 3)
(243, 681, 'parity', [0, 1], 0, 13, 5, 3)
(243, 681, 'or', [0, 1], 0, 11, 4, 3)
(243, 681, 'or', [0, 1], 0, 13, 5, 3)
(243, 682, 'parity', [0, 1], 0, 11, 4, 3)
(243, 682, 'parity', [0, 1], 0, 13, 5, 3)
(243, 682, 'or', [0, 1], 0, 11, 4, 3)
(243, 682, 'or', [0, 1], 0, 13, 5, 3)
(243, 683, 'parity', [0, 1], 0, 11, 4, 3)
(243, 683, 'parity', [0, 1], 0, 13, 5, 3)
(243, 683, 'or', [0, 1], 0, 11, 4, 3)
(243, 683, 'or', [0, 1], 0, 13, 5, 3)
(244, 247, 'parity', [1], 1, 11, 1, -1)
(244, 247, 'parity', [1], 1, 13, 1, -1)
(244, 247, 'or', [1], 1, 11, 1, -1)
(244, 247, 'or', [1], 1, 13, 1, -1)
(244, 281, 'parity', [0], 2, 11, 4, 3)
(244, 281, 'parity', [0], 2, 13, 5, 3)
(244, 281, 'or', [0], 2, 11, 4, 3)
(244, 281, 'or', [0], 2, 13, 5, 3)
(244, 284, 'parity', [0], 2, 11, 4, 3)
(244, 284, 'parity', [0], 2, 13, 5, 3)
(244, 284, 'or', [0], 2, 11, 4, 3)
(244, 284, 'or', [0], 2, 13, 5, 3)
(244, 315, 'parity', [0, 1], 0, 11, 4, 3)
(244, 315, 'parity', [0, 1], 0, 13, 5, 3)
(244, 315, 'or', [0, 1], 0, 11, 4, 3)
(244, 315, 'or', [0, 1], 0, 13, 5, 3)
(244, 316, 'parity', [0, 1], 0, 11, 4, 3)
(244, 316, 'parity', [0, 1], 0, 13, 5, 3)
(244, 316, 'or', [0, 1], 0, 11, 4, 3)
(244, 316, 'or', [0, 1], 0, 13, 5, 3)
(244, 317, 'parity', [1], 1, 11, 1, -1)
(244, 317, 'parity', [1], 1, 13, 1, -1)
(244, 317, 'parity', [0, 1], 0, 11, 4, 3)
(244, 317, 'parity', [0, 1], 0, 13, 5, 3)
(244, 317, 'or', [1], 1, 11, 1, -1)
(244, 317, 'or', [1], 1, 13, 1, -1)
(244, 317, 'or', [0, 1], 0, 11, 4, 3)
(244, 317, 'or', [0, 1], 0, 13, 5, 3)
(244, 318, 'parity', [0, 1], 0, 11, 4, 3)
(244, 318, 'parity', [0, 1], 0, 13, 5, 3)
(244, 318, 'or', [0, 1], 0, 11, 4, 3)
(244, 318, 'or', [0, 1], 0, 13, 5, 3)
(244, 319, 'parity', [0, 1], 0, 11, 4, 3)
(244, 319, 'parity', [0, 1], 0, 13, 5, 3)
(244, 319, 'or', [0, 1], 0, 11, 4, 3)
(244, 319, 'or', [0, 1], 0, 13, 5, 3)
(244, 320, 'parity', [0, 1], 0, 11, 4, 3)
(244, 320, 'parity', [0, 1], 0, 13, 5, 3)
(244, 320, 'or', [0, 1], 0, 11, 4, 3)
(244, 320, 'or', [0, 1], 0, 13, 5, 3)
(244, 321, 'parity', [0, 1], 0, 11, 4, 3)
(244, 321, 'parity', [0, 1], 0, 13, 5, 3)
(244, 321, 'or', [0, 1], 0, 11, 4, 3)
(244, 321, 'or', [0, 1], 0, 13, 5, 3)
(244, 322, 'parity', [0, 1], 0, 11, 4, 3)
(244, 322, 'parity', [0, 1], 0, 13, 5, 3)
(244, 322, 'or', [0, 1], 0, 11, 4, 3)
(244, 322, 'or', [0, 1], 0, 13, 5, 3)
(244, 323, 'parity', [1], 1, 11, 1, -1)
(244, 323, 'parity', [1], 1, 13, 1, -1)
(244, 323, 'parity', [0, 1], 0, 11, 4, 3)
(244, 323, 'parity', [0, 1], 0, 13, 5, 3)
(244, 323, 'or', [1], 1, 11, 1, -1)
(244, 323, 'or', [1], 1, 13, 1, -1)
(244, 323, 'or', [0, 1], 0, 11, 4, 3)
(244, 323, 'or', [0, 1], 0, 13, 5, 3)
(244, 351, 'parity', [0, 1], 0, 11, 4, 3)
(244, 351, 'parity', [0, 1], 0, 13, 5, 3)
(244, 351, 'or', [0, 1], 0, 11, 4, 3)
(244, 351, 'or', [0, 1], 0, 13, 5, 3)
(244, 352, 'parity', [0, 1], 0, 11, 4, 3)
(244, 352, 'parity', [0, 1], 0, 13, 5, 3)
(244, 352, 'or', [0, 1], 0, 11, 4, 3)
(244, 352, 'or', [0, 1], 0, 13, 5, 3)
(244, 353, 'parity', [1], 1, 11, 1, -1)
(244, 353, 'parity', [1], 1, 13, 1, -1)
(244, 353, 'parity', [0, 1], 0, 11, 4, 3)
(244, 353, 'parity', [0, 1], 0, 13, 5, 3)
(244, 353, 'or', [1], 1, 11, 1, -1)
(244, 353, 'or', [1], 1, 13, 1, -1)
(244, 353, 'or', [0, 1], 0, 11, 4, 3)
(244, 353, 'or', [0, 1], 0, 13, 5, 3)
(244, 354, 'parity', [0, 1], 0, 11, 4, 3)
(244, 354, 'parity', [0, 1], 0, 13, 5, 3)
(244, 354, 'or', [0, 1], 0, 11, 4, 3)
(244, 354, 'or', [0, 1], 0, 13, 5, 3)
(244, 355, 'parity', [0, 1], 0, 11, 4, 3)
(244, 355, 'parity', [0, 1], 0, 13, 5, 3)
(244, 355, 'or', [0, 1], 0, 11, 4, 3)
(244, 355, 'or', [0, 1], 0, 13, 5, 3)
(244, 356, 'parity', [0, 1], 0, 11, 4, 3)
(244, 356, 'parity', [0, 1], 0, 13, 5, 3)
(244, 356, 'or', [0, 1], 0, 11, 4, 3)
(244, 356, 'or', [0, 1], 0, 13, 5, 3)
(244, 357, 'parity', [0, 1], 0, 11, 4, 3)
(244, 357, 'parity', [0, 1], 0, 13, 5, 3)
(244, 357, 'or', [0, 1], 0, 11, 4, 3)
(244, 357, 'or', [0, 1], 0, 13, 5, 3)
(244, 358, 'parity', [0, 1], 0, 11, 4, 3)
(244, 358, 'parity', [0, 1], 0, 13, 5, 3)
(244, 358, 'or', [0, 1], 0, 11, 4, 3)
(244, 358, 'or', [0, 1], 0, 13, 5, 3)
(244, 359, 'parity', [1], 1, 11, 1, -1)
(244, 359, 'parity', [1], 1, 13, 1, -1)
(244, 359, 'parity', [0, 1], 0, 11, 4, 3)
(244, 359, 'parity', [0, 1], 0, 13, 5, 3)
(244, 359, 'or', [1], 1, 11, 1, -1)
(244, 359, 'or', [1], 1, 13, 1, -1)
(244, 359, 'or', [0, 1], 0, 11, 4, 3)
(244, 359, 'or', [0, 1], 0, 13, 5, 3)
(244, 371, 'parity', [1], 1, 11, 2, -1)
(244, 371, 'parity', [1], 1, 13, 2, -1)
(244, 371, 'or', [1], 1, 11, 2, -1)
(244, 371, 'or', [1], 1, 13, 2, -1)
(244, 377, 'parity', [1], 1, 11, 2, -1)
(244, 377, 'parity', [1], 1, 13, 2, -1)
(244, 377, 'or', [1], 1, 11, 2, -1)
(244, 377, 'or', [1], 1, 13, 2, -1)
(244, 389, 'parity', [0], 2, 11, 4, 3)
(244, 389, 'parity', [0], 2, 13, 5, 3)
(244, 389, 'or', [0], 2, 11, 4, 3)
(244, 389, 'or', [0], 2, 13, 5, 3)
(244, 395, 'parity', [0], 2, 11, 4, 3)
(244, 395, 'parity', [0], 2, 13, 5, 3)
(244, 395, 'or', [0], 2, 11, 4, 3)
(244, 395, 'or', [0], 2, 13, 5, 3)
(244, 496, 'parity', [0], 2, 11, 4, 3)
(244, 496, 'parity', [0], 2, 13, 5, 3)
(244, 496, 'or', [0], 2, 11, 4, 3)
(244, 496, 'or', [0], 2, 13, 5, 3)
(244, 502, 'parity', [0], 2, 11, 4, 3)
(244, 502, 'parity', [0], 2, 13, 5, 3)
(244, 502, 'or', [0], 2, 11, 4, 3)
(244, 502, 'or', [0], 2, 13, 5, 3)
(244, 605, 'parity', [0], 2, 11, 4, 3)
(244, 605, 'parity', [0], 2, 13, 5, 3)
(244, 605, 'or', [0], 2, 11, 4, 3)
(244, 605, 'or', [0], 2, 13, 5, 3)
(244, 611, 'parity', [0], 2, 11, 4, 3)
(244, 611, 'parity', [0], 2, 13, 5, 3)
(244, 611, 'or', [0], 2, 11, 4, 3)
(244, 611, 'or', [0], 2, 13, 5, 3)
(244, 639, 'parity', [0, 1], 0, 11, 4, 3)
(244, 639, 'parity', [0, 1], 0, 13, 5, 3)
(244, 639, 'or', [0, 1], 0, 11, 4, 3)
(244, 639, 'or', [0, 1], 0, 13, 5, 3)
(244, 640, 'parity', [0, 1], 0, 11, 4, 3)
(244, 640, 'parity', [0, 1], 0, 13, 5, 3)
(244, 640, 'or', [0, 1], 0, 11, 4, 3)
(244, 640, 'or', [0, 1], 0, 13, 5, 3)
(244, 641, 'parity', [1], 1, 11, 1, -1)
(244, 641, 'parity', [1], 1, 13, 1, -1)
(244, 641, 'parity', [0, 1], 0, 11, 4, 3)
(244, 641, 'parity', [0, 1], 0, 13, 5, 3)
(244, 641, 'or', [1], 1, 11, 1, -1)
(244, 641, 'or', [1], 1, 13, 1, -1)
(244, 641, 'or', [0, 1], 0, 11, 4, 3)
(244, 641, 'or', [0, 1], 0, 13, 5, 3)
(244, 642, 'parity', [0, 1], 0, 11, 4, 3)
(244, 642, 'parity', [0, 1], 0, 13, 5, 3)
(244, 642, 'or', [0, 1], 0, 11, 4, 3)
(244, 642, 'or', [0, 1], 0, 13, 5, 3)
(244, 643, 'parity', [0, 1], 0, 11, 4, 3)
(244, 643, 'parity', [0, 1], 0, 13, 5, 3)
(244, 643, 'or', [0, 1], 0, 11, 4, 3)
(244, 643, 'or', [0, 1], 0, 13, 5, 3)
(244, 644, 'parity', [0, 1], 0, 11, 4, 3)
(244, 644, 'parity', [0, 1], 0, 13, 5, 3)
(244, 644, 'or', [0, 1], 0, 11, 4, 3)
(244, 644, 'or', [0, 1], 0, 13, 5, 3)
(244, 645, 'parity', [0, 1], 0, 11, 4, 3)
(244, 645, 'parity', [0, 1], 0, 13, 5, 3)
(244, 645, 'or', [0, 1], 0, 11, 4, 3)
(244, 645, 'or', [0, 1], 0, 13, 5, 3)
(244, 646, 'parity', [0, 1], 0, 11, 4, 3)
(244, 646, 'parity', [0, 1], 0, 13, 5, 3)
(244, 646, 'or', [0, 1], 0, 11, 4, 3)
(244, 646, 'or', [0, 1], 0, 13, 5, 3)
(244, 647, 'parity', [1], 1, 11, 1, -1)
(244, 647, 'parity', [1], 1, 13, 1, -1)
(244, 647, 'parity', [0, 1], 0, 11, 4, 3)
(244, 647, 'parity', [0, 1], 0, 13, 5, 3)
(244, 647, 'or', [1], 1, 11, 1, -1)
(244, 647, 'or', [1], 1, 13, 1, -1)
(244, 647, 'or', [0, 1], 0, 11, 4, 3)
(244, 647, 'or', [0, 1], 0, 13, 5, 3)
(244, 675, 'parity', [0, 1], 0, 11, 4, 3)
(244, 675, 'parity', [0, 1], 0, 13, 5, 3)
(244, 675, 'or', [0, 1], 0, 11, 4, 3)
(244, 675, 'or', [0, 1], 0, 13, 5, 3)
(244, 676, 'parity', [0, 1], 0, 11, 4, 3)
(244, 676, 'parity', [0, 1], 0, 13, 5, 3)
(244, 676, 'or', [0, 1], 0, 11, 4, 3)
(244, 676, 'or', [0, 1], 0, 13, 5, 3)
(244, 677, 'parity', [1], 1, 11, 1, -1)
(244, 677, 'parity', [1], 1, 13, 1, -1)
(244, 677, 'parity', [0, 1], 0, 11, 4, 3)
(244, 677, 'parity', [0, 1], 0, 13, 5, 3)
(244, 677, 'or', [1], 1, 11, 1, -1)
(244, 677, 'or', [1], 1, 13, 1, -1)
(244, 677, 'or', [0, 1], 0, 11, 4, 3)
(244, 677, 'or', [0, 1], 0, 13, 5, 3)
(244, 678, 'parity', [0, 1], 0, 11, 4, 3)
(244, 678, 'parity', [0, 1], 0, 13, 5, 3)
(244, 678, 'or', [0, 1], 0, 11, 4, 3)
(244, 678, 'or', [0, 1], 0, 13, 5, 3)
(244, 679, 'parity', [0, 1], 0, 11, 4, 3)
(244, 679, 'parity', [0, 1], 0, 13, 5, 3)
(244, 679, 'or', [0, 1], 0, 11, 4, 3)
(244, 679, 'or', [0, 1], 0, 13, 5, 3)
(244, 680, 'parity', [0, 1], 0, 11, 4, 3)
(244, 680, 'parity', [0, 1], 0, 13, 5, 3)
(244, 680, 'or', [0, 1], 0, 11, 4, 3)
(244, 680, 'or', [0, 1], 0, 13, 5, 3)
(244, 681, 'parity', [0, 1], 0, 11, 4, 3)
(244, 681, 'parity', [0, 1], 0, 13, 5, 3)
(244, 681, 'or', [0, 1], 0, 11, 4, 3)
(244, 681, 'or', [0, 1], 0, 13, 5, 3)
(244, 682, 'parity', [0, 1], 0, 11, 4, 3)
(244, 682, 'parity', [0, 1], 0, 13, 5, 3)
(244, 682, 'or', [0, 1], 0, 11, 4, 3)
(244, 682, 'or', [0, 1], 0, 13, 5, 3)
(244, 683, 'parity', [1], 1, 11, 1, -1)
(244, 683, 'parity', [1], 1, 13, 1, -1)
(244, 683, 'parity', [0, 1], 0, 11, 4, 3)
(244, 683, 'parity', [0, 1], 0, 13, 5, 3)
(244, 683, 'or', [1], 1, 11, 1, -1)
(244, 683, 'or', [1], 1, 13, 1, -1)
(244, 683, 'or', [0, 1], 0, 11, 4, 3)
(244, 683, 'or', [0, 1], 0, 13, 5, 3)
(244, 695, 'parity', [1], 1, 11, 2, -1)
(244, 695, 'parity', [1], 1, 13, 2, -1)
(244, 695, 'or', [1], 1, 11, 2, -1)
(244, 695, 'or', [1], 1, 13, 2, -1)
(244, 701, 'parity', [1], 1, 11, 2, -1)
(244, 701, 'parity', [1], 1, 13, 2, -1)
(244, 701, 'or', [1], 1, 11, 2, -1)
(244, 701, 'or', [1], 1, 13, 2, -1)
(244, 713, 'parity', [0], 2, 11, 4, 3)
(244, 713, 'parity', [0], 2, 13, 5, 3)
(244, 713, 'or', [0], 2, 11, 4, 3)
(244, 713, 'or', [0], 2, 13, 5, 3)
(244, 716, 'parity', [0], 2, 11, 4, 3)
(244, 716, 'parity', [0], 2, 13, 5, 3)
(244, 716, 'or', [0], 2, 11, 4, 3)
(244, 716, 'or', [0], 2, 13, 5, 3)
(244, 751, 'parity', [1], 1, 11, 1, -1)
(244, 751, 'parity', [1], 1, 13, 1, -1)
(244, 751, 'or', [1], 1, 11, 1, -1)
(244, 751, 'or', [1], 1, 13, 1, -1)
(246, 315, 'parity', [0, 1], 0, 11, 4, 3)
(246, 315, 'parity', [0, 1], 0, 13, 5, 3)
(246, 315, 'or', [0, 1], 0, 11, 4, 3)
(246, 315, 'or', [0, 1], 0, 13, 5, 3)
(246, 316, 'parity', [0, 1], 0, 11, 4, 3)
(246, 316, 'parity', [0, 1], 0, 13, 5, 3)
(246, 316, 'or', [0, 1], 0, 11, 4, 3)
(246, 316, 'or', [0, 1], 0, 13, 5, 3)
(246, 317, 'parity', [0, 1], 0, 11, 4, 3)
(246, 317, 'parity', [0, 1], 0, 13, 5, 3)
(246, 317, 'or', [0, 1], 0, 11, 4, 3)
(246, 317, 'or', [0, 1], 0, 13, 5, 3)
(246, 318, 'parity', [0, 1], 0, 11, 4, 3)
(246, 318, 'parity', [0, 1], 0, 13, 5, 3)
(246, 318, 'or', [0, 1], 0, 11, 4, 3)
(246, 318, 'or', [0, 1], 0, 13, 5, 3)
(246, 319, 'parity', [0, 1], 0, 11, 4, 3)
(246, 319, 'parity', [0, 1], 0, 13, 5, 3)
(246, 319, 'or', [0, 1], 0, 11, 4, 3)
(246, 319, 'or', [0, 1], 0, 13, 5, 3)
(246, 320, 'parity', [0, 1], 0, 11, 4, 3)
(246, 320, 'parity', [0, 1], 0, 13, 5, 3)
(246, 320, 'or', [0, 1], 0, 11, 4, 3)
(246, 320, 'or', [0, 1], 0, 13, 5, 3)
(246, 321, 'parity', [0, 1], 0, 11, 4, 3)
(246, 321, 'parity', [0, 1], 0, 13, 5, 3)
(246, 321, 'or', [0, 1], 0, 11, 4, 3)
(246, 321, 'or', [0, 1], 0, 13, 5, 3)
(246, 322, 'parity', [0, 1], 0, 11, 4, 3)
(246, 322, 'parity', [0, 1], 0, 13, 5, 3)
(246, 322, 'or', [0, 1], 0, 11, 4, 3)
(246, 322, 'or', [0, 1], 0, 13, 5, 3)
(246, 323, 'parity', [0, 1], 0, 11, 4, 3)
(246, 323, 'parity', [0, 1], 0, 13, 5, 3)
(246, 323, 'or', [0, 1], 0, 11, 4, 3)
(246, 323, 'or', [0, 1], 0, 13, 5, 3)
(246, 351, 'parity', [0, 1], 0, 11, 4, 3)
(246, 351, 'parity', [0, 1], 0, 13, 5, 3)
(246, 351, 'or', [0, 1], 0, 11, 4, 3)
(246, 351, 'or', [0, 1], 0, 13, 5, 3)
(246, 352, 'parity', [0, 1], 0, 11, 4, 3)
(246, 352, 'parity', [0, 1], 0, 13, 5, 3)
(246, 352, 'or', [0, 1], 0, 11, 4, 3)
(246, 352, 'or', [0, 1], 0, 13, 5, 3)
(246, 353, 'parity', [0, 1], 0, 11, 4, 3)
(246, 353, 'parity', [0, 1], 0, 13, 5, 3)
(246, 353, 'or', [0, 1], 0, 11, 4, 3)
(246, 353, 'or', [0, 1], 0, 13, 5, 3)
(246, 354, 'parity', [0, 1], 0, 11, 4, 3)
(246, 354, 'parity', [0, 1], 0, 13, 5, 3)
(246, 354, 'or', [0, 1], 0, 11, 4, 3)
(246, 354, 'or', [0, 1], 0, 13, 5, 3)
(246, 355, 'parity', [0, 1], 0, 11, 4, 3)
(246, 355, 'parity', [0, 1], 0, 13, 5, 3)
(246, 355, 'or', [0, 1], 0, 11, 4, 3)
(246, 355, 'or', [0, 1], 0, 13, 5, 3)
(246, 356, 'parity', [0, 1], 0, 11, 4, 3)
(246, 356, 'parity', [0, 1], 0, 13, 5, 3)
(246, 356, 'or', [0, 1], 0, 11, 4, 3)
(246, 356, 'or', [0, 1], 0, 13, 5, 3)
(246, 357, 'parity', [0, 1], 0, 11, 4, 3)
(246, 357, 'parity', [0, 1], 0, 13, 5, 3)
(246, 357, 'or', [0, 1], 0, 11, 4, 3)
(246, 357, 'or', [0, 1], 0, 13, 5, 3)
(246, 358, 'parity', [0, 1], 0, 11, 4, 3)
(246, 358, 'parity', [0, 1], 0, 13, 5, 3)
(246, 358, 'or', [0, 1], 0, 11, 4, 3)
(246, 358, 'or', [0, 1], 0, 13, 5, 3)
(246, 359, 'parity', [0, 1], 0, 11, 4, 3)
(246, 359, 'parity', [0, 1], 0, 13, 5, 3)
(246, 359, 'or', [0, 1], 0, 11, 4, 3)
(246, 359, 'or', [0, 1], 0, 13, 5, 3)
(245, 639, 'parity', [0, 1], 0, 11, 4, 3)
(245, 639, 'parity', [0, 1], 0, 13, 5, 3)
(245, 639, 'or', [0, 1], 0, 11, 4, 3)
(245, 639, 'or', [0, 1], 0, 13, 5, 3)
(245, 640, 'parity', [0, 1], 0, 11, 4, 3)
(245, 640, 'parity', [0, 1], 0, 13, 5, 3)
(245, 640, 'or', [0, 1], 0, 11, 4, 3)
(245, 640, 'or', [0, 1], 0, 13, 5, 3)
(245, 641, 'parity', [0, 1], 0, 11, 4, 3)
(245, 641, 'parity', [0, 1], 0, 13, 5, 3)
(245, 641, 'or', [0, 1], 0, 11, 4, 3)
(245, 641, 'or', [0, 1], 0, 13, 5, 3)
(245, 642, 'parity', [0, 1], 0, 11, 4, 3)
(245, 642, 'parity', [0, 1], 0, 13, 5, 3)
(245, 642, 'or', [0, 1], 0, 11, 4, 3)
(245, 642, 'or', [0, 1], 0, 13, 5, 3)
(245, 643, 'parity', [0, 1], 0, 11, 4, 3)
(245, 643, 'parity', [0, 1], 0, 13, 5, 3)
(245, 643, 'or', [0, 1], 0, 11, 4, 3)
(245, 643, 'or', [0, 1], 0, 13, 5, 3)
(245, 644, 'parity', [0, 1], 0, 11, 4, 3)
(245, 644, 'parity', [0, 1], 0, 13, 5, 3)
(245, 644, 'or', [0, 1], 0, 11, 4, 3)
(245, 644, 'or', [0, 1], 0, 13, 5, 3)
(245, 645, 'parity', [0, 1], 0, 11, 4, 3)
(245, 645, 'parity', [0, 1], 0, 13, 5, 3)
(245, 645, 'or', [0, 1], 0, 11, 4, 3)
(245, 645, 'or', [0, 1], 0, 13, 5, 3)
(245, 646, 'parity', [0, 1], 0, 11, 4, 3)
(245, 646, 'parity', [0, 1], 0, 13, 5, 3)
(245, 646, 'or', [0, 1], 0, 11, 4, 3)
(245, 646, 'or', [0, 1], 0, 13, 5, 3)
(245, 647, 'parity', [0, 1], 0, 11, 4, 3)
(245, 647, 'parity', [0, 1], 0, 13, 5, 3)
(245, 647, 'or', [0, 1], 0, 11, 4, 3)
(245, 647, 'or', [0, 1], 0, 13, 5, 3)
(245, 675, 'parity', [0, 1], 0, 11, 4, 3)
(245, 675, 'parity', [0, 1], 0, 13, 5, 3)
(245, 675, 'or', [0, 1], 0, 11, 4, 3)
(245, 675, 'or', [0, 1], 0, 13, 5, 3)
(245, 676, 'parity', [0, 1], 0, 11, 4, 3)
(245, 676, 'parity', [0, 1], 0, 13, 5, 3)
(245, 676, 'or', [0, 1], 0, 11, 4, 3)
(245, 676, 'or', [0, 1], 0, 13, 5, 3)
(245, 677, 'parity', [0, 1], 0, 11, 4, 3)
(245, 677, 'parity', [0, 1], 0, 13, 5, 3)
(245, 677, 'or', [0, 1], 0, 11, 4, 3)
(245, 677, 'or', [0, 1], 0, 13, 5, 3)
(245, 678, 'parity', [0, 1], 0, 11, 4, 3)
(245, 678, 'parity', [0, 1], 0, 13, 5, 3)
(245, 678, 'or', [0, 1], 0, 11, 4, 3)
(245, 678, 'or', [0, 1], 0, 13, 5, 3)
(245, 679, 'parity', [0, 1], 0, 11, 4, 3)
(245, 679, 'parity', [0, 1], 0, 13, 5, 3)
(245, 679, 'or', [0, 1], 0, 11, 4, 3)
(245, 679, 'or', [0, 1], 0, 13, 5, 3)
(245, 680, 'parity', [0, 1], 0, 11, 4, 3)
(245, 680, 'parity', [0, 1], 0, 13, 5, 3)
(245, 680, 'or', [0, 1], 0, 11, 4, 3)
(245, 680, 'or', [0, 1], 0, 13, 5, 3)
(245, 681, 'parity', [0, 1], 0, 11, 4, 3)
(245, 681, 'parity', [0, 1], 0, 13, 5, 3)
(245, 681, 'or', [0, 1], 0, 11, 4, 3)
(245, 681, 'or', [0, 1], 0, 13, 5, 3)
(245, 682, 'parity', [0, 1], 0, 11, 4, 3)
(245, 682, 'parity', [0, 1], 0, 13, 5, 3)
(245, 682, 'or', [0, 1], 0, 11, 4, 3)
(245, 682, 'or', [0, 1], 0, 13, 5, 3)
(245, 683, 'parity', [0, 1], 0, 11, 4, 3)
(245, 683, 'parity', [0, 1], 0, 13, 5, 3)
(245, 683, 'or', [0, 1], 0, 11, 4, 3)
(245, 683, 'or', [0, 1], 0, 13, 5, 3)
(246, 639, 'parity', [0, 1], 0, 11, 4, 3)
(246, 639, 'parity', [0, 1], 0, 13, 5, 3)
(246, 639, 'or', [0, 1], 0, 11, 4, 3)
(246, 639, 'or', [0, 1], 0, 13, 5, 3)
(246, 640, 'parity', [0, 1], 0, 11, 4, 3)
(246, 640, 'parity', [0, 1], 0, 13, 5, 3)
(246, 640, 'or', [0, 1], 0, 11, 4, 3)
(246, 640, 'or', [0, 1], 0, 13, 5, 3)
(246, 641, 'parity', [0, 1], 0, 11, 4, 3)
(246, 641, 'parity', [0, 1], 0, 13, 5, 3)
(246, 641, 'or', [0, 1], 0, 11, 4, 3)
(246, 641, 'or', [0, 1], 0, 13, 5, 3)
(246, 642, 'parity', [0, 1], 0, 11, 4, 3)
(246, 642, 'parity', [0, 1], 0, 13, 5, 3)
(246, 642, 'or', [0, 1], 0, 11, 4, 3)
(246, 642, 'or', [0, 1], 0, 13, 5, 3)
(246, 643, 'parity', [0, 1], 0, 11, 4, 3)
(246, 643, 'parity', [0, 1], 0, 13, 5, 3)
(246, 643, 'or', [0, 1], 0, 11, 4, 3)
(246, 643, 'or', [0, 1], 0, 13, 5, 3)
(246, 644, 'parity', [0, 1], 0, 11, 4, 3)
(246, 644, 'parity', [0, 1], 0, 13, 5, 3)
(246, 644, 'or', [0, 1], 0, 11, 4, 3)
(246, 644, 'or', [0, 1], 0, 13, 5, 3)
(246, 645, 'parity', [0, 1], 0, 11, 4, 3)
(246, 645, 'parity', [0, 1], 0, 13, 5, 3)
(246, 645, 'or', [0, 1], 0, 11, 4, 3)
(246, 645, 'or', [0, 1], 0, 13, 5, 3)
(246, 646, 'parity', [0, 1], 0, 11, 4, 3)
(246, 646, 'parity', [0, 1], 0, 13, 5, 3)
(246, 646, 'or', [0, 1], 0, 11, 4, 3)
(246, 646, 'or', [0, 1], 0, 13, 5, 3)
(246, 647, 'parity', [0, 1], 0, 11, 4, 3)
(246, 647, 'parity', [0, 1], 0, 13, 5, 3)
(246, 647, 'or', [0, 1], 0, 11, 4, 3)
(246, 647, 'or', [0, 1], 0, 13, 5, 3)
(246, 675, 'parity', [0, 1], 0, 11, 4, 3)
(246, 675, 'parity', [0, 1], 0, 13, 5, 3)
(246, 675, 'or', [0, 1], 0, 11, 4, 3)
(246, 675, 'or', [0, 1], 0, 13, 5, 3)
(246, 676, 'parity', [0, 1], 0, 11, 4, 3)
(246, 676, 'parity', [0, 1], 0, 13, 5, 3)
(246, 676, 'or', [0, 1], 0, 11, 4, 3)
(246, 676, 'or', [0, 1], 0, 13, 5, 3)
(246, 677, 'parity', [0, 1], 0, 11, 4, 3)
(246, 677, 'parity', [0, 1], 0, 13, 5, 3)
(246, 677, 'or', [0, 1], 0, 11, 4, 3)
(246, 677, 'or', [0, 1], 0, 13, 5, 3)
(246, 678, 'parity', [0, 1], 0, 11, 4, 3)
(246, 678, 'parity', [0, 1], 0, 13, 5, 3)
(246, 678, 'or', [0, 1], 0, 11, 4, 3)
(246, 678, 'or', [0, 1], 0, 13, 5, 3)
(246, 679, 'parity', [0, 1], 0, 11, 4, 3)
(246, 679, 'parity', [0, 1], 0, 13, 5, 3)
(246, 679, 'or', [0, 1], 0, 11, 4, 3)
(246, 679, 'or', [0, 1], 0, 13, 5, 3)
(246, 680, 'parity', [0, 1], 0, 11, 4, 3)
(246, 680, 'parity', [0, 1], 0, 13, 5, 3)
(246, 680, 'or', [0, 1], 0, 11, 4, 3)
(246, 680, 'or', [0, 1], 0, 13, 5, 3)
(246, 681, 'parity', [0, 1], 0, 11, 4, 3)
(246, 681, 'parity', [0, 1], 0, 13, 5, 3)
(246, 681, 'or', [0, 1], 0, 11, 4, 3)
(246, 681, 'or', [0, 1], 0, 13, 5, 3)
(246, 682, 'parity', [0, 1], 0, 11, 4, 3)
(246, 682, 'parity', [0, 1], 0, 13, 5, 3)
(246, 682, 'or', [0, 1], 0, 11, 4, 3)
(246, 682, 'or', [0, 1], 0, 13, 5, 3)
(246, 683, 'parity', [0, 1], 0, 11, 4, 3)
(246, 683, 'parity', [0, 1], 0, 13, 5, 3)
(246, 683, 'or', [0, 1], 0, 11, 4, 3)
(246, 683, 'or', [0, 1], 0, 13, 5, 3)
(247, 281, 'parity', [0], 2, 11, 4, 3)
(247, 281, 'parity', [0], 2, 13, 5, 3)
(247, 281, 'or', [0], 2, 11, 4, 3)
(247, 281, 'or', [0], 2, 13, 5, 3)
(247, 284, 'parity', [0], 2, 11, 4, 3)
(247, 284, 'parity', [0], 2, 13, 5, 3)
(247, 284, 'or', [0], 2, 11, 4, 3)
(247, 284, 'or', [0], 2, 13, 5, 3)
(247, 315, 'parity', [0, 1], 0, 11, 4, 3)
(247, 315, 'parity', [0, 1], 0, 13, 5, 3)
(247, 315, 'or', [0, 1], 0, 11, 4, 3)
(247, 315, 'or', [0, 1], 0, 13, 5, 3)
(247, 316, 'parity', [0, 1], 0, 11, 4, 3)
(247, 316, 'parity', [0, 1], 0, 13, 5, 3)
(247, 316, 'or', [0, 1], 0, 11, 4, 3)
(247, 316, 'or', [0, 1], 0, 13, 5, 3)
(247, 317, 'parity', [0, 1], 0, 11, 4, 3)
(247, 317, 'parity', [0, 1], 0, 13, 5, 3)
(247, 317, 'or', [0, 1], 0, 11, 4, 3)
(247, 317, 'or', [0, 1], 0, 13, 5, 3)
(247, 318, 'parity', [0, 1], 0, 11, 4, 3)
(247, 318, 'parity', [0, 1], 0, 13, 5, 3)
(247, 318, 'or', [0, 1], 0, 11, 4, 3)
(247, 318, 'or', [0, 1], 0, 13, 5, 3)
(247, 319, 'parity', [0, 1], 0, 11, 4, 3)
(247, 319, 'parity', [0, 1], 0, 13, 5, 3)
(247, 319, 'or', [0, 1], 0, 11, 4, 3)
(247, 319, 'or', [0, 1], 0, 13, 5, 3)
(247, 320, 'parity', [0, 1], 0, 11, 4, 3)
(247, 320, 'parity', [0, 1], 0, 13, 5, 3)
(247, 320, 'or', [0, 1], 0, 11, 4, 3)
(247, 320, 'or', [0, 1], 0, 13, 5, 3)
(247, 321, 'parity', [0, 1], 0, 11, 4, 3)
(247, 321, 'parity', [0, 1], 0, 13, 5, 3)
(247, 321, 'or', [0, 1], 0, 11, 4, 3)
(247, 321, 'or', [0, 1], 0, 13, 5, 3)
(247, 322, 'parity', [0, 1], 0, 11, 4, 3)
(247, 322, 'parity', [0, 1], 0, 13, 5, 3)
(247, 322, 'or', [0, 1], 0, 11, 4, 3)
(247, 322, 'or', [0, 1], 0, 13, 5, 3)
(247, 323, 'parity', [0, 1], 0, 11, 4, 3)
(247, 323, 'parity', [0, 1], 0, 13, 5, 3)
(247, 323, 'or', [0, 1], 0, 11, 4, 3)
(247, 323, 'or', [0, 1], 0, 13, 5, 3)
(248, 315, 'parity', [0, 1], 0, 11, 4, 3)
(248, 315, 'parity', [0, 1], 0, 13, 5, 3)
(248, 315, 'or', [0, 1], 0, 11, 4, 3)
(248, 315, 'or', [0, 1], 0, 13, 5, 3)
(248, 316, 'parity', [0, 1], 0, 11, 4, 3)
(248, 316, 'parity', [0, 1], 0, 13, 5, 3)
(248, 316, 'or', [0, 1], 0, 11, 4, 3)
(248, 316, 'or', [0, 1], 0, 13, 5, 3)
(248, 317, 'parity', [0, 1], 0, 11, 4, 3)
(248, 317, 'parity', [0, 1], 0, 13, 5, 3)
(248, 317, 'or', [0, 1], 0, 11, 4, 3)
(248, 317, 'or', [0, 1], 0, 13, 5, 3)
(248, 318, 'parity', [0, 1], 0, 11, 4, 3)
(248, 318, 'parity', [0, 1], 0, 13, 5, 3)
(248, 318, 'or', [0, 1], 0, 11, 4, 3)
(248, 318, 'or', [0, 1], 0, 13, 5, 3)
(248, 319, 'parity', [0, 1], 0, 11, 4, 3)
(248, 319, 'parity', [0, 1], 0, 13, 5, 3)
(248, 319, 'or', [0, 1], 0, 11, 4, 3)
(248, 319, 'or', [0, 1], 0, 13, 5, 3)
(248, 320, 'parity', [0, 1], 0, 11, 4, 3)
(248, 320, 'parity', [0, 1], 0, 13, 5, 3)
(248, 320, 'or', [0, 1], 0, 11, 4, 3)
(248, 320, 'or', [0, 1], 0, 13, 5, 3)
(248, 321, 'parity', [0, 1], 0, 11, 4, 3)
(248, 321, 'parity', [0, 1], 0, 13, 5, 3)
(248, 321, 'or', [0, 1], 0, 11, 4, 3)
(248, 321, 'or', [0, 1], 0, 13, 5, 3)
(248, 322, 'parity', [0, 1], 0, 11, 4, 3)
(248, 322, 'parity', [0, 1], 0, 13, 5, 3)
(248, 322, 'or', [0, 1], 0, 11, 4, 3)
(248, 322, 'or', [0, 1], 0, 13, 5, 3)
(248, 323, 'parity', [0, 1], 0, 11, 4, 3)
(248, 323, 'parity', [0, 1], 0, 13, 5, 3)
(248, 323, 'or', [0, 1], 0, 11, 4, 3)
(248, 323, 'or', [0, 1], 0, 13, 5, 3)
(248, 351, 'parity', [0, 1], 0, 11, 4, 3)
(248, 351, 'parity', [0, 1], 0, 13, 5, 3)
(248, 351, 'or', [0, 1], 0, 11, 4, 3)
(248, 351, 'or', [0, 1], 0, 13, 5, 3)
(248, 352, 'parity', [0, 1], 0, 11, 4, 3)
(248, 352, 'parity', [0, 1], 0, 13, 5, 3)
(248, 352, 'or', [0, 1], 0, 11, 4, 3)
(248, 352, 'or', [0, 1], 0, 13, 5, 3)
(248, 353, 'parity', [0, 1], 0, 11, 4, 3)
(248, 353, 'parity', [0, 1], 0, 13, 5, 3)
(248, 353, 'or', [0, 1], 0, 11, 4, 3)
(248, 353, 'or', [0, 1], 0, 13, 5, 3)
(248, 354, 'parity', [0, 1], 0, 11, 4, 3)
(248, 354, 'parity', [0, 1], 0, 13, 5, 3)
(248, 354, 'or', [0, 1], 0, 11, 4, 3)
(248, 354, 'or', [0, 1], 0, 13, 5, 3)
(248, 355, 'parity', [0, 1], 0, 11, 4, 3)
(248, 355, 'parity', [0, 1], 0, 13, 5, 3)
(248, 355, 'or', [0, 1], 0, 11, 4, 3)
(248, 355, 'or', [0, 1], 0, 13, 5, 3)
(248, 356, 'parity', [0, 1], 0, 11, 4, 3)
(248, 356, 'parity', [0, 1], 0, 13, 5, 3)
(248, 356, 'or', [0, 1], 0, 11, 4, 3)
(248, 356, 'or', [0, 1], 0, 13, 5, 3)
(248, 357, 'parity', [0, 1], 0, 11, 4, 3)
(248, 357, 'parity', [0, 1], 0, 13, 5, 3)
(248, 357, 'or', [0, 1], 0, 11, 4, 3)
(248, 357, 'or', [0, 1], 0, 13, 5, 3)
(248, 358, 'parity', [0, 1], 0, 11, 4, 3)
(248, 358, 'parity', [0, 1], 0, 13, 5, 3)
(248, 358, 'or', [0, 1], 0, 11, 4, 3)
(248, 358, 'or', [0, 1], 0, 13, 5, 3)
(248, 359, 'parity', [0, 1], 0, 11, 4, 3)
(248, 359, 'parity', [0, 1], 0, 13, 5, 3)
(248, 359, 'or', [0, 1], 0, 11, 4, 3)
(248, 359, 'or', [0, 1], 0, 13, 5, 3)
(248, 639, 'parity', [0, 1], 0, 11, 4, 3)
(248, 639, 'parity', [0, 1], 0, 13, 5, 3)
(248, 639, 'or', [0, 1], 0, 11, 4, 3)
(248, 639, 'or', [0, 1], 0, 13, 5, 3)
(248, 640, 'parity', [0, 1], 0, 11, 4, 3)
(248, 640, 'parity', [0, 1], 0, 13, 5, 3)
(248, 640, 'or', [0, 1], 0, 11, 4, 3)
(248, 640, 'or', [0, 1], 0, 13, 5, 3)
(248, 641, 'parity', [0, 1], 0, 11, 4, 3)
(248, 641, 'parity', [0, 1], 0, 13, 5, 3)
(248, 641, 'or', [0, 1], 0, 11, 4, 3)
(248, 641, 'or', [0, 1], 0, 13, 5, 3)
(248, 642, 'parity', [0, 1], 0, 11, 4, 3)
(248, 642, 'parity', [0, 1], 0, 13, 5, 3)
(248, 642, 'or', [0, 1], 0, 11, 4, 3)
(248, 642, 'or', [0, 1], 0, 13, 5, 3)
(248, 643, 'parity', [0, 1], 0, 11, 4, 3)
(248, 643, 'parity', [0, 1], 0, 13, 5, 3)
(248, 643, 'or', [0, 1], 0, 11, 4, 3)
(248, 643, 'or', [0, 1], 0, 13, 5, 3)
(248, 644, 'parity', [0, 1], 0, 11, 4, 3)
(248, 644, 'parity', [0, 1], 0, 13, 5, 3)
(248, 644, 'or', [0, 1], 0, 11, 4, 3)
(248, 644, 'or', [0, 1], 0, 13, 5, 3)
(248, 645, 'parity', [0, 1], 0, 11, 4, 3)
(248, 645, 'parity', [0, 1], 0, 13, 5, 3)
(248, 645, 'or', [0, 1], 0, 11, 4, 3)
(248, 645, 'or', [0, 1], 0, 13, 5, 3)
(248, 646, 'parity', [0, 1], 0, 11, 4, 3)
(248, 646, 'parity', [0, 1], 0, 13, 5, 3)
(248, 646, 'or', [0, 1], 0, 11, 4, 3)
(248, 646, 'or', [0, 1], 0, 13, 5, 3)
(248, 647, 'parity', [0, 1], 0, 11, 4, 3)
(248, 647, 'parity', [0, 1], 0, 13, 5, 3)
(248, 647, 'or', [0, 1], 0, 11, 4, 3)
(248, 647, 'or', [0, 1], 0, 13, 5, 3)
(247, 351, 'parity', [0, 1], 0, 11, 4, 3)
(247, 351, 'parity', [0, 1], 0, 13, 5, 3)
(247, 351, 'or', [0, 1], 0, 11, 4, 3)
(247, 351, 'or', [0, 1], 0, 13, 5, 3)
(247, 352, 'parity', [0, 1], 0, 11, 4, 3)
(247, 352, 'parity', [0, 1], 0, 13, 5, 3)
(247, 352, 'or', [0, 1], 0, 11, 4, 3)
(247, 352, 'or', [0, 1], 0, 13, 5, 3)
(247, 353, 'parity', [0, 1], 0, 11, 4, 3)
(247, 353, 'parity', [0, 1], 0, 13, 5, 3)
(247, 353, 'or', [0, 1], 0, 11, 4, 3)
(247, 353, 'or', [0, 1], 0, 13, 5, 3)
(247, 354, 'parity', [0, 1], 0, 11, 4, 3)
(247, 354, 'parity', [0, 1], 0, 13, 5, 3)
(247, 354, 'or', [0, 1], 0, 11, 4, 3)
(247, 354, 'or', [0, 1], 0, 13, 5, 3)
(247, 355, 'parity', [0, 1], 0, 11, 4, 3)
(247, 355, 'parity', [0, 1], 0, 13, 5, 3)
(247, 355, 'or', [0, 1], 0, 11, 4, 3)
(247, 355, 'or', [0, 1], 0, 13, 5, 3)
(247, 356, 'parity', [0, 1], 0, 11, 4, 3)
(247, 356, 'parity', [0, 1], 0, 13, 5, 3)
(247, 356, 'or', [0, 1], 0, 11, 4, 3)
(247, 356, 'or', [0, 1], 0, 13, 5, 3)
(247, 357, 'parity', [0, 1], 0, 11, 4, 3)
(247, 357, 'parity', [0, 1], 0, 13, 5, 3)
(247, 357, 'or', [0, 1], 0, 11, 4, 3)
(247, 357, 'or', [0, 1], 0, 13, 5, 3)
(247, 358, 'parity', [0, 1], 0, 11, 4, 3)
(247, 358, 'parity', [0, 1], 0, 13, 5, 3)
(247, 358, 'or', [0, 1], 0, 11, 4, 3)
(247, 358, 'or', [0, 1], 0, 13, 5, 3)
(247, 359, 'parity', [0, 1], 0, 11, 4, 3)
(247, 359, 'parity', [0, 1], 0, 13, 5, 3)
(247, 359, 'or', [0, 1], 0, 11, 4, 3)
(247, 359, 'or', [0, 1], 0, 13, 5, 3)
(247, 389, 'parity', [0], 2, 11, 4, 3)
(247, 389, 'parity', [0], 2, 13, 5, 3)
(247, 389, 'or', [0], 2, 11, 4, 3)
(247, 389, 'or', [0], 2, 13, 5, 3)
(247, 395, 'parity', [0], 2, 11, 4, 3)
(247, 395, 'parity', [0], 2, 13, 5, 3)
(247, 395, 'or', [0], 2, 11, 4, 3)
(247, 395, 'or', [0], 2, 13, 5, 3)
(247, 496, 'parity', [0], 2, 11, 4, 3)
(247, 496, 'parity', [0], 2, 13, 5, 3)
(247, 496, 'or', [0], 2, 11, 4, 3)
(247, 496, 'or', [0], 2, 13, 5, 3)
(247, 502, 'parity', [0], 2, 11, 4, 3)
(247, 502, 'parity', [0], 2, 13, 5, 3)
(247, 502, 'or', [0], 2, 11, 4, 3)
(247, 502, 'or', [0], 2, 13, 5, 3)
(248, 675, 'parity', [0, 1], 0, 11, 4, 3)
(248, 675, 'parity', [0, 1], 0, 13, 5, 3)
(248, 675, 'or', [0, 1], 0, 11, 4, 3)
(248, 675, 'or', [0, 1], 0, 13, 5, 3)
(248, 676, 'parity', [0, 1], 0, 11, 4, 3)
(248, 676, 'parity', [0, 1], 0, 13, 5, 3)
(248, 676, 'or', [0, 1], 0, 11, 4, 3)
(248, 676, 'or', [0, 1], 0, 13, 5, 3)
(248, 677, 'parity', [0, 1], 0, 11, 4, 3)
(248, 677, 'parity', [0, 1], 0, 13, 5, 3)
(248, 677, 'or', [0, 1], 0, 11, 4, 3)
(248, 677, 'or', [0, 1], 0, 13, 5, 3)
(248, 678, 'parity', [0, 1], 0, 11, 4, 3)
(248, 678, 'parity', [0, 1], 0, 13, 5, 3)
(248, 678, 'or', [0, 1], 0, 11, 4, 3)
(248, 678, 'or', [0, 1], 0, 13, 5, 3)
(248, 679, 'parity', [0, 1], 0, 11, 4, 3)
(248, 679, 'parity', [0, 1], 0, 13, 5, 3)
(248, 679, 'or', [0, 1], 0, 11, 4, 3)
(248, 679, 'or', [0, 1], 0, 13, 5, 3)
(248, 680, 'parity', [0, 1], 0, 11, 4, 3)
(248, 680, 'parity', [0, 1], 0, 13, 5, 3)
(248, 680, 'or', [0, 1], 0, 11, 4, 3)
(248, 680, 'or', [0, 1], 0, 13, 5, 3)
(248, 681, 'parity', [0, 1], 0, 11, 4, 3)
(248, 681, 'parity', [0, 1], 0, 13, 5, 3)
(248, 681, 'or', [0, 1], 0, 11, 4, 3)
(248, 681, 'or', [0, 1], 0, 13, 5, 3)
(248, 682, 'parity', [0, 1], 0, 11, 4, 3)
(248, 682, 'parity', [0, 1], 0, 13, 5, 3)
(248, 682, 'or', [0, 1], 0, 11, 4, 3)
(248, 682, 'or', [0, 1], 0, 13, 5, 3)
(248, 683, 'parity', [0, 1], 0, 11, 4, 3)
(248, 683, 'parity', [0, 1], 0, 13, 5, 3)
(248, 683, 'or', [0, 1], 0, 11, 4, 3)
(248, 683, 'or', [0, 1], 0, 13, 5, 3)
(249, 315, 'parity', [0, 1], 0, 11, 4, 3)
(249, 315, 'parity', [0, 1], 0, 13, 5, 3)
(249, 315, 'or', [0, 1], 0, 11, 4, 3)
(249, 315, 'or', [0, 1], 0, 13, 5, 3)
(249, 316, 'parity', [0, 1], 0, 11, 4, 3)
(249, 316, 'parity', [0, 1], 0, 13, 5, 3)
(249, 316, 'or', [0, 1], 0, 11, 4, 3)
(249, 316, 'or', [0, 1], 0, 13, 5, 3)
(249, 317, 'parity', [0, 1], 0, 11, 4, 3)
(249, 317, 'parity', [0, 1], 0, 13, 5, 3)
(249, 317, 'or', [0, 1], 0, 11, 4, 3)
(249, 317, 'or', [0, 1], 0, 13, 5, 3)
(249, 318, 'parity', [0, 1], 0, 11, 4, 3)
(249, 318, 'parity', [0, 1], 0, 13, 5, 3)
(249, 318, 'or', [0, 1], 0, 11, 4, 3)
(249, 318, 'or', [0, 1], 0, 13, 5, 3)
(249, 319, 'parity', [0, 1], 0, 11, 4, 3)
(249, 319, 'parity', [0, 1], 0, 13, 5, 3)
(249, 319, 'or', [0, 1], 0, 11, 4, 3)
(249, 319, 'or', [0, 1], 0, 13, 5, 3)
(249, 320, 'parity', [0, 1], 0, 11, 4, 3)
(249, 320, 'parity', [0, 1], 0, 13, 5, 3)
(249, 320, 'or', [0, 1], 0, 11, 4, 3)
(249, 320, 'or', [0, 1], 0, 13, 5, 3)
(249, 321, 'parity', [0, 1], 0, 11, 4, 3)
(249, 321, 'parity', [0, 1], 0, 13, 5, 3)
(249, 321, 'or', [0, 1], 0, 11, 4, 3)
(249, 321, 'or', [0, 1], 0, 13, 5, 3)
(249, 322, 'parity', [0, 1], 0, 11, 4, 3)
(249, 322, 'parity', [0, 1], 0, 13, 5, 3)
(249, 322, 'or', [0, 1], 0, 11, 4, 3)
(249, 322, 'or', [0, 1], 0, 13, 5, 3)
(249, 323, 'parity', [0, 1], 0, 11, 4, 3)
(249, 323, 'parity', [0, 1], 0, 13, 5, 3)
(249, 323, 'or', [0, 1], 0, 11, 4, 3)
(249, 323, 'or', [0, 1], 0, 13, 5, 3)
(249, 351, 'parity', [0, 1], 0, 11, 4, 3)
(249, 351, 'parity', [0, 1], 0, 13, 5, 3)
(249, 351, 'or', [0, 1], 0, 11, 4, 3)
(249, 351, 'or', [0, 1], 0, 13, 5, 3)
(249, 352, 'parity', [0, 1], 0, 11, 4, 3)
(249, 352, 'parity', [0, 1], 0, 13, 5, 3)
(249, 352, 'or', [0, 1], 0, 11, 4, 3)
(249, 352, 'or', [0, 1], 0, 13, 5, 3)
(249, 353, 'parity', [0, 1], 0, 11, 4, 3)
(249, 353, 'parity', [0, 1], 0, 13, 5, 3)
(249, 353, 'or', [0, 1], 0, 11, 4, 3)
(249, 353, 'or', [0, 1], 0, 13, 5, 3)
(249, 354, 'parity', [0, 1], 0, 11, 4, 3)
(249, 354, 'parity', [0, 1], 0, 13, 5, 3)
(249, 354, 'or', [0, 1], 0, 11, 4, 3)
(249, 354, 'or', [0, 1], 0, 13, 5, 3)
(249, 355, 'parity', [0, 1], 0, 11, 4, 3)
(249, 355, 'parity', [0, 1], 0, 13, 5, 3)
(249, 355, 'or', [0, 1], 0, 11, 4, 3)
(249, 355, 'or', [0, 1], 0, 13, 5, 3)
(249, 356, 'parity', [0, 1], 0, 11, 4, 3)
(249, 356, 'parity', [0, 1], 0, 13, 5, 3)
(249, 356, 'or', [0, 1], 0, 11, 4, 3)
(249, 356, 'or', [0, 1], 0, 13, 5, 3)
(249, 357, 'parity', [0, 1], 0, 11, 4, 3)
(249, 357, 'parity', [0, 1], 0, 13, 5, 3)
(249, 357, 'or', [0, 1], 0, 11, 4, 3)
(249, 357, 'or', [0, 1], 0, 13, 5, 3)
(249, 358, 'parity', [0, 1], 0, 11, 4, 3)
(249, 358, 'parity', [0, 1], 0, 13, 5, 3)
(249, 358, 'or', [0, 1], 0, 11, 4, 3)
(249, 358, 'or', [0, 1], 0, 13, 5, 3)
(249, 359, 'parity', [0, 1], 0, 11, 4, 3)
(249, 359, 'parity', [0, 1], 0, 13, 5, 3)
(249, 359, 'or', [0, 1], 0, 11, 4, 3)
(249, 359, 'or', [0, 1], 0, 13, 5, 3)
(249, 639, 'parity', [0, 1], 0, 11, 4, 3)
(249, 639, 'parity', [0, 1], 0, 13, 5, 3)
(249, 639, 'or', [0, 1], 0, 11, 4, 3)
(249, 639, 'or', [0, 1], 0, 13, 5, 3)
(249, 640, 'parity', [0, 1], 0, 11, 4, 3)
(249, 640, 'parity', [0, 1], 0, 13, 5, 3)
(249, 640, 'or', [0, 1], 0, 11, 4, 3)
(249, 640, 'or', [0, 1], 0, 13, 5, 3)
(249, 641, 'parity', [0, 1], 0, 11, 4, 3)
(249, 641, 'parity', [0, 1], 0, 13, 5, 3)
(249, 641, 'or', [0, 1], 0, 11, 4, 3)
(249, 641, 'or', [0, 1], 0, 13, 5, 3)
(249, 642, 'parity', [0, 1], 0, 11, 4, 3)
(249, 642, 'parity', [0, 1], 0, 13, 5, 3)
(249, 642, 'or', [0, 1], 0, 11, 4, 3)
(249, 642, 'or', [0, 1], 0, 13, 5, 3)
(249, 643, 'parity', [0, 1], 0, 11, 4, 3)
(249, 643, 'parity', [0, 1], 0, 13, 5, 3)
(249, 643, 'or', [0, 1], 0, 11, 4, 3)
(249, 643, 'or', [0, 1], 0, 13, 5, 3)
(249, 644, 'parity', [0, 1], 0, 11, 4, 3)
(249, 644, 'parity', [0, 1], 0, 13, 5, 3)
(249, 644, 'or', [0, 1], 0, 11, 4, 3)
(249, 644, 'or', [0, 1], 0, 13, 5, 3)
(249, 645, 'parity', [0, 1], 0, 11, 4, 3)
(249, 645, 'parity', [0, 1], 0, 13, 5, 3)
(249, 645, 'or', [0, 1], 0, 11, 4, 3)
(249, 645, 'or', [0, 1], 0, 13, 5, 3)
(249, 646, 'parity', [0, 1], 0, 11, 4, 3)
(249, 646, 'parity', [0, 1], 0, 13, 5, 3)
(249, 646, 'or', [0, 1], 0, 11, 4, 3)
(249, 646, 'or', [0, 1], 0, 13, 5, 3)
(249, 647, 'parity', [0, 1], 0, 11, 4, 3)
(249, 647, 'parity', [0, 1], 0, 13, 5, 3)
(249, 647, 'or', [0, 1], 0, 11, 4, 3)
(249, 647, 'or', [0, 1], 0, 13, 5, 3)
(249, 675, 'parity', [0, 1], 0, 11, 4, 3)
(249, 675, 'parity', [0, 1], 0, 13, 5, 3)
(249, 675, 'or', [0, 1], 0, 11, 4, 3)
(249, 675, 'or', [0, 1], 0, 13, 5, 3)
(249, 676, 'parity', [0, 1], 0, 11, 4, 3)
(249, 676, 'parity', [0, 1], 0, 13, 5, 3)
(249, 676, 'or', [0, 1], 0, 11, 4, 3)
(249, 676, 'or', [0, 1], 0, 13, 5, 3)
(249, 677, 'parity', [0, 1], 0, 11, 4, 3)
(249, 677, 'parity', [0, 1], 0, 13, 5, 3)
(249, 677, 'or', [0, 1], 0, 11, 4, 3)
(249, 677, 'or', [0, 1], 0, 13, 5, 3)
(249, 678, 'parity', [0, 1], 0, 11, 4, 3)
(249, 678, 'parity', [0, 1], 0, 13, 5, 3)
(249, 678, 'or', [0, 1], 0, 11, 4, 3)
(249, 678, 'or', [0, 1], 0, 13, 5, 3)
(249, 679, 'parity', [0, 1], 0, 11, 4, 3)
(249, 679, 'parity', [0, 1], 0, 13, 5, 3)
(249, 679, 'or', [0, 1], 0, 11, 4, 3)
(249, 679, 'or', [0, 1], 0, 13, 5, 3)
(249, 680, 'parity', [0, 1], 0, 11, 4, 3)
(249, 680, 'parity', [0, 1], 0, 13, 5, 3)
(249, 680, 'or', [0, 1], 0, 11, 4, 3)
(249, 680, 'or', [0, 1], 0, 13, 5, 3)
(249, 681, 'parity', [0, 1], 0, 11, 4, 3)
(249, 681, 'parity', [0, 1], 0, 13, 5, 3)
(249, 681, 'or', [0, 1], 0, 11, 4, 3)
(249, 681, 'or', [0, 1], 0, 13, 5, 3)
(249, 682, 'parity', [0, 1], 0, 11, 4, 3)
(249, 682, 'parity', [0, 1], 0, 13, 5, 3)
(249, 682, 'or', [0, 1], 0, 11, 4, 3)
(249, 682, 'or', [0, 1], 0, 13, 5, 3)
(249, 683, 'parity', [0, 1], 0, 11, 4, 3)
(249, 683, 'parity', [0, 1], 0, 13, 5, 3)
(249, 683, 'or', [0, 1], 0, 11, 4, 3)
(249, 683, 'or', [0, 1], 0, 13, 5, 3)
(250, 247, 'parity', [1], 1, 11, 1, -1)
(250, 247, 'parity', [1], 1, 13, 1, -1)
(250, 247, 'or', [1], 1, 11, 1, -1)
(250, 247, 'or', [1], 1, 13, 1, -1)
(247, 605, 'parity', [0], 2, 11, 4, 3)
(247, 605, 'parity', [0], 2, 13, 5, 3)
(247, 605, 'or', [0], 2, 11, 4, 3)
(247, 605, 'or', [0], 2, 13, 5, 3)
(247, 611, 'parity', [0], 2, 11, 4, 3)
(247, 611, 'parity', [0], 2, 13, 5, 3)
(247, 611, 'or', [0], 2, 11, 4, 3)
(247, 611, 'or', [0], 2, 13, 5, 3)
(247, 639, 'parity', [0, 1], 0, 11, 4, 3)
(247, 639, 'parity', [0, 1], 0, 13, 5, 3)
(247, 639, 'or', [0, 1], 0, 11, 4, 3)
(247, 639, 'or', [0, 1], 0, 13, 5, 3)
(247, 640, 'parity', [0, 1], 0, 11, 4, 3)
(247, 640, 'parity', [0, 1], 0, 13, 5, 3)
(247, 640, 'or', [0, 1], 0, 11, 4, 3)
(247, 640, 'or', [0, 1], 0, 13, 5, 3)
(247, 641, 'parity', [0, 1], 0, 11, 4, 3)
(247, 641, 'parity', [0, 1], 0, 13, 5, 3)
(247, 641, 'or', [0, 1], 0, 11, 4, 3)
(247, 641, 'or', [0, 1], 0, 13, 5, 3)
(247, 642, 'parity', [0, 1], 0, 11, 4, 3)
(247, 642, 'parity', [0, 1], 0, 13, 5, 3)
(247, 642, 'or', [0, 1], 0, 11, 4, 3)
(247, 642, 'or', [0, 1], 0, 13, 5, 3)
(247, 643, 'parity', [0, 1], 0, 11, 4, 3)
(247, 643, 'parity', [0, 1], 0, 13, 5, 3)
(247, 643, 'or', [0, 1], 0, 11, 4, 3)
(247, 643, 'or', [0, 1], 0, 13, 5, 3)
(247, 644, 'parity', [0, 1], 0, 11, 4, 3)
(247, 644, 'parity', [0, 1], 0, 13, 5, 3)
(247, 644, 'or', [0, 1], 0, 11, 4, 3)
(247, 644, 'or', [0, 1], 0, 13, 5, 3)
(247, 645, 'parity', [0, 1], 0, 11, 4, 3)
(247, 645, 'parity', [0, 1], 0, 13, 5, 3)
(247, 645, 'or', [0, 1], 0, 11, 4, 3)
(247, 645, 'or', [0, 1], 0, 13, 5, 3)
(247, 646, 'parity', [0, 1], 0, 11, 4, 3)
(247, 646, 'parity', [0, 1], 0, 13, 5, 3)
(247, 646, 'or', [0, 1], 0, 11, 4, 3)
(247, 646, 'or', [0, 1], 0, 13, 5, 3)
(247, 647, 'parity', [0, 1], 0, 11, 4, 3)
(247, 647, 'parity', [0, 1], 0, 13, 5, 3)
(247, 647, 'or', [0, 1], 0, 11, 4, 3)
(247, 647, 'or', [0, 1], 0, 13, 5, 3)
(247, 675, 'parity', [0, 1], 0, 11, 4, 3)
(247, 675, 'parity', [0, 1], 0, 13, 5, 3)
(247, 675, 'or', [0, 1], 0, 11, 4, 3)
(247, 675, 'or', [0, 1], 0, 13, 5, 3)
(247, 676, 'parity', [0, 1], 0, 11, 4, 3)
(247, 676, 'parity', [0, 1], 0, 13, 5, 3)
(247, 676, 'or', [0, 1], 0, 11, 4, 3)
(247, 676, 'or', [0, 1], 0, 13, 5, 3)
(247, 677, 'parity', [0, 1], 0, 11, 4, 3)
(247, 677, 'parity', [0, 1], 0, 13, 5, 3)
(247, 677, 'or', [0, 1], 0, 11, 4, 3)
(247, 677, 'or', [0, 1], 0, 13, 5, 3)
(247, 678, 'parity', [0, 1], 0, 11, 4, 3)
(247, 678, 'parity', [0, 1], 0, 13, 5, 3)
(247, 678, 'or', [0, 1], 0, 11, 4, 3)
(247, 678, 'or', [0, 1], 0, 13, 5, 3)
(247, 679, 'parity', [0, 1], 0, 11, 4, 3)
(247, 679, 'parity', [0, 1], 0, 13, 5, 3)
(247, 679, 'or', [0, 1], 0, 11, 4, 3)
(247, 679, 'or', [0, 1], 0, 13, 5, 3)
(247, 680, 'parity', [0, 1], 0, 11, 4, 3)
(247, 680, 'parity', [0, 1], 0, 13, 5, 3)
(247, 680, 'or', [0, 1], 0, 11, 4, 3)
(247, 680, 'or', [0, 1], 0, 13, 5, 3)
(247, 681, 'parity', [0, 1], 0, 11, 4, 3)
(247, 681, 'parity', [0, 1], 0, 13, 5, 3)
(247, 681, 'or', [0, 1], 0, 11, 4, 3)
(247, 681, 'or', [0, 1], 0, 13, 5, 3)
(247, 682, 'parity', [0, 1], 0, 11, 4, 3)
(247, 682, 'parity', [0, 1], 0, 13, 5, 3)
(247, 682, 'or', [0, 1], 0, 11, 4, 3)
(247, 682, 'or', [0, 1], 0, 13, 5, 3)
(247, 683, 'parity', [0, 1], 0, 11, 4, 3)
(247, 683, 'parity', [0, 1], 0, 13, 5, 3)
(247, 683, 'or', [0, 1], 0, 11, 4, 3)
(247, 683, 'or', [0, 1], 0, 13, 5, 3)
(247, 713, 'parity', [0], 2, 11, 4, 3)
(247, 713, 'parity', [0], 2, 13, 5, 3)
(247, 713, 'or', [0], 2, 11, 4, 3)
(247, 713, 'or', [0], 2, 13, 5, 3)
(247, 716, 'parity', [0], 2, 11, 4, 3)
(247, 716, 'parity', [0], 2, 13, 5, 3)
(247, 716, 'or', [0], 2, 11, 4, 3)
(247, 716, 'or', [0], 2, 13, 5, 3)
(251, 431, 'parity', [0], 2, 11, 1, 1)
(251, 431, 'parity', [0], 2, 13, 1, 1)
(251, 431, 'or', [0], 2, 11, 1, 1)
(251, 431, 'or', [0], 2, 13, 1, 1)
(251, 460, 'parity', [0], 2, 11, 1, -1)
(251, 460, 'parity', [0], 2, 13, 1, -1)
(251, 460, 'or', [0], 2, 11, 1, -1)
(251, 460, 'or', [0], 2, 13, 1, -1)
(251, 466, 'parity', [0], 2, 11, 1, -1)
(251, 466, 'parity', [0], 2, 13, 1, -1)
(251, 466, 'or', [0], 2, 11, 1, -1)
(251, 466, 'or', [0], 2, 13, 1, -1)
(251, 532, 'parity', [0], 2, 11, 1, 1)
(251, 532, 'parity', [0], 2, 13, 1, 1)
(251, 532, 'or', [0], 2, 11, 1, 1)
(251, 532, 'or', [0], 2, 13, 1, 1)
(251, 538, 'parity', [0], 2, 11, 1, 1)
(251, 538, 'parity', [0], 2, 13, 1, 1)
(251, 538, 'or', [0], 2, 11, 1, 1)
(251, 538, 'or', [0], 2, 13, 1, 1)
(251, 569, 'parity', [0], 2, 11, 1, -1)
(251, 569, 'parity', [0], 2, 13, 1, -1)
(251, 569, 'or', [0], 2, 11, 1, -1)
(251, 569, 'or', [0], 2, 13, 1, -1)
(251, 575, 'parity', [0], 2, 11, 1, -1)
(251, 575, 'parity', [0], 2, 13, 1, -1)
(251, 575, 'or', [0], 2, 11, 1, -1)
(251, 575, 'or', [0], 2, 13, 1, -1)
(250, 315, 'parity', [0, 1], 0, 11, 4, 3)
(250, 315, 'parity', [0, 1], 0, 13, 5, 3)
(250, 315, 'or', [0, 1], 0, 11, 4, 3)
(250, 315, 'or', [0, 1], 0, 13, 5, 3)
(250, 316, 'parity', [0, 1], 0, 11, 4, 3)
(250, 316, 'parity', [0, 1], 0, 13, 5, 3)
(250, 316, 'or', [0, 1], 0, 11, 4, 3)
(250, 316, 'or', [0, 1], 0, 13, 5, 3)
(250, 317, 'parity', [1], 1, 11, 1, -1)
(250, 317, 'parity', [1], 1, 13, 1, -1)
(250, 317, 'parity', [0, 1], 0, 11, 4, 3)
(250, 317, 'parity', [0, 1], 0, 13, 5, 3)
(250, 317, 'or', [1], 1, 11, 1, -1)
(250, 317, 'or', [1], 1, 13, 1, -1)
(250, 317, 'or', [0, 1], 0, 11, 4, 3)
(250, 317, 'or', [0, 1], 0, 13, 5, 3)
(250, 318, 'parity', [0, 1], 0, 11, 4, 3)
(250, 318, 'parity', [0, 1], 0, 13, 5, 3)
(250, 318, 'or', [0, 1], 0, 11, 4, 3)
(250, 318, 'or', [0, 1], 0, 13, 5, 3)
(250, 319, 'parity', [0, 1], 0, 11, 4, 3)
(250, 319, 'parity', [0, 1], 0, 13, 5, 3)
(250, 319, 'or', [0, 1], 0, 11, 4, 3)
(250, 319, 'or', [0, 1], 0, 13, 5, 3)
(250, 320, 'parity', [0, 1], 0, 11, 4, 3)
(250, 320, 'parity', [0, 1], 0, 13, 5, 3)
(250, 320, 'or', [0, 1], 0, 11, 4, 3)
(250, 320, 'or', [0, 1], 0, 13, 5, 3)
(250, 321, 'parity', [0, 1], 0, 11, 4, 3)
(250, 321, 'parity', [0, 1], 0, 13, 5, 3)
(250, 321, 'or', [0, 1], 0, 11, 4, 3)
(250, 321, 'or', [0, 1], 0, 13, 5, 3)
(250, 322, 'parity', [0, 1], 0, 11, 4, 3)
(250, 322, 'parity', [0, 1], 0, 13, 5, 3)
(250, 322, 'or', [0, 1], 0, 11, 4, 3)
(250, 322, 'or', [0, 1], 0, 13, 5, 3)
(250, 323, 'parity', [1], 1, 11, 1, -1)
(250, 323, 'parity', [1], 1, 13, 1, -1)
(250, 323, 'parity', [0, 1], 0, 11, 4, 3)
(250, 323, 'parity', [0, 1], 0, 13, 5, 3)
(250, 323, 'or', [1], 1, 11, 1, -1)
(250, 323, 'or', [1], 1, 13, 1, -1)
(250, 323, 'or', [0, 1], 0, 11, 4, 3)
(250, 323, 'or', [0, 1], 0, 13, 5, 3)
(250, 351, 'parity', [0, 1], 0, 11, 4, 3)
(250, 351, 'parity', [0, 1], 0, 13, 5, 3)
(250, 351, 'or', [0, 1], 0, 11, 4, 3)
(250, 351, 'or', [0, 1], 0, 13, 5, 3)
(250, 352, 'parity', [0, 1], 0, 11, 4, 3)
(250, 352, 'parity', [0, 1], 0, 13, 5, 3)
(250, 352, 'or', [0, 1], 0, 11, 4, 3)
(250, 352, 'or', [0, 1], 0, 13, 5, 3)
(250, 353, 'parity', [1], 1, 11, 1, -1)
(250, 353, 'parity', [1], 1, 13, 1, -1)
(250, 353, 'parity', [0, 1], 0, 11, 4, 3)
(250, 353, 'parity', [0, 1], 0, 13, 5, 3)
(250, 353, 'or', [1], 1, 11, 1, -1)
(250, 353, 'or', [1], 1, 13, 1, -1)
(250, 353, 'or', [0, 1], 0, 11, 4, 3)
(250, 353, 'or', [0, 1], 0, 13, 5, 3)
(250, 354, 'parity', [0, 1], 0, 11, 4, 3)
(250, 354, 'parity', [0, 1], 0, 13, 5, 3)
(250, 354, 'or', [0, 1], 0, 11, 4, 3)
(250, 354, 'or', [0, 1], 0, 13, 5, 3)
(250, 355, 'parity', [0, 1], 0, 11, 4, 3)
(250, 355, 'parity', [0, 1], 0, 13, 5, 3)
(250, 355, 'or', [0, 1], 0, 11, 4, 3)
(250, 355, 'or', [0, 1], 0, 13, 5, 3)
(250, 356, 'parity', [0, 1], 0, 11, 4, 3)
(250, 356, 'parity', [0, 1], 0, 13, 5, 3)
(250, 356, 'or', [0, 1], 0, 11, 4, 3)
(250, 356, 'or', [0, 1], 0, 13, 5, 3)
(250, 357, 'parity', [0, 1], 0, 11, 4, 3)
(250, 357, 'parity', [0, 1], 0, 13, 5, 3)
(250, 357, 'or', [0, 1], 0, 11, 4, 3)
(250, 357, 'or', [0, 1], 0, 13, 5, 3)
(250, 358, 'parity', [0, 1], 0, 11, 4, 3)
(250, 358, 'parity', [0, 1], 0, 13, 5, 3)
(250, 358, 'or', [0, 1], 0, 11, 4, 3)
(250, 358, 'or', [0, 1], 0, 13, 5, 3)
(250, 359, 'parity', [1], 1, 11, 1, -1)
(250, 359, 'parity', [1], 1, 13, 1, -1)
(250, 359, 'parity', [0, 1], 0, 11, 4, 3)
(250, 359, 'parity', [0, 1], 0, 13, 5, 3)
(250, 359, 'or', [1], 1, 11, 1, -1)
(250, 359, 'or', [1], 1, 13, 1, -1)
(250, 359, 'or', [0, 1], 0, 11, 4, 3)
(250, 359, 'or', [0, 1], 0, 13, 5, 3)
(250, 751, 'parity', [1], 1, 11, 1, -1)
(250, 751, 'parity', [1], 1, 13, 1, -1)
(250, 751, 'or', [1], 1, 11, 1, -1)
(250, 751, 'or', [1], 1, 13, 1, -1)
(251, 315, 'parity', [0, 1], 0, 11, 4, 3)
(251, 315, 'parity', [0, 1], 0, 13, 5, 3)
(251, 315, 'or', [0, 1], 0, 11, 4, 3)
(251, 315, 'or', [0, 1], 0, 13, 5, 3)
(251, 316, 'parity', [0, 1], 0, 11, 4, 3)
(251, 316, 'parity', [0, 1], 0, 13, 5, 3)
(251, 316, 'or', [0, 1], 0, 11, 4, 3)
(251, 316, 'or', [0, 1], 0, 13, 5, 3)
(251, 317, 'parity', [0], 2, 11, 1, 1)
(251, 317, 'parity', [0], 2, 13, 1, 1)
(251, 317, 'parity', [0, 1], 0, 11, 4, 3)
(251, 317, 'parity', [0, 1], 0, 13, 5, 3)
(251, 317, 'or', [0], 2, 11, 1, 1)
(251, 317, 'or', [0], 2, 13, 1, 1)
(251, 317, 'or', [0, 1], 0, 11, 4, 3)
(251, 317, 'or', [0, 1], 0, 13, 5, 3)
(251, 318, 'parity', [0, 1], 0, 11, 4, 3)
(251, 318, 'parity', [0, 1], 0, 13, 5, 3)
(251, 318, 'or', [0, 1], 0, 11, 4, 3)
(251, 318, 'or', [0, 1], 0, 13, 5, 3)
(251, 319, 'parity', [0, 1], 0, 11, 4, 3)
(251, 319, 'parity', [0, 1], 0, 13, 5, 3)
(251, 319, 'or', [0, 1], 0, 11, 4, 3)
(251, 319, 'or', [0, 1], 0, 13, 5, 3)
(251, 320, 'parity', [0], 2, 11, 1, 1)
(251, 320, 'parity', [0], 2, 13, 1, 1)
(251, 320, 'parity', [0, 1], 0, 11, 4, 3)
(251, 320, 'parity', [0, 1], 0, 13, 5, 3)
(251, 320, 'or', [0], 2, 11, 1, 1)
(251, 320, 'or', [0], 2, 13, 1, 1)
(251, 320, 'or', [0, 1], 0, 11, 4, 3)
(251, 320, 'or', [0, 1], 0, 13, 5, 3)
(251, 321, 'parity', [0, 1], 0, 11, 4, 3)
(251, 321, 'parity', [0, 1], 0, 13, 5, 3)
(251, 321, 'or', [0, 1], 0, 11, 4, 3)
(251, 321, 'or', [0, 1], 0, 13, 5, 3)
(251, 322, 'parity', [0, 1], 0, 11, 4, 3)
(251, 322, 'parity', [0, 1], 0, 13, 5, 3)
(251, 322, 'or', [0, 1], 0, 11, 4, 3)
(251, 322, 'or', [0, 1], 0, 13, 5, 3)
(251, 323, 'parity', [0, 1], 0, 11, 4, 3)
(251, 323, 'parity', [0, 1], 0, 13, 5, 3)
(251, 323, 'or', [0, 1], 0, 11, 4, 3)
(251, 323, 'or', [0, 1], 0, 13, 5, 3)
(251, 351, 'parity', [0, 1], 0, 11, 4, 3)
(251, 351, 'parity', [0, 1], 0, 13, 5, 3)
(251, 351, 'or', [0, 1], 0, 11, 4, 3)
(251, 351, 'or', [0, 1], 0, 13, 5, 3)
(251, 352, 'parity', [0, 1], 0, 11, 4, 3)
(251, 352, 'parity', [0, 1], 0, 13, 5, 3)
(251, 352, 'or', [0, 1], 0, 11, 4, 3)
(251, 352, 'or', [0, 1], 0, 13, 5, 3)
(251, 353, 'parity', [0], 2, 11, 1, -1)
(251, 353, 'parity', [0], 2, 13, 1, -1)
(251, 353, 'parity', [0, 1], 0, 11, 4, 3)
(251, 353, 'parity', [0, 1], 0, 13, 5, 3)
(251, 353, 'or', [0], 2, 11, 1, -1)
(251, 353, 'or', [0], 2, 13, 1, -1)
(251, 353, 'or', [0, 1], 0, 11, 4, 3)
(251, 353, 'or', [0, 1], 0, 13, 5, 3)
(251, 354, 'parity', [0, 1], 0, 11, 4, 3)
(251, 354, 'parity', [0, 1], 0, 13, 5, 3)
(251, 354, 'or', [0, 1], 0, 11, 4, 3)
(251, 354, 'or', [0, 1], 0, 13, 5, 3)
(251, 355, 'parity', [0, 1], 0, 11, 4, 3)
(251, 355, 'parity', [0, 1], 0, 13, 5, 3)
(251, 355, 'or', [0, 1], 0, 11, 4, 3)
(251, 355, 'or', [0, 1], 0, 13, 5, 3)
(251, 356, 'parity', [0, 1], 0, 11, 4, 3)
(251, 356, 'parity', [0, 1], 0, 13, 5, 3)
(251, 356, 'or', [0, 1], 0, 11, 4, 3)
(251, 356, 'or', [0, 1], 0, 13, 5, 3)
(251, 357, 'parity', [0, 1], 0, 11, 4, 3)
(251, 357, 'parity', [0, 1], 0, 13, 5, 3)
(251, 357, 'or', [0, 1], 0, 11, 4, 3)
(251, 357, 'or', [0, 1], 0, 13, 5, 3)
(251, 358, 'parity', [0, 1], 0, 11, 4, 3)
(251, 358, 'parity', [0, 1], 0, 13, 5, 3)
(251, 358, 'or', [0, 1], 0, 11, 4, 3)
(251, 358, 'or', [0, 1], 0, 13, 5, 3)
(251, 359, 'parity', [0], 2, 11, 1, -1)
(251, 359, 'parity', [0], 2, 13, 1, -1)
(251, 359, 'parity', [0, 1], 0, 11, 4, 3)
(251, 359, 'parity', [0, 1], 0, 13, 5, 3)
(251, 359, 'or', [0], 2, 11, 1, -1)
(251, 359, 'or', [0], 2, 13, 1, -1)
(251, 359, 'or', [0, 1], 0, 11, 4, 3)
(251, 359, 'or', [0, 1], 0, 13, 5, 3)
(251, 425, 'parity', [0], 2, 11, 1, 1)
(251, 425, 'parity', [0], 2, 13, 1, 1)
(251, 425, 'or', [0], 2, 11, 1, 1)
(251, 425, 'or', [0], 2, 13, 1, 1)
(250, 639, 'parity', [0, 1], 0, 11, 4, 3)
(250, 639, 'parity', [0, 1], 0, 13, 5, 3)
(250, 639, 'or', [0, 1], 0, 11, 4, 3)
(250, 639, 'or', [0, 1], 0, 13, 5, 3)
(250, 640, 'parity', [0, 1], 0, 11, 4, 3)
(250, 640, 'parity', [0, 1], 0, 13, 5, 3)
(250, 640, 'or', [0, 1], 0, 11, 4, 3)
(250, 640, 'or', [0, 1], 0, 13, 5, 3)
(250, 641, 'parity', [1], 1, 11, 1, -1)
(250, 641, 'parity', [1], 1, 13, 1, -1)
(250, 641, 'parity', [0, 1], 0, 11, 4, 3)
(250, 641, 'parity', [0, 1], 0, 13, 5, 3)
(250, 641, 'or', [1], 1, 11, 1, -1)
(250, 641, 'or', [1], 1, 13, 1, -1)
(250, 641, 'or', [0, 1], 0, 11, 4, 3)
(250, 641, 'or', [0, 1], 0, 13, 5, 3)
(250, 642, 'parity', [0, 1], 0, 11, 4, 3)
(250, 642, 'parity', [0, 1], 0, 13, 5, 3)
(250, 642, 'or', [0, 1], 0, 11, 4, 3)
(250, 642, 'or', [0, 1], 0, 13, 5, 3)
(250, 643, 'parity', [0, 1], 0, 11, 4, 3)
(250, 643, 'parity', [0, 1], 0, 13, 5, 3)
(250, 643, 'or', [0, 1], 0, 11, 4, 3)
(250, 643, 'or', [0, 1], 0, 13, 5, 3)
(250, 644, 'parity', [0, 1], 0, 11, 4, 3)
(250, 644, 'parity', [0, 1], 0, 13, 5, 3)
(250, 644, 'or', [0, 1], 0, 11, 4, 3)
(250, 644, 'or', [0, 1], 0, 13, 5, 3)
(250, 645, 'parity', [0, 1], 0, 11, 4, 3)
(250, 645, 'parity', [0, 1], 0, 13, 5, 3)
(250, 645, 'or', [0, 1], 0, 11, 4, 3)
(250, 645, 'or', [0, 1], 0, 13, 5, 3)
(250, 646, 'parity', [0, 1], 0, 11, 4, 3)
(250, 646, 'parity', [0, 1], 0, 13, 5, 3)
(250, 646, 'or', [0, 1], 0, 11, 4, 3)
(250, 646, 'or', [0, 1], 0, 13, 5, 3)
(250, 647, 'parity', [1], 1, 11, 1, -1)
(250, 647, 'parity', [1], 1, 13, 1, -1)
(250, 647, 'parity', [0, 1], 0, 11, 4, 3)
(250, 647, 'parity', [0, 1], 0, 13, 5, 3)
(250, 647, 'or', [1], 1, 11, 1, -1)
(250, 647, 'or', [1], 1, 13, 1, -1)
(250, 647, 'or', [0, 1], 0, 11, 4, 3)
(250, 647, 'or', [0, 1], 0, 13, 5, 3)
(250, 675, 'parity', [0, 1], 0, 11, 4, 3)
(250, 675, 'parity', [0, 1], 0, 13, 5, 3)
(250, 675, 'or', [0, 1], 0, 11, 4, 3)
(250, 675, 'or', [0, 1], 0, 13, 5, 3)
(250, 676, 'parity', [0, 1], 0, 11, 4, 3)
(250, 676, 'parity', [0, 1], 0, 13, 5, 3)
(250, 676, 'or', [0, 1], 0, 11, 4, 3)
(250, 676, 'or', [0, 1], 0, 13, 5, 3)
(250, 677, 'parity', [1], 1, 11, 1, -1)
(250, 677, 'parity', [1], 1, 13, 1, -1)
(250, 677, 'parity', [0, 1], 0, 11, 4, 3)
(250, 677, 'parity', [0, 1], 0, 13, 5, 3)
(250, 677, 'or', [1], 1, 11, 1, -1)
(250, 677, 'or', [1], 1, 13, 1, -1)
(250, 677, 'or', [0, 1], 0, 11, 4, 3)
(250, 677, 'or', [0, 1], 0, 13, 5, 3)
(250, 678, 'parity', [0, 1], 0, 11, 4, 3)
(250, 678, 'parity', [0, 1], 0, 13, 5, 3)
(250, 678, 'or', [0, 1], 0, 11, 4, 3)
(250, 678, 'or', [0, 1], 0, 13, 5, 3)
(250, 679, 'parity', [0, 1], 0, 11, 4, 3)
(250, 679, 'parity', [0, 1], 0, 13, 5, 3)
(250, 679, 'or', [0, 1], 0, 11, 4, 3)
(250, 679, 'or', [0, 1], 0, 13, 5, 3)
(250, 680, 'parity', [0, 1], 0, 11, 4, 3)
(250, 680, 'parity', [0, 1], 0, 13, 5, 3)
(250, 680, 'or', [0, 1], 0, 11, 4, 3)
(250, 680, 'or', [0, 1], 0, 13, 5, 3)
(250, 681, 'parity', [0, 1], 0, 11, 4, 3)
(250, 681, 'parity', [0, 1], 0, 13, 5, 3)
(250, 681, 'or', [0, 1], 0, 11, 4, 3)
(250, 681, 'or', [0, 1], 0, 13, 5, 3)
(250, 682, 'parity', [0, 1], 0, 11, 4, 3)
(250, 682, 'parity', [0, 1], 0, 13, 5, 3)
(250, 682, 'or', [0, 1], 0, 11, 4, 3)
(250, 682, 'or', [0, 1], 0, 13, 5, 3)
(250, 683, 'parity', [1], 1, 11, 1, -1)
(250, 683, 'parity', [1], 1, 13, 1, -1)
(250, 683, 'parity', [0, 1], 0, 11, 4, 3)
(250, 683, 'parity', [0, 1], 0, 13, 5, 3)
(250, 683, 'or', [1], 1, 11, 1, -1)
(250, 683, 'or', [1], 1, 13, 1, -1)
(250, 683, 'or', [0, 1], 0, 11, 4, 3)
(250, 683, 'or', [0, 1], 0, 13, 5, 3)
(251, 639, 'parity', [0, 1], 0, 11, 4, 3)
(251, 639, 'parity', [0, 1], 0, 13, 5, 3)
(251, 639, 'or', [0, 1], 0, 11, 4, 3)
(251, 639, 'or', [0, 1], 0, 13, 5, 3)
(251, 640, 'parity', [0, 1], 0, 11, 4, 3)
(251, 640, 'parity', [0, 1], 0, 13, 5, 3)
(251, 640, 'or', [0, 1], 0, 11, 4, 3)
(251, 640, 'or', [0, 1], 0, 13, 5, 3)
(251, 641, 'parity', [0], 2, 11, 1, 1)
(251, 641, 'parity', [0], 2, 13, 1, 1)
(251, 641, 'parity', [0, 1], 0, 11, 4, 3)
(251, 641, 'parity', [0, 1], 0, 13, 5, 3)
(251, 641, 'or', [0], 2, 11, 1, 1)
(251, 641, 'or', [0], 2, 13, 1, 1)
(251, 641, 'or', [0, 1], 0, 11, 4, 3)
(251, 641, 'or', [0, 1], 0, 13, 5, 3)
(251, 642, 'parity', [0, 1], 0, 11, 4, 3)
(251, 642, 'parity', [0, 1], 0, 13, 5, 3)
(251, 642, 'or', [0, 1], 0, 11, 4, 3)
(251, 642, 'or', [0, 1], 0, 13, 5, 3)
(251, 643, 'parity', [0, 1], 0, 11, 4, 3)
(251, 643, 'parity', [0, 1], 0, 13, 5, 3)
(251, 643, 'or', [0, 1], 0, 11, 4, 3)
(251, 643, 'or', [0, 1], 0, 13, 5, 3)
(251, 644, 'parity', [0, 1], 0, 11, 4, 3)
(251, 644, 'parity', [0, 1], 0, 13, 5, 3)
(251, 644, 'or', [0, 1], 0, 11, 4, 3)
(251, 644, 'or', [0, 1], 0, 13, 5, 3)
(251, 645, 'parity', [0, 1], 0, 11, 4, 3)
(251, 645, 'parity', [0, 1], 0, 13, 5, 3)
(251, 645, 'or', [0, 1], 0, 11, 4, 3)
(251, 645, 'or', [0, 1], 0, 13, 5, 3)
(251, 646, 'parity', [0, 1], 0, 11, 4, 3)
(251, 646, 'parity', [0, 1], 0, 13, 5, 3)
(251, 646, 'or', [0, 1], 0, 11, 4, 3)
(251, 646, 'or', [0, 1], 0, 13, 5, 3)
(251, 647, 'parity', [0], 2, 11, 1, 1)
(251, 647, 'parity', [0], 2, 13, 1, 1)
(251, 647, 'parity', [0, 1], 0, 11, 4, 3)
(251, 647, 'parity', [0, 1], 0, 13, 5, 3)
(251, 647, 'or', [0], 2, 11, 1, 1)
(251, 647, 'or', [0], 2, 13, 1, 1)
(251, 647, 'or', [0, 1], 0, 11, 4, 3)
(251, 647, 'or', [0, 1], 0, 13, 5, 3)
(251, 675, 'parity', [0, 1], 0, 11, 4, 3)
(251, 675, 'parity', [0, 1], 0, 13, 5, 3)
(251, 675, 'or', [0, 1], 0, 11, 4, 3)
(251, 675, 'or', [0, 1], 0, 13, 5, 3)
(251, 676, 'parity', [0, 1], 0, 11, 4, 3)
(251, 676, 'parity', [0, 1], 0, 13, 5, 3)
(251, 676, 'or', [0, 1], 0, 11, 4, 3)
(251, 676, 'or', [0, 1], 0, 13, 5, 3)
(251, 677, 'parity', [0], 2, 11, 1, -1)
(251, 677, 'parity', [0], 2, 13, 1, -1)
(251, 677, 'parity', [0, 1], 0, 11, 4, 3)
(251, 677, 'parity', [0, 1], 0, 13, 5, 3)
(251, 677, 'or', [0], 2, 11, 1, -1)
(251, 677, 'or', [0], 2, 13, 1, -1)
(251, 677, 'or', [0, 1], 0, 11, 4, 3)
(251, 677, 'or', [0, 1], 0, 13, 5, 3)
(251, 678, 'parity', [0, 1], 0, 11, 4, 3)
(251, 678, 'parity', [0, 1], 0, 13, 5, 3)
(251, 678, 'or', [0, 1], 0, 11, 4, 3)
(251, 678, 'or', [0, 1], 0, 13, 5, 3)
(251, 679, 'parity', [0, 1], 0, 11, 4, 3)
(251, 679, 'parity', [0, 1], 0, 13, 5, 3)
(251, 679, 'or', [0, 1], 0, 11, 4, 3)
(251, 679, 'or', [0, 1], 0, 13, 5, 3)
(251, 680, 'parity', [0], 2, 11, 1, -1)
(251, 680, 'parity', [0], 2, 13, 1, -1)
(251, 680, 'parity', [0, 1], 0, 11, 4, 3)
(251, 680, 'parity', [0, 1], 0, 13, 5, 3)
(251, 680, 'or', [0], 2, 11, 1, -1)
(251, 680, 'or', [0], 2, 13, 1, -1)
(251, 680, 'or', [0, 1], 0, 11, 4, 3)
(251, 680, 'or', [0, 1], 0, 13, 5, 3)
(251, 681, 'parity', [0, 1], 0, 11, 4, 3)
(251, 681, 'parity', [0, 1], 0, 13, 5, 3)
(251, 681, 'or', [0, 1], 0, 11, 4, 3)
(251, 681, 'or', [0, 1], 0, 13, 5, 3)
(251, 682, 'parity', [0, 1], 0, 11, 4, 3)
(251, 682, 'parity', [0, 1], 0, 13, 5, 3)
(251, 682, 'or', [0, 1], 0, 11, 4, 3)
(251, 682, 'or', [0, 1], 0, 13, 5, 3)
(251, 683, 'parity', [0, 1], 0, 11, 4, 3)
(251, 683, 'parity', [0, 1], 0, 13, 5, 3)
(251, 683, 'or', [0, 1], 0, 11, 4, 3)
(251, 683, 'or', [0, 1], 0, 13, 5, 3)
(262, 265, 'parity', [1], 3, 11, 1, 1)
(262, 265, 'parity', [1], 3, 13, 1, 1)
(262, 265, 'or', [1], 3, 11, 1, 1)
(262, 265, 'or', [1], 3, 13, 1, 1)
(262, 298, 'parity', [0, 1], 2, 11, 1, -1)
(262, 298, 'parity', [0, 1], 2, 13, 1, -1)
(262, 298, 'or', [0, 1], 2, 11, 1, -1)
(262, 298, 'or', [0, 1], 2, 13, 1, -1)
(262, 301, 'parity', [1], 3, 11, 4, -3)
(262, 301, 'parity', [1], 3, 13, 5, -3)
(262, 301, 'parity', [0, 1], 2, 11, 1, -1)
(262, 301, 'parity', [0, 1], 2, 13, 1, -1)
(262, 301, 'or', [1], 3, 11, 4, -3)
(262, 301, 'or', [1], 3, 13, 5, -3)
(262, 301, 'or', [0, 1], 2, 11, 1, -1)
(262, 301, 'or', [0, 1], 2, 13, 1, -1)
(262, 304, 'parity', [0, 1], 2, 11, 1, -1)
(262, 304, 'parity', [0, 1], 2, 13, 1, -1)
(262, 304, 'or', [0, 1], 2, 11, 1, -1)
(262, 304, 'or', [0, 1], 2, 13, 1, -1)
(262, 334, 'parity', [0, 1], 2, 11, 1, -1)
(262, 334, 'parity', [0, 1], 2, 13, 1, -1)
(262, 334, 'or', [0, 1], 2, 11, 1, -1)
(262, 334, 'or', [0, 1], 2, 13, 1, -1)
(262, 337, 'parity', [1], 3, 11, 1, -1)
(262, 337, 'parity', [1], 3, 13, 1, -1)
(262, 337, 'parity', [0, 1], 2, 11, 1, -1)
(262, 337, 'parity', [0, 1], 2, 13, 1, -1)
(262, 337, 'or', [1], 3, 11, 1, -1)
(262, 337, 'or', [1], 3, 13, 1, -1)
(262, 337, 'or', [0, 1], 2, 11, 1, -1)
(262, 337, 'or', [0, 1], 2, 13, 1, -1)
(262, 340, 'parity', [0, 1], 2, 11, 1, -1)
(262, 340, 'parity', [0, 1], 2, 13, 1, -1)
(262, 340, 'or', [0, 1], 2, 11, 1, -1)
(262, 340, 'or', [0, 1], 2, 13, 1, -1)
(262, 409, 'parity', [1], 3, 11, 1, 1)
(262, 409, 'parity', [1], 3, 13, 1, 1)
(262, 409, 'or', [1], 3, 11, 1, 1)
(262, 409, 'or', [1], 3, 13, 1, 1)
(262, 478, 'parity', [0, 1], 2, 11, 1, -1)
(262, 478, 'parity', [0, 1], 2, 13, 1, -1)
(262, 478, 'or', [0, 1], 2, 11, 1, -1)
(262, 478, 'or', [0, 1], 2, 13, 1, -1)
(262, 484, 'parity', [0, 1], 2, 11, 1, -1)
(262, 484, 'parity', [0, 1], 2, 13, 1, -1)
(262, 484, 'or', [0, 1], 2, 11, 1, -1)
(262, 484, 'or', [0, 1], 2, 13, 1, -1)
(262, 553, 'parity', [1], 3, 11, 1, -1)
(262, 553, 'parity', [1], 3, 13, 1, -1)
(262, 553, 'or', [1], 3, 11, 1, -1)
(262, 553, 'or', [1], 3, 13, 1, -1)
(262, 622, 'parity', [0, 1], 2, 11, 1, -1)
(262, 622, 'parity', [0, 1], 2, 13, 1, -1)
(262, 622, 'or', [0, 1], 2, 11, 1, -1)
(262, 622, 'or', [0, 1], 2, 13, 1, -1)
(262, 625, 'parity', [1], 3, 11, 1, 1)
(262, 625, 'parity', [1], 3, 13, 1, 1)
(262, 625, 'parity', [0, 1], 2, 11, 1, -1)
(262, 625, 'parity', [0, 1], 2, 13, 1, -1)
(262, 625, 'or', [1], 3, 11, 1, 1)
(262, 625, 'or', [1], 3, 13, 1, 1)
(262, 625, 'or', [0, 1], 2, 11, 1, -1)
(262, 625, 'or', [0, 1], 2, 13, 1, -1)
(262, 628, 'parity', [0, 1], 2, 11, 1, -1)
(262, 628, 'parity', [0, 1], 2, 13, 1, -1)
(262, 628, 'or', [0, 1], 2, 11, 1, -1)
(262, 628, 'or', [0, 1], 2, 13, 1, -1)
(262, 658, 'parity', [0, 1], 2, 11, 1, -1)
(262, 658, 'parity', [0, 1], 2, 13, 1, -1)
(262, 658, 'or', [0, 1], 2, 11, 1, -1)
(262, 658, 'or', [0, 1], 2, 13, 1, -1)
(262, 661, 'parity', [1], 3, 11, 4, 3)
(262, 661, 'parity', [1], 3, 13, 5, 3)
(262, 661, 'parity', [0, 1], 2, 11, 1, -1)
(262, 661, 'parity', [0, 1], 2, 13, 1, -1)
(262, 661, 'or', [1], 3, 11, 4, 3)
(262, 661, 'or', [1], 3, 13, 5, 3)
(262, 661, 'or', [0, 1], 2, 11, 1, -1)
(262, 661, 'or', [0, 1], 2, 13, 1, -1)
(262, 664, 'parity', [0, 1], 2, 11, 1, -1)
(262, 664, 'parity', [0, 1], 2, 13, 1, -1)
(262, 664, 'or', [0, 1], 2, 11, 1, -1)
(262, 664, 'or', [0, 1], 2, 13, 1, -1)
(262, 697, 'parity', [1], 3, 11, 1, -1)
(262, 697, 'parity', [1], 3, 13, 1, -1)
(262, 697, 'or', [1], 3, 11, 1, -1)
(262, 697, 'or', [1], 3, 13, 1, -1)
(265, 658, 'parity', [0, 1], 2, 11, 1, -1)
(265, 658, 'parity', [0, 1], 2, 13, 1, -1)
(265, 658, 'or', [0, 1], 2, 11, 1, -1)
(265, 658, 'or', [0, 1], 2, 13, 1, -1)
(265, 661, 'parity', [0, 1], 2, 11, 1, -1)
(265, 661, 'parity', [0, 1], 2, 13, 1, -1)
(265, 661, 'or', [0, 1], 2, 11, 1, -1)
(265, 661, 'or', [0, 1], 2, 13, 1, -1)
(265, 664, 'parity', [0, 1], 2, 11, 1, -1)
(265, 664, 'parity', [0, 1], 2, 13, 1, -1)
(265, 664, 'or', [0, 1], 2, 11, 1, -1)
(265, 664, 'or', [0, 1], 2, 13, 1, -1)
(265, 697, 'parity', [1], 3, 11, 2, -2)
(265, 697, 'parity', [1], 3, 13, 2, -2)
(265, 697, 'or', [1], 3, 11, 2, -2)
(265, 697, 'or', [1], 3, 13, 2, -2)
(265, 298, 'parity', [0, 1], 2, 11, 1, -1)
(265, 298, 'parity', [0, 1], 2, 13, 1, -1)
(265, 298, 'or', [0, 1], 2, 11, 1, -1)
(265, 298, 'or', [0, 1], 2, 13, 1, -1)
(265, 301, 'parity', [0, 1], 2, 11, 1, -1)
(265, 301, 'parity', [0, 1], 2, 13, 1, -1)
(265, 301, 'or', [0, 1], 2, 11, 1, -1)
(265, 301, 'or', [0, 1], 2, 13, 1, -1)
(265, 304, 'parity', [0, 1], 2, 11, 1, -1)
(265, 304, 'parity', [0, 1], 2, 13, 1, -1)
(265, 304, 'or', [0, 1], 2, 11, 1, -1)
(265, 304, 'or', [0, 1], 2, 13, 1, -1)
(265, 334, 'parity', [0, 1], 2, 11, 1, -1)
(265, 334, 'parity', [0, 1], 2, 13, 1, -1)
(265, 334, 'or', [0, 1], 2, 11, 1, -1)
(265, 334, 'or', [0, 1], 2, 13, 1, -1)
(265, 337, 'parity', [0, 1], 2, 11, 1, -1)
(265, 337, 'parity', [0, 1], 2, 13, 1, -1)
(265, 337, 'or', [0, 1], 2, 11, 1, -1)
(265, 337, 'or', [0, 1], 2, 13, 1, -1)
(265, 340, 'parity', [0, 1], 2, 11, 1, -1)
(265, 340, 'parity', [0, 1], 2, 13, 1, -1)
(265, 340, 'or', [0, 1], 2, 11, 1, -1)
(265, 340, 'or', [0, 1], 2, 13, 1, -1)
(265, 478, 'parity', [0, 1], 2, 11, 1, -1)
(265, 478, 'parity', [0, 1], 2, 13, 1, -1)
(265, 478, 'or', [0, 1], 2, 11, 1, -1)
(265, 478, 'or', [0, 1], 2, 13, 1, -1)
(265, 484, 'parity', [0, 1], 2, 11, 1, -1)
(265, 484, 'parity', [0, 1], 2, 13, 1, -1)
(265, 484, 'or', [0, 1], 2, 11, 1, -1)
(265, 484, 'or', [0, 1], 2, 13, 1, -1)
(265, 622, 'parity', [0, 1], 2, 11, 1, -1)
(265, 622, 'parity', [0, 1], 2, 13, 1, -1)
(265, 622, 'or', [0, 1], 2, 11, 1, -1)
(265, 622, 'or', [0, 1], 2, 13, 1, -1)
(265, 625, 'parity', [0, 1], 2, 11, 1, -1)
(265, 625, 'parity', [0, 1], 2, 13, 1, -1)
(265, 625, 'or', [0, 1], 2, 11, 1, -1)
(265, 625, 'or', [0, 1], 2, 13, 1, -1)
(265, 628, 'parity', [0, 1], 2, 11, 1, -1)
(265, 628, 'parity', [0, 1], 2, 13, 1, -1)
(265, 628, 'or', [0, 1], 2, 11, 1, -1)
(265, 628, 'or', [0, 1], 2, 13, 1, -1)
(268, 265, 'parity', [1], 3, 11, 1, 1)
(268, 265, 'parity', [1], 3, 13, 1, 1)
(268, 265, 'or', [1], 3, 11, 1, 1)
(268, 265, 'or', [1], 3, 13, 1, 1)
(268, 298, 'parity', [0, 1], 2, 11, 1, -1)
(268, 298, 'parity', [0, 1], 2, 13, 1, -1)
(268, 298, 'or', [0, 1], 2, 11, 1, -1)
(268, 298, 'or', [0, 1], 2, 13, 1, -1)
(268, 301, 'parity', [1], 3, 11, 4, -3)
(268, 301, 'parity', [1], 3, 13, 5, -3)
(268, 301, 'parity', [0, 1], 2, 11, 1, -1)
(268, 301, 'parity', [0, 1], 2, 13, 1, -1)
(268, 301, 'or', [1], 3, 11, 4, -3)
(268, 301, 'or', [1], 3, 13, 5, -3)
(268, 301, 'or', [0, 1], 2, 11, 1, -1)
(268, 301, 'or', [0, 1], 2, 13, 1, -1)
(268, 304, 'parity', [0, 1], 2, 11, 1, -1)
(268, 304, 'parity', [0, 1], 2, 13, 1, -1)
(268, 304, 'or', [0, 1], 2, 11, 1, -1)
(268, 304, 'or', [0, 1], 2, 13, 1, -1)
(268, 334, 'parity', [0, 1], 2, 11, 1, -1)
(268, 334, 'parity', [0, 1], 2, 13, 1, -1)
(268, 334, 'or', [0, 1], 2, 11, 1, -1)
(268, 334, 'or', [0, 1], 2, 13, 1, -1)
(268, 337, 'parity', [1], 3, 11, 1, -1)
(268, 337, 'parity', [1], 3, 13, 1, -1)
(268, 337, 'parity', [0, 1], 2, 11, 1, -1)
(268, 337, 'parity', [0, 1], 2, 13, 1, -1)
(268, 337, 'or', [1], 3, 11, 1, -1)
(268, 337, 'or', [1], 3, 13, 1, -1)
(268, 337, 'or', [0, 1], 2, 11, 1, -1)
(268, 337, 'or', [0, 1], 2, 13, 1, -1)
(268, 340, 'parity', [0, 1], 2, 11, 1, -1)
(268, 340, 'parity', [0, 1], 2, 13, 1, -1)
(268, 340, 'or', [0, 1], 2, 11, 1, -1)
(268, 340, 'or', [0, 1], 2, 13, 1, -1)
(268, 409, 'parity', [1], 3, 11, 1, 1)
(268, 409, 'parity', [1], 3, 13, 1, 1)
(268, 409, 'or', [1], 3, 11, 1, 1)
(268, 409, 'or', [1], 3, 13, 1, 1)
(268, 478, 'parity', [0, 1], 2, 11, 1, -1)
(268, 478, 'parity', [0, 1], 2, 13, 1, -1)
(268, 478, 'or', [0, 1], 2, 11, 1, -1)
(268, 478, 'or', [0, 1], 2, 13, 1, -1)
(268, 484, 'parity', [0, 1], 2, 11, 1, -1)
(268, 484, 'parity', [0, 1], 2, 13, 1, -1)
(268, 484, 'or', [0, 1], 2, 11, 1, -1)
(268, 484, 'or', [0, 1], 2, 13, 1, -1)
(268, 553, 'parity', [1], 3, 11, 1, -1)
(268, 553, 'parity', [1], 3, 13, 1, -1)
(268, 553, 'or', [1], 3, 11, 1, -1)
(268, 553, 'or', [1], 3, 13, 1, -1)
(268, 622, 'parity', [0, 1], 2, 11, 1, -1)
(268, 622, 'parity', [0, 1], 2, 13, 1, -1)
(268, 622, 'or', [0, 1], 2, 11, 1, -1)
(268, 622, 'or', [0, 1], 2, 13, 1, -1)
(268, 625, 'parity', [1], 3, 11, 1, 1)
(268, 625, 'parity', [1], 3, 13, 1, 1)
(268, 625, 'parity', [0, 1], 2, 11, 1, -1)
(268, 625, 'parity', [0, 1], 2, 13, 1, -1)
(268, 625, 'or', [1], 3, 11, 1, 1)
(268, 625, 'or', [1], 3, 13, 1, 1)
(268, 625, 'or', [0, 1], 2, 11, 1, -1)
(268, 625, 'or', [0, 1], 2, 13, 1, -1)
(268, 628, 'parity', [0, 1], 2, 11, 1, -1)
(268, 628, 'parity', [0, 1], 2, 13, 1, -1)
(268, 628, 'or', [0, 1], 2, 11, 1, -1)
(268, 628, 'or', [0, 1], 2, 13, 1, -1)
(268, 658, 'parity', [0, 1], 2, 11, 1, -1)
(268, 658, 'parity', [0, 1], 2, 13, 1, -1)
(268, 658, 'or', [0, 1], 2, 11, 1, -1)
(268, 658, 'or', [0, 1], 2, 13, 1, -1)
(268, 661, 'parity', [1], 3, 11, 4, 3)
(268, 661, 'parity', [1], 3, 13, 5, 3)
(268, 661, 'parity', [0, 1], 2, 11, 1, -1)
(268, 661, 'parity', [0, 1], 2, 13, 1, -1)
(268, 661, 'or', [1], 3, 11, 4, 3)
(268, 661, 'or', [1], 3, 13, 5, 3)
(268, 661, 'or', [0, 1], 2, 11, 1, -1)
(268, 661, 'or', [0, 1], 2, 13, 1, -1)
(268, 664, 'parity', [0, 1], 2, 11, 1, -1)
(268, 664, 'parity', [0, 1], 2, 13, 1, -1)
(268, 664, 'or', [0, 1], 2, 11, 1, -1)
(268, 664, 'or', [0, 1], 2, 13, 1, -1)
(268, 697, 'parity', [1], 3, 11, 1, -1)
(268, 697, 'parity', [1], 3, 13, 1, -1)
(268, 697, 'or', [1], 3, 11, 1, -1)
(268, 697, 'or', [1], 3, 13, 1, -1)
(271, 425, 'parity', [0], 2, 11, 2, 1)
(271, 425, 'parity', [0], 2, 13, 2, 1)
(271, 425, 'or', [0], 2, 11, 2, 1)
(271, 425, 'or', [0], 2, 13, 2, 1)
(271, 431, 'parity', [0], 2, 11, 2, 1)
(271, 431, 'parity', [0], 2, 13, 2, 1)
(271, 431, 'or', [0], 2, 11, 2, 1)
(271, 431, 'or', [0], 2, 13, 2, 1)
(272, 308, 'parity', [0, 1], 1, 11, 1, -1)
(272, 308, 'parity', [0, 1], 1, 13, 1, -1)
(272, 308, 'or', [0, 1], 1, 11, 1, -1)
(272, 308, 'or', [0, 1], 1, 13, 1, -1)
(272, 311, 'parity', [0, 1], 1, 11, 1, -1)
(272, 311, 'parity', [0, 1], 1, 13, 1, -1)
(272, 311, 'or', [0, 1], 1, 11, 1, -1)
(272, 311, 'or', [0, 1], 1, 13, 1, -1)
(272, 314, 'parity', [0, 1], 1, 11, 1, -1)
(272, 314, 'parity', [0, 1], 1, 13, 1, -1)
(272, 314, 'or', [0, 1], 1, 11, 1, -1)
(272, 314, 'or', [0, 1], 1, 13, 1, -1)
(272, 344, 'parity', [0, 1], 1, 11, 1, -1)
(272, 344, 'parity', [0, 1], 1, 13, 1, -1)
(272, 344, 'or', [0, 1], 1, 11, 1, -1)
(272, 344, 'or', [0, 1], 1, 13, 1, -1)
(272, 347, 'parity', [0, 1], 1, 11, 1, -1)
(272, 347, 'parity', [0, 1], 1, 13, 1, -1)
(272, 347, 'or', [0, 1], 1, 11, 1, -1)
(272, 347, 'or', [0, 1], 1, 13, 1, -1)
(272, 350, 'parity', [0, 1], 1, 11, 1, -1)
(272, 350, 'parity', [0, 1], 1, 13, 1, -1)
(272, 350, 'or', [0, 1], 1, 11, 1, -1)
(272, 350, 'or', [0, 1], 1, 13, 1, -1)
(272, 632, 'parity', [0, 1], 1, 11, 1, -1)
(272, 632, 'parity', [0, 1], 1, 13, 1, -1)
(272, 632, 'or', [0, 1], 1, 11, 1, -1)
(272, 632, 'or', [0, 1], 1, 13, 1, -1)
(272, 635, 'parity', [0, 1], 1, 11, 1, -1)
(272, 635, 'parity', [0, 1], 1, 13, 1, -1)
(272, 635, 'or', [0, 1], 1, 11, 1, -1)
(272, 635, 'or', [0, 1], 1, 13, 1, -1)
(272, 638, 'parity', [0, 1], 1, 11, 1, -1)
(272, 638, 'parity', [0, 1], 1, 13, 1, -1)
(272, 638, 'or', [0, 1], 1, 11, 1, -1)
(272, 638, 'or', [0, 1], 1, 13, 1, -1)
(272, 668, 'parity', [0, 1], 1, 11, 1, -1)
(272, 668, 'parity', [0, 1], 1, 13, 1, -1)
(272, 668, 'or', [0, 1], 1, 11, 1, -1)
(272, 668, 'or', [0, 1], 1, 13, 1, -1)
(272, 671, 'parity', [0, 1], 1, 11, 1, -1)
(272, 671, 'parity', [0, 1], 1, 13, 1, -1)
(272, 671, 'or', [0, 1], 1, 11, 1, -1)
(272, 671, 'or', [0, 1], 1, 13, 1, -1)
(272, 674, 'parity', [0, 1], 1, 11, 1, -1)
(272, 674, 'parity', [0, 1], 1, 13, 1, -1)
(272, 674, 'or', [0, 1], 1, 11, 1, -1)
(272, 674, 'or', [0, 1], 1, 13, 1, -1)
(274, 425, 'parity', [0], 2, 11, 2, 1)
(274, 425, 'parity', [0], 2, 13, 2, 1)
(274, 425, 'or', [0], 2, 11, 2, 1)
(274, 425, 'or', [0], 2, 13, 2, 1)
(274, 431, 'parity', [0], 2, 11, 2, 1)
(274, 431, 'parity', [0], 2, 13, 2, 1)
(274, 431, 'or', [0], 2, 11, 2, 1)
(274, 431, 'or', [0], 2, 13, 2, 1)
(275, 308, 'parity', [0, 1], 1, 11, 1, -1)
(275, 308, 'parity', [0, 1], 1, 13, 1, -1)
(275, 308, 'or', [0, 1], 1, 11, 1, -1)
(275, 308, 'or', [0, 1], 1, 13, 1, -1)
(275, 311, 'parity', [0, 1], 1, 11, 1, -1)
(275, 311, 'parity', [0, 1], 1, 13, 1, -1)
(275, 311, 'or', [0, 1], 1, 11, 1, -1)
(275, 311, 'or', [0, 1], 1, 13, 1, -1)
(275, 314, 'parity', [0, 1], 1, 11, 1, -1)
(275, 314, 'parity', [0, 1], 1, 13, 1, -1)
(275, 314, 'or', [0, 1], 1, 11, 1, -1)
(275, 314, 'or', [0, 1], 1, 13, 1, -1)
(275, 632, 'parity', [0, 1], 1, 11, 1, -1)
(275, 632, 'parity', [0, 1], 1, 13, 1, -1)
(275, 632, 'or', [0, 1], 1, 11, 1, -1)
(275, 632, 'or', [0, 1], 1, 13, 1, -1)
(275, 635, 'parity', [0, 1], 1, 11, 1, -1)
(275, 635, 'parity', [0, 1], 1, 13, 1, -1)
(275, 635, 'or', [0, 1], 1, 11, 1, -1)
(275, 635, 'or', [0, 1], 1, 13, 1, -1)
(275, 638, 'parity', [0, 1], 1, 11, 1, -1)
(275, 638, 'parity', [0, 1], 1, 13, 1, -1)
(275, 638, 'or', [0, 1], 1, 11, 1, -1)
(275, 638, 'or', [0, 1], 1, 13, 1, -1)
(275, 668, 'parity', [0, 1], 1, 11, 1, -1)
(275, 668, 'parity', [0, 1], 1, 13, 1, -1)
(275, 668, 'or', [0, 1], 1, 11, 1, -1)
(275, 668, 'or', [0, 1], 1, 13, 1, -1)
(275, 671, 'parity', [0, 1], 1, 11, 1, -1)
(275, 671, 'parity', [0, 1], 1, 13, 1, -1)
(275, 671, 'or', [0, 1], 1, 11, 1, -1)
(275, 671, 'or', [0, 1], 1, 13, 1, -1)
(275, 674, 'parity', [0, 1], 1, 11, 1, -1)
(275, 674, 'parity', [0, 1], 1, 13, 1, -1)
(275, 674, 'or', [0, 1], 1, 11, 1, -1)
(275, 674, 'or', [0, 1], 1, 13, 1, -1)
(275, 344, 'parity', [0, 1], 1, 11, 1, -1)
(275, 344, 'parity', [0, 1], 1, 13, 1, -1)
(275, 344, 'or', [0, 1], 1, 11, 1, -1)
(275, 344, 'or', [0, 1], 1, 13, 1, -1)
(275, 347, 'parity', [0, 1], 1, 11, 1, -1)
(275, 347, 'parity', [0, 1], 1, 13, 1, -1)
(275, 347, 'or', [0, 1], 1, 11, 1, -1)
(275, 347, 'or', [0, 1], 1, 13, 1, -1)
(275, 350, 'parity', [0, 1], 1, 11, 1, -1)
(275, 350, 'parity', [0, 1], 1, 13, 1, -1)
(275, 350, 'or', [0, 1], 1, 11, 1, -1)
(275, 350, 'or', [0, 1], 1, 13, 1, -1)
(278, 668, 'parity', [0, 1], 1, 11, 1, -1)
(278, 668, 'parity', [0, 1], 1, 13, 1, -1)
(278, 668, 'or', [0, 1], 1, 11, 1, -1)
(278, 668, 'or', [0, 1], 1, 13, 1, -1)
(278, 671, 'parity', [0, 1], 1, 11, 1, -1)
(278, 671, 'parity', [0, 1], 1, 13, 1, -1)
(278, 671, 'or', [0, 1], 1, 11, 1, -1)
(278, 671, 'or', [0, 1], 1, 13, 1, -1)
(278, 674, 'parity', [0, 1], 1, 11, 1, -1)
(278, 674, 'parity', [0, 1], 1, 13, 1, -1)
(278, 674, 'or', [0, 1], 1, 11, 1, -1)
(278, 674, 'or', [0, 1], 1, 13, 1, -1)
(279, 315, 'parity', [0, 1], 0, 11, 1, -1)
(279, 315, 'parity', [0, 1], 0, 13, 1, -1)
(279, 315, 'or', [0, 1], 0, 11, 1, -1)
(279, 315, 'or', [0, 1], 0, 13, 1, -1)
(279, 316, 'parity', [0, 1], 0, 11, 1, -1)
(279, 316, 'parity', [0, 1], 0, 13, 1, -1)
(279, 316, 'or', [0, 1], 0, 11, 1, -1)
(279, 316, 'or', [0, 1], 0, 13, 1, -1)
(279, 317, 'parity', [0, 1], 0, 11, 1, -1)
(279, 317, 'parity', [0, 1], 0, 13, 1, -1)
(279, 317, 'or', [0, 1], 0, 11, 1, -1)
(279, 317, 'or', [0, 1], 0, 13, 1, -1)
(279, 318, 'parity', [0, 1], 0, 11, 1, -1)
(279, 318, 'parity', [0, 1], 0, 13, 1, -1)
(279, 318, 'or', [0, 1], 0, 11, 1, -1)
(279, 318, 'or', [0, 1], 0, 13, 1, -1)
(279, 319, 'parity', [0, 1], 0, 11, 1, -1)
(279, 319, 'parity', [0, 1], 0, 13, 1, -1)
(279, 319, 'or', [0, 1], 0, 11, 1, -1)
(279, 319, 'or', [0, 1], 0, 13, 1, -1)
(279, 320, 'parity', [0, 1], 0, 11, 1, -1)
(279, 320, 'parity', [0, 1], 0, 13, 1, -1)
(279, 320, 'or', [0, 1], 0, 11, 1, -1)
(279, 320, 'or', [0, 1], 0, 13, 1, -1)
(279, 321, 'parity', [0, 1], 0, 11, 1, -1)
(279, 321, 'parity', [0, 1], 0, 13, 1, -1)
(279, 321, 'or', [0, 1], 0, 11, 1, -1)
(279, 321, 'or', [0, 1], 0, 13, 1, -1)
(279, 322, 'parity', [0, 1], 0, 11, 1, -1)
(279, 322, 'parity', [0, 1], 0, 13, 1, -1)
(279, 322, 'or', [0, 1], 0, 11, 1, -1)
(279, 322, 'or', [0, 1], 0, 13, 1, -1)
(279, 323, 'parity', [0, 1], 0, 11, 1, -1)
(279, 323, 'parity', [0, 1], 0, 13, 1, -1)
(279, 323, 'or', [0, 1], 0, 11, 1, -1)
(279, 323, 'or', [0, 1], 0, 13, 1, -1)
(279, 351, 'parity', [0, 1], 0, 11, 1, -1)
(279, 351, 'parity', [0, 1], 0, 13, 1, -1)
(279, 351, 'or', [0, 1], 0, 11, 1, -1)
(279, 351, 'or', [0, 1], 0, 13, 1, -1)
(279, 352, 'parity', [0, 1], 0, 11, 1, -1)
(279, 352, 'parity', [0, 1], 0, 13, 1, -1)
(279, 352, 'or', [0, 1], 0, 11, 1, -1)
(279, 352, 'or', [0, 1], 0, 13, 1, -1)
(279, 353, 'parity', [0, 1], 0, 11, 1, -1)
(279, 353, 'parity', [0, 1], 0, 13, 1, -1)
(279, 353, 'or', [0, 1], 0, 11, 1, -1)
(279, 353, 'or', [0, 1], 0, 13, 1, -1)
(279, 354, 'parity', [0, 1], 0, 11, 1, -1)
(279, 354, 'parity', [0, 1], 0, 13, 1, -1)
(279, 354, 'or', [0, 1], 0, 11, 1, -1)
(279, 354, 'or', [0, 1], 0, 13, 1, -1)
(279, 355, 'parity', [0, 1], 0, 11, 1, -1)
(279, 355, 'parity', [0, 1], 0, 13, 1, -1)
(279, 355, 'or', [0, 1], 0, 11, 1, -1)
(279, 355, 'or', [0, 1], 0, 13, 1, -1)
(279, 356, 'parity', [0, 1], 0, 11, 1, -1)
(279, 356, 'parity', [0, 1], 0, 13, 1, -1)
(279, 356, 'or', [0, 1], 0, 11, 1, -1)
(279, 356, 'or', [0, 1], 0, 13, 1, -1)
(279, 357, 'parity', [0, 1], 0, 11, 1, -1)
(279, 357, 'parity', [0, 1], 0, 13, 1, -1)
(279, 357, 'or', [0, 1], 0, 11, 1, -1)
(279, 357, 'or', [0, 1], 0, 13, 1, -1)
(279, 358, 'parity', [0, 1], 0, 11, 1, -1)
(279, 358, 'parity', [0, 1], 0, 13, 1, -1)
(279, 358, 'or', [0, 1], 0, 11, 1, -1)
(279, 358, 'or', [0, 1], 0, 13, 1, -1)
(279, 359, 'parity', [0, 1], 0, 11, 1, -1)
(279, 359, 'parity', [0, 1], 0, 13, 1, -1)
(279, 359, 'or', [0, 1], 0, 11, 1, -1)
(279, 359, 'or', [0, 1], 0, 13, 1, -1)
(279, 639, 'parity', [0, 1], 0, 11, 1, -1)
(279, 639, 'parity', [0, 1], 0, 13, 1, -1)
(279, 639, 'or', [0, 1], 0, 11, 1, -1)
(279, 639, 'or', [0, 1], 0, 13, 1, -1)
(279, 640, 'parity', [0, 1], 0, 11, 1, -1)
(279, 640, 'parity', [0, 1], 0, 13, 1, -1)
(279, 640, 'or', [0, 1], 0, 11, 1, -1)
(279, 640, 'or', [0, 1], 0, 13, 1, -1)
(279, 641, 'parity', [0, 1], 0, 11, 1, -1)
(279, 641, 'parity', [0, 1], 0, 13, 1, -1)
(279, 641, 'or', [0, 1], 0, 11, 1, -1)
(279, 641, 'or', [0, 1], 0, 13, 1, -1)
(279, 642, 'parity', [0, 1], 0, 11, 1, -1)
(279, 642, 'parity', [0, 1], 0, 13, 1, -1)
(279, 642, 'or', [0, 1], 0, 11, 1, -1)
(279, 642, 'or', [0, 1], 0, 13, 1, -1)
(279, 643, 'parity', [0, 1], 0, 11, 1, -1)
(279, 643, 'parity', [0, 1], 0, 13, 1, -1)
(279, 643, 'or', [0, 1], 0, 11, 1, -1)
(279, 643, 'or', [0, 1], 0, 13, 1, -1)
(279, 644, 'parity', [0, 1], 0, 11, 1, -1)
(279, 644, 'parity', [0, 1], 0, 13, 1, -1)
(279, 644, 'or', [0, 1], 0, 11, 1, -1)
(279, 644, 'or', [0, 1], 0, 13, 1, -1)
(279, 645, 'parity', [0, 1], 0, 11, 1, -1)
(279, 645, 'parity', [0, 1], 0, 13, 1, -1)
(279, 645, 'or', [0, 1], 0, 11, 1, -1)
(279, 645, 'or', [0, 1], 0, 13, 1, -1)
(279, 646, 'parity', [0, 1], 0, 11, 1, -1)
(279, 646, 'parity', [0, 1], 0, 13, 1, -1)
(279, 646, 'or', [0, 1], 0, 11, 1, -1)
(279, 646, 'or', [0, 1], 0, 13, 1, -1)
(279, 647, 'parity', [0, 1], 0, 11, 1, -1)
(279, 647, 'parity', [0, 1], 0, 13, 1, -1)
(279, 647, 'or', [0, 1], 0, 11, 1, -1)
(279, 647, 'or', [0, 1], 0, 13, 1, -1)
(278, 308, 'parity', [0, 1], 1, 11, 1, -1)
(278, 308, 'parity', [0, 1], 1, 13, 1, -1)
(278, 308, 'or', [0, 1], 1, 11, 1, -1)
(278, 308, 'or', [0, 1], 1, 13, 1, -1)
(278, 311, 'parity', [0, 1], 1, 11, 1, -1)
(278, 311, 'parity', [0, 1], 1, 13, 1, -1)
(278, 311, 'or', [0, 1], 1, 11, 1, -1)
(278, 311, 'or', [0, 1], 1, 13, 1, -1)
(278, 314, 'parity', [0, 1], 1, 11, 1, -1)
(278, 314, 'parity', [0, 1], 1, 13, 1, -1)
(278, 314, 'or', [0, 1], 1, 11, 1, -1)
(278, 314, 'or', [0, 1], 1, 13, 1, -1)
(278, 344, 'parity', [0, 1], 1, 11, 1, -1)
(278, 344, 'parity', [0, 1], 1, 13, 1, -1)
(278, 344, 'or', [0, 1], 1, 11, 1, -1)
(278, 344, 'or', [0, 1], 1, 13, 1, -1)
(278, 347, 'parity', [0, 1], 1, 11, 1, -1)
(278, 347, 'parity', [0, 1], 1, 13, 1, -1)
(278, 347, 'or', [0, 1], 1, 11, 1, -1)
(278, 347, 'or', [0, 1], 1, 13, 1, -1)
(278, 350, 'parity', [0, 1], 1, 11, 1, -1)
(278, 350, 'parity', [0, 1], 1, 13, 1, -1)
(278, 350, 'or', [0, 1], 1, 11, 1, -1)
(278, 350, 'or', [0, 1], 1, 13, 1, -1)
(278, 380, 'parity', [0], 3, 11, 1, 1)
(278, 380, 'parity', [0], 3, 13, 1, 1)
(278, 380, 'or', [0], 3, 11, 1, 1)
(278, 380, 'or', [0], 3, 13, 1, 1)
(278, 383, 'parity', [0], 3, 11, 1, 1)
(278, 383, 'parity', [0], 3, 13, 1, 1)
(278, 383, 'or', [0], 3, 11, 1, 1)
(278, 383, 'or', [0], 3, 13, 1, 1)
(278, 386, 'parity', [0], 3, 11, 1, 1)
(278, 386, 'parity', [0], 3, 13, 1, 1)
(278, 386, 'or', [0], 3, 11, 1, 1)
(278, 386, 'or', [0], 3, 13, 1, 1)
(278, 596, 'parity', [0], 3, 11, 1, 1)
(278, 596, 'parity', [0], 3, 13, 1, 1)
(278, 596, 'or', [0], 3, 11, 1, 1)
(278, 596, 'or', [0], 3, 13, 1, 1)
(278, 599, 'parity', [0], 3, 11, 1, 1)
(278, 599, 'parity', [0], 3, 13, 1, 1)
(278, 599, 'or', [0], 3, 11, 1, 1)
(278, 599, 'or', [0], 3, 13, 1, 1)
(278, 602, 'parity', [0], 3, 11, 1, 1)
(278, 602, 'parity', [0], 3, 13, 1, 1)
(278, 602, 'or', [0], 3, 11, 1, 1)
(278, 602, 'or', [0], 3, 13, 1, 1)
(278, 632, 'parity', [0, 1], 1, 11, 1, -1)
(278, 632, 'parity', [0, 1], 1, 13, 1, -1)
(278, 632, 'or', [0, 1], 1, 11, 1, -1)
(278, 632, 'or', [0, 1], 1, 13, 1, -1)
(278, 635, 'parity', [0, 1], 1, 11, 1, -1)
(278, 635, 'parity', [0, 1], 1, 13, 1, -1)
(278, 635, 'or', [0, 1], 1, 11, 1, -1)
(278, 635, 'or', [0, 1], 1, 13, 1, -1)
(278, 638, 'parity', [0, 1], 1, 11, 1, -1)
(278, 638, 'parity', [0, 1], 1, 13, 1, -1)
(278, 638, 'or', [0, 1], 1, 11, 1, -1)
(278, 638, 'or', [0, 1], 1, 13, 1, -1)
(280, 640, 'parity', [0, 1], 0, 11, 1, -1)
(280, 640, 'parity', [0, 1], 0, 13, 1, -1)
(280, 640, 'or', [0, 1], 0, 11, 1, -1)
(280, 640, 'or', [0, 1], 0, 13, 1, -1)
(280, 641, 'parity', [0, 1], 0, 11, 1, -1)
(280, 641, 'parity', [0, 1], 0, 13, 1, -1)
(280, 641, 'or', [0, 1], 0, 11, 1, -1)
(280, 641, 'or', [0, 1], 0, 13, 1, -1)
(280, 642, 'parity', [0, 1], 0, 11, 1, -1)
(280, 642, 'parity', [0, 1], 0, 13, 1, -1)
(280, 642, 'or', [0, 1], 0, 11, 1, -1)
(280, 642, 'or', [0, 1], 0, 13, 1, -1)
(280, 643, 'parity', [0, 1], 0, 11, 1, -1)
(280, 643, 'parity', [0, 1], 0, 13, 1, -1)
(280, 643, 'or', [0, 1], 0, 11, 1, -1)
(280, 643, 'or', [0, 1], 0, 13, 1, -1)
(280, 644, 'parity', [0, 1], 0, 11, 1, -1)
(280, 644, 'parity', [0, 1], 0, 13, 1, -1)
(280, 644, 'or', [0, 1], 0, 11, 1, -1)
(280, 644, 'or', [0, 1], 0, 13, 1, -1)
(280, 645, 'parity', [0, 1], 0, 11, 1, -1)
(280, 645, 'parity', [0, 1], 0, 13, 1, -1)
(280, 645, 'or', [0, 1], 0, 11, 1, -1)
(280, 645, 'or', [0, 1], 0, 13, 1, -1)
(280, 646, 'parity', [0, 1], 0, 11, 1, -1)
(280, 646, 'parity', [0, 1], 0, 13, 1, -1)
(280, 646, 'or', [0, 1], 0, 11, 1, -1)
(280, 646, 'or', [0, 1], 0, 13, 1, -1)
(280, 647, 'parity', [0, 1], 0, 11, 1, -1)
(280, 647, 'parity', [0, 1], 0, 13, 1, -1)
(280, 647, 'or', [0, 1], 0, 11, 1, -1)
(280, 647, 'or', [0, 1], 0, 13, 1, -1)
(280, 675, 'parity', [0, 1], 0, 11, 1, -1)
(280, 675, 'parity', [0, 1], 0, 13, 1, -1)
(280, 675, 'or', [0, 1], 0, 11, 1, -1)
(280, 675, 'or', [0, 1], 0, 13, 1, -1)
(280, 676, 'parity', [0, 1], 0, 11, 1, -1)
(280, 676, 'parity', [0, 1], 0, 13, 1, -1)
(280, 676, 'or', [0, 1], 0, 11, 1, -1)
(280, 676, 'or', [0, 1], 0, 13, 1, -1)
(280, 677, 'parity', [0, 1], 0, 11, 1, -1)
(280, 677, 'parity', [0, 1], 0, 13, 1, -1)
(280, 677, 'or', [0, 1], 0, 11, 1, -1)
(280, 677, 'or', [0, 1], 0, 13, 1, -1)
(280, 678, 'parity', [0, 1], 0, 11, 1, -1)
(280, 678, 'parity', [0, 1], 0, 13, 1, -1)
(280, 678, 'or', [0, 1], 0, 11, 1, -1)
(280, 678, 'or', [0, 1], 0, 13, 1, -1)
(280, 679, 'parity', [1], 1, 11, 4, 3)
(280, 679, 'parity', [1], 1, 13, 5, 3)
(280, 679, 'parity', [0, 1], 0, 11, 1, -1)
(280, 679, 'parity', [0, 1], 0, 13, 1, -1)
(280, 679, 'or', [1], 1, 11, 4, 3)
(280, 679, 'or', [1], 1, 13, 5, 3)
(280, 679, 'or', [0, 1], 0, 11, 1, -1)
(280, 679, 'or', [0, 1], 0, 13, 1, -1)
(280, 680, 'parity', [0, 1], 0, 11, 1, -1)
(280, 680, 'parity', [0, 1], 0, 13, 1, -1)
(280, 680, 'or', [0, 1], 0, 11, 1, -1)
(280, 680, 'or', [0, 1], 0, 13, 1, -1)
(280, 681, 'parity', [0, 1], 0, 11, 1, -1)
(280, 681, 'parity', [0, 1], 0, 13, 1, -1)
(280, 681, 'or', [0, 1], 0, 11, 1, -1)
(280, 681, 'or', [0, 1], 0, 13, 1, -1)
(280, 682, 'parity', [0, 1], 0, 11, 1, -1)
(280, 682, 'parity', [0, 1], 0, 13, 1, -1)
(280, 682, 'or', [0, 1], 0, 11, 1, -1)
(280, 682, 'or', [0, 1], 0, 13, 1, -1)
(280, 683, 'parity', [0, 1], 0, 11, 1, -1)
(280, 683, 'parity', [0, 1], 0, 13, 1, -1)
(280, 683, 'or', [0, 1], 0, 11, 1, -1)
(280, 683, 'or', [0, 1], 0, 13, 1, -1)
(280, 713, 'parity', [0], 2, 11, 1, -1)
(280, 713, 'parity', [0], 2, 13, 1, -1)
(280, 713, 'parity', [1], 1, 11, 1, 1)
(280, 713, 'parity', [1], 1, 13, 1, 1)
(280, 713, 'or', [0], 2, 11, 1, -1)
(280, 713, 'or', [0], 2, 13, 1, -1)
(280, 713, 'or', [1], 1, 11, 1, 1)
(280, 713, 'or', [1], 1, 13, 1, 1)
(280, 715, 'parity', [1], 1, 11, 1, -1)
(280, 715, 'parity', [1], 1, 13, 1, -1)
(280, 715, 'or', [1], 1, 11, 1, -1)
(280, 715, 'or', [1], 1, 13, 1, -1)
(280, 716, 'parity', [0], 2, 11, 1, -1)
(280, 716, 'parity', [0], 2, 13, 1, -1)
(280, 716, 'or', [0], 2, 11, 1, -1)
(280, 716, 'or', [0], 2, 13, 1, -1)
(280, 719, 'parity', [1], 1, 11, 1, 1)
(280, 719, 'parity', [1], 1, 13, 1, 1)
(280, 719, 'or', [1], 1, 11, 1, 1)
(280, 719, 'or', [1], 1, 13, 1, 1)
(281, 315, 'parity', [0, 1], 0, 11, 1, -1)
(281, 315, 'parity', [0, 1], 0, 13, 1, -1)
(281, 315, 'or', [0, 1], 0, 11, 1, -1)
(281, 315, 'or', [0, 1], 0, 13, 1, -1)
(281, 316, 'parity', [0, 1], 0, 11, 1, -1)
(281, 316, 'parity', [0, 1], 0, 13, 1, -1)
(281, 316, 'or', [0, 1], 0, 11, 1, -1)
(281, 316, 'or', [0, 1], 0, 13, 1, -1)
(281, 317, 'parity', [0, 1], 0, 11, 1, -1)
(281, 317, 'parity', [0, 1], 0, 13, 1, -1)
(281, 317, 'or', [0, 1], 0, 11, 1, -1)
(281, 317, 'or', [0, 1], 0, 13, 1, -1)
(281, 318, 'parity', [0, 1], 0, 11, 1, -1)
(281, 318, 'parity', [0, 1], 0, 13, 1, -1)
(281, 318, 'or', [0, 1], 0, 11, 1, -1)
(281, 318, 'or', [0, 1], 0, 13, 1, -1)
(281, 319, 'parity', [0, 1], 0, 11, 1, -1)
(281, 319, 'parity', [0, 1], 0, 13, 1, -1)
(281, 319, 'or', [0, 1], 0, 11, 1, -1)
(281, 319, 'or', [0, 1], 0, 13, 1, -1)
(281, 320, 'parity', [0, 1], 0, 11, 1, -1)
(281, 320, 'parity', [0, 1], 0, 13, 1, -1)
(281, 320, 'or', [0, 1], 0, 11, 1, -1)
(281, 320, 'or', [0, 1], 0, 13, 1, -1)
(281, 321, 'parity', [0, 1], 0, 11, 1, -1)
(281, 321, 'parity', [0, 1], 0, 13, 1, -1)
(281, 321, 'or', [0, 1], 0, 11, 1, -1)
(281, 321, 'or', [0, 1], 0, 13, 1, -1)
(281, 322, 'parity', [0, 1], 0, 11, 1, -1)
(281, 322, 'parity', [0, 1], 0, 13, 1, -1)
(281, 322, 'or', [0, 1], 0, 11, 1, -1)
(281, 322, 'or', [0, 1], 0, 13, 1, -1)
(281, 323, 'parity', [0, 1], 0, 11, 1, -1)
(281, 323, 'parity', [0, 1], 0, 13, 1, -1)
(281, 323, 'or', [0, 1], 0, 11, 1, -1)
(281, 323, 'or', [0, 1], 0, 13, 1, -1)
(281, 351, 'parity', [0, 1], 0, 11, 1, -1)
(281, 351, 'parity', [0, 1], 0, 13, 1, -1)
(281, 351, 'or', [0, 1], 0, 11, 1, -1)
(281, 351, 'or', [0, 1], 0, 13, 1, -1)
(281, 352, 'parity', [0, 1], 0, 11, 1, -1)
(281, 352, 'parity', [0, 1], 0, 13, 1, -1)
(281, 352, 'or', [0, 1], 0, 11, 1, -1)
(281, 352, 'or', [0, 1], 0, 13, 1, -1)
(281, 353, 'parity', [0, 1], 0, 11, 1, -1)
(281, 353, 'parity', [0, 1], 0, 13, 1, -1)
(281, 353, 'or', [0, 1], 0, 11, 1, -1)
(281, 353, 'or', [0, 1], 0, 13, 1, -1)
(281, 354, 'parity', [0, 1], 0, 11, 1, -1)
(281, 354, 'parity', [0, 1], 0, 13, 1, -1)
(281, 354, 'or', [0, 1], 0, 11, 1, -1)
(281, 354, 'or', [0, 1], 0, 13, 1, -1)
(281, 355, 'parity', [0, 1], 0, 11, 1, -1)
(281, 355, 'parity', [0, 1], 0, 13, 1, -1)
(281, 355, 'or', [0, 1], 0, 11, 1, -1)
(281, 355, 'or', [0, 1], 0, 13, 1, -1)
(281, 356, 'parity', [0, 1], 0, 11, 1, -1)
(281, 356, 'parity', [0, 1], 0, 13, 1, -1)
(281, 356, 'or', [0, 1], 0, 11, 1, -1)
(281, 356, 'or', [0, 1], 0, 13, 1, -1)
(281, 357, 'parity', [0, 1], 0, 11, 1, -1)
(281, 357, 'parity', [0, 1], 0, 13, 1, -1)
(281, 357, 'or', [0, 1], 0, 11, 1, -1)
(281, 357, 'or', [0, 1], 0, 13, 1, -1)
(281, 358, 'parity', [0, 1], 0, 11, 1, -1)
(281, 358, 'parity', [0, 1], 0, 13, 1, -1)
(281, 358, 'or', [0, 1], 0, 11, 1, -1)
(281, 358, 'or', [0, 1], 0, 13, 1, -1)
(281, 359, 'parity', [0, 1], 0, 11, 1, -1)
(281, 359, 'parity', [0, 1], 0, 13, 1, -1)
(281, 359, 'or', [0, 1], 0, 11, 1, -1)
(281, 359, 'or', [0, 1], 0, 13, 1, -1)
(279, 675, 'parity', [0, 1], 0, 11, 1, -1)
(279, 675, 'parity', [0, 1], 0, 13, 1, -1)
(279, 675, 'or', [0, 1], 0, 11, 1, -1)
(279, 675, 'or', [0, 1], 0, 13, 1, -1)
(279, 676, 'parity', [0, 1], 0, 11, 1, -1)
(279, 676, 'parity', [0, 1], 0, 13, 1, -1)
(279, 676, 'or', [0, 1], 0, 11, 1, -1)
(279, 676, 'or', [0, 1], 0, 13, 1, -1)
(279, 677, 'parity', [0, 1], 0, 11, 1, -1)
(279, 677, 'parity', [0, 1], 0, 13, 1, -1)
(279, 677, 'or', [0, 1], 0, 11, 1, -1)
(279, 677, 'or', [0, 1], 0, 13, 1, -1)
(279, 678, 'parity', [0, 1], 0, 11, 1, -1)
(279, 678, 'parity', [0, 1], 0, 13, 1, -1)
(279, 678, 'or', [0, 1], 0, 11, 1, -1)
(279, 678, 'or', [0, 1], 0, 13, 1, -1)
(279, 679, 'parity', [0, 1], 0, 11, 1, -1)
(279, 679, 'parity', [0, 1], 0, 13, 1, -1)
(279, 679, 'or', [0, 1], 0, 11, 1, -1)
(279, 679, 'or', [0, 1], 0, 13, 1, -1)
(279, 680, 'parity', [0, 1], 0, 11, 1, -1)
(279, 680, 'parity', [0, 1], 0, 13, 1, -1)
(279, 680, 'or', [0, 1], 0, 11, 1, -1)
(279, 680, 'or', [0, 1], 0, 13, 1, -1)
(279, 681, 'parity', [0, 1], 0, 11, 1, -1)
(279, 681, 'parity', [0, 1], 0, 13, 1, -1)
(279, 681, 'or', [0, 1], 0, 11, 1, -1)
(279, 681, 'or', [0, 1], 0, 13, 1, -1)
(279, 682, 'parity', [0, 1], 0, 11, 1, -1)
(279, 682, 'parity', [0, 1], 0, 13, 1, -1)
(279, 682, 'or', [0, 1], 0, 11, 1, -1)
(279, 682, 'or', [0, 1], 0, 13, 1, -1)
(279, 683, 'parity', [0, 1], 0, 11, 1, -1)
(279, 683, 'parity', [0, 1], 0, 13, 1, -1)
(279, 683, 'or', [0, 1], 0, 11, 1, -1)
(279, 683, 'or', [0, 1], 0, 13, 1, -1)
(280, 281, 'parity', [0], 2, 11, 1, -1)
(280, 281, 'parity', [0], 2, 13, 1, -1)
(280, 281, 'parity', [1], 1, 11, 1, -1)
(280, 281, 'parity', [1], 1, 13, 1, -1)
(280, 281, 'or', [0], 2, 11, 1, -1)
(280, 281, 'or', [0], 2, 13, 1, -1)
(280, 281, 'or', [1], 1, 11, 1, -1)
(280, 281, 'or', [1], 1, 13, 1, -1)
(280, 283, 'parity', [1], 1, 11, 1, 1)
(280, 283, 'parity', [1], 1, 13, 1, 1)
(280, 283, 'or', [1], 1, 11, 1, 1)
(280, 283, 'or', [1], 1, 13, 1, 1)
(280, 284, 'parity', [0], 2, 11, 1, -1)
(280, 284, 'parity', [0], 2, 13, 1, -1)
(280, 284, 'or', [0], 2, 11, 1, -1)
(280, 284, 'or', [0], 2, 13, 1, -1)
(280, 287, 'parity', [1], 1, 11, 1, -1)
(280, 287, 'parity', [1], 1, 13, 1, -1)
(280, 287, 'or', [1], 1, 11, 1, -1)
(280, 287, 'or', [1], 1, 13, 1, -1)
(280, 315, 'parity', [0, 1], 0, 11, 1, -1)
(280, 315, 'parity', [0, 1], 0, 13, 1, -1)
(280, 315, 'or', [0, 1], 0, 11, 1, -1)
(280, 315, 'or', [0, 1], 0, 13, 1, -1)
(280, 316, 'parity', [0, 1], 0, 11, 1, -1)
(280, 316, 'parity', [0, 1], 0, 13, 1, -1)
(280, 316, 'or', [0, 1], 0, 11, 1, -1)
(280, 316, 'or', [0, 1], 0, 13, 1, -1)
(280, 317, 'parity', [0, 1], 0, 11, 1, -1)
(280, 317, 'parity', [0, 1], 0, 13, 1, -1)
(280, 317, 'or', [0, 1], 0, 11, 1, -1)
(280, 317, 'or', [0, 1], 0, 13, 1, -1)
(280, 318, 'parity', [0, 1], 0, 11, 1, -1)
(280, 318, 'parity', [0, 1], 0, 13, 1, -1)
(280, 318, 'or', [0, 1], 0, 11, 1, -1)
(280, 318, 'or', [0, 1], 0, 13, 1, -1)
(280, 319, 'parity', [1], 1, 11, 4, -3)
(280, 319, 'parity', [1], 1, 13, 5, -3)
(280, 319, 'parity', [0, 1], 0, 11, 1, -1)
(280, 319, 'parity', [0, 1], 0, 13, 1, -1)
(280, 319, 'or', [1], 1, 11, 4, -3)
(280, 319, 'or', [1], 1, 13, 5, -3)
(280, 319, 'or', [0, 1], 0, 11, 1, -1)
(280, 319, 'or', [0, 1], 0, 13, 1, -1)
(280, 320, 'parity', [0, 1], 0, 11, 1, -1)
(280, 320, 'parity', [0, 1], 0, 13, 1, -1)
(280, 320, 'or', [0, 1], 0, 11, 1, -1)
(280, 320, 'or', [0, 1], 0, 13, 1, -1)
(280, 321, 'parity', [0, 1], 0, 11, 1, -1)
(280, 321, 'parity', [0, 1], 0, 13, 1, -1)
(280, 321, 'or', [0, 1], 0, 11, 1, -1)
(280, 321, 'or', [0, 1], 0, 13, 1, -1)
(280, 322, 'parity', [0, 1], 0, 11, 1, -1)
(280, 322, 'parity', [0, 1], 0, 13, 1, -1)
(280, 322, 'or', [0, 1], 0, 11, 1, -1)
(280, 322, 'or', [0, 1], 0, 13, 1, -1)
(280, 323, 'parity', [0, 1], 0, 11, 1, -1)
(280, 323, 'parity', [0, 1], 0, 13, 1, -1)
(280, 323, 'or', [0, 1], 0, 11, 1, -1)
(280, 323, 'or', [0, 1], 0, 13, 1, -1)
(280, 351, 'parity', [0, 1], 0, 11, 1, -1)
(280, 351, 'parity', [0, 1], 0, 13, 1, -1)
(280, 351, 'or', [0, 1], 0, 11, 1, -1)
(280, 351, 'or', [0, 1], 0, 13, 1, -1)
(280, 352, 'parity', [0, 1], 0, 11, 1, -1)
(280, 352, 'parity', [0, 1], 0, 13, 1, -1)
(280, 352, 'or', [0, 1], 0, 11, 1, -1)
(280, 352, 'or', [0, 1], 0, 13, 1, -1)
(280, 353, 'parity', [0, 1], 0, 11, 1, -1)
(280, 353, 'parity', [0, 1], 0, 13, 1, -1)
(280, 353, 'or', [0, 1], 0, 11, 1, -1)
(280, 353, 'or', [0, 1], 0, 13, 1, -1)
(280, 354, 'parity', [0, 1], 0, 11, 1, -1)
(280, 354, 'parity', [0, 1], 0, 13, 1, -1)
(280, 354, 'or', [0, 1], 0, 11, 1, -1)
(280, 354, 'or', [0, 1], 0, 13, 1, -1)
(280, 355, 'parity', [0, 1], 0, 11, 1, -1)
(280, 355, 'parity', [0, 1], 0, 13, 1, -1)
(280, 355, 'or', [0, 1], 0, 11, 1, -1)
(280, 355, 'or', [0, 1], 0, 13, 1, -1)
(280, 356, 'parity', [0, 1], 0, 11, 1, -1)
(280, 356, 'parity', [0, 1], 0, 13, 1, -1)
(280, 356, 'or', [0, 1], 0, 11, 1, -1)
(280, 356, 'or', [0, 1], 0, 13, 1, -1)
(280, 357, 'parity', [0, 1], 0, 11, 1, -1)
(280, 357, 'parity', [0, 1], 0, 13, 1, -1)
(280, 357, 'or', [0, 1], 0, 11, 1, -1)
(280, 357, 'or', [0, 1], 0, 13, 1, -1)
(280, 358, 'parity', [0, 1], 0, 11, 1, -1)
(280, 358, 'parity', [0, 1], 0, 13, 1, -1)
(280, 358, 'or', [0, 1], 0, 11, 1, -1)
(280, 358, 'or', [0, 1], 0, 13, 1, -1)
(280, 359, 'parity', [0, 1], 0, 11, 1, -1)
(280, 359, 'parity', [0, 1], 0, 13, 1, -1)
(280, 359, 'or', [0, 1], 0, 11, 1, -1)
(280, 359, 'or', [0, 1], 0, 13, 1, -1)
(280, 389, 'parity', [0], 2, 11, 1, -1)
(280, 389, 'parity', [0], 2, 13, 1, -1)
(280, 389, 'parity', [1], 1, 11, 1, 1)
(280, 389, 'parity', [1], 1, 13, 1, 1)
(280, 389, 'or', [0], 2, 11, 1, -1)
(280, 389, 'or', [0], 2, 13, 1, -1)
(280, 389, 'or', [1], 1, 11, 1, 1)
(280, 389, 'or', [1], 1, 13, 1, 1)
(280, 395, 'parity', [0], 2, 11, 1, -1)
(280, 395, 'parity', [0], 2, 13, 1, -1)
(280, 395, 'parity', [1], 1, 11, 1, 1)
(280, 395, 'parity', [1], 1, 13, 1, 1)
(280, 395, 'or', [0], 2, 11, 1, -1)
(280, 395, 'or', [0], 2, 13, 1, -1)
(280, 395, 'or', [1], 1, 11, 1, 1)
(280, 395, 'or', [1], 1, 13, 1, 1)
(280, 425, 'parity', [1], 1, 11, 4, -3)
(280, 425, 'parity', [1], 1, 13, 5, -3)
(280, 425, 'or', [1], 1, 11, 4, -3)
(280, 425, 'or', [1], 1, 13, 5, -3)
(280, 431, 'parity', [1], 1, 11, 4, -3)
(280, 431, 'parity', [1], 1, 13, 5, -3)
(280, 431, 'or', [1], 1, 11, 4, -3)
(280, 431, 'or', [1], 1, 13, 5, -3)
(280, 496, 'parity', [0], 2, 11, 1, -1)
(280, 496, 'parity', [0], 2, 13, 1, -1)
(280, 496, 'or', [0], 2, 11, 1, -1)
(280, 496, 'or', [0], 2, 13, 1, -1)
(280, 502, 'parity', [0], 2, 11, 1, -1)
(280, 502, 'parity', [0], 2, 13, 1, -1)
(280, 502, 'or', [0], 2, 11, 1, -1)
(280, 502, 'or', [0], 2, 13, 1, -1)
(280, 569, 'parity', [1], 1, 11, 4, 3)
(280, 569, 'parity', [1], 1, 13, 5, 3)
(280, 569, 'or', [1], 1, 11, 4, 3)
(280, 569, 'or', [1], 1, 13, 5, 3)
(280, 575, 'parity', [1], 1, 11, 4, 3)
(280, 575, 'parity', [1], 1, 13, 5, 3)
(280, 575, 'or', [1], 1, 11, 4, 3)
(280, 575, 'or', [1], 1, 13, 5, 3)
(280, 605, 'parity', [0], 2, 11, 1, -1)
(280, 605, 'parity', [0], 2, 13, 1, -1)
(280, 605, 'parity', [1], 1, 11, 1, -1)
(280, 605, 'parity', [1], 1, 13, 1, -1)
(280, 605, 'or', [0], 2, 11, 1, -1)
(280, 605, 'or', [0], 2, 13, 1, -1)
(280, 605, 'or', [1], 1, 11, 1, -1)
(280, 605, 'or', [1], 1, 13, 1, -1)
(280, 611, 'parity', [0], 2, 11, 1, -1)
(280, 611, 'parity', [0], 2, 13, 1, -1)
(280, 611, 'parity', [1], 1, 11, 1, -1)
(280, 611, 'parity', [1], 1, 13, 1, -1)
(280, 611, 'or', [0], 2, 11, 1, -1)
(280, 611, 'or', [0], 2, 13, 1, -1)
(280, 611, 'or', [1], 1, 11, 1, -1)
(280, 611, 'or', [1], 1, 13, 1, -1)
(280, 639, 'parity', [0, 1], 0, 11, 1, -1)
(280, 639, 'parity', [0, 1], 0, 13, 1, -1)
(280, 639, 'or', [0, 1], 0, 11, 1, -1)
(280, 639, 'or', [0, 1], 0, 13, 1, -1)
(281, 639, 'parity', [0, 1], 0, 11, 1, -1)
(281, 639, 'parity', [0, 1], 0, 13, 1, -1)
(281, 639, 'or', [0, 1], 0, 11, 1, -1)
(281, 639, 'or', [0, 1], 0, 13, 1, -1)
(281, 640, 'parity', [0, 1], 0, 11, 1, -1)
(281, 640, 'parity', [0, 1], 0, 13, 1, -1)
(281, 640, 'or', [0, 1], 0, 11, 1, -1)
(281, 640, 'or', [0, 1], 0, 13, 1, -1)
(281, 641, 'parity', [0, 1], 0, 11, 1, -1)
(281, 641, 'parity', [0, 1], 0, 13, 1, -1)
(281, 641, 'or', [0, 1], 0, 11, 1, -1)
(281, 641, 'or', [0, 1], 0, 13, 1, -1)
(281, 642, 'parity', [0, 1], 0, 11, 1, -1)
(281, 642, 'parity', [0, 1], 0, 13, 1, -1)
(281, 642, 'or', [0, 1], 0, 11, 1, -1)
(281, 642, 'or', [0, 1], 0, 13, 1, -1)
(281, 643, 'parity', [0, 1], 0, 11, 1, -1)
(281, 643, 'parity', [0, 1], 0, 13, 1, -1)
(281, 643, 'or', [0, 1], 0, 11, 1, -1)
(281, 643, 'or', [0, 1], 0, 13, 1, -1)
(281, 644, 'parity', [0, 1], 0, 11, 1, -1)
(281, 644, 'parity', [0, 1], 0, 13, 1, -1)
(281, 644, 'or', [0, 1], 0, 11, 1, -1)
(281, 644, 'or', [0, 1], 0, 13, 1, -1)
(281, 645, 'parity', [0, 1], 0, 11, 1, -1)
(281, 645, 'parity', [0, 1], 0, 13, 1, -1)
(281, 645, 'or', [0, 1], 0, 11, 1, -1)
(281, 645, 'or', [0, 1], 0, 13, 1, -1)
(281, 646, 'parity', [0, 1], 0, 11, 1, -1)
(281, 646, 'parity', [0, 1], 0, 13, 1, -1)
(281, 646, 'or', [0, 1], 0, 11, 1, -1)
(281, 646, 'or', [0, 1], 0, 13, 1, -1)
(281, 647, 'parity', [0, 1], 0, 11, 1, -1)
(281, 647, 'parity', [0, 1], 0, 13, 1, -1)
(281, 647, 'or', [0, 1], 0, 11, 1, -1)
(281, 647, 'or', [0, 1], 0, 13, 1, -1)
(281, 675, 'parity', [0, 1], 0, 11, 1, -1)
(281, 675, 'parity', [0, 1], 0, 13, 1, -1)
(281, 675, 'or', [0, 1], 0, 11, 1, -1)
(281, 675, 'or', [0, 1], 0, 13, 1, -1)
(281, 676, 'parity', [0, 1], 0, 11, 1, -1)
(281, 676, 'parity', [0, 1], 0, 13, 1, -1)
(281, 676, 'or', [0, 1], 0, 11, 1, -1)
(281, 676, 'or', [0, 1], 0, 13, 1, -1)
(281, 677, 'parity', [0, 1], 0, 11, 1, -1)
(281, 677, 'parity', [0, 1], 0, 13, 1, -1)
(281, 677, 'or', [0, 1], 0, 11, 1, -1)
(281, 677, 'or', [0, 1], 0, 13, 1, -1)
(281, 678, 'parity', [0, 1], 0, 11, 1, -1)
(281, 678, 'parity', [0, 1], 0, 13, 1, -1)
(281, 678, 'or', [0, 1], 0, 11, 1, -1)
(281, 678, 'or', [0, 1], 0, 13, 1, -1)
(281, 679, 'parity', [0, 1], 0, 11, 1, -1)
(281, 679, 'parity', [0, 1], 0, 13, 1, -1)
(281, 679, 'or', [0, 1], 0, 11, 1, -1)
(281, 679, 'or', [0, 1], 0, 13, 1, -1)
(281, 680, 'parity', [0, 1], 0, 11, 1, -1)
(281, 680, 'parity', [0, 1], 0, 13, 1, -1)
(281, 680, 'or', [0, 1], 0, 11, 1, -1)
(281, 680, 'or', [0, 1], 0, 13, 1, -1)
(281, 681, 'parity', [0, 1], 0, 11, 1, -1)
(281, 681, 'parity', [0, 1], 0, 13, 1, -1)
(281, 681, 'or', [0, 1], 0, 11, 1, -1)
(281, 681, 'or', [0, 1], 0, 13, 1, -1)
(281, 682, 'parity', [0, 1], 0, 11, 1, -1)
(281, 682, 'parity', [0, 1], 0, 13, 1, -1)
(281, 682, 'or', [0, 1], 0, 11, 1, -1)
(281, 682, 'or', [0, 1], 0, 13, 1, -1)
(281, 683, 'parity', [0, 1], 0, 11, 1, -1)
(281, 683, 'parity', [0, 1], 0, 13, 1, -1)
(281, 683, 'or', [0, 1], 0, 11, 1, -1)
(281, 683, 'or', [0, 1], 0, 13, 1, -1)
(282, 315, 'parity', [0, 1], 0, 11, 1, -1)
(282, 315, 'parity', [0, 1], 0, 13, 1, -1)
(282, 315, 'or', [0, 1], 0, 11, 1, -1)
(282, 315, 'or', [0, 1], 0, 13, 1, -1)
(282, 316, 'parity', [0, 1], 0, 11, 1, -1)
(282, 316, 'parity', [0, 1], 0, 13, 1, -1)
(282, 316, 'or', [0, 1], 0, 11, 1, -1)
(282, 316, 'or', [0, 1], 0, 13, 1, -1)
(282, 317, 'parity', [0, 1], 0, 11, 1, -1)
(282, 317, 'parity', [0, 1], 0, 13, 1, -1)
(282, 317, 'or', [0, 1], 0, 11, 1, -1)
(282, 317, 'or', [0, 1], 0, 13, 1, -1)
(282, 318, 'parity', [0, 1], 0, 11, 1, -1)
(282, 318, 'parity', [0, 1], 0, 13, 1, -1)
(282, 318, 'or', [0, 1], 0, 11, 1, -1)
(282, 318, 'or', [0, 1], 0, 13, 1, -1)
(282, 319, 'parity', [0, 1], 0, 11, 1, -1)
(282, 319, 'parity', [0, 1], 0, 13, 1, -1)
(282, 319, 'or', [0, 1], 0, 11, 1, -1)
(282, 319, 'or', [0, 1], 0, 13, 1, -1)
(282, 320, 'parity', [0, 1], 0, 11, 1, -1)
(282, 320, 'parity', [0, 1], 0, 13, 1, -1)
(282, 320, 'or', [0, 1], 0, 11, 1, -1)
(282, 320, 'or', [0, 1], 0, 13, 1, -1)
(282, 321, 'parity', [0, 1], 0, 11, 1, -1)
(282, 321, 'parity', [0, 1], 0, 13, 1, -1)
(282, 321, 'or', [0, 1], 0, 11, 1, -1)
(282, 321, 'or', [0, 1], 0, 13, 1, -1)
(282, 322, 'parity', [0, 1], 0, 11, 1, -1)
(282, 322, 'parity', [0, 1], 0, 13, 1, -1)
(282, 322, 'or', [0, 1], 0, 11, 1, -1)
(282, 322, 'or', [0, 1], 0, 13, 1, -1)
(282, 323, 'parity', [0, 1], 0, 11, 1, -1)
(282, 323, 'parity', [0, 1], 0, 13, 1, -1)
(282, 323, 'or', [0, 1], 0, 11, 1, -1)
(282, 323, 'or', [0, 1], 0, 13, 1, -1)
(282, 351, 'parity', [0, 1], 0, 11, 1, -1)
(282, 351, 'parity', [0, 1], 0, 13, 1, -1)
(282, 351, 'or', [0, 1], 0, 11, 1, -1)
(282, 351, 'or', [0, 1], 0, 13, 1, -1)
(282, 352, 'parity', [0, 1], 0, 11, 1, -1)
(282, 352, 'parity', [0, 1], 0, 13, 1, -1)
(282, 352, 'or', [0, 1], 0, 11, 1, -1)
(282, 352, 'or', [0, 1], 0, 13, 1, -1)
(282, 353, 'parity', [0, 1], 0, 11, 1, -1)
(282, 353, 'parity', [0, 1], 0, 13, 1, -1)
(282, 353, 'or', [0, 1], 0, 11, 1, -1)
(282, 353, 'or', [0, 1], 0, 13, 1, -1)
(282, 354, 'parity', [0, 1], 0, 11, 1, -1)
(282, 354, 'parity', [0, 1], 0, 13, 1, -1)
(282, 354, 'or', [0, 1], 0, 11, 1, -1)
(282, 354, 'or', [0, 1], 0, 13, 1, -1)
(282, 355, 'parity', [0, 1], 0, 11, 1, -1)
(282, 355, 'parity', [0, 1], 0, 13, 1, -1)
(282, 355, 'or', [0, 1], 0, 11, 1, -1)
(282, 355, 'or', [0, 1], 0, 13, 1, -1)
(282, 356, 'parity', [0, 1], 0, 11, 1, -1)
(282, 356, 'parity', [0, 1], 0, 13, 1, -1)
(282, 356, 'or', [0, 1], 0, 11, 1, -1)
(282, 356, 'or', [0, 1], 0, 13, 1, -1)
(282, 357, 'parity', [0, 1], 0, 11, 1, -1)
(282, 357, 'parity', [0, 1], 0, 13, 1, -1)
(282, 357, 'or', [0, 1], 0, 11, 1, -1)
(282, 357, 'or', [0, 1], 0, 13, 1, -1)
(282, 358, 'parity', [0, 1], 0, 11, 1, -1)
(282, 358, 'parity', [0, 1], 0, 13, 1, -1)
(282, 358, 'or', [0, 1], 0, 11, 1, -1)
(282, 358, 'or', [0, 1], 0, 13, 1, -1)
(282, 359, 'parity', [0, 1], 0, 11, 1, -1)
(282, 359, 'parity', [0, 1], 0, 13, 1, -1)
(282, 359, 'or', [0, 1], 0, 11, 1, -1)
(282, 359, 'or', [0, 1], 0, 13, 1, -1)
(282, 639, 'parity', [0, 1], 0, 11, 1, -1)
(282, 639, 'parity', [0, 1], 0, 13, 1, -1)
(282, 639, 'or', [0, 1], 0, 11, 1, -1)
(282, 639, 'or', [0, 1], 0, 13, 1, -1)
(282, 640, 'parity', [0, 1], 0, 11, 1, -1)
(282, 640, 'parity', [0, 1], 0, 13, 1, -1)
(282, 640, 'or', [0, 1], 0, 11, 1, -1)
(282, 640, 'or', [0, 1], 0, 13, 1, -1)
(282, 641, 'parity', [0, 1], 0, 11, 1, -1)
(282, 641, 'parity', [0, 1], 0, 13, 1, -1)
(282, 641, 'or', [0, 1], 0, 11, 1, -1)
(282, 641, 'or', [0, 1], 0, 13, 1, -1)
(282, 642, 'parity', [0, 1], 0, 11, 1, -1)
(282, 642, 'parity', [0, 1], 0, 13, 1, -1)
(282, 642, 'or', [0, 1], 0, 11, 1, -1)
(282, 642, 'or', [0, 1], 0, 13, 1, -1)
(282, 643, 'parity', [0, 1], 0, 11, 1, -1)
(282, 643, 'parity', [0, 1], 0, 13, 1, -1)
(282, 643, 'or', [0, 1], 0, 11, 1, -1)
(282, 643, 'or', [0, 1], 0, 13, 1, -1)
(282, 644, 'parity', [0, 1], 0, 11, 1, -1)
(282, 644, 'parity', [0, 1], 0, 13, 1, -1)
(282, 644, 'or', [0, 1], 0, 11, 1, -1)
(282, 644, 'or', [0, 1], 0, 13, 1, -1)
(282, 645, 'parity', [0, 1], 0, 11, 1, -1)
(282, 645, 'parity', [0, 1], 0, 13, 1, -1)
(282, 645, 'or', [0, 1], 0, 11, 1, -1)
(282, 645, 'or', [0, 1], 0, 13, 1, -1)
(282, 646, 'parity', [0, 1], 0, 11, 1, -1)
(282, 646, 'parity', [0, 1], 0, 13, 1, -1)
(282, 646, 'or', [0, 1], 0, 11, 1, -1)
(282, 646, 'or', [0, 1], 0, 13, 1, -1)
(282, 647, 'parity', [0, 1], 0, 11, 1, -1)
(282, 647, 'parity', [0, 1], 0, 13, 1, -1)
(282, 647, 'or', [0, 1], 0, 11, 1, -1)
(282, 647, 'or', [0, 1], 0, 13, 1, -1)
(282, 675, 'parity', [0, 1], 0, 11, 1, -1)
(282, 675, 'parity', [0, 1], 0, 13, 1, -1)
(282, 675, 'or', [0, 1], 0, 11, 1, -1)
(282, 675, 'or', [0, 1], 0, 13, 1, -1)
(282, 676, 'parity', [0, 1], 0, 11, 1, -1)
(282, 676, 'parity', [0, 1], 0, 13, 1, -1)
(282, 676, 'or', [0, 1], 0, 11, 1, -1)
(282, 676, 'or', [0, 1], 0, 13, 1, -1)
(282, 677, 'parity', [0, 1], 0, 11, 1, -1)
(282, 677, 'parity', [0, 1], 0, 13, 1, -1)
(282, 677, 'or', [0, 1], 0, 11, 1, -1)
(282, 677, 'or', [0, 1], 0, 13, 1, -1)
(282, 678, 'parity', [0, 1], 0, 11, 1, -1)
(282, 678, 'parity', [0, 1], 0, 13, 1, -1)
(282, 678, 'or', [0, 1], 0, 11, 1, -1)
(282, 678, 'or', [0, 1], 0, 13, 1, -1)
(282, 679, 'parity', [0, 1], 0, 11, 1, -1)
(282, 679, 'parity', [0, 1], 0, 13, 1, -1)
(282, 679, 'or', [0, 1], 0, 11, 1, -1)
(282, 679, 'or', [0, 1], 0, 13, 1, -1)
(282, 680, 'parity', [0, 1], 0, 11, 1, -1)
(282, 680, 'parity', [0, 1], 0, 13, 1, -1)
(282, 680, 'or', [0, 1], 0, 11, 1, -1)
(282, 680, 'or', [0, 1], 0, 13, 1, -1)
(282, 681, 'parity', [0, 1], 0, 11, 1, -1)
(282, 681, 'parity', [0, 1], 0, 13, 1, -1)
(282, 681, 'or', [0, 1], 0, 11, 1, -1)
(282, 681, 'or', [0, 1], 0, 13, 1, -1)
(282, 682, 'parity', [0, 1], 0, 11, 1, -1)
(282, 682, 'parity', [0, 1], 0, 13, 1, -1)
(282, 682, 'or', [0, 1], 0, 11, 1, -1)
(282, 682, 'or', [0, 1], 0, 13, 1, -1)
(282, 683, 'parity', [0, 1], 0, 11, 1, -1)
(282, 683, 'parity', [0, 1], 0, 13, 1, -1)
(282, 683, 'or', [0, 1], 0, 11, 1, -1)
(282, 683, 'or', [0, 1], 0, 13, 1, -1)
(283, 284, 'parity', [0], 2, 11, 1, -1)
(283, 284, 'parity', [0], 2, 13, 1, -1)
(283, 284, 'or', [0], 2, 11, 1, -1)
(283, 284, 'or', [0], 2, 13, 1, -1)
(283, 315, 'parity', [0, 1], 0, 11, 1, -1)
(283, 315, 'parity', [0, 1], 0, 13, 1, -1)
(283, 315, 'or', [0, 1], 0, 11, 1, -1)
(283, 315, 'or', [0, 1], 0, 13, 1, -1)
(283, 316, 'parity', [0, 1], 0, 11, 1, -1)
(283, 316, 'parity', [0, 1], 0, 13, 1, -1)
(283, 316, 'or', [0, 1], 0, 11, 1, -1)
(283, 316, 'or', [0, 1], 0, 13, 1, -1)
(283, 317, 'parity', [0, 1], 0, 11, 1, -1)
(283, 317, 'parity', [0, 1], 0, 13, 1, -1)
(283, 317, 'or', [0, 1], 0, 11, 1, -1)
(283, 317, 'or', [0, 1], 0, 13, 1, -1)
(283, 318, 'parity', [0, 1], 0, 11, 1, -1)
(283, 318, 'parity', [0, 1], 0, 13, 1, -1)
(283, 318, 'or', [0, 1], 0, 11, 1, -1)
(283, 318, 'or', [0, 1], 0, 13, 1, -1)
(283, 319, 'parity', [0, 1], 0, 11, 1, -1)
(283, 319, 'parity', [0, 1], 0, 13, 1, -1)
(283, 319, 'or', [0, 1], 0, 11, 1, -1)
(283, 319, 'or', [0, 1], 0, 13, 1, -1)
(283, 320, 'parity', [0, 1], 0, 11, 1, -1)
(283, 320, 'parity', [0, 1], 0, 13, 1, -1)
(283, 320, 'or', [0, 1], 0, 11, 1, -1)
(283, 320, 'or', [0, 1], 0, 13, 1, -1)
(283, 321, 'parity', [0, 1], 0, 11, 1, -1)
(283, 321, 'parity', [0, 1], 0, 13, 1, -1)
(283, 321, 'or', [0, 1], 0, 11, 1, -1)
(283, 321, 'or', [0, 1], 0, 13, 1, -1)
(283, 322, 'parity', [0, 1], 0, 11, 1, -1)
(283, 322, 'parity', [0, 1], 0, 13, 1, -1)
(283, 322, 'or', [0, 1], 0, 11, 1, -1)
(283, 322, 'or', [0, 1], 0, 13, 1, -1)
(283, 323, 'parity', [0, 1], 0, 11, 1, -1)
(283, 323, 'parity', [0, 1], 0, 13, 1, -1)
(283, 323, 'or', [0, 1], 0, 11, 1, -1)
(283, 323, 'or', [0, 1], 0, 13, 1, -1)
(283, 351, 'parity', [0, 1], 0, 11, 1, -1)
(283, 351, 'parity', [0, 1], 0, 13, 1, -1)
(283, 351, 'or', [0, 1], 0, 11, 1, -1)
(283, 351, 'or', [0, 1], 0, 13, 1, -1)
(283, 352, 'parity', [0, 1], 0, 11, 1, -1)
(283, 352, 'parity', [0, 1], 0, 13, 1, -1)
(283, 352, 'or', [0, 1], 0, 11, 1, -1)
(283, 352, 'or', [0, 1], 0, 13, 1, -1)
(283, 353, 'parity', [0, 1], 0, 11, 1, -1)
(283, 353, 'parity', [0, 1], 0, 13, 1, -1)
(283, 353, 'or', [0, 1], 0, 11, 1, -1)
(283, 353, 'or', [0, 1], 0, 13, 1, -1)
(283, 354, 'parity', [0, 1], 0, 11, 1, -1)
(283, 354, 'parity', [0, 1], 0, 13, 1, -1)
(283, 354, 'or', [0, 1], 0, 11, 1, -1)
(283, 354, 'or', [0, 1], 0, 13, 1, -1)
(283, 355, 'parity', [0, 1], 0, 11, 1, -1)
(283, 355, 'parity', [0, 1], 0, 13, 1, -1)
(283, 355, 'or', [0, 1], 0, 11, 1, -1)
(283, 355, 'or', [0, 1], 0, 13, 1, -1)
(283, 356, 'parity', [0, 1], 0, 11, 1, -1)
(283, 356, 'parity', [0, 1], 0, 13, 1, -1)
(283, 356, 'or', [0, 1], 0, 11, 1, -1)
(283, 356, 'or', [0, 1], 0, 13, 1, -1)
(283, 357, 'parity', [0, 1], 0, 11, 1, -1)
(283, 357, 'parity', [0, 1], 0, 13, 1, -1)
(283, 357, 'or', [0, 1], 0, 11, 1, -1)
(283, 357, 'or', [0, 1], 0, 13, 1, -1)
(283, 358, 'parity', [0, 1], 0, 11, 1, -1)
(283, 358, 'parity', [0, 1], 0, 13, 1, -1)
(283, 358, 'or', [0, 1], 0, 11, 1, -1)
(283, 358, 'or', [0, 1], 0, 13, 1, -1)
(283, 359, 'parity', [0, 1], 0, 11, 1, -1)
(283, 359, 'parity', [0, 1], 0, 13, 1, -1)
(283, 359, 'or', [0, 1], 0, 11, 1, -1)
(283, 359, 'or', [0, 1], 0, 13, 1, -1)
(283, 389, 'parity', [0], 2, 11, 1, -1)
(283, 389, 'parity', [0], 2, 13, 1, -1)
(283, 389, 'or', [0], 2, 11, 1, -1)
(283, 389, 'or', [0], 2, 13, 1, -1)
(283, 395, 'parity', [0], 2, 11, 1, -1)
(283, 395, 'parity', [0], 2, 13, 1, -1)
(283, 395, 'or', [0], 2, 11, 1, -1)
(283, 395, 'or', [0], 2, 13, 1, -1)
(283, 639, 'parity', [0, 1], 0, 11, 1, -1)
(283, 639, 'parity', [0, 1], 0, 13, 1, -1)
(283, 639, 'or', [0, 1], 0, 11, 1, -1)
(283, 639, 'or', [0, 1], 0, 13, 1, -1)
(283, 640, 'parity', [0, 1], 0, 11, 1, -1)
(283, 640, 'parity', [0, 1], 0, 13, 1, -1)
(283, 640, 'or', [0, 1], 0, 11, 1, -1)
(283, 640, 'or', [0, 1], 0, 13, 1, -1)
(283, 641, 'parity', [0, 1], 0, 11, 1, -1)
(283, 641, 'parity', [0, 1], 0, 13, 1, -1)
(283, 641, 'or', [0, 1], 0, 11, 1, -1)
(283, 641, 'or', [0, 1], 0, 13, 1, -1)
(283, 642, 'parity', [0, 1], 0, 11, 1, -1)
(283, 642, 'parity', [0, 1], 0, 13, 1, -1)
(283, 642, 'or', [0, 1], 0, 11, 1, -1)
(283, 642, 'or', [0, 1], 0, 13, 1, -1)
(283, 643, 'parity', [0, 1], 0, 11, 1, -1)
(283, 643, 'parity', [0, 1], 0, 13, 1, -1)
(283, 643, 'or', [0, 1], 0, 11, 1, -1)
(283, 643, 'or', [0, 1], 0, 13, 1, -1)
(283, 644, 'parity', [0, 1], 0, 11, 1, -1)
(283, 644, 'parity', [0, 1], 0, 13, 1, -1)
(283, 644, 'or', [0, 1], 0, 11, 1, -1)
(283, 644, 'or', [0, 1], 0, 13, 1, -1)
(283, 645, 'parity', [0, 1], 0, 11, 1, -1)
(283, 645, 'parity', [0, 1], 0, 13, 1, -1)
(283, 645, 'or', [0, 1], 0, 11, 1, -1)
(283, 645, 'or', [0, 1], 0, 13, 1, -1)
(283, 646, 'parity', [0, 1], 0, 11, 1, -1)
(283, 646, 'parity', [0, 1], 0, 13, 1, -1)
(283, 646, 'or', [0, 1], 0, 11, 1, -1)
(283, 646, 'or', [0, 1], 0, 13, 1, -1)
(283, 647, 'parity', [0, 1], 0, 11, 1, -1)
(283, 647, 'parity', [0, 1], 0, 13, 1, -1)
(283, 647, 'or', [0, 1], 0, 11, 1, -1)
(283, 647, 'or', [0, 1], 0, 13, 1, -1)
(283, 675, 'parity', [0, 1], 0, 11, 1, -1)
(283, 675, 'parity', [0, 1], 0, 13, 1, -1)
(283, 675, 'or', [0, 1], 0, 11, 1, -1)
(283, 675, 'or', [0, 1], 0, 13, 1, -1)
(283, 676, 'parity', [0, 1], 0, 11, 1, -1)
(283, 676, 'parity', [0, 1], 0, 13, 1, -1)
(283, 676, 'or', [0, 1], 0, 11, 1, -1)
(283, 676, 'or', [0, 1], 0, 13, 1, -1)
(283, 677, 'parity', [0, 1], 0, 11, 1, -1)
(283, 677, 'parity', [0, 1], 0, 13, 1, -1)
(283, 677, 'or', [0, 1], 0, 11, 1, -1)
(283, 677, 'or', [0, 1], 0, 13, 1, -1)
(283, 678, 'parity', [0, 1], 0, 11, 1, -1)
(283, 678, 'parity', [0, 1], 0, 13, 1, -1)
(283, 678, 'or', [0, 1], 0, 11, 1, -1)
(283, 678, 'or', [0, 1], 0, 13, 1, -1)
(283, 679, 'parity', [0, 1], 0, 11, 1, -1)
(283, 679, 'parity', [0, 1], 0, 13, 1, -1)
(283, 679, 'or', [0, 1], 0, 11, 1, -1)
(283, 679, 'or', [0, 1], 0, 13, 1, -1)
(283, 680, 'parity', [0, 1], 0, 11, 1, -1)
(283, 680, 'parity', [0, 1], 0, 13, 1, -1)
(283, 680, 'or', [0, 1], 0, 11, 1, -1)
(283, 680, 'or', [0, 1], 0, 13, 1, -1)
(283, 681, 'parity', [0, 1], 0, 11, 1, -1)
(283, 681, 'parity', [0, 1], 0, 13, 1, -1)
(283, 681, 'or', [0, 1], 0, 11, 1, -1)
(283, 681, 'or', [0, 1], 0, 13, 1, -1)
(283, 682, 'parity', [0, 1], 0, 11, 1, -1)
(283, 682, 'parity', [0, 1], 0, 13, 1, -1)
(283, 682, 'or', [0, 1], 0, 11, 1, -1)
(283, 682, 'or', [0, 1], 0, 13, 1, -1)
(283, 683, 'parity', [0, 1], 0, 11, 1, -1)
(283, 683, 'parity', [0, 1], 0, 13, 1, -1)
(283, 683, 'or', [0, 1], 0, 11, 1, -1)
(283, 683, 'or', [0, 1], 0, 13, 1, -1)
(283, 716, 'parity', [0], 2, 11, 1, -1)
(283, 716, 'parity', [0], 2, 13, 1, -1)
(283, 716, 'or', [0], 2, 11, 1, -1)
(283, 716, 'or', [0], 2, 13, 1, -1)
(284, 315, 'parity', [0, 1], 0, 11, 1, -1)
(284, 315, 'parity', [0, 1], 0, 13, 1, -1)
(284, 315, 'or', [0, 1], 0, 11, 1, -1)
(284, 315, 'or', [0, 1], 0, 13, 1, -1)
(284, 316, 'parity', [0, 1], 0, 11, 1, -1)
(284, 316, 'parity', [0, 1], 0, 13, 1, -1)
(284, 316, 'or', [0, 1], 0, 11, 1, -1)
(284, 316, 'or', [0, 1], 0, 13, 1, -1)
(284, 317, 'parity', [0, 1], 0, 11, 1, -1)
(284, 317, 'parity', [0, 1], 0, 13, 1, -1)
(284, 317, 'or', [0, 1], 0, 11, 1, -1)
(284, 317, 'or', [0, 1], 0, 13, 1, -1)
(284, 318, 'parity', [0, 1], 0, 11, 1, -1)
(284, 318, 'parity', [0, 1], 0, 13, 1, -1)
(284, 318, 'or', [0, 1], 0, 11, 1, -1)
(284, 318, 'or', [0, 1], 0, 13, 1, -1)
(284, 319, 'parity', [0, 1], 0, 11, 1, -1)
(284, 319, 'parity', [0, 1], 0, 13, 1, -1)
(284, 319, 'or', [0, 1], 0, 11, 1, -1)
(284, 319, 'or', [0, 1], 0, 13, 1, -1)
(284, 320, 'parity', [0, 1], 0, 11, 1, -1)
(284, 320, 'parity', [0, 1], 0, 13, 1, -1)
(284, 320, 'or', [0, 1], 0, 11, 1, -1)
(284, 320, 'or', [0, 1], 0, 13, 1, -1)
(284, 321, 'parity', [0, 1], 0, 11, 1, -1)
(284, 321, 'parity', [0, 1], 0, 13, 1, -1)
(284, 321, 'or', [0, 1], 0, 11, 1, -1)
(284, 321, 'or', [0, 1], 0, 13, 1, -1)
(284, 322, 'parity', [0, 1], 0, 11, 1, -1)
(284, 322, 'parity', [0, 1], 0, 13, 1, -1)
(284, 322, 'or', [0, 1], 0, 11, 1, -1)
(284, 322, 'or', [0, 1], 0, 13, 1, -1)
(284, 323, 'parity', [0, 1], 0, 11, 1, -1)
(284, 323, 'parity', [0, 1], 0, 13, 1, -1)
(284, 323, 'or', [0, 1], 0, 11, 1, -1)
(284, 323, 'or', [0, 1], 0, 13, 1, -1)
(284, 351, 'parity', [0, 1], 0, 11, 1, -1)
(284, 351, 'parity', [0, 1], 0, 13, 1, -1)
(284, 351, 'or', [0, 1], 0, 11, 1, -1)
(284, 351, 'or', [0, 1], 0, 13, 1, -1)
(284, 352, 'parity', [0, 1], 0, 11, 1, -1)
(284, 352, 'parity', [0, 1], 0, 13, 1, -1)
(284, 352, 'or', [0, 1], 0, 11, 1, -1)
(284, 352, 'or', [0, 1], 0, 13, 1, -1)
(284, 353, 'parity', [0, 1], 0, 11, 1, -1)
(284, 353, 'parity', [0, 1], 0, 13, 1, -1)
(284, 353, 'or', [0, 1], 0, 11, 1, -1)
(284, 353, 'or', [0, 1], 0, 13, 1, -1)
(284, 354, 'parity', [0, 1], 0, 11, 1, -1)
(284, 354, 'parity', [0, 1], 0, 13, 1, -1)
(284, 354, 'or', [0, 1], 0, 11, 1, -1)
(284, 354, 'or', [0, 1], 0, 13, 1, -1)
(284, 355, 'parity', [0, 1], 0, 11, 1, -1)
(284, 355, 'parity', [0, 1], 0, 13, 1, -1)
(284, 355, 'or', [0, 1], 0, 11, 1, -1)
(284, 355, 'or', [0, 1], 0, 13, 1, -1)
(284, 356, 'parity', [0, 1], 0, 11, 1, -1)
(284, 356, 'parity', [0, 1], 0, 13, 1, -1)
(284, 356, 'or', [0, 1], 0, 11, 1, -1)
(284, 356, 'or', [0, 1], 0, 13, 1, -1)
(284, 357, 'parity', [0, 1], 0, 11, 1, -1)
(284, 357, 'parity', [0, 1], 0, 13, 1, -1)
(284, 357, 'or', [0, 1], 0, 11, 1, -1)
(284, 357, 'or', [0, 1], 0, 13, 1, -1)
(284, 358, 'parity', [0, 1], 0, 11, 1, -1)
(284, 358, 'parity', [0, 1], 0, 13, 1, -1)
(284, 358, 'or', [0, 1], 0, 11, 1, -1)
(284, 358, 'or', [0, 1], 0, 13, 1, -1)
(284, 359, 'parity', [0, 1], 0, 11, 1, -1)
(284, 359, 'parity', [0, 1], 0, 13, 1, -1)
(284, 359, 'or', [0, 1], 0, 11, 1, -1)
(284, 359, 'or', [0, 1], 0, 13, 1, -1)
(283, 496, 'parity', [0], 2, 11, 1, -1)
(283, 496, 'parity', [0], 2, 13, 1, -1)
(283, 496, 'or', [0], 2, 11, 1, -1)
(283, 496, 'or', [0], 2, 13, 1, -1)
(283, 502, 'parity', [0], 2, 11, 1, -1)
(283, 502, 'parity', [0], 2, 13, 1, -1)
(283, 502, 'or', [0], 2, 11, 1, -1)
(283, 502, 'or', [0], 2, 13, 1, -1)
(283, 605, 'parity', [0], 2, 11, 1, -1)
(283, 605, 'parity', [0], 2, 13, 1, -1)
(283, 605, 'or', [0], 2, 11, 1, -1)
(283, 605, 'or', [0], 2, 13, 1, -1)
(283, 611, 'parity', [0], 2, 11, 1, -1)
(283, 611, 'parity', [0], 2, 13, 1, -1)
(283, 611, 'or', [0], 2, 11, 1, -1)
(283, 611, 'or', [0], 2, 13, 1, -1)
(284, 639, 'parity', [0, 1], 0, 11, 1, -1)
(284, 639, 'parity', [0, 1], 0, 13, 1, -1)
(284, 639, 'or', [0, 1], 0, 11, 1, -1)
(284, 639, 'or', [0, 1], 0, 13, 1, -1)
(284, 640, 'parity', [0, 1], 0, 11, 1, -1)
(284, 640, 'parity', [0, 1], 0, 13, 1, -1)
(284, 640, 'or', [0, 1], 0, 11, 1, -1)
(284, 640, 'or', [0, 1], 0, 13, 1, -1)
(284, 641, 'parity', [0, 1], 0, 11, 1, -1)
(284, 641, 'parity', [0, 1], 0, 13, 1, -1)
(284, 641, 'or', [0, 1], 0, 11, 1, -1)
(284, 641, 'or', [0, 1], 0, 13, 1, -1)
(284, 642, 'parity', [0, 1], 0, 11, 1, -1)
(284, 642, 'parity', [0, 1], 0, 13, 1, -1)
(284, 642, 'or', [0, 1], 0, 11, 1, -1)
(284, 642, 'or', [0, 1], 0, 13, 1, -1)
(284, 643, 'parity', [0, 1], 0, 11, 1, -1)
(284, 643, 'parity', [0, 1], 0, 13, 1, -1)
(284, 643, 'or', [0, 1], 0, 11, 1, -1)
(284, 643, 'or', [0, 1], 0, 13, 1, -1)
(284, 644, 'parity', [0, 1], 0, 11, 1, -1)
(284, 644, 'parity', [0, 1], 0, 13, 1, -1)
(284, 644, 'or', [0, 1], 0, 11, 1, -1)
(284, 644, 'or', [0, 1], 0, 13, 1, -1)
(284, 645, 'parity', [0, 1], 0, 11, 1, -1)
(284, 645, 'parity', [0, 1], 0, 13, 1, -1)
(284, 645, 'or', [0, 1], 0, 11, 1, -1)
(284, 645, 'or', [0, 1], 0, 13, 1, -1)
(284, 646, 'parity', [0, 1], 0, 11, 1, -1)
(284, 646, 'parity', [0, 1], 0, 13, 1, -1)
(284, 646, 'or', [0, 1], 0, 11, 1, -1)
(284, 646, 'or', [0, 1], 0, 13, 1, -1)
(284, 647, 'parity', [0, 1], 0, 11, 1, -1)
(284, 647, 'parity', [0, 1], 0, 13, 1, -1)
(284, 647, 'or', [0, 1], 0, 11, 1, -1)
(284, 647, 'or', [0, 1], 0, 13, 1, -1)
(284, 675, 'parity', [0, 1], 0, 11, 1, -1)
(284, 675, 'parity', [0, 1], 0, 13, 1, -1)
(284, 675, 'or', [0, 1], 0, 11, 1, -1)
(284, 675, 'or', [0, 1], 0, 13, 1, -1)
(284, 676, 'parity', [0, 1], 0, 11, 1, -1)
(284, 676, 'parity', [0, 1], 0, 13, 1, -1)
(284, 676, 'or', [0, 1], 0, 11, 1, -1)
(284, 676, 'or', [0, 1], 0, 13, 1, -1)
(284, 677, 'parity', [0, 1], 0, 11, 1, -1)
(284, 677, 'parity', [0, 1], 0, 13, 1, -1)
(284, 677, 'or', [0, 1], 0, 11, 1, -1)
(284, 677, 'or', [0, 1], 0, 13, 1, -1)
(284, 678, 'parity', [0, 1], 0, 11, 1, -1)
(284, 678, 'parity', [0, 1], 0, 13, 1, -1)
(284, 678, 'or', [0, 1], 0, 11, 1, -1)
(284, 678, 'or', [0, 1], 0, 13, 1, -1)
(284, 679, 'parity', [0, 1], 0, 11, 1, -1)
(284, 679, 'parity', [0, 1], 0, 13, 1, -1)
(284, 679, 'or', [0, 1], 0, 11, 1, -1)
(284, 679, 'or', [0, 1], 0, 13, 1, -1)
(284, 680, 'parity', [0, 1], 0, 11, 1, -1)
(284, 680, 'parity', [0, 1], 0, 13, 1, -1)
(284, 680, 'or', [0, 1], 0, 11, 1, -1)
(284, 680, 'or', [0, 1], 0, 13, 1, -1)
(284, 681, 'parity', [0, 1], 0, 11, 1, -1)
(284, 681, 'parity', [0, 1], 0, 13, 1, -1)
(284, 681, 'or', [0, 1], 0, 11, 1, -1)
(284, 681, 'or', [0, 1], 0, 13, 1, -1)
(284, 682, 'parity', [0, 1], 0, 11, 1, -1)
(284, 682, 'parity', [0, 1], 0, 13, 1, -1)
(284, 682, 'or', [0, 1], 0, 11, 1, -1)
(284, 682, 'or', [0, 1], 0, 13, 1, -1)
(284, 683, 'parity', [0, 1], 0, 11, 1, -1)
(284, 683, 'parity', [0, 1], 0, 13, 1, -1)
(284, 683, 'or', [0, 1], 0, 11, 1, -1)
(284, 683, 'or', [0, 1], 0, 13, 1, -1)
(285, 315, 'parity', [0, 1], 0, 11, 1, -1)
(285, 315, 'parity', [0, 1], 0, 13, 1, -1)
(285, 315, 'or', [0, 1], 0, 11, 1, -1)
(285, 315, 'or', [0, 1], 0, 13, 1, -1)
(285, 316, 'parity', [0, 1], 0, 11, 1, -1)
(285, 316, 'parity', [0, 1], 0, 13, 1, -1)
(285, 316, 'or', [0, 1], 0, 11, 1, -1)
(285, 316, 'or', [0, 1], 0, 13, 1, -1)
(285, 317, 'parity', [0, 1], 0, 11, 1, -1)
(285, 317, 'parity', [0, 1], 0, 13, 1, -1)
(285, 317, 'or', [0, 1], 0, 11, 1, -1)
(285, 317, 'or', [0, 1], 0, 13, 1, -1)
(285, 318, 'parity', [0, 1], 0, 11, 1, -1)
(285, 318, 'parity', [0, 1], 0, 13, 1, -1)
(285, 318, 'or', [0, 1], 0, 11, 1, -1)
(285, 318, 'or', [0, 1], 0, 13, 1, -1)
(285, 319, 'parity', [0, 1], 0, 11, 1, -1)
(285, 319, 'parity', [0, 1], 0, 13, 1, -1)
(285, 319, 'or', [0, 1], 0, 11, 1, -1)
(285, 319, 'or', [0, 1], 0, 13, 1, -1)
(285, 320, 'parity', [0, 1], 0, 11, 1, -1)
(285, 320, 'parity', [0, 1], 0, 13, 1, -1)
(285, 320, 'or', [0, 1], 0, 11, 1, -1)
(285, 320, 'or', [0, 1], 0, 13, 1, -1)
(285, 321, 'parity', [0, 1], 0, 11, 1, -1)
(285, 321, 'parity', [0, 1], 0, 13, 1, -1)
(285, 321, 'or', [0, 1], 0, 11, 1, -1)
(285, 321, 'or', [0, 1], 0, 13, 1, -1)
(285, 322, 'parity', [0, 1], 0, 11, 1, -1)
(285, 322, 'parity', [0, 1], 0, 13, 1, -1)
(285, 322, 'or', [0, 1], 0, 11, 1, -1)
(285, 322, 'or', [0, 1], 0, 13, 1, -1)
(285, 323, 'parity', [0, 1], 0, 11, 1, -1)
(285, 323, 'parity', [0, 1], 0, 13, 1, -1)
(285, 323, 'or', [0, 1], 0, 11, 1, -1)
(285, 323, 'or', [0, 1], 0, 13, 1, -1)
(285, 351, 'parity', [0, 1], 0, 11, 1, -1)
(285, 351, 'parity', [0, 1], 0, 13, 1, -1)
(285, 351, 'or', [0, 1], 0, 11, 1, -1)
(285, 351, 'or', [0, 1], 0, 13, 1, -1)
(285, 352, 'parity', [0, 1], 0, 11, 1, -1)
(285, 352, 'parity', [0, 1], 0, 13, 1, -1)
(285, 352, 'or', [0, 1], 0, 11, 1, -1)
(285, 352, 'or', [0, 1], 0, 13, 1, -1)
(285, 353, 'parity', [0, 1], 0, 11, 1, -1)
(285, 353, 'parity', [0, 1], 0, 13, 1, -1)
(285, 353, 'or', [0, 1], 0, 11, 1, -1)
(285, 353, 'or', [0, 1], 0, 13, 1, -1)
(285, 354, 'parity', [0, 1], 0, 11, 1, -1)
(285, 354, 'parity', [0, 1], 0, 13, 1, -1)
(285, 354, 'or', [0, 1], 0, 11, 1, -1)
(285, 354, 'or', [0, 1], 0, 13, 1, -1)
(285, 355, 'parity', [0, 1], 0, 11, 1, -1)
(285, 355, 'parity', [0, 1], 0, 13, 1, -1)
(285, 355, 'or', [0, 1], 0, 11, 1, -1)
(285, 355, 'or', [0, 1], 0, 13, 1, -1)
(285, 356, 'parity', [0, 1], 0, 11, 1, -1)
(285, 356, 'parity', [0, 1], 0, 13, 1, -1)
(285, 356, 'or', [0, 1], 0, 11, 1, -1)
(285, 356, 'or', [0, 1], 0, 13, 1, -1)
(285, 357, 'parity', [0, 1], 0, 11, 1, -1)
(285, 357, 'parity', [0, 1], 0, 13, 1, -1)
(285, 357, 'or', [0, 1], 0, 11, 1, -1)
(285, 357, 'or', [0, 1], 0, 13, 1, -1)
(285, 358, 'parity', [0, 1], 0, 11, 1, -1)
(285, 358, 'parity', [0, 1], 0, 13, 1, -1)
(285, 358, 'or', [0, 1], 0, 11, 1, -1)
(285, 358, 'or', [0, 1], 0, 13, 1, -1)
(285, 359, 'parity', [0, 1], 0, 11, 1, -1)
(285, 359, 'parity', [0, 1], 0, 13, 1, -1)
(285, 359, 'or', [0, 1], 0, 11, 1, -1)
(285, 359, 'or', [0, 1], 0, 13, 1, -1)
(285, 639, 'parity', [0, 1], 0, 11, 1, -1)
(285, 639, 'parity', [0, 1], 0, 13, 1, -1)
(285, 639, 'or', [0, 1], 0, 11, 1, -1)
(285, 639, 'or', [0, 1], 0, 13, 1, -1)
(285, 640, 'parity', [0, 1], 0, 11, 1, -1)
(285, 640, 'parity', [0, 1], 0, 13, 1, -1)
(285, 640, 'or', [0, 1], 0, 11, 1, -1)
(285, 640, 'or', [0, 1], 0, 13, 1, -1)
(285, 641, 'parity', [0, 1], 0, 11, 1, -1)
(285, 641, 'parity', [0, 1], 0, 13, 1, -1)
(285, 641, 'or', [0, 1], 0, 11, 1, -1)
(285, 641, 'or', [0, 1], 0, 13, 1, -1)
(285, 642, 'parity', [0, 1], 0, 11, 1, -1)
(285, 642, 'parity', [0, 1], 0, 13, 1, -1)
(285, 642, 'or', [0, 1], 0, 11, 1, -1)
(285, 642, 'or', [0, 1], 0, 13, 1, -1)
(285, 643, 'parity', [0, 1], 0, 11, 1, -1)
(285, 643, 'parity', [0, 1], 0, 13, 1, -1)
(285, 643, 'or', [0, 1], 0, 11, 1, -1)
(285, 643, 'or', [0, 1], 0, 13, 1, -1)
(285, 644, 'parity', [0, 1], 0, 11, 1, -1)
(285, 644, 'parity', [0, 1], 0, 13, 1, -1)
(285, 644, 'or', [0, 1], 0, 11, 1, -1)
(285, 644, 'or', [0, 1], 0, 13, 1, -1)
(285, 645, 'parity', [0, 1], 0, 11, 1, -1)
(285, 645, 'parity', [0, 1], 0, 13, 1, -1)
(285, 645, 'or', [0, 1], 0, 11, 1, -1)
(285, 645, 'or', [0, 1], 0, 13, 1, -1)
(285, 646, 'parity', [0, 1], 0, 11, 1, -1)
(285, 646, 'parity', [0, 1], 0, 13, 1, -1)
(285, 646, 'or', [0, 1], 0, 11, 1, -1)
(285, 646, 'or', [0, 1], 0, 13, 1, -1)
(285, 647, 'parity', [0, 1], 0, 11, 1, -1)
(285, 647, 'parity', [0, 1], 0, 13, 1, -1)
(285, 647, 'or', [0, 1], 0, 11, 1, -1)
(285, 647, 'or', [0, 1], 0, 13, 1, -1)
(285, 675, 'parity', [0, 1], 0, 11, 1, -1)
(285, 675, 'parity', [0, 1], 0, 13, 1, -1)
(285, 675, 'or', [0, 1], 0, 11, 1, -1)
(285, 675, 'or', [0, 1], 0, 13, 1, -1)
(285, 676, 'parity', [0, 1], 0, 11, 1, -1)
(285, 676, 'parity', [0, 1], 0, 13, 1, -1)
(285, 676, 'or', [0, 1], 0, 11, 1, -1)
(285, 676, 'or', [0, 1], 0, 13, 1, -1)
(285, 677, 'parity', [0, 1], 0, 11, 1, -1)
(285, 677, 'parity', [0, 1], 0, 13, 1, -1)
(285, 677, 'or', [0, 1], 0, 11, 1, -1)
(285, 677, 'or', [0, 1], 0, 13, 1, -1)
(285, 678, 'parity', [0, 1], 0, 11, 1, -1)
(285, 678, 'parity', [0, 1], 0, 13, 1, -1)
(285, 678, 'or', [0, 1], 0, 11, 1, -1)
(285, 678, 'or', [0, 1], 0, 13, 1, -1)
(285, 679, 'parity', [0, 1], 0, 11, 1, -1)
(285, 679, 'parity', [0, 1], 0, 13, 1, -1)
(285, 679, 'or', [0, 1], 0, 11, 1, -1)
(285, 679, 'or', [0, 1], 0, 13, 1, -1)
(285, 680, 'parity', [0, 1], 0, 11, 1, -1)
(285, 680, 'parity', [0, 1], 0, 13, 1, -1)
(285, 680, 'or', [0, 1], 0, 11, 1, -1)
(285, 680, 'or', [0, 1], 0, 13, 1, -1)
(285, 681, 'parity', [0, 1], 0, 11, 1, -1)
(285, 681, 'parity', [0, 1], 0, 13, 1, -1)
(285, 681, 'or', [0, 1], 0, 11, 1, -1)
(285, 681, 'or', [0, 1], 0, 13, 1, -1)
(285, 682, 'parity', [0, 1], 0, 11, 1, -1)
(285, 682, 'parity', [0, 1], 0, 13, 1, -1)
(285, 682, 'or', [0, 1], 0, 11, 1, -1)
(285, 682, 'or', [0, 1], 0, 13, 1, -1)
(285, 683, 'parity', [0, 1], 0, 11, 1, -1)
(285, 683, 'parity', [0, 1], 0, 13, 1, -1)
(285, 683, 'or', [0, 1], 0, 11, 1, -1)
(285, 683, 'or', [0, 1], 0, 13, 1, -1)
(286, 283, 'parity', [1], 1, 11, 1, 1)
(286, 283, 'parity', [1], 1, 13, 1, 1)
(286, 283, 'or', [1], 1, 11, 1, 1)
(286, 283, 'or', [1], 1, 13, 1, 1)
(286, 315, 'parity', [0, 1], 0, 11, 1, -1)
(286, 315, 'parity', [0, 1], 0, 13, 1, -1)
(286, 315, 'or', [0, 1], 0, 11, 1, -1)
(286, 315, 'or', [0, 1], 0, 13, 1, -1)
(286, 316, 'parity', [0, 1], 0, 11, 1, -1)
(286, 316, 'parity', [0, 1], 0, 13, 1, -1)
(286, 316, 'or', [0, 1], 0, 11, 1, -1)
(286, 316, 'or', [0, 1], 0, 13, 1, -1)
(286, 317, 'parity', [0, 1], 0, 11, 1, -1)
(286, 317, 'parity', [0, 1], 0, 13, 1, -1)
(286, 317, 'or', [0, 1], 0, 11, 1, -1)
(286, 317, 'or', [0, 1], 0, 13, 1, -1)
(286, 318, 'parity', [0, 1], 0, 11, 1, -1)
(286, 318, 'parity', [0, 1], 0, 13, 1, -1)
(286, 318, 'or', [0, 1], 0, 11, 1, -1)
(286, 318, 'or', [0, 1], 0, 13, 1, -1)
(286, 319, 'parity', [1], 1, 11, 4, -3)
(286, 319, 'parity', [1], 1, 13, 5, -3)
(286, 319, 'parity', [0, 1], 0, 11, 1, -1)
(286, 319, 'parity', [0, 1], 0, 13, 1, -1)
(286, 319, 'or', [1], 1, 11, 4, -3)
(286, 319, 'or', [1], 1, 13, 5, -3)
(286, 319, 'or', [0, 1], 0, 11, 1, -1)
(286, 319, 'or', [0, 1], 0, 13, 1, -1)
(286, 320, 'parity', [0, 1], 0, 11, 1, -1)
(286, 320, 'parity', [0, 1], 0, 13, 1, -1)
(286, 320, 'or', [0, 1], 0, 11, 1, -1)
(286, 320, 'or', [0, 1], 0, 13, 1, -1)
(286, 321, 'parity', [0, 1], 0, 11, 1, -1)
(286, 321, 'parity', [0, 1], 0, 13, 1, -1)
(286, 321, 'or', [0, 1], 0, 11, 1, -1)
(286, 321, 'or', [0, 1], 0, 13, 1, -1)
(286, 322, 'parity', [0, 1], 0, 11, 1, -1)
(286, 322, 'parity', [0, 1], 0, 13, 1, -1)
(286, 322, 'or', [0, 1], 0, 11, 1, -1)
(286, 322, 'or', [0, 1], 0, 13, 1, -1)
(286, 323, 'parity', [0, 1], 0, 11, 1, -1)
(286, 323, 'parity', [0, 1], 0, 13, 1, -1)
(286, 323, 'or', [0, 1], 0, 11, 1, -1)
(286, 323, 'or', [0, 1], 0, 13, 1, -1)
(286, 351, 'parity', [0, 1], 0, 11, 1, -1)
(286, 351, 'parity', [0, 1], 0, 13, 1, -1)
(286, 351, 'or', [0, 1], 0, 11, 1, -1)
(286, 351, 'or', [0, 1], 0, 13, 1, -1)
(286, 352, 'parity', [0, 1], 0, 11, 1, -1)
(286, 352, 'parity', [0, 1], 0, 13, 1, -1)
(286, 352, 'or', [0, 1], 0, 11, 1, -1)
(286, 352, 'or', [0, 1], 0, 13, 1, -1)
(286, 353, 'parity', [0, 1], 0, 11, 1, -1)
(286, 353, 'parity', [0, 1], 0, 13, 1, -1)
(286, 353, 'or', [0, 1], 0, 11, 1, -1)
(286, 353, 'or', [0, 1], 0, 13, 1, -1)
(286, 354, 'parity', [0, 1], 0, 11, 1, -1)
(286, 354, 'parity', [0, 1], 0, 13, 1, -1)
(286, 354, 'or', [0, 1], 0, 11, 1, -1)
(286, 354, 'or', [0, 1], 0, 13, 1, -1)
(286, 355, 'parity', [0, 1], 0, 11, 1, -1)
(286, 355, 'parity', [0, 1], 0, 13, 1, -1)
(286, 355, 'or', [0, 1], 0, 11, 1, -1)
(286, 355, 'or', [0, 1], 0, 13, 1, -1)
(286, 356, 'parity', [0, 1], 0, 11, 1, -1)
(286, 356, 'parity', [0, 1], 0, 13, 1, -1)
(286, 356, 'or', [0, 1], 0, 11, 1, -1)
(286, 356, 'or', [0, 1], 0, 13, 1, -1)
(286, 357, 'parity', [0, 1], 0, 11, 1, -1)
(286, 357, 'parity', [0, 1], 0, 13, 1, -1)
(286, 357, 'or', [0, 1], 0, 11, 1, -1)
(286, 357, 'or', [0, 1], 0, 13, 1, -1)
(286, 358, 'parity', [0, 1], 0, 11, 1, -1)
(286, 358, 'parity', [0, 1], 0, 13, 1, -1)
(286, 358, 'or', [0, 1], 0, 11, 1, -1)
(286, 358, 'or', [0, 1], 0, 13, 1, -1)
(286, 359, 'parity', [0, 1], 0, 11, 1, -1)
(286, 359, 'parity', [0, 1], 0, 13, 1, -1)
(286, 359, 'or', [0, 1], 0, 11, 1, -1)
(286, 359, 'or', [0, 1], 0, 13, 1, -1)
(286, 389, 'parity', [1], 1, 11, 1, 1)
(286, 389, 'parity', [1], 1, 13, 1, 1)
(286, 389, 'or', [1], 1, 11, 1, 1)
(286, 389, 'or', [1], 1, 13, 1, 1)
(286, 395, 'parity', [1], 1, 11, 1, 1)
(286, 395, 'parity', [1], 1, 13, 1, 1)
(286, 395, 'or', [1], 1, 11, 1, 1)
(286, 395, 'or', [1], 1, 13, 1, 1)
(286, 425, 'parity', [1], 1, 11, 4, -3)
(286, 425, 'parity', [1], 1, 13, 5, -3)
(286, 425, 'or', [1], 1, 11, 4, -3)
(286, 425, 'or', [1], 1, 13, 5, -3)
(286, 431, 'parity', [1], 1, 11, 4, -3)
(286, 431, 'parity', [1], 1, 13, 5, -3)
(286, 431, 'or', [1], 1, 11, 4, -3)
(286, 431, 'or', [1], 1, 13, 5, -3)
(286, 569, 'parity', [1], 1, 11, 4, 3)
(286, 569, 'parity', [1], 1, 13, 5, 3)
(286, 569, 'or', [1], 1, 11, 4, 3)
(286, 569, 'or', [1], 1, 13, 5, 3)
(286, 575, 'parity', [1], 1, 11, 4, 3)
(286, 575, 'parity', [1], 1, 13, 5, 3)
(286, 575, 'or', [1], 1, 11, 4, 3)
(286, 575, 'or', [1], 1, 13, 5, 3)
(287, 605, 'parity', [0], 2, 11, 1, 1)
(287, 605, 'parity', [0], 2, 13, 1, 1)
(287, 605, 'or', [0], 2, 11, 1, 1)
(287, 605, 'or', [0], 2, 13, 1, 1)
(287, 611, 'parity', [0], 2, 11, 1, 1)
(287, 611, 'parity', [0], 2, 13, 1, 1)
(287, 611, 'or', [0], 2, 11, 1, 1)
(287, 611, 'or', [0], 2, 13, 1, 1)
(287, 639, 'parity', [0, 1], 0, 11, 1, -1)
(287, 639, 'parity', [0, 1], 0, 13, 1, -1)
(287, 639, 'or', [0, 1], 0, 11, 1, -1)
(287, 639, 'or', [0, 1], 0, 13, 1, -1)
(287, 640, 'parity', [0, 1], 0, 11, 1, -1)
(287, 640, 'parity', [0, 1], 0, 13, 1, -1)
(287, 640, 'or', [0, 1], 0, 11, 1, -1)
(287, 640, 'or', [0, 1], 0, 13, 1, -1)
(287, 641, 'parity', [0, 1], 0, 11, 1, -1)
(287, 641, 'parity', [0, 1], 0, 13, 1, -1)
(287, 641, 'or', [0, 1], 0, 11, 1, -1)
(287, 641, 'or', [0, 1], 0, 13, 1, -1)
(287, 642, 'parity', [0, 1], 0, 11, 1, -1)
(287, 642, 'parity', [0, 1], 0, 13, 1, -1)
(287, 642, 'or', [0, 1], 0, 11, 1, -1)
(287, 642, 'or', [0, 1], 0, 13, 1, -1)
(287, 643, 'parity', [0, 1], 0, 11, 1, -1)
(287, 643, 'parity', [0, 1], 0, 13, 1, -1)
(287, 643, 'or', [0, 1], 0, 11, 1, -1)
(287, 643, 'or', [0, 1], 0, 13, 1, -1)
(287, 644, 'parity', [0, 1], 0, 11, 1, -1)
(287, 644, 'parity', [0, 1], 0, 13, 1, -1)
(287, 644, 'or', [0, 1], 0, 11, 1, -1)
(287, 644, 'or', [0, 1], 0, 13, 1, -1)
(287, 645, 'parity', [0, 1], 0, 11, 1, -1)
(287, 645, 'parity', [0, 1], 0, 13, 1, -1)
(287, 645, 'or', [0, 1], 0, 11, 1, -1)
(287, 645, 'or', [0, 1], 0, 13, 1, -1)
(287, 646, 'parity', [0, 1], 0, 11, 1, -1)
(287, 646, 'parity', [0, 1], 0, 13, 1, -1)
(287, 646, 'or', [0, 1], 0, 11, 1, -1)
(287, 646, 'or', [0, 1], 0, 13, 1, -1)
(287, 647, 'parity', [0, 1], 0, 11, 1, -1)
(287, 647, 'parity', [0, 1], 0, 13, 1, -1)
(287, 647, 'or', [0, 1], 0, 11, 1, -1)
(287, 647, 'or', [0, 1], 0, 13, 1, -1)
(287, 675, 'parity', [0, 1], 0, 11, 1, -1)
(287, 675, 'parity', [0, 1], 0, 13, 1, -1)
(287, 675, 'or', [0, 1], 0, 11, 1, -1)
(287, 675, 'or', [0, 1], 0, 13, 1, -1)
(287, 676, 'parity', [0, 1], 0, 11, 1, -1)
(287, 676, 'parity', [0, 1], 0, 13, 1, -1)
(287, 676, 'or', [0, 1], 0, 11, 1, -1)
(287, 676, 'or', [0, 1], 0, 13, 1, -1)
(287, 677, 'parity', [0, 1], 0, 11, 1, -1)
(287, 677, 'parity', [0, 1], 0, 13, 1, -1)
(287, 677, 'or', [0, 1], 0, 11, 1, -1)
(287, 677, 'or', [0, 1], 0, 13, 1, -1)
(287, 678, 'parity', [0, 1], 0, 11, 1, -1)
(287, 678, 'parity', [0, 1], 0, 13, 1, -1)
(287, 678, 'or', [0, 1], 0, 11, 1, -1)
(287, 678, 'or', [0, 1], 0, 13, 1, -1)
(287, 679, 'parity', [0, 1], 0, 11, 1, -1)
(287, 679, 'parity', [0, 1], 0, 13, 1, -1)
(287, 679, 'or', [0, 1], 0, 11, 1, -1)
(287, 679, 'or', [0, 1], 0, 13, 1, -1)
(287, 680, 'parity', [0, 1], 0, 11, 1, -1)
(287, 680, 'parity', [0, 1], 0, 13, 1, -1)
(287, 680, 'or', [0, 1], 0, 11, 1, -1)
(287, 680, 'or', [0, 1], 0, 13, 1, -1)
(287, 681, 'parity', [0, 1], 0, 11, 1, -1)
(287, 681, 'parity', [0, 1], 0, 13, 1, -1)
(287, 681, 'or', [0, 1], 0, 11, 1, -1)
(287, 681, 'or', [0, 1], 0, 13, 1, -1)
(287, 682, 'parity', [0, 1], 0, 11, 1, -1)
(287, 682, 'parity', [0, 1], 0, 13, 1, -1)
(287, 682, 'or', [0, 1], 0, 11, 1, -1)
(287, 682, 'or', [0, 1], 0, 13, 1, -1)
(287, 683, 'parity', [0, 1], 0, 11, 1, -1)
(287, 683, 'parity', [0, 1], 0, 13, 1, -1)
(287, 683, 'or', [0, 1], 0, 11, 1, -1)
(287, 683, 'or', [0, 1], 0, 13, 1, -1)
(286, 605, 'parity', [1], 1, 11, 1, -1)
(286, 605, 'parity', [1], 1, 13, 1, -1)
(286, 605, 'or', [1], 1, 11, 1, -1)
(286, 605, 'or', [1], 1, 13, 1, -1)
(286, 611, 'parity', [1], 1, 11, 1, -1)
(286, 611, 'parity', [1], 1, 13, 1, -1)
(286, 611, 'or', [1], 1, 11, 1, -1)
(286, 611, 'or', [1], 1, 13, 1, -1)
(286, 639, 'parity', [0, 1], 0, 11, 1, -1)
(286, 639, 'parity', [0, 1], 0, 13, 1, -1)
(286, 639, 'or', [0, 1], 0, 11, 1, -1)
(286, 639, 'or', [0, 1], 0, 13, 1, -1)
(286, 640, 'parity', [0, 1], 0, 11, 1, -1)
(286, 640, 'parity', [0, 1], 0, 13, 1, -1)
(286, 640, 'or', [0, 1], 0, 11, 1, -1)
(286, 640, 'or', [0, 1], 0, 13, 1, -1)
(286, 641, 'parity', [0, 1], 0, 11, 1, -1)
(286, 641, 'parity', [0, 1], 0, 13, 1, -1)
(286, 641, 'or', [0, 1], 0, 11, 1, -1)
(286, 641, 'or', [0, 1], 0, 13, 1, -1)
(286, 642, 'parity', [0, 1], 0, 11, 1, -1)
(286, 642, 'parity', [0, 1], 0, 13, 1, -1)
(286, 642, 'or', [0, 1], 0, 11, 1, -1)
(286, 642, 'or', [0, 1], 0, 13, 1, -1)
(286, 643, 'parity', [0, 1], 0, 11, 1, -1)
(286, 643, 'parity', [0, 1], 0, 13, 1, -1)
(286, 643, 'or', [0, 1], 0, 11, 1, -1)
(286, 643, 'or', [0, 1], 0, 13, 1, -1)
(286, 644, 'parity', [0, 1], 0, 11, 1, -1)
(286, 644, 'parity', [0, 1], 0, 13, 1, -1)
(286, 644, 'or', [0, 1], 0, 11, 1, -1)
(286, 644, 'or', [0, 1], 0, 13, 1, -1)
(286, 645, 'parity', [0, 1], 0, 11, 1, -1)
(286, 645, 'parity', [0, 1], 0, 13, 1, -1)
(286, 645, 'or', [0, 1], 0, 11, 1, -1)
(286, 645, 'or', [0, 1], 0, 13, 1, -1)
(286, 646, 'parity', [0, 1], 0, 11, 1, -1)
(286, 646, 'parity', [0, 1], 0, 13, 1, -1)
(286, 646, 'or', [0, 1], 0, 11, 1, -1)
(286, 646, 'or', [0, 1], 0, 13, 1, -1)
(286, 647, 'parity', [0, 1], 0, 11, 1, -1)
(286, 647, 'parity', [0, 1], 0, 13, 1, -1)
(286, 647, 'or', [0, 1], 0, 11, 1, -1)
(286, 647, 'or', [0, 1], 0, 13, 1, -1)
(286, 675, 'parity', [0, 1], 0, 11, 1, -1)
(286, 675, 'parity', [0, 1], 0, 13, 1, -1)
(286, 675, 'or', [0, 1], 0, 11, 1, -1)
(286, 675, 'or', [0, 1], 0, 13, 1, -1)
(286, 676, 'parity', [0, 1], 0, 11, 1, -1)
(286, 676, 'parity', [0, 1], 0, 13, 1, -1)
(286, 676, 'or', [0, 1], 0, 11, 1, -1)
(286, 676, 'or', [0, 1], 0, 13, 1, -1)
(286, 677, 'parity', [0, 1], 0, 11, 1, -1)
(286, 677, 'parity', [0, 1], 0, 13, 1, -1)
(286, 677, 'or', [0, 1], 0, 11, 1, -1)
(286, 677, 'or', [0, 1], 0, 13, 1, -1)
(286, 678, 'parity', [0, 1], 0, 11, 1, -1)
(286, 678, 'parity', [0, 1], 0, 13, 1, -1)
(286, 678, 'or', [0, 1], 0, 11, 1, -1)
(286, 678, 'or', [0, 1], 0, 13, 1, -1)
(286, 679, 'parity', [1], 1, 11, 4, 3)
(286, 679, 'parity', [1], 1, 13, 5, 3)
(286, 679, 'parity', [0, 1], 0, 11, 1, -1)
(286, 679, 'parity', [0, 1], 0, 13, 1, -1)
(286, 679, 'or', [1], 1, 11, 4, 3)
(286, 679, 'or', [1], 1, 13, 5, 3)
(286, 679, 'or', [0, 1], 0, 11, 1, -1)
(286, 679, 'or', [0, 1], 0, 13, 1, -1)
(286, 680, 'parity', [0, 1], 0, 11, 1, -1)
(286, 680, 'parity', [0, 1], 0, 13, 1, -1)
(286, 680, 'or', [0, 1], 0, 11, 1, -1)
(286, 680, 'or', [0, 1], 0, 13, 1, -1)
(286, 681, 'parity', [0, 1], 0, 11, 1, -1)
(286, 681, 'parity', [0, 1], 0, 13, 1, -1)
(286, 681, 'or', [0, 1], 0, 11, 1, -1)
(286, 681, 'or', [0, 1], 0, 13, 1, -1)
(286, 682, 'parity', [0, 1], 0, 11, 1, -1)
(286, 682, 'parity', [0, 1], 0, 13, 1, -1)
(286, 682, 'or', [0, 1], 0, 11, 1, -1)
(286, 682, 'or', [0, 1], 0, 13, 1, -1)
(286, 683, 'parity', [0, 1], 0, 11, 1, -1)
(286, 683, 'parity', [0, 1], 0, 13, 1, -1)
(286, 683, 'or', [0, 1], 0, 11, 1, -1)
(286, 683, 'or', [0, 1], 0, 13, 1, -1)
(286, 715, 'parity', [1], 1, 11, 1, -1)
(286, 715, 'parity', [1], 1, 13, 1, -1)
(286, 715, 'or', [1], 1, 11, 1, -1)
(286, 715, 'or', [1], 1, 13, 1, -1)
(287, 315, 'parity', [0, 1], 0, 11, 1, -1)
(287, 315, 'parity', [0, 1], 0, 13, 1, -1)
(287, 315, 'or', [0, 1], 0, 11, 1, -1)
(287, 315, 'or', [0, 1], 0, 13, 1, -1)
(287, 316, 'parity', [0, 1], 0, 11, 1, -1)
(287, 316, 'parity', [0, 1], 0, 13, 1, -1)
(287, 316, 'or', [0, 1], 0, 11, 1, -1)
(287, 316, 'or', [0, 1], 0, 13, 1, -1)
(287, 317, 'parity', [0, 1], 0, 11, 1, -1)
(287, 317, 'parity', [0, 1], 0, 13, 1, -1)
(287, 317, 'or', [0, 1], 0, 11, 1, -1)
(287, 317, 'or', [0, 1], 0, 13, 1, -1)
(287, 318, 'parity', [0, 1], 0, 11, 1, -1)
(287, 318, 'parity', [0, 1], 0, 13, 1, -1)
(287, 318, 'or', [0, 1], 0, 11, 1, -1)
(287, 318, 'or', [0, 1], 0, 13, 1, -1)
(287, 319, 'parity', [0, 1], 0, 11, 1, -1)
(287, 319, 'parity', [0, 1], 0, 13, 1, -1)
(287, 319, 'or', [0, 1], 0, 11, 1, -1)
(287, 319, 'or', [0, 1], 0, 13, 1, -1)
(287, 320, 'parity', [0, 1], 0, 11, 1, -1)
(287, 320, 'parity', [0, 1], 0, 13, 1, -1)
(287, 320, 'or', [0, 1], 0, 11, 1, -1)
(287, 320, 'or', [0, 1], 0, 13, 1, -1)
(287, 321, 'parity', [0, 1], 0, 11, 1, -1)
(287, 321, 'parity', [0, 1], 0, 13, 1, -1)
(287, 321, 'or', [0, 1], 0, 11, 1, -1)
(287, 321, 'or', [0, 1], 0, 13, 1, -1)
(287, 322, 'parity', [0, 1], 0, 11, 1, -1)
(287, 322, 'parity', [0, 1], 0, 13, 1, -1)
(287, 322, 'or', [0, 1], 0, 11, 1, -1)
(287, 322, 'or', [0, 1], 0, 13, 1, -1)
(287, 323, 'parity', [0, 1], 0, 11, 1, -1)
(287, 323, 'parity', [0, 1], 0, 13, 1, -1)
(287, 323, 'or', [0, 1], 0, 11, 1, -1)
(287, 323, 'or', [0, 1], 0, 13, 1, -1)
(287, 351, 'parity', [0, 1], 0, 11, 1, -1)
(287, 351, 'parity', [0, 1], 0, 13, 1, -1)
(287, 351, 'or', [0, 1], 0, 11, 1, -1)
(287, 351, 'or', [0, 1], 0, 13, 1, -1)
(287, 352, 'parity', [0, 1], 0, 11, 1, -1)
(287, 352, 'parity', [0, 1], 0, 13, 1, -1)
(287, 352, 'or', [0, 1], 0, 11, 1, -1)
(287, 352, 'or', [0, 1], 0, 13, 1, -1)
(287, 353, 'parity', [0, 1], 0, 11, 1, -1)
(287, 353, 'parity', [0, 1], 0, 13, 1, -1)
(287, 353, 'or', [0, 1], 0, 11, 1, -1)
(287, 353, 'or', [0, 1], 0, 13, 1, -1)
(287, 354, 'parity', [0, 1], 0, 11, 1, -1)
(287, 354, 'parity', [0, 1], 0, 13, 1, -1)
(287, 354, 'or', [0, 1], 0, 11, 1, -1)
(287, 354, 'or', [0, 1], 0, 13, 1, -1)
(287, 355, 'parity', [0, 1], 0, 11, 1, -1)
(287, 355, 'parity', [0, 1], 0, 13, 1, -1)
(287, 355, 'or', [0, 1], 0, 11, 1, -1)
(287, 355, 'or', [0, 1], 0, 13, 1, -1)
(287, 356, 'parity', [0, 1], 0, 11, 1, -1)
(287, 356, 'parity', [0, 1], 0, 13, 1, -1)
(287, 356, 'or', [0, 1], 0, 11, 1, -1)
(287, 356, 'or', [0, 1], 0, 13, 1, -1)
(287, 357, 'parity', [0, 1], 0, 11, 1, -1)
(287, 357, 'parity', [0, 1], 0, 13, 1, -1)
(287, 357, 'or', [0, 1], 0, 11, 1, -1)
(287, 357, 'or', [0, 1], 0, 13, 1, -1)
(287, 358, 'parity', [0, 1], 0, 11, 1, -1)
(287, 358, 'parity', [0, 1], 0, 13, 1, -1)
(287, 358, 'or', [0, 1], 0, 11, 1, -1)
(287, 358, 'or', [0, 1], 0, 13, 1, -1)
(287, 359, 'parity', [0, 1], 0, 11, 1, -1)
(287, 359, 'parity', [0, 1], 0, 13, 1, -1)
(287, 359, 'or', [0, 1], 0, 11, 1, -1)
(287, 359, 'or', [0, 1], 0, 13, 1, -1)
(287, 389, 'parity', [0], 2, 11, 1, 1)
(287, 389, 'parity', [0], 2, 13, 1, 1)
(287, 389, 'or', [0], 2, 11, 1, 1)
(287, 389, 'or', [0], 2, 13, 1, 1)
(287, 395, 'parity', [0], 2, 11, 1, 1)
(287, 395, 'parity', [0], 2, 13, 1, 1)
(287, 395, 'or', [0], 2, 11, 1, 1)
(287, 395, 'or', [0], 2, 13, 1, 1)
(287, 496, 'parity', [0], 2, 11, 1, 1)
(287, 496, 'parity', [0], 2, 13, 1, 1)
(287, 496, 'or', [0], 2, 11, 1, 1)
(287, 496, 'or', [0], 2, 13, 1, 1)
(287, 502, 'parity', [0], 2, 11, 1, 1)
(287, 502, 'parity', [0], 2, 13, 1, 1)
(287, 502, 'or', [0], 2, 11, 1, 1)
(287, 502, 'or', [0], 2, 13, 1, 1)
(298, 370, 'parity', [0, 1], 2, 11, 1, 1)
(298, 370, 'parity', [0, 1], 2, 13, 1, 1)
(298, 370, 'or', [0, 1], 2, 11, 1, 1)
(298, 370, 'or', [0, 1], 2, 13, 1, 1)
(298, 373, 'parity', [1], 3, 11, 1, 1)
(298, 373, 'parity', [1], 3, 13, 1, 1)
(298, 373, 'parity', [0, 1], 2, 11, 1, 1)
(298, 373, 'parity', [0, 1], 2, 13, 1, 1)
(298, 373, 'or', [1], 3, 11, 1, 1)
(298, 373, 'or', [1], 3, 13, 1, 1)
(298, 373, 'or', [0, 1], 2, 11, 1, 1)
(298, 373, 'or', [0, 1], 2, 13, 1, 1)
(298, 376, 'parity', [0, 1], 2, 11, 1, 1)
(298, 376, 'parity', [0, 1], 2, 13, 1, 1)
(298, 376, 'or', [0, 1], 2, 11, 1, 1)
(298, 376, 'or', [0, 1], 2, 13, 1, 1)
(298, 406, 'parity', [0, 1], 2, 11, 4, -3)
(298, 406, 'parity', [0, 1], 2, 13, 5, -3)
(298, 406, 'or', [0, 1], 2, 11, 4, -3)
(298, 406, 'or', [0, 1], 2, 13, 5, -3)
(298, 409, 'parity', [0, 1], 2, 11, 4, -3)
(298, 409, 'parity', [0, 1], 2, 13, 5, -3)
(298, 409, 'or', [0, 1], 2, 11, 4, -3)
(298, 409, 'or', [0, 1], 2, 13, 5, -3)
(298, 412, 'parity', [0, 1], 2, 11, 4, -3)
(298, 412, 'parity', [0, 1], 2, 13, 5, -3)
(298, 412, 'or', [0, 1], 2, 11, 4, -3)
(298, 412, 'or', [0, 1], 2, 13, 5, -3)
(298, 442, 'parity', [0, 1], 2, 11, 1, -1)
(298, 442, 'parity', [0, 1], 2, 13, 1, -1)
(298, 442, 'or', [0, 1], 2, 11, 1, -1)
(298, 442, 'or', [0, 1], 2, 13, 1, -1)
(298, 448, 'parity', [0, 1], 2, 11, 1, -1)
(298, 448, 'parity', [0, 1], 2, 13, 1, -1)
(298, 448, 'or', [0, 1], 2, 11, 1, -1)
(298, 448, 'or', [0, 1], 2, 13, 1, -1)
(298, 514, 'parity', [0, 1], 2, 11, 1, 1)
(298, 514, 'parity', [0, 1], 2, 13, 1, 1)
(298, 514, 'or', [0, 1], 2, 11, 1, 1)
(298, 514, 'or', [0, 1], 2, 13, 1, 1)
(298, 520, 'parity', [0, 1], 2, 11, 1, 1)
(298, 520, 'parity', [0, 1], 2, 13, 1, 1)
(298, 520, 'or', [0, 1], 2, 11, 1, 1)
(298, 520, 'or', [0, 1], 2, 13, 1, 1)
(298, 550, 'parity', [0, 1], 2, 11, 4, 3)
(298, 550, 'parity', [0, 1], 2, 13, 5, 3)
(298, 550, 'or', [0, 1], 2, 11, 4, 3)
(298, 550, 'or', [0, 1], 2, 13, 5, 3)
(298, 553, 'parity', [0, 1], 2, 11, 4, 3)
(298, 553, 'parity', [0, 1], 2, 13, 5, 3)
(298, 553, 'or', [0, 1], 2, 11, 4, 3)
(298, 553, 'or', [0, 1], 2, 13, 5, 3)
(298, 556, 'parity', [0, 1], 2, 11, 4, 3)
(298, 556, 'parity', [0, 1], 2, 13, 5, 3)
(298, 556, 'or', [0, 1], 2, 11, 4, 3)
(298, 556, 'or', [0, 1], 2, 13, 5, 3)
(298, 586, 'parity', [0, 1], 2, 11, 1, -1)
(298, 586, 'parity', [0, 1], 2, 13, 1, -1)
(298, 586, 'or', [0, 1], 2, 11, 1, -1)
(298, 586, 'or', [0, 1], 2, 13, 1, -1)
(298, 589, 'parity', [1], 3, 11, 1, 1)
(298, 589, 'parity', [1], 3, 13, 1, 1)
(298, 589, 'parity', [0, 1], 2, 11, 1, -1)
(298, 589, 'parity', [0, 1], 2, 13, 1, -1)
(298, 589, 'or', [1], 3, 11, 1, 1)
(298, 589, 'or', [1], 3, 13, 1, 1)
(298, 589, 'or', [0, 1], 2, 11, 1, -1)
(298, 589, 'or', [0, 1], 2, 13, 1, -1)
(298, 592, 'parity', [0, 1], 2, 11, 1, -1)
(298, 592, 'parity', [0, 1], 2, 13, 1, -1)
(298, 592, 'or', [0, 1], 2, 11, 1, -1)
(298, 592, 'or', [0, 1], 2, 13, 1, -1)
(301, 370, 'parity', [0, 1], 2, 11, 1, 1)
(301, 370, 'parity', [0, 1], 2, 13, 1, 1)
(301, 370, 'or', [0, 1], 2, 11, 1, 1)
(301, 370, 'or', [0, 1], 2, 13, 1, 1)
(301, 373, 'parity', [0, 1], 2, 11, 1, 1)
(301, 373, 'parity', [0, 1], 2, 13, 1, 1)
(301, 373, 'or', [0, 1], 2, 11, 1, 1)
(301, 373, 'or', [0, 1], 2, 13, 1, 1)
(301, 376, 'parity', [0, 1], 2, 11, 1, 1)
(301, 376, 'parity', [0, 1], 2, 13, 1, 1)
(301, 376, 'or', [0, 1], 2, 11, 1, 1)
(301, 376, 'or', [0, 1], 2, 13, 1, 1)
(301, 406, 'parity', [0, 1], 2, 11, 4, -3)
(301, 406, 'parity', [0, 1], 2, 13, 5, -3)
(301, 406, 'or', [0, 1], 2, 11, 4, -3)
(301, 406, 'or', [0, 1], 2, 13, 5, -3)
(301, 409, 'parity', [0, 1], 2, 11, 4, -3)
(301, 409, 'parity', [0, 1], 2, 13, 5, -3)
(301, 409, 'or', [0, 1], 2, 11, 4, -3)
(301, 409, 'or', [0, 1], 2, 13, 5, -3)
(301, 412, 'parity', [0, 1], 2, 11, 4, -3)
(301, 412, 'parity', [0, 1], 2, 13, 5, -3)
(301, 412, 'or', [0, 1], 2, 11, 4, -3)
(301, 412, 'or', [0, 1], 2, 13, 5, -3)
(301, 442, 'parity', [0, 1], 2, 11, 1, -1)
(301, 442, 'parity', [0, 1], 2, 13, 1, -1)
(301, 442, 'or', [0, 1], 2, 11, 1, -1)
(301, 442, 'or', [0, 1], 2, 13, 1, -1)
(301, 448, 'parity', [0, 1], 2, 11, 1, -1)
(301, 448, 'parity', [0, 1], 2, 13, 1, -1)
(301, 448, 'or', [0, 1], 2, 11, 1, -1)
(301, 448, 'or', [0, 1], 2, 13, 1, -1)
(301, 514, 'parity', [0, 1], 2, 11, 1, 1)
(301, 514, 'parity', [0, 1], 2, 13, 1, 1)
(301, 514, 'or', [0, 1], 2, 11, 1, 1)
(301, 514, 'or', [0, 1], 2, 13, 1, 1)
(301, 520, 'parity', [0, 1], 2, 11, 1, 1)
(301, 520, 'parity', [0, 1], 2, 13, 1, 1)
(301, 520, 'or', [0, 1], 2, 11, 1, 1)
(301, 520, 'or', [0, 1], 2, 13, 1, 1)
(301, 550, 'parity', [0, 1], 2, 11, 4, 3)
(301, 550, 'parity', [0, 1], 2, 13, 5, 3)
(301, 550, 'or', [0, 1], 2, 11, 4, 3)
(301, 550, 'or', [0, 1], 2, 13, 5, 3)
(301, 553, 'parity', [0, 1], 2, 11, 4, 3)
(301, 553, 'parity', [0, 1], 2, 13, 5, 3)
(301, 553, 'or', [0, 1], 2, 11, 4, 3)
(301, 553, 'or', [0, 1], 2, 13, 5, 3)
(301, 556, 'parity', [0, 1], 2, 11, 4, 3)
(301, 556, 'parity', [0, 1], 2, 13, 5, 3)
(301, 556, 'or', [0, 1], 2, 11, 4, 3)
(301, 556, 'or', [0, 1], 2, 13, 5, 3)
(301, 586, 'parity', [0, 1], 2, 11, 1, -1)
(301, 586, 'parity', [0, 1], 2, 13, 1, -1)
(301, 586, 'or', [0, 1], 2, 11, 1, -1)
(301, 586, 'or', [0, 1], 2, 13, 1, -1)
(301, 589, 'parity', [0, 1], 2, 11, 1, -1)
(301, 589, 'parity', [0, 1], 2, 13, 1, -1)
(301, 589, 'or', [0, 1], 2, 11, 1, -1)
(301, 589, 'or', [0, 1], 2, 13, 1, -1)
(301, 592, 'parity', [0, 1], 2, 11, 1, -1)
(301, 592, 'parity', [0, 1], 2, 13, 1, -1)
(301, 592, 'or', [0, 1], 2, 11, 1, -1)
(301, 592, 'or', [0, 1], 2, 13, 1, -1)
(304, 370, 'parity', [0, 1], 2, 11, 1, 1)
(304, 370, 'parity', [0, 1], 2, 13, 1, 1)
(304, 370, 'or', [0, 1], 2, 11, 1, 1)
(304, 370, 'or', [0, 1], 2, 13, 1, 1)
(304, 373, 'parity', [1], 3, 11, 1, 1)
(304, 373, 'parity', [1], 3, 13, 1, 1)
(304, 373, 'parity', [0, 1], 2, 11, 1, 1)
(304, 373, 'parity', [0, 1], 2, 13, 1, 1)
(304, 373, 'or', [1], 3, 11, 1, 1)
(304, 373, 'or', [1], 3, 13, 1, 1)
(304, 373, 'or', [0, 1], 2, 11, 1, 1)
(304, 373, 'or', [0, 1], 2, 13, 1, 1)
(304, 376, 'parity', [0, 1], 2, 11, 1, 1)
(304, 376, 'parity', [0, 1], 2, 13, 1, 1)
(304, 376, 'or', [0, 1], 2, 11, 1, 1)
(304, 376, 'or', [0, 1], 2, 13, 1, 1)
(304, 406, 'parity', [0, 1], 2, 11, 4, -3)
(304, 406, 'parity', [0, 1], 2, 13, 5, -3)
(304, 406, 'or', [0, 1], 2, 11, 4, -3)
(304, 406, 'or', [0, 1], 2, 13, 5, -3)
(304, 409, 'parity', [0, 1], 2, 11, 4, -3)
(304, 409, 'parity', [0, 1], 2, 13, 5, -3)
(304, 409, 'or', [0, 1], 2, 11, 4, -3)
(304, 409, 'or', [0, 1], 2, 13, 5, -3)
(304, 412, 'parity', [0, 1], 2, 11, 4, -3)
(304, 412, 'parity', [0, 1], 2, 13, 5, -3)
(304, 412, 'or', [0, 1], 2, 11, 4, -3)
(304, 412, 'or', [0, 1], 2, 13, 5, -3)
(304, 442, 'parity', [0, 1], 2, 11, 1, -1)
(304, 442, 'parity', [0, 1], 2, 13, 1, -1)
(304, 442, 'or', [0, 1], 2, 11, 1, -1)
(304, 442, 'or', [0, 1], 2, 13, 1, -1)
(304, 448, 'parity', [0, 1], 2, 11, 1, -1)
(304, 448, 'parity', [0, 1], 2, 13, 1, -1)
(304, 448, 'or', [0, 1], 2, 11, 1, -1)
(304, 448, 'or', [0, 1], 2, 13, 1, -1)
(304, 514, 'parity', [0, 1], 2, 11, 1, 1)
(304, 514, 'parity', [0, 1], 2, 13, 1, 1)
(304, 514, 'or', [0, 1], 2, 11, 1, 1)
(304, 514, 'or', [0, 1], 2, 13, 1, 1)
(304, 520, 'parity', [0, 1], 2, 11, 1, 1)
(304, 520, 'parity', [0, 1], 2, 13, 1, 1)
(304, 520, 'or', [0, 1], 2, 11, 1, 1)
(304, 520, 'or', [0, 1], 2, 13, 1, 1)
(304, 550, 'parity', [0, 1], 2, 11, 4, 3)
(304, 550, 'parity', [0, 1], 2, 13, 5, 3)
(304, 550, 'or', [0, 1], 2, 11, 4, 3)
(304, 550, 'or', [0, 1], 2, 13, 5, 3)
(304, 553, 'parity', [0, 1], 2, 11, 4, 3)
(304, 553, 'parity', [0, 1], 2, 13, 5, 3)
(304, 553, 'or', [0, 1], 2, 11, 4, 3)
(304, 553, 'or', [0, 1], 2, 13, 5, 3)
(304, 556, 'parity', [0, 1], 2, 11, 4, 3)
(304, 556, 'parity', [0, 1], 2, 13, 5, 3)
(304, 556, 'or', [0, 1], 2, 11, 4, 3)
(304, 556, 'or', [0, 1], 2, 13, 5, 3)
(304, 586, 'parity', [0, 1], 2, 11, 1, -1)
(304, 586, 'parity', [0, 1], 2, 13, 1, -1)
(304, 586, 'or', [0, 1], 2, 11, 1, -1)
(304, 586, 'or', [0, 1], 2, 13, 1, -1)
(304, 589, 'parity', [1], 3, 11, 1, 1)
(304, 589, 'parity', [1], 3, 13, 1, 1)
(304, 589, 'parity', [0, 1], 2, 11, 1, -1)
(304, 589, 'parity', [0, 1], 2, 13, 1, -1)
(304, 589, 'or', [1], 3, 11, 1, 1)
(304, 589, 'or', [1], 3, 13, 1, 1)
(304, 589, 'or', [0, 1], 2, 11, 1, -1)
(304, 589, 'or', [0, 1], 2, 13, 1, -1)
(304, 592, 'parity', [0, 1], 2, 11, 1, -1)
(304, 592, 'parity', [0, 1], 2, 13, 1, -1)
(304, 592, 'or', [0, 1], 2, 11, 1, -1)
(304, 592, 'or', [0, 1], 2, 13, 1, -1)
(308, 380, 'parity', [0, 1], 1, 11, 1, 1)
(308, 380, 'parity', [0, 1], 1, 13, 1, 1)
(308, 380, 'or', [0, 1], 1, 11, 1, 1)
(308, 380, 'or', [0, 1], 1, 13, 1, 1)
(308, 383, 'parity', [0, 1], 1, 11, 1, 1)
(308, 383, 'parity', [0, 1], 1, 13, 1, 1)
(308, 383, 'or', [0, 1], 1, 11, 1, 1)
(308, 383, 'or', [0, 1], 1, 13, 1, 1)
(308, 386, 'parity', [0, 1], 1, 11, 1, 1)
(308, 386, 'parity', [0, 1], 1, 13, 1, 1)
(308, 386, 'or', [0, 1], 1, 11, 1, 1)
(308, 386, 'or', [0, 1], 1, 13, 1, 1)
(308, 416, 'parity', [0, 1], 1, 11, 4, -3)
(308, 416, 'parity', [0, 1], 1, 13, 5, -3)
(308, 416, 'or', [0, 1], 1, 11, 4, -3)
(308, 416, 'or', [0, 1], 1, 13, 5, -3)
(308, 419, 'parity', [0, 1], 1, 11, 4, -3)
(308, 419, 'parity', [0, 1], 1, 13, 5, -3)
(308, 419, 'or', [0, 1], 1, 11, 4, -3)
(308, 419, 'or', [0, 1], 1, 13, 5, -3)
(308, 422, 'parity', [0, 1], 1, 11, 4, -3)
(308, 422, 'parity', [0, 1], 1, 13, 5, -3)
(308, 422, 'or', [0, 1], 1, 11, 4, -3)
(308, 422, 'or', [0, 1], 1, 13, 5, -3)
(308, 560, 'parity', [0, 1], 1, 11, 4, 3)
(308, 560, 'parity', [0, 1], 1, 13, 5, 3)
(308, 560, 'or', [0, 1], 1, 11, 4, 3)
(308, 560, 'or', [0, 1], 1, 13, 5, 3)
(308, 563, 'parity', [0, 1], 1, 11, 4, 3)
(308, 563, 'parity', [0, 1], 1, 13, 5, 3)
(308, 563, 'or', [0, 1], 1, 11, 4, 3)
(308, 563, 'or', [0, 1], 1, 13, 5, 3)
(308, 566, 'parity', [0, 1], 1, 11, 4, 3)
(308, 566, 'parity', [0, 1], 1, 13, 5, 3)
(308, 566, 'or', [0, 1], 1, 11, 4, 3)
(308, 566, 'or', [0, 1], 1, 13, 5, 3)
(308, 596, 'parity', [0, 1], 1, 11, 1, -1)
(308, 596, 'parity', [0, 1], 1, 13, 1, -1)
(308, 596, 'or', [0, 1], 1, 11, 1, -1)
(308, 596, 'or', [0, 1], 1, 13, 1, -1)
(308, 599, 'parity', [0, 1], 1, 11, 1, -1)
(308, 599, 'parity', [0, 1], 1, 13, 1, -1)
(308, 599, 'or', [0, 1], 1, 11, 1, -1)
(308, 599, 'or', [0, 1], 1, 13, 1, -1)
(308, 602, 'parity', [0, 1], 1, 11, 1, -1)
(308, 602, 'parity', [0, 1], 1, 13, 1, -1)
(308, 602, 'or', [0, 1], 1, 11, 1, -1)
(308, 602, 'or', [0, 1], 1, 13, 1, -1)
(311, 560, 'parity', [0, 1], 1, 11, 4, 3)
(311, 560, 'parity', [0, 1], 1, 13, 5, 3)
(311, 560, 'or', [0, 1], 1, 11, 4, 3)
(311, 560, 'or', [0, 1], 1, 13, 5, 3)
(311, 563, 'parity', [0, 1], 1, 11, 4, 3)
(311, 563, 'parity', [0, 1], 1, 13, 5, 3)
(311, 563, 'or', [0, 1], 1, 11, 4, 3)
(311, 563, 'or', [0, 1], 1, 13, 5, 3)
(311, 566, 'parity', [0, 1], 1, 11, 4, 3)
(311, 566, 'parity', [0, 1], 1, 13, 5, 3)
(311, 566, 'or', [0, 1], 1, 11, 4, 3)
(311, 566, 'or', [0, 1], 1, 13, 5, 3)
(311, 596, 'parity', [0, 1], 1, 11, 1, -1)
(311, 596, 'parity', [0, 1], 1, 13, 1, -1)
(311, 596, 'or', [0, 1], 1, 11, 1, -1)
(311, 596, 'or', [0, 1], 1, 13, 1, -1)
(311, 599, 'parity', [0, 1], 1, 11, 1, -1)
(311, 599, 'parity', [0, 1], 1, 13, 1, -1)
(311, 599, 'or', [0, 1], 1, 11, 1, -1)
(311, 599, 'or', [0, 1], 1, 13, 1, -1)
(311, 602, 'parity', [0, 1], 1, 11, 1, -1)
(311, 602, 'parity', [0, 1], 1, 13, 1, -1)
(311, 602, 'or', [0, 1], 1, 11, 1, -1)
(311, 602, 'or', [0, 1], 1, 13, 1, -1)
(311, 380, 'parity', [0, 1], 1, 11, 1, 1)
(311, 380, 'parity', [0, 1], 1, 13, 1, 1)
(311, 380, 'or', [0, 1], 1, 11, 1, 1)
(311, 380, 'or', [0, 1], 1, 13, 1, 1)
(311, 383, 'parity', [0, 1], 1, 11, 1, 1)
(311, 383, 'parity', [0, 1], 1, 13, 1, 1)
(311, 383, 'or', [0, 1], 1, 11, 1, 1)
(311, 383, 'or', [0, 1], 1, 13, 1, 1)
(311, 386, 'parity', [0, 1], 1, 11, 1, 1)
(311, 386, 'parity', [0, 1], 1, 13, 1, 1)
(311, 386, 'or', [0, 1], 1, 11, 1, 1)
(311, 386, 'or', [0, 1], 1, 13, 1, 1)
(311, 416, 'parity', [0, 1], 1, 11, 4, -3)
(311, 416, 'parity', [0, 1], 1, 13, 5, -3)
(311, 416, 'or', [0, 1], 1, 11, 4, -3)
(311, 416, 'or', [0, 1], 1, 13, 5, -3)
(311, 419, 'parity', [0, 1], 1, 11, 4, -3)
(311, 419, 'parity', [0, 1], 1, 13, 5, -3)
(311, 419, 'or', [0, 1], 1, 11, 4, -3)
(311, 419, 'or', [0, 1], 1, 13, 5, -3)
(311, 422, 'parity', [0, 1], 1, 11, 4, -3)
(311, 422, 'parity', [0, 1], 1, 13, 5, -3)
(311, 422, 'or', [0, 1], 1, 11, 4, -3)
(311, 422, 'or', [0, 1], 1, 13, 5, -3)
(314, 596, 'parity', [0], 3, 11, 4, -3)
(314, 596, 'parity', [0], 3, 13, 5, -3)
(314, 596, 'parity', [0, 1], 1, 11, 1, -1)
(314, 596, 'parity', [0, 1], 1, 13, 1, -1)
(314, 596, 'or', [0], 3, 11, 4, -3)
(314, 596, 'or', [0], 3, 13, 5, -3)
(314, 596, 'or', [0, 1], 1, 11, 1, -1)
(314, 596, 'or', [0, 1], 1, 13, 1, -1)
(314, 599, 'parity', [0], 3, 11, 4, -3)
(314, 599, 'parity', [0], 3, 13, 5, -3)
(314, 599, 'parity', [0, 1], 1, 11, 1, -1)
(314, 599, 'parity', [0, 1], 1, 13, 1, -1)
(314, 599, 'or', [0], 3, 11, 4, -3)
(314, 599, 'or', [0], 3, 13, 5, -3)
(314, 599, 'or', [0, 1], 1, 11, 1, -1)
(314, 599, 'or', [0, 1], 1, 13, 1, -1)
(314, 602, 'parity', [0], 3, 11, 4, -3)
(314, 602, 'parity', [0], 3, 13, 5, -3)
(314, 602, 'parity', [0, 1], 1, 11, 1, -1)
(314, 602, 'parity', [0, 1], 1, 13, 1, -1)
(314, 602, 'or', [0], 3, 11, 4, -3)
(314, 602, 'or', [0], 3, 13, 5, -3)
(314, 602, 'or', [0, 1], 1, 11, 1, -1)
(314, 602, 'or', [0, 1], 1, 13, 1, -1)
(315, 387, 'parity', [0, 1], 0, 11, 1, 1)
(315, 387, 'parity', [0, 1], 0, 13, 1, 1)
(315, 387, 'or', [0, 1], 0, 11, 1, 1)
(315, 387, 'or', [0, 1], 0, 13, 1, 1)
(315, 388, 'parity', [0, 1], 0, 11, 1, 1)
(315, 388, 'parity', [0, 1], 0, 13, 1, 1)
(315, 388, 'or', [0, 1], 0, 11, 1, 1)
(315, 388, 'or', [0, 1], 0, 13, 1, 1)
(315, 389, 'parity', [0, 1], 0, 11, 1, 1)
(315, 389, 'parity', [0, 1], 0, 13, 1, 1)
(315, 389, 'or', [0, 1], 0, 11, 1, 1)
(315, 389, 'or', [0, 1], 0, 13, 1, 1)
(315, 390, 'parity', [0, 1], 0, 11, 1, 1)
(315, 390, 'parity', [0, 1], 0, 13, 1, 1)
(315, 390, 'or', [0, 1], 0, 11, 1, 1)
(315, 390, 'or', [0, 1], 0, 13, 1, 1)
(315, 391, 'parity', [0, 1], 0, 11, 1, 1)
(315, 391, 'parity', [0, 1], 0, 13, 1, 1)
(315, 391, 'or', [0, 1], 0, 11, 1, 1)
(315, 391, 'or', [0, 1], 0, 13, 1, 1)
(315, 392, 'parity', [0, 1], 0, 11, 1, 1)
(315, 392, 'parity', [0, 1], 0, 13, 1, 1)
(315, 392, 'or', [0, 1], 0, 11, 1, 1)
(315, 392, 'or', [0, 1], 0, 13, 1, 1)
(315, 393, 'parity', [0, 1], 0, 11, 1, 1)
(315, 393, 'parity', [0, 1], 0, 13, 1, 1)
(315, 393, 'or', [0, 1], 0, 11, 1, 1)
(315, 393, 'or', [0, 1], 0, 13, 1, 1)
(315, 394, 'parity', [0, 1], 0, 11, 1, 1)
(315, 394, 'parity', [0, 1], 0, 13, 1, 1)
(315, 394, 'or', [0, 1], 0, 11, 1, 1)
(315, 394, 'or', [0, 1], 0, 13, 1, 1)
(315, 395, 'parity', [0, 1], 0, 11, 1, 1)
(315, 395, 'parity', [0, 1], 0, 13, 1, 1)
(315, 395, 'or', [0, 1], 0, 11, 1, 1)
(315, 395, 'or', [0, 1], 0, 13, 1, 1)
(315, 423, 'parity', [0, 1], 0, 11, 4, -3)
(315, 423, 'parity', [0, 1], 0, 13, 5, -3)
(315, 423, 'or', [0, 1], 0, 11, 4, -3)
(315, 423, 'or', [0, 1], 0, 13, 5, -3)
(315, 424, 'parity', [0, 1], 0, 11, 4, -3)
(315, 424, 'parity', [0, 1], 0, 13, 5, -3)
(315, 424, 'or', [0, 1], 0, 11, 4, -3)
(315, 424, 'or', [0, 1], 0, 13, 5, -3)
(315, 425, 'parity', [0, 1], 0, 11, 4, -3)
(315, 425, 'parity', [0, 1], 0, 13, 5, -3)
(315, 425, 'or', [0, 1], 0, 11, 4, -3)
(315, 425, 'or', [0, 1], 0, 13, 5, -3)
(315, 426, 'parity', [0, 1], 0, 11, 4, -3)
(315, 426, 'parity', [0, 1], 0, 13, 5, -3)
(315, 426, 'or', [0, 1], 0, 11, 4, -3)
(315, 426, 'or', [0, 1], 0, 13, 5, -3)
(315, 427, 'parity', [0, 1], 0, 11, 4, -3)
(315, 427, 'parity', [0, 1], 0, 13, 5, -3)
(315, 427, 'or', [0, 1], 0, 11, 4, -3)
(315, 427, 'or', [0, 1], 0, 13, 5, -3)
(315, 428, 'parity', [0, 1], 0, 11, 4, -3)
(315, 428, 'parity', [0, 1], 0, 13, 5, -3)
(315, 428, 'or', [0, 1], 0, 11, 4, -3)
(315, 428, 'or', [0, 1], 0, 13, 5, -3)
(315, 429, 'parity', [0, 1], 0, 11, 4, -3)
(315, 429, 'parity', [0, 1], 0, 13, 5, -3)
(315, 429, 'or', [0, 1], 0, 11, 4, -3)
(315, 429, 'or', [0, 1], 0, 13, 5, -3)
(315, 430, 'parity', [0, 1], 0, 11, 4, -3)
(315, 430, 'parity', [0, 1], 0, 13, 5, -3)
(315, 430, 'or', [0, 1], 0, 11, 4, -3)
(315, 430, 'or', [0, 1], 0, 13, 5, -3)
(315, 431, 'parity', [0, 1], 0, 11, 4, -3)
(315, 431, 'parity', [0, 1], 0, 13, 5, -3)
(315, 431, 'or', [0, 1], 0, 11, 4, -3)
(315, 431, 'or', [0, 1], 0, 13, 5, -3)
(314, 380, 'parity', [0], 3, 11, 4, -3)
(314, 380, 'parity', [0], 3, 13, 5, -3)
(314, 380, 'parity', [0, 1], 1, 11, 1, 1)
(314, 380, 'parity', [0, 1], 1, 13, 1, 1)
(314, 380, 'or', [0], 3, 11, 4, -3)
(314, 380, 'or', [0], 3, 13, 5, -3)
(314, 380, 'or', [0, 1], 1, 11, 1, 1)
(314, 380, 'or', [0, 1], 1, 13, 1, 1)
(314, 383, 'parity', [0], 3, 11, 4, -3)
(314, 383, 'parity', [0], 3, 13, 5, -3)
(314, 383, 'parity', [0, 1], 1, 11, 1, 1)
(314, 383, 'parity', [0, 1], 1, 13, 1, 1)
(314, 383, 'or', [0], 3, 11, 4, -3)
(314, 383, 'or', [0], 3, 13, 5, -3)
(314, 383, 'or', [0, 1], 1, 11, 1, 1)
(314, 383, 'or', [0, 1], 1, 13, 1, 1)
(314, 386, 'parity', [0], 3, 11, 4, -3)
(314, 386, 'parity', [0], 3, 13, 5, -3)
(314, 386, 'parity', [0, 1], 1, 11, 1, 1)
(314, 386, 'parity', [0, 1], 1, 13, 1, 1)
(314, 386, 'or', [0], 3, 11, 4, -3)
(314, 386, 'or', [0], 3, 13, 5, -3)
(314, 386, 'or', [0, 1], 1, 11, 1, 1)
(314, 386, 'or', [0, 1], 1, 13, 1, 1)
(314, 416, 'parity', [0, 1], 1, 11, 4, -3)
(314, 416, 'parity', [0, 1], 1, 13, 5, -3)
(314, 416, 'or', [0, 1], 1, 11, 4, -3)
(314, 416, 'or', [0, 1], 1, 13, 5, -3)
(314, 419, 'parity', [0, 1], 1, 11, 4, -3)
(314, 419, 'parity', [0, 1], 1, 13, 5, -3)
(314, 419, 'or', [0, 1], 1, 11, 4, -3)
(314, 419, 'or', [0, 1], 1, 13, 5, -3)
(314, 422, 'parity', [0, 1], 1, 11, 4, -3)
(314, 422, 'parity', [0, 1], 1, 13, 5, -3)
(314, 422, 'or', [0, 1], 1, 11, 4, -3)
(314, 422, 'or', [0, 1], 1, 13, 5, -3)
(314, 560, 'parity', [0, 1], 1, 11, 4, 3)
(314, 560, 'parity', [0, 1], 1, 13, 5, 3)
(314, 560, 'or', [0, 1], 1, 11, 4, 3)
(314, 560, 'or', [0, 1], 1, 13, 5, 3)
(314, 563, 'parity', [0, 1], 1, 11, 4, 3)
(314, 563, 'parity', [0, 1], 1, 13, 5, 3)
(314, 563, 'or', [0, 1], 1, 11, 4, 3)
(314, 563, 'or', [0, 1], 1, 13, 5, 3)
(314, 566, 'parity', [0, 1], 1, 11, 4, 3)
(314, 566, 'parity', [0, 1], 1, 13, 5, 3)
(314, 566, 'or', [0, 1], 1, 11, 4, 3)
(314, 566, 'or', [0, 1], 1, 13, 5, 3)
(315, 567, 'parity', [0, 1], 0, 11, 4, 3)
(315, 567, 'parity', [0, 1], 0, 13, 5, 3)
(315, 567, 'or', [0, 1], 0, 11, 4, 3)
(315, 567, 'or', [0, 1], 0, 13, 5, 3)
(315, 568, 'parity', [0, 1], 0, 11, 4, 3)
(315, 568, 'parity', [0, 1], 0, 13, 5, 3)
(315, 568, 'or', [0, 1], 0, 11, 4, 3)
(315, 568, 'or', [0, 1], 0, 13, 5, 3)
(315, 569, 'parity', [0, 1], 0, 11, 4, 3)
(315, 569, 'parity', [0, 1], 0, 13, 5, 3)
(315, 569, 'or', [0, 1], 0, 11, 4, 3)
(315, 569, 'or', [0, 1], 0, 13, 5, 3)
(315, 570, 'parity', [0, 1], 0, 11, 4, 3)
(315, 570, 'parity', [0, 1], 0, 13, 5, 3)
(315, 570, 'or', [0, 1], 0, 11, 4, 3)
(315, 570, 'or', [0, 1], 0, 13, 5, 3)
(315, 571, 'parity', [0, 1], 0, 11, 4, 3)
(315, 571, 'parity', [0, 1], 0, 13, 5, 3)
(315, 571, 'or', [0, 1], 0, 11, 4, 3)
(315, 571, 'or', [0, 1], 0, 13, 5, 3)
(315, 572, 'parity', [0, 1], 0, 11, 4, 3)
(315, 572, 'parity', [0, 1], 0, 13, 5, 3)
(315, 572, 'or', [0, 1], 0, 11, 4, 3)
(315, 572, 'or', [0, 1], 0, 13, 5, 3)
(315, 573, 'parity', [0, 1], 0, 11, 4, 3)
(315, 573, 'parity', [0, 1], 0, 13, 5, 3)
(315, 573, 'or', [0, 1], 0, 11, 4, 3)
(315, 573, 'or', [0, 1], 0, 13, 5, 3)
(315, 574, 'parity', [0, 1], 0, 11, 4, 3)
(315, 574, 'parity', [0, 1], 0, 13, 5, 3)
(315, 574, 'or', [0, 1], 0, 11, 4, 3)
(315, 574, 'or', [0, 1], 0, 13, 5, 3)
(315, 575, 'parity', [0, 1], 0, 11, 4, 3)
(315, 575, 'parity', [0, 1], 0, 13, 5, 3)
(315, 575, 'or', [0, 1], 0, 11, 4, 3)
(315, 575, 'or', [0, 1], 0, 13, 5, 3)
(315, 603, 'parity', [0, 1], 0, 11, 1, -1)
(315, 603, 'parity', [0, 1], 0, 13, 1, -1)
(315, 603, 'or', [0, 1], 0, 11, 1, -1)
(315, 603, 'or', [0, 1], 0, 13, 1, -1)
(315, 604, 'parity', [0, 1], 0, 11, 1, -1)
(315, 604, 'parity', [0, 1], 0, 13, 1, -1)
(315, 604, 'or', [0, 1], 0, 11, 1, -1)
(315, 604, 'or', [0, 1], 0, 13, 1, -1)
(315, 605, 'parity', [0, 1], 0, 11, 1, -1)
(315, 605, 'parity', [0, 1], 0, 13, 1, -1)
(315, 605, 'or', [0, 1], 0, 11, 1, -1)
(315, 605, 'or', [0, 1], 0, 13, 1, -1)
(315, 606, 'parity', [0, 1], 0, 11, 1, -1)
(315, 606, 'parity', [0, 1], 0, 13, 1, -1)
(315, 606, 'or', [0, 1], 0, 11, 1, -1)
(315, 606, 'or', [0, 1], 0, 13, 1, -1)
(315, 607, 'parity', [0, 1], 0, 11, 1, -1)
(315, 607, 'parity', [0, 1], 0, 13, 1, -1)
(315, 607, 'or', [0, 1], 0, 11, 1, -1)
(315, 607, 'or', [0, 1], 0, 13, 1, -1)
(315, 608, 'parity', [0, 1], 0, 11, 1, -1)
(315, 608, 'parity', [0, 1], 0, 13, 1, -1)
(315, 608, 'or', [0, 1], 0, 11, 1, -1)
(315, 608, 'or', [0, 1], 0, 13, 1, -1)
(315, 609, 'parity', [0, 1], 0, 11, 1, -1)
(315, 609, 'parity', [0, 1], 0, 13, 1, -1)
(315, 609, 'or', [0, 1], 0, 11, 1, -1)
(315, 609, 'or', [0, 1], 0, 13, 1, -1)
(315, 610, 'parity', [0, 1], 0, 11, 1, -1)
(315, 610, 'parity', [0, 1], 0, 13, 1, -1)
(315, 610, 'or', [0, 1], 0, 11, 1, -1)
(315, 610, 'or', [0, 1], 0, 13, 1, -1)
(315, 611, 'parity', [0, 1], 0, 11, 1, -1)
(315, 611, 'parity', [0, 1], 0, 13, 1, -1)
(315, 611, 'or', [0, 1], 0, 11, 1, -1)
(315, 611, 'or', [0, 1], 0, 13, 1, -1)
(317, 387, 'parity', [0, 1], 0, 11, 1, 1)
(317, 387, 'parity', [0, 1], 0, 13, 1, 1)
(317, 387, 'or', [0, 1], 0, 11, 1, 1)
(317, 387, 'or', [0, 1], 0, 13, 1, 1)
(317, 388, 'parity', [0, 1], 0, 11, 1, 1)
(317, 388, 'parity', [0, 1], 0, 13, 1, 1)
(317, 388, 'or', [0, 1], 0, 11, 1, 1)
(317, 388, 'or', [0, 1], 0, 13, 1, 1)
(317, 389, 'parity', [0, 1], 0, 11, 1, 1)
(317, 389, 'parity', [0, 1], 0, 13, 1, 1)
(317, 389, 'or', [0, 1], 0, 11, 1, 1)
(317, 389, 'or', [0, 1], 0, 13, 1, 1)
(317, 390, 'parity', [0, 1], 0, 11, 1, 1)
(317, 390, 'parity', [0, 1], 0, 13, 1, 1)
(317, 390, 'or', [0, 1], 0, 11, 1, 1)
(317, 390, 'or', [0, 1], 0, 13, 1, 1)
(317, 391, 'parity', [0, 1], 0, 11, 1, 1)
(317, 391, 'parity', [0, 1], 0, 13, 1, 1)
(317, 391, 'or', [0, 1], 0, 11, 1, 1)
(317, 391, 'or', [0, 1], 0, 13, 1, 1)
(317, 392, 'parity', [0, 1], 0, 11, 1, 1)
(317, 392, 'parity', [0, 1], 0, 13, 1, 1)
(317, 392, 'or', [0, 1], 0, 11, 1, 1)
(317, 392, 'or', [0, 1], 0, 13, 1, 1)
(317, 393, 'parity', [0, 1], 0, 11, 1, 1)
(317, 393, 'parity', [0, 1], 0, 13, 1, 1)
(317, 393, 'or', [0, 1], 0, 11, 1, 1)
(317, 393, 'or', [0, 1], 0, 13, 1, 1)
(317, 394, 'parity', [0, 1], 0, 11, 1, 1)
(317, 394, 'parity', [0, 1], 0, 13, 1, 1)
(317, 394, 'or', [0, 1], 0, 11, 1, 1)
(317, 394, 'or', [0, 1], 0, 13, 1, 1)
(317, 395, 'parity', [0, 1], 0, 11, 1, 1)
(317, 395, 'parity', [0, 1], 0, 13, 1, 1)
(317, 395, 'or', [0, 1], 0, 11, 1, 1)
(317, 395, 'or', [0, 1], 0, 13, 1, 1)
(317, 423, 'parity', [0, 1], 0, 11, 4, -3)
(317, 423, 'parity', [0, 1], 0, 13, 5, -3)
(317, 423, 'or', [0, 1], 0, 11, 4, -3)
(317, 423, 'or', [0, 1], 0, 13, 5, -3)
(317, 424, 'parity', [0, 1], 0, 11, 4, -3)
(317, 424, 'parity', [0, 1], 0, 13, 5, -3)
(317, 424, 'or', [0, 1], 0, 11, 4, -3)
(317, 424, 'or', [0, 1], 0, 13, 5, -3)
(317, 425, 'parity', [0, 1], 0, 11, 4, -3)
(317, 425, 'parity', [0, 1], 0, 13, 5, -3)
(317, 425, 'or', [0, 1], 0, 11, 4, -3)
(317, 425, 'or', [0, 1], 0, 13, 5, -3)
(317, 426, 'parity', [0, 1], 0, 11, 4, -3)
(317, 426, 'parity', [0, 1], 0, 13, 5, -3)
(317, 426, 'or', [0, 1], 0, 11, 4, -3)
(317, 426, 'or', [0, 1], 0, 13, 5, -3)
(317, 427, 'parity', [0, 1], 0, 11, 4, -3)
(317, 427, 'parity', [0, 1], 0, 13, 5, -3)
(317, 427, 'or', [0, 1], 0, 11, 4, -3)
(317, 427, 'or', [0, 1], 0, 13, 5, -3)
(317, 428, 'parity', [0, 1], 0, 11, 4, -3)
(317, 428, 'parity', [0, 1], 0, 13, 5, -3)
(317, 428, 'or', [0, 1], 0, 11, 4, -3)
(317, 428, 'or', [0, 1], 0, 13, 5, -3)
(317, 429, 'parity', [0, 1], 0, 11, 4, -3)
(317, 429, 'parity', [0, 1], 0, 13, 5, -3)
(317, 429, 'or', [0, 1], 0, 11, 4, -3)
(317, 429, 'or', [0, 1], 0, 13, 5, -3)
(317, 430, 'parity', [0, 1], 0, 11, 4, -3)
(317, 430, 'parity', [0, 1], 0, 13, 5, -3)
(317, 430, 'or', [0, 1], 0, 11, 4, -3)
(317, 430, 'or', [0, 1], 0, 13, 5, -3)
(317, 431, 'parity', [0, 1], 0, 11, 4, -3)
(317, 431, 'parity', [0, 1], 0, 13, 5, -3)
(317, 431, 'or', [0, 1], 0, 11, 4, -3)
(317, 431, 'or', [0, 1], 0, 13, 5, -3)
(317, 567, 'parity', [0, 1], 0, 11, 4, 3)
(317, 567, 'parity', [0, 1], 0, 13, 5, 3)
(317, 567, 'or', [0, 1], 0, 11, 4, 3)
(317, 567, 'or', [0, 1], 0, 13, 5, 3)
(317, 568, 'parity', [0, 1], 0, 11, 4, 3)
(317, 568, 'parity', [0, 1], 0, 13, 5, 3)
(317, 568, 'or', [0, 1], 0, 11, 4, 3)
(317, 568, 'or', [0, 1], 0, 13, 5, 3)
(317, 569, 'parity', [0, 1], 0, 11, 4, 3)
(317, 569, 'parity', [0, 1], 0, 13, 5, 3)
(317, 569, 'or', [0, 1], 0, 11, 4, 3)
(317, 569, 'or', [0, 1], 0, 13, 5, 3)
(317, 570, 'parity', [0, 1], 0, 11, 4, 3)
(317, 570, 'parity', [0, 1], 0, 13, 5, 3)
(317, 570, 'or', [0, 1], 0, 11, 4, 3)
(317, 570, 'or', [0, 1], 0, 13, 5, 3)
(317, 571, 'parity', [0, 1], 0, 11, 4, 3)
(317, 571, 'parity', [0, 1], 0, 13, 5, 3)
(317, 571, 'or', [0, 1], 0, 11, 4, 3)
(317, 571, 'or', [0, 1], 0, 13, 5, 3)
(317, 572, 'parity', [0, 1], 0, 11, 4, 3)
(317, 572, 'parity', [0, 1], 0, 13, 5, 3)
(317, 572, 'or', [0, 1], 0, 11, 4, 3)
(317, 572, 'or', [0, 1], 0, 13, 5, 3)
(317, 573, 'parity', [0, 1], 0, 11, 4, 3)
(317, 573, 'parity', [0, 1], 0, 13, 5, 3)
(317, 573, 'or', [0, 1], 0, 11, 4, 3)
(317, 573, 'or', [0, 1], 0, 13, 5, 3)
(317, 574, 'parity', [0, 1], 0, 11, 4, 3)
(317, 574, 'parity', [0, 1], 0, 13, 5, 3)
(317, 574, 'or', [0, 1], 0, 11, 4, 3)
(317, 574, 'or', [0, 1], 0, 13, 5, 3)
(317, 575, 'parity', [0, 1], 0, 11, 4, 3)
(317, 575, 'parity', [0, 1], 0, 13, 5, 3)
(317, 575, 'or', [0, 1], 0, 11, 4, 3)
(317, 575, 'or', [0, 1], 0, 13, 5, 3)
(317, 603, 'parity', [0, 1], 0, 11, 1, -1)
(317, 603, 'parity', [0, 1], 0, 13, 1, -1)
(317, 603, 'or', [0, 1], 0, 11, 1, -1)
(317, 603, 'or', [0, 1], 0, 13, 1, -1)
(317, 604, 'parity', [0, 1], 0, 11, 1, -1)
(317, 604, 'parity', [0, 1], 0, 13, 1, -1)
(317, 604, 'or', [0, 1], 0, 11, 1, -1)
(317, 604, 'or', [0, 1], 0, 13, 1, -1)
(317, 605, 'parity', [0, 1], 0, 11, 1, -1)
(317, 605, 'parity', [0, 1], 0, 13, 1, -1)
(317, 605, 'or', [0, 1], 0, 11, 1, -1)
(317, 605, 'or', [0, 1], 0, 13, 1, -1)
(317, 606, 'parity', [0, 1], 0, 11, 1, -1)
(317, 606, 'parity', [0, 1], 0, 13, 1, -1)
(317, 606, 'or', [0, 1], 0, 11, 1, -1)
(317, 606, 'or', [0, 1], 0, 13, 1, -1)
(317, 607, 'parity', [0, 1], 0, 11, 1, -1)
(317, 607, 'parity', [0, 1], 0, 13, 1, -1)
(317, 607, 'or', [0, 1], 0, 11, 1, -1)
(317, 607, 'or', [0, 1], 0, 13, 1, -1)
(317, 608, 'parity', [0, 1], 0, 11, 1, -1)
(317, 608, 'parity', [0, 1], 0, 13, 1, -1)
(317, 608, 'or', [0, 1], 0, 11, 1, -1)
(317, 608, 'or', [0, 1], 0, 13, 1, -1)
(317, 609, 'parity', [0, 1], 0, 11, 1, -1)
(317, 609, 'parity', [0, 1], 0, 13, 1, -1)
(317, 609, 'or', [0, 1], 0, 11, 1, -1)
(317, 609, 'or', [0, 1], 0, 13, 1, -1)
(317, 610, 'parity', [0, 1], 0, 11, 1, -1)
(317, 610, 'parity', [0, 1], 0, 13, 1, -1)
(317, 610, 'or', [0, 1], 0, 11, 1, -1)
(317, 610, 'or', [0, 1], 0, 13, 1, -1)
(317, 611, 'parity', [0, 1], 0, 11, 1, -1)
(317, 611, 'parity', [0, 1], 0, 13, 1, -1)
(317, 611, 'or', [0, 1], 0, 11, 1, -1)
(317, 611, 'or', [0, 1], 0, 13, 1, -1)
(318, 387, 'parity', [0, 1], 0, 11, 1, 1)
(318, 387, 'parity', [0, 1], 0, 13, 1, 1)
(318, 387, 'or', [0, 1], 0, 11, 1, 1)
(318, 387, 'or', [0, 1], 0, 13, 1, 1)
(318, 388, 'parity', [0, 1], 0, 11, 1, 1)
(318, 388, 'parity', [0, 1], 0, 13, 1, 1)
(318, 388, 'or', [0, 1], 0, 11, 1, 1)
(318, 388, 'or', [0, 1], 0, 13, 1, 1)
(318, 389, 'parity', [0, 1], 0, 11, 1, 1)
(318, 389, 'parity', [0, 1], 0, 13, 1, 1)
(318, 389, 'or', [0, 1], 0, 11, 1, 1)
(318, 389, 'or', [0, 1], 0, 13, 1, 1)
(318, 390, 'parity', [0, 1], 0, 11, 1, 1)
(318, 390, 'parity', [0, 1], 0, 13, 1, 1)
(318, 390, 'or', [0, 1], 0, 11, 1, 1)
(318, 390, 'or', [0, 1], 0, 13, 1, 1)
(318, 391, 'parity', [0, 1], 0, 11, 1, 1)
(318, 391, 'parity', [0, 1], 0, 13, 1, 1)
(318, 391, 'or', [0, 1], 0, 11, 1, 1)
(318, 391, 'or', [0, 1], 0, 13, 1, 1)
(318, 392, 'parity', [0, 1], 0, 11, 1, 1)
(318, 392, 'parity', [0, 1], 0, 13, 1, 1)
(318, 392, 'or', [0, 1], 0, 11, 1, 1)
(318, 392, 'or', [0, 1], 0, 13, 1, 1)
(318, 393, 'parity', [0, 1], 0, 11, 1, 1)
(318, 393, 'parity', [0, 1], 0, 13, 1, 1)
(318, 393, 'or', [0, 1], 0, 11, 1, 1)
(318, 393, 'or', [0, 1], 0, 13, 1, 1)
(318, 394, 'parity', [0, 1], 0, 11, 1, 1)
(318, 394, 'parity', [0, 1], 0, 13, 1, 1)
(318, 394, 'or', [0, 1], 0, 11, 1, 1)
(318, 394, 'or', [0, 1], 0, 13, 1, 1)
(318, 395, 'parity', [0, 1], 0, 11, 1, 1)
(318, 395, 'parity', [0, 1], 0, 13, 1, 1)
(318, 395, 'or', [0, 1], 0, 11, 1, 1)
(318, 395, 'or', [0, 1], 0, 13, 1, 1)
(318, 423, 'parity', [0, 1], 0, 11, 4, -3)
(318, 423, 'parity', [0, 1], 0, 13, 5, -3)
(318, 423, 'or', [0, 1], 0, 11, 4, -3)
(318, 423, 'or', [0, 1], 0, 13, 5, -3)
(318, 424, 'parity', [0, 1], 0, 11, 4, -3)
(318, 424, 'parity', [0, 1], 0, 13, 5, -3)
(318, 424, 'or', [0, 1], 0, 11, 4, -3)
(318, 424, 'or', [0, 1], 0, 13, 5, -3)
(318, 425, 'parity', [0, 1], 0, 11, 4, -3)
(318, 425, 'parity', [0, 1], 0, 13, 5, -3)
(318, 425, 'or', [0, 1], 0, 11, 4, -3)
(318, 425, 'or', [0, 1], 0, 13, 5, -3)
(318, 426, 'parity', [0, 1], 0, 11, 4, -3)
(318, 426, 'parity', [0, 1], 0, 13, 5, -3)
(318, 426, 'or', [0, 1], 0, 11, 4, -3)
(318, 426, 'or', [0, 1], 0, 13, 5, -3)
(318, 427, 'parity', [0, 1], 0, 11, 4, -3)
(318, 427, 'parity', [0, 1], 0, 13, 5, -3)
(318, 427, 'or', [0, 1], 0, 11, 4, -3)
(318, 427, 'or', [0, 1], 0, 13, 5, -3)
(316, 317, 'parity', [0], 2, 11, 1, 1)
(316, 317, 'parity', [0], 2, 13, 1, 1)
(316, 317, 'parity', [1], 1, 11, 1, 1)
(316, 317, 'parity', [1], 1, 13, 1, 1)
(316, 317, 'or', [0], 2, 11, 1, 1)
(316, 317, 'or', [0], 2, 13, 1, 1)
(316, 317, 'or', [1], 1, 11, 1, 1)
(316, 317, 'or', [1], 1, 13, 1, 1)
(316, 320, 'parity', [0], 2, 11, 1, 1)
(316, 320, 'parity', [0], 2, 13, 1, 1)
(316, 320, 'or', [0], 2, 11, 1, 1)
(316, 320, 'or', [0], 2, 13, 1, 1)
(316, 323, 'parity', [1], 1, 11, 1, 1)
(316, 323, 'parity', [1], 1, 13, 1, 1)
(316, 323, 'or', [1], 1, 11, 1, 1)
(316, 323, 'or', [1], 1, 13, 1, 1)
(316, 353, 'parity', [0], 2, 11, 1, -1)
(316, 353, 'parity', [0], 2, 13, 1, -1)
(316, 353, 'parity', [1], 1, 11, 1, 1)
(316, 353, 'parity', [1], 1, 13, 1, 1)
(316, 353, 'or', [0], 2, 11, 1, -1)
(316, 353, 'or', [0], 2, 13, 1, -1)
(316, 353, 'or', [1], 1, 11, 1, 1)
(316, 353, 'or', [1], 1, 13, 1, 1)
(316, 359, 'parity', [0], 2, 11, 1, -1)
(316, 359, 'parity', [0], 2, 13, 1, -1)
(316, 359, 'parity', [1], 1, 11, 1, 1)
(316, 359, 'parity', [1], 1, 13, 1, 1)
(316, 359, 'or', [0], 2, 11, 1, -1)
(316, 359, 'or', [0], 2, 13, 1, -1)
(316, 359, 'or', [1], 1, 11, 1, 1)
(316, 359, 'or', [1], 1, 13, 1, 1)
(316, 387, 'parity', [0, 1], 0, 11, 1, 1)
(316, 387, 'parity', [0, 1], 0, 13, 1, 1)
(316, 387, 'or', [0, 1], 0, 11, 1, 1)
(316, 387, 'or', [0, 1], 0, 13, 1, 1)
(316, 388, 'parity', [0, 1], 0, 11, 1, 1)
(316, 388, 'parity', [0, 1], 0, 13, 1, 1)
(316, 388, 'or', [0, 1], 0, 11, 1, 1)
(316, 388, 'or', [0, 1], 0, 13, 1, 1)
(316, 389, 'parity', [0, 1], 0, 11, 1, 1)
(316, 389, 'parity', [0, 1], 0, 13, 1, 1)
(316, 389, 'or', [0, 1], 0, 11, 1, 1)
(316, 389, 'or', [0, 1], 0, 13, 1, 1)
(316, 390, 'parity', [0, 1], 0, 11, 1, 1)
(316, 390, 'parity', [0, 1], 0, 13, 1, 1)
(316, 390, 'or', [0, 1], 0, 11, 1, 1)
(316, 390, 'or', [0, 1], 0, 13, 1, 1)
(316, 391, 'parity', [0, 1], 0, 11, 1, 1)
(316, 391, 'parity', [0, 1], 0, 13, 1, 1)
(316, 391, 'or', [0, 1], 0, 11, 1, 1)
(316, 391, 'or', [0, 1], 0, 13, 1, 1)
(316, 392, 'parity', [0, 1], 0, 11, 1, 1)
(316, 392, 'parity', [0, 1], 0, 13, 1, 1)
(316, 392, 'or', [0, 1], 0, 11, 1, 1)
(316, 392, 'or', [0, 1], 0, 13, 1, 1)
(316, 393, 'parity', [0, 1], 0, 11, 1, 1)
(316, 393, 'parity', [0, 1], 0, 13, 1, 1)
(316, 393, 'or', [0, 1], 0, 11, 1, 1)
(316, 393, 'or', [0, 1], 0, 13, 1, 1)
(316, 394, 'parity', [0, 1], 0, 11, 1, 1)
(316, 394, 'parity', [0, 1], 0, 13, 1, 1)
(316, 394, 'or', [0, 1], 0, 11, 1, 1)
(316, 394, 'or', [0, 1], 0, 13, 1, 1)
(316, 395, 'parity', [0, 1], 0, 11, 1, 1)
(316, 395, 'parity', [0, 1], 0, 13, 1, 1)
(316, 395, 'or', [0, 1], 0, 11, 1, 1)
(316, 395, 'or', [0, 1], 0, 13, 1, 1)
(316, 423, 'parity', [0, 1], 0, 11, 4, -3)
(316, 423, 'parity', [0, 1], 0, 13, 5, -3)
(316, 423, 'or', [0, 1], 0, 11, 4, -3)
(316, 423, 'or', [0, 1], 0, 13, 5, -3)
(316, 424, 'parity', [0, 1], 0, 11, 4, -3)
(316, 424, 'parity', [0, 1], 0, 13, 5, -3)
(316, 424, 'or', [0, 1], 0, 11, 4, -3)
(316, 424, 'or', [0, 1], 0, 13, 5, -3)
(316, 425, 'parity', [0], 2, 11, 1, 1)
(316, 425, 'parity', [0], 2, 13, 1, 1)
(316, 425, 'parity', [0, 1], 0, 11, 4, -3)
(316, 425, 'parity', [0, 1], 0, 13, 5, -3)
(316, 425, 'or', [0], 2, 11, 1, 1)
(316, 425, 'or', [0], 2, 13, 1, 1)
(316, 425, 'or', [0, 1], 0, 11, 4, -3)
(316, 425, 'or', [0, 1], 0, 13, 5, -3)
(316, 426, 'parity', [0, 1], 0, 11, 4, -3)
(316, 426, 'parity', [0, 1], 0, 13, 5, -3)
(316, 426, 'or', [0, 1], 0, 11, 4, -3)
(316, 426, 'or', [0, 1], 0, 13, 5, -3)
(316, 427, 'parity', [0, 1], 0, 11, 4, -3)
(316, 427, 'parity', [0, 1], 0, 13, 5, -3)
(316, 427, 'or', [0, 1], 0, 11, 4, -3)
(316, 427, 'or', [0, 1], 0, 13, 5, -3)
(316, 428, 'parity', [0, 1], 0, 11, 4, -3)
(316, 428, 'parity', [0, 1], 0, 13, 5, -3)
(316, 428, 'or', [0, 1], 0, 11, 4, -3)
(316, 428, 'or', [0, 1], 0, 13, 5, -3)
(316, 429, 'parity', [0, 1], 0, 11, 4, -3)
(316, 429, 'parity', [0, 1], 0, 13, 5, -3)
(316, 429, 'or', [0, 1], 0, 11, 4, -3)
(316, 429, 'or', [0, 1], 0, 13, 5, -3)
(316, 430, 'parity', [0, 1], 0, 11, 4, -3)
(316, 430, 'parity', [0, 1], 0, 13, 5, -3)
(316, 430, 'or', [0, 1], 0, 11, 4, -3)
(316, 430, 'or', [0, 1], 0, 13, 5, -3)
(316, 431, 'parity', [0], 2, 11, 1, 1)
(316, 431, 'parity', [0], 2, 13, 1, 1)
(316, 431, 'parity', [0, 1], 0, 11, 4, -3)
(316, 431, 'parity', [0, 1], 0, 13, 5, -3)
(316, 431, 'or', [0], 2, 11, 1, 1)
(316, 431, 'or', [0], 2, 13, 1, 1)
(316, 431, 'or', [0, 1], 0, 11, 4, -3)
(316, 431, 'or', [0, 1], 0, 13, 5, -3)
(316, 460, 'parity', [0], 2, 11, 1, -1)
(316, 460, 'parity', [0], 2, 13, 1, -1)
(316, 460, 'or', [0], 2, 11, 1, -1)
(316, 460, 'or', [0], 2, 13, 1, -1)
(316, 466, 'parity', [0], 2, 11, 1, -1)
(316, 466, 'parity', [0], 2, 13, 1, -1)
(316, 466, 'or', [0], 2, 11, 1, -1)
(316, 466, 'or', [0], 2, 13, 1, -1)
(318, 428, 'parity', [0, 1], 0, 11, 4, -3)
(318, 428, 'parity', [0, 1], 0, 13, 5, -3)
(318, 428, 'or', [0, 1], 0, 11, 4, -3)
(318, 428, 'or', [0, 1], 0, 13, 5, -3)
(318, 429, 'parity', [0, 1], 0, 11, 4, -3)
(318, 429, 'parity', [0, 1], 0, 13, 5, -3)
(318, 429, 'or', [0, 1], 0, 11, 4, -3)
(318, 429, 'or', [0, 1], 0, 13, 5, -3)
(318, 430, 'parity', [0, 1], 0, 11, 4, -3)
(318, 430, 'parity', [0, 1], 0, 13, 5, -3)
(318, 430, 'or', [0, 1], 0, 11, 4, -3)
(318, 430, 'or', [0, 1], 0, 13, 5, -3)
(318, 431, 'parity', [0, 1], 0, 11, 4, -3)
(318, 431, 'parity', [0, 1], 0, 13, 5, -3)
(318, 431, 'or', [0, 1], 0, 11, 4, -3)
(318, 431, 'or', [0, 1], 0, 13, 5, -3)
(318, 567, 'parity', [0, 1], 0, 11, 4, 3)
(318, 567, 'parity', [0, 1], 0, 13, 5, 3)
(318, 567, 'or', [0, 1], 0, 11, 4, 3)
(318, 567, 'or', [0, 1], 0, 13, 5, 3)
(318, 568, 'parity', [0, 1], 0, 11, 4, 3)
(318, 568, 'parity', [0, 1], 0, 13, 5, 3)
(318, 568, 'or', [0, 1], 0, 11, 4, 3)
(318, 568, 'or', [0, 1], 0, 13, 5, 3)
(318, 569, 'parity', [0, 1], 0, 11, 4, 3)
(318, 569, 'parity', [0, 1], 0, 13, 5, 3)
(318, 569, 'or', [0, 1], 0, 11, 4, 3)
(318, 569, 'or', [0, 1], 0, 13, 5, 3)
(318, 570, 'parity', [0, 1], 0, 11, 4, 3)
(318, 570, 'parity', [0, 1], 0, 13, 5, 3)
(318, 570, 'or', [0, 1], 0, 11, 4, 3)
(318, 570, 'or', [0, 1], 0, 13, 5, 3)
(318, 571, 'parity', [0, 1], 0, 11, 4, 3)
(318, 571, 'parity', [0, 1], 0, 13, 5, 3)
(318, 571, 'or', [0, 1], 0, 11, 4, 3)
(318, 571, 'or', [0, 1], 0, 13, 5, 3)
(318, 572, 'parity', [0, 1], 0, 11, 4, 3)
(318, 572, 'parity', [0, 1], 0, 13, 5, 3)
(318, 572, 'or', [0, 1], 0, 11, 4, 3)
(318, 572, 'or', [0, 1], 0, 13, 5, 3)
(318, 573, 'parity', [0, 1], 0, 11, 4, 3)
(318, 573, 'parity', [0, 1], 0, 13, 5, 3)
(318, 573, 'or', [0, 1], 0, 11, 4, 3)
(318, 573, 'or', [0, 1], 0, 13, 5, 3)
(318, 574, 'parity', [0, 1], 0, 11, 4, 3)
(318, 574, 'parity', [0, 1], 0, 13, 5, 3)
(318, 574, 'or', [0, 1], 0, 11, 4, 3)
(318, 574, 'or', [0, 1], 0, 13, 5, 3)
(318, 575, 'parity', [0, 1], 0, 11, 4, 3)
(318, 575, 'parity', [0, 1], 0, 13, 5, 3)
(318, 575, 'or', [0, 1], 0, 11, 4, 3)
(318, 575, 'or', [0, 1], 0, 13, 5, 3)
(318, 603, 'parity', [0, 1], 0, 11, 1, -1)
(318, 603, 'parity', [0, 1], 0, 13, 1, -1)
(318, 603, 'or', [0, 1], 0, 11, 1, -1)
(318, 603, 'or', [0, 1], 0, 13, 1, -1)
(318, 604, 'parity', [0, 1], 0, 11, 1, -1)
(318, 604, 'parity', [0, 1], 0, 13, 1, -1)
(318, 604, 'or', [0, 1], 0, 11, 1, -1)
(318, 604, 'or', [0, 1], 0, 13, 1, -1)
(318, 605, 'parity', [0, 1], 0, 11, 1, -1)
(318, 605, 'parity', [0, 1], 0, 13, 1, -1)
(318, 605, 'or', [0, 1], 0, 11, 1, -1)
(318, 605, 'or', [0, 1], 0, 13, 1, -1)
(318, 606, 'parity', [0, 1], 0, 11, 1, -1)
(318, 606, 'parity', [0, 1], 0, 13, 1, -1)
(318, 606, 'or', [0, 1], 0, 11, 1, -1)
(318, 606, 'or', [0, 1], 0, 13, 1, -1)
(318, 607, 'parity', [0, 1], 0, 11, 1, -1)
(318, 607, 'parity', [0, 1], 0, 13, 1, -1)
(318, 607, 'or', [0, 1], 0, 11, 1, -1)
(318, 607, 'or', [0, 1], 0, 13, 1, -1)
(318, 608, 'parity', [0, 1], 0, 11, 1, -1)
(318, 608, 'parity', [0, 1], 0, 13, 1, -1)
(318, 608, 'or', [0, 1], 0, 11, 1, -1)
(318, 608, 'or', [0, 1], 0, 13, 1, -1)
(318, 609, 'parity', [0, 1], 0, 11, 1, -1)
(318, 609, 'parity', [0, 1], 0, 13, 1, -1)
(318, 609, 'or', [0, 1], 0, 11, 1, -1)
(318, 609, 'or', [0, 1], 0, 13, 1, -1)
(318, 610, 'parity', [0, 1], 0, 11, 1, -1)
(318, 610, 'parity', [0, 1], 0, 13, 1, -1)
(318, 610, 'or', [0, 1], 0, 11, 1, -1)
(318, 610, 'or', [0, 1], 0, 13, 1, -1)
(318, 611, 'parity', [0, 1], 0, 11, 1, -1)
(318, 611, 'parity', [0, 1], 0, 13, 1, -1)
(318, 611, 'or', [0, 1], 0, 11, 1, -1)
(318, 611, 'or', [0, 1], 0, 13, 1, -1)
(316, 532, 'parity', [0], 2, 11, 1, 1)
(316, 532, 'parity', [0], 2, 13, 1, 1)
(316, 532, 'or', [0], 2, 11, 1, 1)
(316, 532, 'or', [0], 2, 13, 1, 1)
(316, 538, 'parity', [0], 2, 11, 1, 1)
(316, 538, 'parity', [0], 2, 13, 1, 1)
(316, 538, 'or', [0], 2, 11, 1, 1)
(316, 538, 'or', [0], 2, 13, 1, 1)
(316, 567, 'parity', [0, 1], 0, 11, 4, 3)
(316, 567, 'parity', [0, 1], 0, 13, 5, 3)
(316, 567, 'or', [0, 1], 0, 11, 4, 3)
(316, 567, 'or', [0, 1], 0, 13, 5, 3)
(316, 568, 'parity', [0, 1], 0, 11, 4, 3)
(316, 568, 'parity', [0, 1], 0, 13, 5, 3)
(316, 568, 'or', [0, 1], 0, 11, 4, 3)
(316, 568, 'or', [0, 1], 0, 13, 5, 3)
(316, 569, 'parity', [0], 2, 11, 1, -1)
(316, 569, 'parity', [0], 2, 13, 1, -1)
(316, 569, 'parity', [0, 1], 0, 11, 4, 3)
(316, 569, 'parity', [0, 1], 0, 13, 5, 3)
(316, 569, 'or', [0], 2, 11, 1, -1)
(316, 569, 'or', [0], 2, 13, 1, -1)
(316, 569, 'or', [0, 1], 0, 11, 4, 3)
(316, 569, 'or', [0, 1], 0, 13, 5, 3)
(316, 570, 'parity', [0, 1], 0, 11, 4, 3)
(316, 570, 'parity', [0, 1], 0, 13, 5, 3)
(316, 570, 'or', [0, 1], 0, 11, 4, 3)
(316, 570, 'or', [0, 1], 0, 13, 5, 3)
(316, 571, 'parity', [0, 1], 0, 11, 4, 3)
(316, 571, 'parity', [0, 1], 0, 13, 5, 3)
(316, 571, 'or', [0, 1], 0, 11, 4, 3)
(316, 571, 'or', [0, 1], 0, 13, 5, 3)
(316, 572, 'parity', [0, 1], 0, 11, 4, 3)
(316, 572, 'parity', [0, 1], 0, 13, 5, 3)
(316, 572, 'or', [0, 1], 0, 11, 4, 3)
(316, 572, 'or', [0, 1], 0, 13, 5, 3)
(316, 573, 'parity', [0, 1], 0, 11, 4, 3)
(316, 573, 'parity', [0, 1], 0, 13, 5, 3)
(316, 573, 'or', [0, 1], 0, 11, 4, 3)
(316, 573, 'or', [0, 1], 0, 13, 5, 3)
(316, 574, 'parity', [0, 1], 0, 11, 4, 3)
(316, 574, 'parity', [0, 1], 0, 13, 5, 3)
(316, 574, 'or', [0, 1], 0, 11, 4, 3)
(316, 574, 'or', [0, 1], 0, 13, 5, 3)
(316, 575, 'parity', [0], 2, 11, 1, -1)
(316, 575, 'parity', [0], 2, 13, 1, -1)
(316, 575, 'parity', [0, 1], 0, 11, 4, 3)
(316, 575, 'parity', [0, 1], 0, 13, 5, 3)
(316, 575, 'or', [0], 2, 11, 1, -1)
(316, 575, 'or', [0], 2, 13, 1, -1)
(316, 575, 'or', [0, 1], 0, 11, 4, 3)
(316, 575, 'or', [0, 1], 0, 13, 5, 3)
(316, 603, 'parity', [0, 1], 0, 11, 1, -1)
(316, 603, 'parity', [0, 1], 0, 13, 1, -1)
(316, 603, 'or', [0, 1], 0, 11, 1, -1)
(316, 603, 'or', [0, 1], 0, 13, 1, -1)
(316, 604, 'parity', [0, 1], 0, 11, 1, -1)
(316, 604, 'parity', [0, 1], 0, 13, 1, -1)
(316, 604, 'or', [0, 1], 0, 11, 1, -1)
(316, 604, 'or', [0, 1], 0, 13, 1, -1)
(316, 605, 'parity', [0, 1], 0, 11, 1, -1)
(316, 605, 'parity', [0, 1], 0, 13, 1, -1)
(316, 605, 'or', [0, 1], 0, 11, 1, -1)
(316, 605, 'or', [0, 1], 0, 13, 1, -1)
(316, 606, 'parity', [0, 1], 0, 11, 1, -1)
(316, 606, 'parity', [0, 1], 0, 13, 1, -1)
(316, 606, 'or', [0, 1], 0, 11, 1, -1)
(316, 606, 'or', [0, 1], 0, 13, 1, -1)
(316, 607, 'parity', [0, 1], 0, 11, 1, -1)
(316, 607, 'parity', [0, 1], 0, 13, 1, -1)
(316, 607, 'or', [0, 1], 0, 11, 1, -1)
(316, 607, 'or', [0, 1], 0, 13, 1, -1)
(316, 608, 'parity', [0, 1], 0, 11, 1, -1)
(316, 608, 'parity', [0, 1], 0, 13, 1, -1)
(316, 608, 'or', [0, 1], 0, 11, 1, -1)
(316, 608, 'or', [0, 1], 0, 13, 1, -1)
(316, 609, 'parity', [0, 1], 0, 11, 1, -1)
(316, 609, 'parity', [0, 1], 0, 13, 1, -1)
(316, 609, 'or', [0, 1], 0, 11, 1, -1)
(316, 609, 'or', [0, 1], 0, 13, 1, -1)
(316, 610, 'parity', [0, 1], 0, 11, 1, -1)
(316, 610, 'parity', [0, 1], 0, 13, 1, -1)
(316, 610, 'or', [0, 1], 0, 11, 1, -1)
(316, 610, 'or', [0, 1], 0, 13, 1, -1)
(316, 611, 'parity', [0, 1], 0, 11, 1, -1)
(316, 611, 'parity', [0, 1], 0, 13, 1, -1)
(316, 611, 'or', [0, 1], 0, 11, 1, -1)
(316, 611, 'or', [0, 1], 0, 13, 1, -1)
(316, 641, 'parity', [0], 2, 11, 1, 1)
(316, 641, 'parity', [0], 2, 13, 1, 1)
(316, 641, 'parity', [1], 1, 11, 1, 1)
(316, 641, 'parity', [1], 1, 13, 1, 1)
(316, 641, 'or', [0], 2, 11, 1, 1)
(316, 641, 'or', [0], 2, 13, 1, 1)
(316, 641, 'or', [1], 1, 11, 1, 1)
(316, 641, 'or', [1], 1, 13, 1, 1)
(316, 647, 'parity', [0], 2, 11, 1, 1)
(316, 647, 'parity', [0], 2, 13, 1, 1)
(316, 647, 'parity', [1], 1, 11, 1, 1)
(316, 647, 'parity', [1], 1, 13, 1, 1)
(316, 647, 'or', [0], 2, 11, 1, 1)
(316, 647, 'or', [0], 2, 13, 1, 1)
(316, 647, 'or', [1], 1, 11, 1, 1)
(316, 647, 'or', [1], 1, 13, 1, 1)
(316, 677, 'parity', [0], 2, 11, 1, -1)
(316, 677, 'parity', [0], 2, 13, 1, -1)
(316, 677, 'parity', [1], 1, 11, 1, 1)
(316, 677, 'parity', [1], 1, 13, 1, 1)
(316, 677, 'or', [0], 2, 11, 1, -1)
(316, 677, 'or', [0], 2, 13, 1, -1)
(316, 677, 'or', [1], 1, 11, 1, 1)
(316, 677, 'or', [1], 1, 13, 1, 1)
(316, 680, 'parity', [0], 2, 11, 1, -1)
(316, 680, 'parity', [0], 2, 13, 1, -1)
(316, 680, 'or', [0], 2, 11, 1, -1)
(316, 680, 'or', [0], 2, 13, 1, -1)
(316, 683, 'parity', [1], 1, 11, 1, 1)
(316, 683, 'parity', [1], 1, 13, 1, 1)
(316, 683, 'or', [1], 1, 11, 1, 1)
(316, 683, 'or', [1], 1, 13, 1, 1)
(319, 320, 'parity', [0], 2, 11, 1, 1)
(319, 320, 'parity', [0], 2, 13, 1, 1)
(319, 320, 'or', [0], 2, 11, 1, 1)
(319, 320, 'or', [0], 2, 13, 1, 1)
(319, 353, 'parity', [0], 2, 11, 1, -1)
(319, 353, 'parity', [0], 2, 13, 1, -1)
(319, 353, 'or', [0], 2, 11, 1, -1)
(319, 353, 'or', [0], 2, 13, 1, -1)
(319, 359, 'parity', [0], 2, 11, 1, -1)
(319, 359, 'parity', [0], 2, 13, 1, -1)
(319, 359, 'or', [0], 2, 11, 1, -1)
(319, 359, 'or', [0], 2, 13, 1, -1)
(319, 387, 'parity', [0, 1], 0, 11, 1, 1)
(319, 387, 'parity', [0, 1], 0, 13, 1, 1)
(319, 387, 'or', [0, 1], 0, 11, 1, 1)
(319, 387, 'or', [0, 1], 0, 13, 1, 1)
(319, 388, 'parity', [0, 1], 0, 11, 1, 1)
(319, 388, 'parity', [0, 1], 0, 13, 1, 1)
(319, 388, 'or', [0, 1], 0, 11, 1, 1)
(319, 388, 'or', [0, 1], 0, 13, 1, 1)
(319, 389, 'parity', [0, 1], 0, 11, 1, 1)
(319, 389, 'parity', [0, 1], 0, 13, 1, 1)
(319, 389, 'or', [0, 1], 0, 11, 1, 1)
(319, 389, 'or', [0, 1], 0, 13, 1, 1)
(319, 390, 'parity', [0, 1], 0, 11, 1, 1)
(319, 390, 'parity', [0, 1], 0, 13, 1, 1)
(319, 390, 'or', [0, 1], 0, 11, 1, 1)
(319, 390, 'or', [0, 1], 0, 13, 1, 1)
(319, 391, 'parity', [0, 1], 0, 11, 1, 1)
(319, 391, 'parity', [0, 1], 0, 13, 1, 1)
(319, 391, 'or', [0, 1], 0, 11, 1, 1)
(319, 391, 'or', [0, 1], 0, 13, 1, 1)
(319, 392, 'parity', [0, 1], 0, 11, 1, 1)
(319, 392, 'parity', [0, 1], 0, 13, 1, 1)
(319, 392, 'or', [0, 1], 0, 11, 1, 1)
(319, 392, 'or', [0, 1], 0, 13, 1, 1)
(319, 393, 'parity', [0, 1], 0, 11, 1, 1)
(319, 393, 'parity', [0, 1], 0, 13, 1, 1)
(319, 393, 'or', [0, 1], 0, 11, 1, 1)
(319, 393, 'or', [0, 1], 0, 13, 1, 1)
(319, 394, 'parity', [0, 1], 0, 11, 1, 1)
(319, 394, 'parity', [0, 1], 0, 13, 1, 1)
(319, 394, 'or', [0, 1], 0, 11, 1, 1)
(319, 394, 'or', [0, 1], 0, 13, 1, 1)
(319, 395, 'parity', [0, 1], 0, 11, 1, 1)
(319, 395, 'parity', [0, 1], 0, 13, 1, 1)
(319, 395, 'or', [0, 1], 0, 11, 1, 1)
(319, 395, 'or', [0, 1], 0, 13, 1, 1)
(319, 423, 'parity', [0, 1], 0, 11, 4, -3)
(319, 423, 'parity', [0, 1], 0, 13, 5, -3)
(319, 423, 'or', [0, 1], 0, 11, 4, -3)
(319, 423, 'or', [0, 1], 0, 13, 5, -3)
(319, 424, 'parity', [0, 1], 0, 11, 4, -3)
(319, 424, 'parity', [0, 1], 0, 13, 5, -3)
(319, 424, 'or', [0, 1], 0, 11, 4, -3)
(319, 424, 'or', [0, 1], 0, 13, 5, -3)
(319, 425, 'parity', [0], 2, 11, 1, 1)
(319, 425, 'parity', [0], 2, 13, 1, 1)
(319, 425, 'parity', [0, 1], 0, 11, 4, -3)
(319, 425, 'parity', [0, 1], 0, 13, 5, -3)
(319, 425, 'or', [0], 2, 11, 1, 1)
(319, 425, 'or', [0], 2, 13, 1, 1)
(319, 425, 'or', [0, 1], 0, 11, 4, -3)
(319, 425, 'or', [0, 1], 0, 13, 5, -3)
(319, 426, 'parity', [0, 1], 0, 11, 4, -3)
(319, 426, 'parity', [0, 1], 0, 13, 5, -3)
(319, 426, 'or', [0, 1], 0, 11, 4, -3)
(319, 426, 'or', [0, 1], 0, 13, 5, -3)
(319, 427, 'parity', [0, 1], 0, 11, 4, -3)
(319, 427, 'parity', [0, 1], 0, 13, 5, -3)
(319, 427, 'or', [0, 1], 0, 11, 4, -3)
(319, 427, 'or', [0, 1], 0, 13, 5, -3)
(319, 428, 'parity', [0, 1], 0, 11, 4, -3)
(319, 428, 'parity', [0, 1], 0, 13, 5, -3)
(319, 428, 'or', [0, 1], 0, 11, 4, -3)
(319, 428, 'or', [0, 1], 0, 13, 5, -3)
(319, 429, 'parity', [0, 1], 0, 11, 4, -3)
(319, 429, 'parity', [0, 1], 0, 13, 5, -3)
(319, 429, 'or', [0, 1], 0, 11, 4, -3)
(319, 429, 'or', [0, 1], 0, 13, 5, -3)
(319, 430, 'parity', [0, 1], 0, 11, 4, -3)
(319, 430, 'parity', [0, 1], 0, 13, 5, -3)
(319, 430, 'or', [0, 1], 0, 11, 4, -3)
(319, 430, 'or', [0, 1], 0, 13, 5, -3)
(319, 431, 'parity', [0], 2, 11, 1, 1)
(319, 431, 'parity', [0], 2, 13, 1, 1)
(319, 431, 'parity', [0, 1], 0, 11, 4, -3)
(319, 431, 'parity', [0, 1], 0, 13, 5, -3)
(319, 431, 'or', [0], 2, 11, 1, 1)
(319, 431, 'or', [0], 2, 13, 1, 1)
(319, 431, 'or', [0, 1], 0, 11, 4, -3)
(319, 431, 'or', [0, 1], 0, 13, 5, -3)
(319, 460, 'parity', [0], 2, 11, 1, -1)
(319, 460, 'parity', [0], 2, 13, 1, -1)
(319, 460, 'or', [0], 2, 11, 1, -1)
(319, 460, 'or', [0], 2, 13, 1, -1)
(319, 466, 'parity', [0], 2, 11, 1, -1)
(319, 466, 'parity', [0], 2, 13, 1, -1)
(319, 466, 'or', [0], 2, 11, 1, -1)
(319, 466, 'or', [0], 2, 13, 1, -1)
(319, 532, 'parity', [0], 2, 11, 1, 1)
(319, 532, 'parity', [0], 2, 13, 1, 1)
(319, 532, 'or', [0], 2, 11, 1, 1)
(319, 532, 'or', [0], 2, 13, 1, 1)
(319, 538, 'parity', [0], 2, 11, 1, 1)
(319, 538, 'parity', [0], 2, 13, 1, 1)
(319, 538, 'or', [0], 2, 11, 1, 1)
(319, 538, 'or', [0], 2, 13, 1, 1)
(319, 567, 'parity', [0, 1], 0, 11, 4, 3)
(319, 567, 'parity', [0, 1], 0, 13, 5, 3)
(319, 567, 'or', [0, 1], 0, 11, 4, 3)
(319, 567, 'or', [0, 1], 0, 13, 5, 3)
(319, 568, 'parity', [0, 1], 0, 11, 4, 3)
(319, 568, 'parity', [0, 1], 0, 13, 5, 3)
(319, 568, 'or', [0, 1], 0, 11, 4, 3)
(319, 568, 'or', [0, 1], 0, 13, 5, 3)
(319, 569, 'parity', [0], 2, 11, 1, -1)
(319, 569, 'parity', [0], 2, 13, 1, -1)
(319, 569, 'parity', [0, 1], 0, 11, 4, 3)
(319, 569, 'parity', [0, 1], 0, 13, 5, 3)
(319, 569, 'or', [0], 2, 11, 1, -1)
(319, 569, 'or', [0], 2, 13, 1, -1)
(319, 569, 'or', [0, 1], 0, 11, 4, 3)
(319, 569, 'or', [0, 1], 0, 13, 5, 3)
(319, 570, 'parity', [0, 1], 0, 11, 4, 3)
(319, 570, 'parity', [0, 1], 0, 13, 5, 3)
(319, 570, 'or', [0, 1], 0, 11, 4, 3)
(319, 570, 'or', [0, 1], 0, 13, 5, 3)
(319, 571, 'parity', [0, 1], 0, 11, 4, 3)
(319, 571, 'parity', [0, 1], 0, 13, 5, 3)
(319, 571, 'or', [0, 1], 0, 11, 4, 3)
(319, 571, 'or', [0, 1], 0, 13, 5, 3)
(319, 572, 'parity', [0, 1], 0, 11, 4, 3)
(319, 572, 'parity', [0, 1], 0, 13, 5, 3)
(319, 572, 'or', [0, 1], 0, 11, 4, 3)
(319, 572, 'or', [0, 1], 0, 13, 5, 3)
(319, 573, 'parity', [0, 1], 0, 11, 4, 3)
(319, 573, 'parity', [0, 1], 0, 13, 5, 3)
(319, 573, 'or', [0, 1], 0, 11, 4, 3)
(319, 573, 'or', [0, 1], 0, 13, 5, 3)
(319, 574, 'parity', [0, 1], 0, 11, 4, 3)
(319, 574, 'parity', [0, 1], 0, 13, 5, 3)
(319, 574, 'or', [0, 1], 0, 11, 4, 3)
(319, 574, 'or', [0, 1], 0, 13, 5, 3)
(319, 575, 'parity', [0], 2, 11, 1, -1)
(319, 575, 'parity', [0], 2, 13, 1, -1)
(319, 575, 'parity', [0, 1], 0, 11, 4, 3)
(319, 575, 'parity', [0, 1], 0, 13, 5, 3)
(319, 575, 'or', [0], 2, 11, 1, -1)
(319, 575, 'or', [0], 2, 13, 1, -1)
(319, 575, 'or', [0, 1], 0, 11, 4, 3)
(319, 575, 'or', [0, 1], 0, 13, 5, 3)
(319, 603, 'parity', [0, 1], 0, 11, 1, -1)
(319, 603, 'parity', [0, 1], 0, 13, 1, -1)
(319, 603, 'or', [0, 1], 0, 11, 1, -1)
(319, 603, 'or', [0, 1], 0, 13, 1, -1)
(319, 604, 'parity', [0, 1], 0, 11, 1, -1)
(319, 604, 'parity', [0, 1], 0, 13, 1, -1)
(319, 604, 'or', [0, 1], 0, 11, 1, -1)
(319, 604, 'or', [0, 1], 0, 13, 1, -1)
(319, 605, 'parity', [0, 1], 0, 11, 1, -1)
(319, 605, 'parity', [0, 1], 0, 13, 1, -1)
(319, 605, 'or', [0, 1], 0, 11, 1, -1)
(319, 605, 'or', [0, 1], 0, 13, 1, -1)
(319, 606, 'parity', [0, 1], 0, 11, 1, -1)
(319, 606, 'parity', [0, 1], 0, 13, 1, -1)
(319, 606, 'or', [0, 1], 0, 11, 1, -1)
(319, 606, 'or', [0, 1], 0, 13, 1, -1)
(319, 607, 'parity', [0, 1], 0, 11, 1, -1)
(319, 607, 'parity', [0, 1], 0, 13, 1, -1)
(319, 607, 'or', [0, 1], 0, 11, 1, -1)
(319, 607, 'or', [0, 1], 0, 13, 1, -1)
(319, 608, 'parity', [0, 1], 0, 11, 1, -1)
(319, 608, 'parity', [0, 1], 0, 13, 1, -1)
(319, 608, 'or', [0, 1], 0, 11, 1, -1)
(319, 608, 'or', [0, 1], 0, 13, 1, -1)
(319, 609, 'parity', [0, 1], 0, 11, 1, -1)
(319, 609, 'parity', [0, 1], 0, 13, 1, -1)
(319, 609, 'or', [0, 1], 0, 11, 1, -1)
(319, 609, 'or', [0, 1], 0, 13, 1, -1)
(319, 610, 'parity', [0, 1], 0, 11, 1, -1)
(319, 610, 'parity', [0, 1], 0, 13, 1, -1)
(319, 610, 'or', [0, 1], 0, 11, 1, -1)
(319, 610, 'or', [0, 1], 0, 13, 1, -1)
(319, 611, 'parity', [0, 1], 0, 11, 1, -1)
(319, 611, 'parity', [0, 1], 0, 13, 1, -1)
(319, 611, 'or', [0, 1], 0, 11, 1, -1)
(319, 611, 'or', [0, 1], 0, 13, 1, -1)
(319, 641, 'parity', [0], 2, 11, 1, 1)
(319, 641, 'parity', [0], 2, 13, 1, 1)
(319, 641, 'or', [0], 2, 11, 1, 1)
(319, 641, 'or', [0], 2, 13, 1, 1)
(319, 647, 'parity', [0], 2, 11, 1, 1)
(319, 647, 'parity', [0], 2, 13, 1, 1)
(319, 647, 'or', [0], 2, 11, 1, 1)
(319, 647, 'or', [0], 2, 13, 1, 1)
(319, 680, 'parity', [0], 2, 11, 1, -1)
(319, 680, 'parity', [0], 2, 13, 1, -1)
(319, 680, 'or', [0], 2, 11, 1, -1)
(319, 680, 'or', [0], 2, 13, 1, -1)
(320, 387, 'parity', [0, 1], 0, 11, 1, 1)
(320, 387, 'parity', [0, 1], 0, 13, 1, 1)
(320, 387, 'or', [0, 1], 0, 11, 1, 1)
(320, 387, 'or', [0, 1], 0, 13, 1, 1)
(320, 388, 'parity', [0, 1], 0, 11, 1, 1)
(320, 388, 'parity', [0, 1], 0, 13, 1, 1)
(320, 388, 'or', [0, 1], 0, 11, 1, 1)
(320, 388, 'or', [0, 1], 0, 13, 1, 1)
(320, 389, 'parity', [0, 1], 0, 11, 1, 1)
(320, 389, 'parity', [0, 1], 0, 13, 1, 1)
(320, 389, 'or', [0, 1], 0, 11, 1, 1)
(320, 389, 'or', [0, 1], 0, 13, 1, 1)
(320, 390, 'parity', [0, 1], 0, 11, 1, 1)
(320, 390, 'parity', [0, 1], 0, 13, 1, 1)
(320, 390, 'or', [0, 1], 0, 11, 1, 1)
(320, 390, 'or', [0, 1], 0, 13, 1, 1)
(320, 391, 'parity', [0, 1], 0, 11, 1, 1)
(320, 391, 'parity', [0, 1], 0, 13, 1, 1)
(320, 391, 'or', [0, 1], 0, 11, 1, 1)
(320, 391, 'or', [0, 1], 0, 13, 1, 1)
(320, 392, 'parity', [0, 1], 0, 11, 1, 1)
(320, 392, 'parity', [0, 1], 0, 13, 1, 1)
(320, 392, 'or', [0, 1], 0, 11, 1, 1)
(320, 392, 'or', [0, 1], 0, 13, 1, 1)
(320, 393, 'parity', [0, 1], 0, 11, 1, 1)
(320, 393, 'parity', [0, 1], 0, 13, 1, 1)
(320, 393, 'or', [0, 1], 0, 11, 1, 1)
(320, 393, 'or', [0, 1], 0, 13, 1, 1)
(320, 394, 'parity', [0, 1], 0, 11, 1, 1)
(320, 394, 'parity', [0, 1], 0, 13, 1, 1)
(320, 394, 'or', [0, 1], 0, 11, 1, 1)
(320, 394, 'or', [0, 1], 0, 13, 1, 1)
(320, 395, 'parity', [0, 1], 0, 11, 1, 1)
(320, 395, 'parity', [0, 1], 0, 13, 1, 1)
(320, 395, 'or', [0, 1], 0, 11, 1, 1)
(320, 395, 'or', [0, 1], 0, 13, 1, 1)
(320, 423, 'parity', [0, 1], 0, 11, 4, -3)
(320, 423, 'parity', [0, 1], 0, 13, 5, -3)
(320, 423, 'or', [0, 1], 0, 11, 4, -3)
(320, 423, 'or', [0, 1], 0, 13, 5, -3)
(320, 424, 'parity', [0, 1], 0, 11, 4, -3)
(320, 424, 'parity', [0, 1], 0, 13, 5, -3)
(320, 424, 'or', [0, 1], 0, 11, 4, -3)
(320, 424, 'or', [0, 1], 0, 13, 5, -3)
(320, 425, 'parity', [0, 1], 0, 11, 4, -3)
(320, 425, 'parity', [0, 1], 0, 13, 5, -3)
(320, 425, 'or', [0, 1], 0, 11, 4, -3)
(320, 425, 'or', [0, 1], 0, 13, 5, -3)
(320, 426, 'parity', [0, 1], 0, 11, 4, -3)
(320, 426, 'parity', [0, 1], 0, 13, 5, -3)
(320, 426, 'or', [0, 1], 0, 11, 4, -3)
(320, 426, 'or', [0, 1], 0, 13, 5, -3)
(320, 427, 'parity', [0, 1], 0, 11, 4, -3)
(320, 427, 'parity', [0, 1], 0, 13, 5, -3)
(320, 427, 'or', [0, 1], 0, 11, 4, -3)
(320, 427, 'or', [0, 1], 0, 13, 5, -3)
(320, 428, 'parity', [0, 1], 0, 11, 4, -3)
(320, 428, 'parity', [0, 1], 0, 13, 5, -3)
(320, 428, 'or', [0, 1], 0, 11, 4, -3)
(320, 428, 'or', [0, 1], 0, 13, 5, -3)
(320, 429, 'parity', [0, 1], 0, 11, 4, -3)
(320, 429, 'parity', [0, 1], 0, 13, 5, -3)
(320, 429, 'or', [0, 1], 0, 11, 4, -3)
(320, 429, 'or', [0, 1], 0, 13, 5, -3)
(320, 430, 'parity', [0, 1], 0, 11, 4, -3)
(320, 430, 'parity', [0, 1], 0, 13, 5, -3)
(320, 430, 'or', [0, 1], 0, 11, 4, -3)
(320, 430, 'or', [0, 1], 0, 13, 5, -3)
(320, 431, 'parity', [0, 1], 0, 11, 4, -3)
(320, 431, 'parity', [0, 1], 0, 13, 5, -3)
(320, 431, 'or', [0, 1], 0, 11, 4, -3)
(320, 431, 'or', [0, 1], 0, 13, 5, -3)
(321, 429, 'parity', [0, 1], 0, 11, 4, -3)
(321, 429, 'parity', [0, 1], 0, 13, 5, -3)
(321, 429, 'or', [0, 1], 0, 11, 4, -3)
(321, 429, 'or', [0, 1], 0, 13, 5, -3)
(321, 430, 'parity', [0, 1], 0, 11, 4, -3)
(321, 430, 'parity', [0, 1], 0, 13, 5, -3)
(321, 430, 'or', [0, 1], 0, 11, 4, -3)
(321, 430, 'or', [0, 1], 0, 13, 5, -3)
(321, 431, 'parity', [0, 1], 0, 11, 4, -3)
(321, 431, 'parity', [0, 1], 0, 13, 5, -3)
(321, 431, 'or', [0, 1], 0, 11, 4, -3)
(321, 431, 'or', [0, 1], 0, 13, 5, -3)
(321, 567, 'parity', [0, 1], 0, 11, 4, 3)
(321, 567, 'parity', [0, 1], 0, 13, 5, 3)
(321, 567, 'or', [0, 1], 0, 11, 4, 3)
(321, 567, 'or', [0, 1], 0, 13, 5, 3)
(321, 568, 'parity', [0, 1], 0, 11, 4, 3)
(321, 568, 'parity', [0, 1], 0, 13, 5, 3)
(321, 568, 'or', [0, 1], 0, 11, 4, 3)
(321, 568, 'or', [0, 1], 0, 13, 5, 3)
(321, 569, 'parity', [0, 1], 0, 11, 4, 3)
(321, 569, 'parity', [0, 1], 0, 13, 5, 3)
(321, 569, 'or', [0, 1], 0, 11, 4, 3)
(321, 569, 'or', [0, 1], 0, 13, 5, 3)
(321, 570, 'parity', [0, 1], 0, 11, 4, 3)
(321, 570, 'parity', [0, 1], 0, 13, 5, 3)
(321, 570, 'or', [0, 1], 0, 11, 4, 3)
(321, 570, 'or', [0, 1], 0, 13, 5, 3)
(321, 571, 'parity', [0, 1], 0, 11, 4, 3)
(321, 571, 'parity', [0, 1], 0, 13, 5, 3)
(321, 571, 'or', [0, 1], 0, 11, 4, 3)
(321, 571, 'or', [0, 1], 0, 13, 5, 3)
(321, 572, 'parity', [0, 1], 0, 11, 4, 3)
(321, 572, 'parity', [0, 1], 0, 13, 5, 3)
(321, 572, 'or', [0, 1], 0, 11, 4, 3)
(321, 572, 'or', [0, 1], 0, 13, 5, 3)
(321, 573, 'parity', [0, 1], 0, 11, 4, 3)
(321, 573, 'parity', [0, 1], 0, 13, 5, 3)
(321, 573, 'or', [0, 1], 0, 11, 4, 3)
(321, 573, 'or', [0, 1], 0, 13, 5, 3)
(321, 574, 'parity', [0, 1], 0, 11, 4, 3)
(321, 574, 'parity', [0, 1], 0, 13, 5, 3)
(321, 574, 'or', [0, 1], 0, 11, 4, 3)
(321, 574, 'or', [0, 1], 0, 13, 5, 3)
(321, 575, 'parity', [0, 1], 0, 11, 4, 3)
(321, 575, 'parity', [0, 1], 0, 13, 5, 3)
(321, 575, 'or', [0, 1], 0, 11, 4, 3)
(321, 575, 'or', [0, 1], 0, 13, 5, 3)
(321, 603, 'parity', [0, 1], 0, 11, 1, -1)
(321, 603, 'parity', [0, 1], 0, 13, 1, -1)
(321, 603, 'or', [0, 1], 0, 11, 1, -1)
(321, 603, 'or', [0, 1], 0, 13, 1, -1)
(321, 604, 'parity', [0, 1], 0, 11, 1, -1)
(321, 604, 'parity', [0, 1], 0, 13, 1, -1)
(321, 604, 'or', [0, 1], 0, 11, 1, -1)
(321, 604, 'or', [0, 1], 0, 13, 1, -1)
(321, 605, 'parity', [0, 1], 0, 11, 1, -1)
(321, 605, 'parity', [0, 1], 0, 13, 1, -1)
(321, 605, 'or', [0, 1], 0, 11, 1, -1)
(321, 605, 'or', [0, 1], 0, 13, 1, -1)
(321, 606, 'parity', [0, 1], 0, 11, 1, -1)
(321, 606, 'parity', [0, 1], 0, 13, 1, -1)
(321, 606, 'or', [0, 1], 0, 11, 1, -1)
(321, 606, 'or', [0, 1], 0, 13, 1, -1)
(321, 607, 'parity', [0, 1], 0, 11, 1, -1)
(321, 607, 'parity', [0, 1], 0, 13, 1, -1)
(321, 607, 'or', [0, 1], 0, 11, 1, -1)
(321, 607, 'or', [0, 1], 0, 13, 1, -1)
(321, 608, 'parity', [0, 1], 0, 11, 1, -1)
(321, 608, 'parity', [0, 1], 0, 13, 1, -1)
(321, 608, 'or', [0, 1], 0, 11, 1, -1)
(321, 608, 'or', [0, 1], 0, 13, 1, -1)
(321, 609, 'parity', [0, 1], 0, 11, 1, -1)
(321, 609, 'parity', [0, 1], 0, 13, 1, -1)
(321, 609, 'or', [0, 1], 0, 11, 1, -1)
(321, 609, 'or', [0, 1], 0, 13, 1, -1)
(321, 610, 'parity', [0, 1], 0, 11, 1, -1)
(321, 610, 'parity', [0, 1], 0, 13, 1, -1)
(321, 610, 'or', [0, 1], 0, 11, 1, -1)
(321, 610, 'or', [0, 1], 0, 13, 1, -1)
(321, 611, 'parity', [0, 1], 0, 11, 1, -1)
(321, 611, 'parity', [0, 1], 0, 13, 1, -1)
(321, 611, 'or', [0, 1], 0, 11, 1, -1)
(321, 611, 'or', [0, 1], 0, 13, 1, -1)
(320, 567, 'parity', [0, 1], 0, 11, 4, 3)
(320, 567, 'parity', [0, 1], 0, 13, 5, 3)
(320, 567, 'or', [0, 1], 0, 11, 4, 3)
(320, 567, 'or', [0, 1], 0, 13, 5, 3)
(320, 568, 'parity', [0, 1], 0, 11, 4, 3)
(320, 568, 'parity', [0, 1], 0, 13, 5, 3)
(320, 568, 'or', [0, 1], 0, 11, 4, 3)
(320, 568, 'or', [0, 1], 0, 13, 5, 3)
(320, 569, 'parity', [0, 1], 0, 11, 4, 3)
(320, 569, 'parity', [0, 1], 0, 13, 5, 3)
(320, 569, 'or', [0, 1], 0, 11, 4, 3)
(320, 569, 'or', [0, 1], 0, 13, 5, 3)
(320, 570, 'parity', [0, 1], 0, 11, 4, 3)
(320, 570, 'parity', [0, 1], 0, 13, 5, 3)
(320, 570, 'or', [0, 1], 0, 11, 4, 3)
(320, 570, 'or', [0, 1], 0, 13, 5, 3)
(320, 571, 'parity', [0, 1], 0, 11, 4, 3)
(320, 571, 'parity', [0, 1], 0, 13, 5, 3)
(320, 571, 'or', [0, 1], 0, 11, 4, 3)
(320, 571, 'or', [0, 1], 0, 13, 5, 3)
(320, 572, 'parity', [0, 1], 0, 11, 4, 3)
(320, 572, 'parity', [0, 1], 0, 13, 5, 3)
(320, 572, 'or', [0, 1], 0, 11, 4, 3)
(320, 572, 'or', [0, 1], 0, 13, 5, 3)
(320, 573, 'parity', [0, 1], 0, 11, 4, 3)
(320, 573, 'parity', [0, 1], 0, 13, 5, 3)
(320, 573, 'or', [0, 1], 0, 11, 4, 3)
(320, 573, 'or', [0, 1], 0, 13, 5, 3)
(320, 574, 'parity', [0, 1], 0, 11, 4, 3)
(320, 574, 'parity', [0, 1], 0, 13, 5, 3)
(320, 574, 'or', [0, 1], 0, 11, 4, 3)
(320, 574, 'or', [0, 1], 0, 13, 5, 3)
(320, 575, 'parity', [0, 1], 0, 11, 4, 3)
(320, 575, 'parity', [0, 1], 0, 13, 5, 3)
(320, 575, 'or', [0, 1], 0, 11, 4, 3)
(320, 575, 'or', [0, 1], 0, 13, 5, 3)
(320, 603, 'parity', [0, 1], 0, 11, 1, -1)
(320, 603, 'parity', [0, 1], 0, 13, 1, -1)
(320, 603, 'or', [0, 1], 0, 11, 1, -1)
(320, 603, 'or', [0, 1], 0, 13, 1, -1)
(320, 604, 'parity', [0, 1], 0, 11, 1, -1)
(320, 604, 'parity', [0, 1], 0, 13, 1, -1)
(320, 604, 'or', [0, 1], 0, 11, 1, -1)
(320, 604, 'or', [0, 1], 0, 13, 1, -1)
(320, 605, 'parity', [0, 1], 0, 11, 1, -1)
(320, 605, 'parity', [0, 1], 0, 13, 1, -1)
(320, 605, 'or', [0, 1], 0, 11, 1, -1)
(320, 605, 'or', [0, 1], 0, 13, 1, -1)
(320, 606, 'parity', [0, 1], 0, 11, 1, -1)
(320, 606, 'parity', [0, 1], 0, 13, 1, -1)
(320, 606, 'or', [0, 1], 0, 11, 1, -1)
(320, 606, 'or', [0, 1], 0, 13, 1, -1)
(320, 607, 'parity', [0, 1], 0, 11, 1, -1)
(320, 607, 'parity', [0, 1], 0, 13, 1, -1)
(320, 607, 'or', [0, 1], 0, 11, 1, -1)
(320, 607, 'or', [0, 1], 0, 13, 1, -1)
(320, 608, 'parity', [0, 1], 0, 11, 1, -1)
(320, 608, 'parity', [0, 1], 0, 13, 1, -1)
(320, 608, 'or', [0, 1], 0, 11, 1, -1)
(320, 608, 'or', [0, 1], 0, 13, 1, -1)
(320, 609, 'parity', [0, 1], 0, 11, 1, -1)
(320, 609, 'parity', [0, 1], 0, 13, 1, -1)
(320, 609, 'or', [0, 1], 0, 11, 1, -1)
(320, 609, 'or', [0, 1], 0, 13, 1, -1)
(320, 610, 'parity', [0, 1], 0, 11, 1, -1)
(320, 610, 'parity', [0, 1], 0, 13, 1, -1)
(320, 610, 'or', [0, 1], 0, 11, 1, -1)
(320, 610, 'or', [0, 1], 0, 13, 1, -1)
(320, 611, 'parity', [0, 1], 0, 11, 1, -1)
(320, 611, 'parity', [0, 1], 0, 13, 1, -1)
(320, 611, 'or', [0, 1], 0, 11, 1, -1)
(320, 611, 'or', [0, 1], 0, 13, 1, -1)
(321, 387, 'parity', [0, 1], 0, 11, 1, 1)
(321, 387, 'parity', [0, 1], 0, 13, 1, 1)
(321, 387, 'or', [0, 1], 0, 11, 1, 1)
(321, 387, 'or', [0, 1], 0, 13, 1, 1)
(321, 388, 'parity', [0, 1], 0, 11, 1, 1)
(321, 388, 'parity', [0, 1], 0, 13, 1, 1)
(321, 388, 'or', [0, 1], 0, 11, 1, 1)
(321, 388, 'or', [0, 1], 0, 13, 1, 1)
(321, 389, 'parity', [0, 1], 0, 11, 1, 1)
(321, 389, 'parity', [0, 1], 0, 13, 1, 1)
(321, 389, 'or', [0, 1], 0, 11, 1, 1)
(321, 389, 'or', [0, 1], 0, 13, 1, 1)
(321, 390, 'parity', [0, 1], 0, 11, 1, 1)
(321, 390, 'parity', [0, 1], 0, 13, 1, 1)
(321, 390, 'or', [0, 1], 0, 11, 1, 1)
(321, 390, 'or', [0, 1], 0, 13, 1, 1)
(321, 391, 'parity', [0, 1], 0, 11, 1, 1)
(321, 391, 'parity', [0, 1], 0, 13, 1, 1)
(321, 391, 'or', [0, 1], 0, 11, 1, 1)
(321, 391, 'or', [0, 1], 0, 13, 1, 1)
(321, 392, 'parity', [0, 1], 0, 11, 1, 1)
(321, 392, 'parity', [0, 1], 0, 13, 1, 1)
(321, 392, 'or', [0, 1], 0, 11, 1, 1)
(321, 392, 'or', [0, 1], 0, 13, 1, 1)
(321, 393, 'parity', [0, 1], 0, 11, 1, 1)
(321, 393, 'parity', [0, 1], 0, 13, 1, 1)
(321, 393, 'or', [0, 1], 0, 11, 1, 1)
(321, 393, 'or', [0, 1], 0, 13, 1, 1)
(321, 394, 'parity', [0, 1], 0, 11, 1, 1)
(321, 394, 'parity', [0, 1], 0, 13, 1, 1)
(321, 394, 'or', [0, 1], 0, 11, 1, 1)
(321, 394, 'or', [0, 1], 0, 13, 1, 1)
(321, 395, 'parity', [0, 1], 0, 11, 1, 1)
(321, 395, 'parity', [0, 1], 0, 13, 1, 1)
(321, 395, 'or', [0, 1], 0, 11, 1, 1)
(321, 395, 'or', [0, 1], 0, 13, 1, 1)
(321, 423, 'parity', [0, 1], 0, 11, 4, -3)
(321, 423, 'parity', [0, 1], 0, 13, 5, -3)
(321, 423, 'or', [0, 1], 0, 11, 4, -3)
(321, 423, 'or', [0, 1], 0, 13, 5, -3)
(321, 424, 'parity', [0, 1], 0, 11, 4, -3)
(321, 424, 'parity', [0, 1], 0, 13, 5, -3)
(321, 424, 'or', [0, 1], 0, 11, 4, -3)
(321, 424, 'or', [0, 1], 0, 13, 5, -3)
(321, 425, 'parity', [0, 1], 0, 11, 4, -3)
(321, 425, 'parity', [0, 1], 0, 13, 5, -3)
(321, 425, 'or', [0, 1], 0, 11, 4, -3)
(321, 425, 'or', [0, 1], 0, 13, 5, -3)
(321, 426, 'parity', [0, 1], 0, 11, 4, -3)
(321, 426, 'parity', [0, 1], 0, 13, 5, -3)
(321, 426, 'or', [0, 1], 0, 11, 4, -3)
(321, 426, 'or', [0, 1], 0, 13, 5, -3)
(321, 427, 'parity', [0, 1], 0, 11, 4, -3)
(321, 427, 'parity', [0, 1], 0, 13, 5, -3)
(321, 427, 'or', [0, 1], 0, 11, 4, -3)
(321, 427, 'or', [0, 1], 0, 13, 5, -3)
(321, 428, 'parity', [0, 1], 0, 11, 4, -3)
(321, 428, 'parity', [0, 1], 0, 13, 5, -3)
(321, 428, 'or', [0, 1], 0, 11, 4, -3)
(321, 428, 'or', [0, 1], 0, 13, 5, -3)
(322, 353, 'parity', [1], 1, 11, 1, 1)
(322, 353, 'parity', [1], 1, 13, 1, 1)
(322, 353, 'or', [1], 1, 11, 1, 1)
(322, 353, 'or', [1], 1, 13, 1, 1)
(322, 359, 'parity', [1], 1, 11, 1, 1)
(322, 359, 'parity', [1], 1, 13, 1, 1)
(322, 359, 'or', [1], 1, 11, 1, 1)
(322, 359, 'or', [1], 1, 13, 1, 1)
(322, 387, 'parity', [0, 1], 0, 11, 1, 1)
(322, 387, 'parity', [0, 1], 0, 13, 1, 1)
(322, 387, 'or', [0, 1], 0, 11, 1, 1)
(322, 387, 'or', [0, 1], 0, 13, 1, 1)
(322, 388, 'parity', [0, 1], 0, 11, 1, 1)
(322, 388, 'parity', [0, 1], 0, 13, 1, 1)
(322, 388, 'or', [0, 1], 0, 11, 1, 1)
(322, 388, 'or', [0, 1], 0, 13, 1, 1)
(322, 389, 'parity', [0, 1], 0, 11, 1, 1)
(322, 389, 'parity', [0, 1], 0, 13, 1, 1)
(322, 389, 'or', [0, 1], 0, 11, 1, 1)
(322, 389, 'or', [0, 1], 0, 13, 1, 1)
(322, 390, 'parity', [0, 1], 0, 11, 1, 1)
(322, 390, 'parity', [0, 1], 0, 13, 1, 1)
(322, 390, 'or', [0, 1], 0, 11, 1, 1)
(322, 390, 'or', [0, 1], 0, 13, 1, 1)
(322, 391, 'parity', [0, 1], 0, 11, 1, 1)
(322, 391, 'parity', [0, 1], 0, 13, 1, 1)
(322, 391, 'or', [0, 1], 0, 11, 1, 1)
(322, 391, 'or', [0, 1], 0, 13, 1, 1)
(322, 392, 'parity', [0, 1], 0, 11, 1, 1)
(322, 392, 'parity', [0, 1], 0, 13, 1, 1)
(322, 392, 'or', [0, 1], 0, 11, 1, 1)
(322, 392, 'or', [0, 1], 0, 13, 1, 1)
(322, 393, 'parity', [0, 1], 0, 11, 1, 1)
(322, 393, 'parity', [0, 1], 0, 13, 1, 1)
(322, 393, 'or', [0, 1], 0, 11, 1, 1)
(322, 393, 'or', [0, 1], 0, 13, 1, 1)
(322, 394, 'parity', [0, 1], 0, 11, 1, 1)
(322, 394, 'parity', [0, 1], 0, 13, 1, 1)
(322, 394, 'or', [0, 1], 0, 11, 1, 1)
(322, 394, 'or', [0, 1], 0, 13, 1, 1)
(322, 395, 'parity', [0, 1], 0, 11, 1, 1)
(322, 395, 'parity', [0, 1], 0, 13, 1, 1)
(322, 395, 'or', [0, 1], 0, 11, 1, 1)
(322, 395, 'or', [0, 1], 0, 13, 1, 1)
(322, 423, 'parity', [0, 1], 0, 11, 4, -3)
(322, 423, 'parity', [0, 1], 0, 13, 5, -3)
(322, 423, 'or', [0, 1], 0, 11, 4, -3)
(322, 423, 'or', [0, 1], 0, 13, 5, -3)
(322, 424, 'parity', [0, 1], 0, 11, 4, -3)
(322, 424, 'parity', [0, 1], 0, 13, 5, -3)
(322, 424, 'or', [0, 1], 0, 11, 4, -3)
(322, 424, 'or', [0, 1], 0, 13, 5, -3)
(322, 425, 'parity', [0, 1], 0, 11, 4, -3)
(322, 425, 'parity', [0, 1], 0, 13, 5, -3)
(322, 425, 'or', [0, 1], 0, 11, 4, -3)
(322, 425, 'or', [0, 1], 0, 13, 5, -3)
(322, 426, 'parity', [0, 1], 0, 11, 4, -3)
(322, 426, 'parity', [0, 1], 0, 13, 5, -3)
(322, 426, 'or', [0, 1], 0, 11, 4, -3)
(322, 426, 'or', [0, 1], 0, 13, 5, -3)
(322, 427, 'parity', [0, 1], 0, 11, 4, -3)
(322, 427, 'parity', [0, 1], 0, 13, 5, -3)
(322, 427, 'or', [0, 1], 0, 11, 4, -3)
(322, 427, 'or', [0, 1], 0, 13, 5, -3)
(322, 428, 'parity', [0, 1], 0, 11, 4, -3)
(322, 428, 'parity', [0, 1], 0, 13, 5, -3)
(322, 428, 'or', [0, 1], 0, 11, 4, -3)
(322, 428, 'or', [0, 1], 0, 13, 5, -3)
(322, 429, 'parity', [0, 1], 0, 11, 4, -3)
(322, 429, 'parity', [0, 1], 0, 13, 5, -3)
(322, 429, 'or', [0, 1], 0, 11, 4, -3)
(322, 429, 'or', [0, 1], 0, 13, 5, -3)
(322, 430, 'parity', [0, 1], 0, 11, 4, -3)
(322, 430, 'parity', [0, 1], 0, 13, 5, -3)
(322, 430, 'or', [0, 1], 0, 11, 4, -3)
(322, 430, 'or', [0, 1], 0, 13, 5, -3)
(322, 431, 'parity', [0, 1], 0, 11, 4, -3)
(322, 431, 'parity', [0, 1], 0, 13, 5, -3)
(322, 431, 'or', [0, 1], 0, 11, 4, -3)
(322, 431, 'or', [0, 1], 0, 13, 5, -3)
(322, 567, 'parity', [0, 1], 0, 11, 4, 3)
(322, 567, 'parity', [0, 1], 0, 13, 5, 3)
(322, 567, 'or', [0, 1], 0, 11, 4, 3)
(322, 567, 'or', [0, 1], 0, 13, 5, 3)
(322, 568, 'parity', [0, 1], 0, 11, 4, 3)
(322, 568, 'parity', [0, 1], 0, 13, 5, 3)
(322, 568, 'or', [0, 1], 0, 11, 4, 3)
(322, 568, 'or', [0, 1], 0, 13, 5, 3)
(322, 569, 'parity', [0, 1], 0, 11, 4, 3)
(322, 569, 'parity', [0, 1], 0, 13, 5, 3)
(322, 569, 'or', [0, 1], 0, 11, 4, 3)
(322, 569, 'or', [0, 1], 0, 13, 5, 3)
(322, 570, 'parity', [0, 1], 0, 11, 4, 3)
(322, 570, 'parity', [0, 1], 0, 13, 5, 3)
(322, 570, 'or', [0, 1], 0, 11, 4, 3)
(322, 570, 'or', [0, 1], 0, 13, 5, 3)
(322, 571, 'parity', [0, 1], 0, 11, 4, 3)
(322, 571, 'parity', [0, 1], 0, 13, 5, 3)
(322, 571, 'or', [0, 1], 0, 11, 4, 3)
(322, 571, 'or', [0, 1], 0, 13, 5, 3)
(322, 572, 'parity', [0, 1], 0, 11, 4, 3)
(322, 572, 'parity', [0, 1], 0, 13, 5, 3)
(322, 572, 'or', [0, 1], 0, 11, 4, 3)
(322, 572, 'or', [0, 1], 0, 13, 5, 3)
(322, 573, 'parity', [0, 1], 0, 11, 4, 3)
(322, 573, 'parity', [0, 1], 0, 13, 5, 3)
(322, 573, 'or', [0, 1], 0, 11, 4, 3)
(322, 573, 'or', [0, 1], 0, 13, 5, 3)
(322, 574, 'parity', [0, 1], 0, 11, 4, 3)
(322, 574, 'parity', [0, 1], 0, 13, 5, 3)
(322, 574, 'or', [0, 1], 0, 11, 4, 3)
(322, 574, 'or', [0, 1], 0, 13, 5, 3)
(322, 575, 'parity', [0, 1], 0, 11, 4, 3)
(322, 575, 'parity', [0, 1], 0, 13, 5, 3)
(322, 575, 'or', [0, 1], 0, 11, 4, 3)
(322, 575, 'or', [0, 1], 0, 13, 5, 3)
(322, 603, 'parity', [0, 1], 0, 11, 1, -1)
(322, 603, 'parity', [0, 1], 0, 13, 1, -1)
(322, 603, 'or', [0, 1], 0, 11, 1, -1)
(322, 603, 'or', [0, 1], 0, 13, 1, -1)
(322, 604, 'parity', [0, 1], 0, 11, 1, -1)
(322, 604, 'parity', [0, 1], 0, 13, 1, -1)
(322, 604, 'or', [0, 1], 0, 11, 1, -1)
(322, 604, 'or', [0, 1], 0, 13, 1, -1)
(322, 605, 'parity', [0, 1], 0, 11, 1, -1)
(322, 605, 'parity', [0, 1], 0, 13, 1, -1)
(322, 605, 'or', [0, 1], 0, 11, 1, -1)
(322, 605, 'or', [0, 1], 0, 13, 1, -1)
(322, 606, 'parity', [0, 1], 0, 11, 1, -1)
(322, 606, 'parity', [0, 1], 0, 13, 1, -1)
(322, 606, 'or', [0, 1], 0, 11, 1, -1)
(322, 606, 'or', [0, 1], 0, 13, 1, -1)
(322, 607, 'parity', [0, 1], 0, 11, 1, -1)
(322, 607, 'parity', [0, 1], 0, 13, 1, -1)
(322, 607, 'or', [0, 1], 0, 11, 1, -1)
(322, 607, 'or', [0, 1], 0, 13, 1, -1)
(322, 608, 'parity', [0, 1], 0, 11, 1, -1)
(322, 608, 'parity', [0, 1], 0, 13, 1, -1)
(322, 608, 'or', [0, 1], 0, 11, 1, -1)
(322, 608, 'or', [0, 1], 0, 13, 1, -1)
(322, 609, 'parity', [0, 1], 0, 11, 1, -1)
(322, 609, 'parity', [0, 1], 0, 13, 1, -1)
(322, 609, 'or', [0, 1], 0, 11, 1, -1)
(322, 609, 'or', [0, 1], 0, 13, 1, -1)
(322, 610, 'parity', [0, 1], 0, 11, 1, -1)
(322, 610, 'parity', [0, 1], 0, 13, 1, -1)
(322, 610, 'or', [0, 1], 0, 11, 1, -1)
(322, 610, 'or', [0, 1], 0, 13, 1, -1)
(322, 611, 'parity', [0, 1], 0, 11, 1, -1)
(322, 611, 'parity', [0, 1], 0, 13, 1, -1)
(322, 611, 'or', [0, 1], 0, 11, 1, -1)
(322, 611, 'or', [0, 1], 0, 13, 1, -1)
(322, 641, 'parity', [1], 1, 11, 1, 1)
(322, 641, 'parity', [1], 1, 13, 1, 1)
(322, 641, 'or', [1], 1, 11, 1, 1)
(322, 641, 'or', [1], 1, 13, 1, 1)
(322, 647, 'parity', [1], 1, 11, 1, 1)
(322, 647, 'parity', [1], 1, 13, 1, 1)
(322, 647, 'or', [1], 1, 11, 1, 1)
(322, 647, 'or', [1], 1, 13, 1, 1)
(323, 573, 'parity', [0, 1], 0, 11, 4, 3)
(323, 573, 'parity', [0, 1], 0, 13, 5, 3)
(323, 573, 'or', [0, 1], 0, 11, 4, 3)
(323, 573, 'or', [0, 1], 0, 13, 5, 3)
(323, 574, 'parity', [0, 1], 0, 11, 4, 3)
(323, 574, 'parity', [0, 1], 0, 13, 5, 3)
(323, 574, 'or', [0, 1], 0, 11, 4, 3)
(323, 574, 'or', [0, 1], 0, 13, 5, 3)
(323, 575, 'parity', [0, 1], 0, 11, 4, 3)
(323, 575, 'parity', [0, 1], 0, 13, 5, 3)
(323, 575, 'or', [0, 1], 0, 11, 4, 3)
(323, 575, 'or', [0, 1], 0, 13, 5, 3)
(323, 603, 'parity', [0, 1], 0, 11, 1, -1)
(323, 603, 'parity', [0, 1], 0, 13, 1, -1)
(323, 603, 'or', [0, 1], 0, 11, 1, -1)
(323, 603, 'or', [0, 1], 0, 13, 1, -1)
(323, 604, 'parity', [0, 1], 0, 11, 1, -1)
(323, 604, 'parity', [0, 1], 0, 13, 1, -1)
(323, 604, 'or', [0, 1], 0, 11, 1, -1)
(323, 604, 'or', [0, 1], 0, 13, 1, -1)
(323, 605, 'parity', [0], 2, 11, 4, -3)
(323, 605, 'parity', [0], 2, 13, 5, -3)
(323, 605, 'parity', [0, 1], 0, 11, 1, -1)
(323, 605, 'parity', [0, 1], 0, 13, 1, -1)
(323, 605, 'or', [0], 2, 11, 4, -3)
(323, 605, 'or', [0], 2, 13, 5, -3)
(323, 605, 'or', [0, 1], 0, 11, 1, -1)
(323, 605, 'or', [0, 1], 0, 13, 1, -1)
(323, 606, 'parity', [0, 1], 0, 11, 1, -1)
(323, 606, 'parity', [0, 1], 0, 13, 1, -1)
(323, 606, 'or', [0, 1], 0, 11, 1, -1)
(323, 606, 'or', [0, 1], 0, 13, 1, -1)
(323, 607, 'parity', [0, 1], 0, 11, 1, -1)
(323, 607, 'parity', [0, 1], 0, 13, 1, -1)
(323, 607, 'or', [0, 1], 0, 11, 1, -1)
(323, 607, 'or', [0, 1], 0, 13, 1, -1)
(323, 608, 'parity', [0, 1], 0, 11, 1, -1)
(323, 608, 'parity', [0, 1], 0, 13, 1, -1)
(323, 608, 'or', [0, 1], 0, 11, 1, -1)
(323, 608, 'or', [0, 1], 0, 13, 1, -1)
(323, 609, 'parity', [0, 1], 0, 11, 1, -1)
(323, 609, 'parity', [0, 1], 0, 13, 1, -1)
(323, 609, 'or', [0, 1], 0, 11, 1, -1)
(323, 609, 'or', [0, 1], 0, 13, 1, -1)
(323, 610, 'parity', [0, 1], 0, 11, 1, -1)
(323, 610, 'parity', [0, 1], 0, 13, 1, -1)
(323, 610, 'or', [0, 1], 0, 11, 1, -1)
(323, 610, 'or', [0, 1], 0, 13, 1, -1)
(323, 611, 'parity', [0], 2, 11, 4, -3)
(323, 611, 'parity', [0], 2, 13, 5, -3)
(323, 611, 'parity', [0, 1], 0, 11, 1, -1)
(323, 611, 'parity', [0, 1], 0, 13, 1, -1)
(323, 611, 'or', [0], 2, 11, 4, -3)
(323, 611, 'or', [0], 2, 13, 5, -3)
(323, 611, 'or', [0, 1], 0, 11, 1, -1)
(323, 611, 'or', [0, 1], 0, 13, 1, -1)
(323, 387, 'parity', [0, 1], 0, 11, 1, 1)
(323, 387, 'parity', [0, 1], 0, 13, 1, 1)
(323, 387, 'or', [0, 1], 0, 11, 1, 1)
(323, 387, 'or', [0, 1], 0, 13, 1, 1)
(323, 388, 'parity', [0, 1], 0, 11, 1, 1)
(323, 388, 'parity', [0, 1], 0, 13, 1, 1)
(323, 388, 'or', [0, 1], 0, 11, 1, 1)
(323, 388, 'or', [0, 1], 0, 13, 1, 1)
(323, 389, 'parity', [0], 2, 11, 4, -3)
(323, 389, 'parity', [0], 2, 13, 5, -3)
(323, 389, 'parity', [0, 1], 0, 11, 1, 1)
(323, 389, 'parity', [0, 1], 0, 13, 1, 1)
(323, 389, 'or', [0], 2, 11, 4, -3)
(323, 389, 'or', [0], 2, 13, 5, -3)
(323, 389, 'or', [0, 1], 0, 11, 1, 1)
(323, 389, 'or', [0, 1], 0, 13, 1, 1)
(323, 390, 'parity', [0, 1], 0, 11, 1, 1)
(323, 390, 'parity', [0, 1], 0, 13, 1, 1)
(323, 390, 'or', [0, 1], 0, 11, 1, 1)
(323, 390, 'or', [0, 1], 0, 13, 1, 1)
(323, 391, 'parity', [0, 1], 0, 11, 1, 1)
(323, 391, 'parity', [0, 1], 0, 13, 1, 1)
(323, 391, 'or', [0, 1], 0, 11, 1, 1)
(323, 391, 'or', [0, 1], 0, 13, 1, 1)
(323, 392, 'parity', [0, 1], 0, 11, 1, 1)
(323, 392, 'parity', [0, 1], 0, 13, 1, 1)
(323, 392, 'or', [0, 1], 0, 11, 1, 1)
(323, 392, 'or', [0, 1], 0, 13, 1, 1)
(323, 393, 'parity', [0, 1], 0, 11, 1, 1)
(323, 393, 'parity', [0, 1], 0, 13, 1, 1)
(323, 393, 'or', [0, 1], 0, 11, 1, 1)
(323, 393, 'or', [0, 1], 0, 13, 1, 1)
(323, 394, 'parity', [0, 1], 0, 11, 1, 1)
(323, 394, 'parity', [0, 1], 0, 13, 1, 1)
(323, 394, 'or', [0, 1], 0, 11, 1, 1)
(323, 394, 'or', [0, 1], 0, 13, 1, 1)
(323, 395, 'parity', [0], 2, 11, 4, -3)
(323, 395, 'parity', [0], 2, 13, 5, -3)
(323, 395, 'parity', [0, 1], 0, 11, 1, 1)
(323, 395, 'parity', [0, 1], 0, 13, 1, 1)
(323, 395, 'or', [0], 2, 11, 4, -3)
(323, 395, 'or', [0], 2, 13, 5, -3)
(323, 395, 'or', [0, 1], 0, 11, 1, 1)
(323, 395, 'or', [0, 1], 0, 13, 1, 1)
(323, 423, 'parity', [0, 1], 0, 11, 4, -3)
(323, 423, 'parity', [0, 1], 0, 13, 5, -3)
(323, 423, 'or', [0, 1], 0, 11, 4, -3)
(323, 423, 'or', [0, 1], 0, 13, 5, -3)
(323, 424, 'parity', [0, 1], 0, 11, 4, -3)
(323, 424, 'parity', [0, 1], 0, 13, 5, -3)
(323, 424, 'or', [0, 1], 0, 11, 4, -3)
(323, 424, 'or', [0, 1], 0, 13, 5, -3)
(323, 425, 'parity', [0, 1], 0, 11, 4, -3)
(323, 425, 'parity', [0, 1], 0, 13, 5, -3)
(323, 425, 'or', [0, 1], 0, 11, 4, -3)
(323, 425, 'or', [0, 1], 0, 13, 5, -3)
(323, 426, 'parity', [0, 1], 0, 11, 4, -3)
(323, 426, 'parity', [0, 1], 0, 13, 5, -3)
(323, 426, 'or', [0, 1], 0, 11, 4, -3)
(323, 426, 'or', [0, 1], 0, 13, 5, -3)
(323, 427, 'parity', [0, 1], 0, 11, 4, -3)
(323, 427, 'parity', [0, 1], 0, 13, 5, -3)
(323, 427, 'or', [0, 1], 0, 11, 4, -3)
(323, 427, 'or', [0, 1], 0, 13, 5, -3)
(323, 428, 'parity', [0, 1], 0, 11, 4, -3)
(323, 428, 'parity', [0, 1], 0, 13, 5, -3)
(323, 428, 'or', [0, 1], 0, 11, 4, -3)
(323, 428, 'or', [0, 1], 0, 13, 5, -3)
(323, 429, 'parity', [0, 1], 0, 11, 4, -3)
(323, 429, 'parity', [0, 1], 0, 13, 5, -3)
(323, 429, 'or', [0, 1], 0, 11, 4, -3)
(323, 429, 'or', [0, 1], 0, 13, 5, -3)
(323, 430, 'parity', [0, 1], 0, 11, 4, -3)
(323, 430, 'parity', [0, 1], 0, 13, 5, -3)
(323, 430, 'or', [0, 1], 0, 11, 4, -3)
(323, 430, 'or', [0, 1], 0, 13, 5, -3)
(323, 431, 'parity', [0, 1], 0, 11, 4, -3)
(323, 431, 'parity', [0, 1], 0, 13, 5, -3)
(323, 431, 'or', [0, 1], 0, 11, 4, -3)
(323, 431, 'or', [0, 1], 0, 13, 5, -3)
(323, 496, 'parity', [0], 2, 11, 4, -3)
(323, 496, 'parity', [0], 2, 13, 5, -3)
(323, 496, 'or', [0], 2, 11, 4, -3)
(323, 496, 'or', [0], 2, 13, 5, -3)
(323, 502, 'parity', [0], 2, 11, 4, -3)
(323, 502, 'parity', [0], 2, 13, 5, -3)
(323, 502, 'or', [0], 2, 11, 4, -3)
(323, 502, 'or', [0], 2, 13, 5, -3)
(323, 567, 'parity', [0, 1], 0, 11, 4, 3)
(323, 567, 'parity', [0, 1], 0, 13, 5, 3)
(323, 567, 'or', [0, 1], 0, 11, 4, 3)
(323, 567, 'or', [0, 1], 0, 13, 5, 3)
(323, 568, 'parity', [0, 1], 0, 11, 4, 3)
(323, 568, 'parity', [0, 1], 0, 13, 5, 3)
(323, 568, 'or', [0, 1], 0, 11, 4, 3)
(323, 568, 'or', [0, 1], 0, 13, 5, 3)
(323, 569, 'parity', [0, 1], 0, 11, 4, 3)
(323, 569, 'parity', [0, 1], 0, 13, 5, 3)
(323, 569, 'or', [0, 1], 0, 11, 4, 3)
(323, 569, 'or', [0, 1], 0, 13, 5, 3)
(323, 570, 'parity', [0, 1], 0, 11, 4, 3)
(323, 570, 'parity', [0, 1], 0, 13, 5, 3)
(323, 570, 'or', [0, 1], 0, 11, 4, 3)
(323, 570, 'or', [0, 1], 0, 13, 5, 3)
(323, 571, 'parity', [0, 1], 0, 11, 4, 3)
(323, 571, 'parity', [0, 1], 0, 13, 5, 3)
(323, 571, 'or', [0, 1], 0, 11, 4, 3)
(323, 571, 'or', [0, 1], 0, 13, 5, 3)
(323, 572, 'parity', [0, 1], 0, 11, 4, 3)
(323, 572, 'parity', [0, 1], 0, 13, 5, 3)
(323, 572, 'or', [0, 1], 0, 11, 4, 3)
(323, 572, 'or', [0, 1], 0, 13, 5, 3)
(334, 370, 'parity', [0, 1], 2, 11, 1, 1)
(334, 370, 'parity', [0, 1], 2, 13, 1, 1)
(334, 370, 'or', [0, 1], 2, 11, 1, 1)
(334, 370, 'or', [0, 1], 2, 13, 1, 1)
(334, 373, 'parity', [1], 3, 11, 1, -1)
(334, 373, 'parity', [1], 3, 13, 1, -1)
(334, 373, 'parity', [0, 1], 2, 11, 1, 1)
(334, 373, 'parity', [0, 1], 2, 13, 1, 1)
(334, 373, 'or', [1], 3, 11, 1, -1)
(334, 373, 'or', [1], 3, 13, 1, -1)
(334, 373, 'or', [0, 1], 2, 11, 1, 1)
(334, 373, 'or', [0, 1], 2, 13, 1, 1)
(334, 376, 'parity', [0, 1], 2, 11, 1, 1)
(334, 376, 'parity', [0, 1], 2, 13, 1, 1)
(334, 376, 'or', [0, 1], 2, 11, 1, 1)
(334, 376, 'or', [0, 1], 2, 13, 1, 1)
(334, 406, 'parity', [0, 1], 2, 11, 4, -3)
(334, 406, 'parity', [0, 1], 2, 13, 5, -3)
(334, 406, 'or', [0, 1], 2, 11, 4, -3)
(334, 406, 'or', [0, 1], 2, 13, 5, -3)
(334, 409, 'parity', [0, 1], 2, 11, 4, -3)
(334, 409, 'parity', [0, 1], 2, 13, 5, -3)
(334, 409, 'or', [0, 1], 2, 11, 4, -3)
(334, 409, 'or', [0, 1], 2, 13, 5, -3)
(334, 412, 'parity', [0, 1], 2, 11, 4, -3)
(334, 412, 'parity', [0, 1], 2, 13, 5, -3)
(334, 412, 'or', [0, 1], 2, 11, 4, -3)
(334, 412, 'or', [0, 1], 2, 13, 5, -3)
(334, 442, 'parity', [0, 1], 2, 11, 1, -1)
(334, 442, 'parity', [0, 1], 2, 13, 1, -1)
(334, 442, 'or', [0, 1], 2, 11, 1, -1)
(334, 442, 'or', [0, 1], 2, 13, 1, -1)
(334, 448, 'parity', [0, 1], 2, 11, 1, -1)
(334, 448, 'parity', [0, 1], 2, 13, 1, -1)
(334, 448, 'or', [0, 1], 2, 11, 1, -1)
(334, 448, 'or', [0, 1], 2, 13, 1, -1)
(334, 514, 'parity', [0, 1], 2, 11, 1, 1)
(334, 514, 'parity', [0, 1], 2, 13, 1, 1)
(334, 514, 'or', [0, 1], 2, 11, 1, 1)
(334, 514, 'or', [0, 1], 2, 13, 1, 1)
(334, 520, 'parity', [0, 1], 2, 11, 1, 1)
(334, 520, 'parity', [0, 1], 2, 13, 1, 1)
(334, 520, 'or', [0, 1], 2, 11, 1, 1)
(334, 520, 'or', [0, 1], 2, 13, 1, 1)
(334, 550, 'parity', [0, 1], 2, 11, 4, 3)
(334, 550, 'parity', [0, 1], 2, 13, 5, 3)
(334, 550, 'or', [0, 1], 2, 11, 4, 3)
(334, 550, 'or', [0, 1], 2, 13, 5, 3)
(334, 553, 'parity', [0, 1], 2, 11, 4, 3)
(334, 553, 'parity', [0, 1], 2, 13, 5, 3)
(334, 553, 'or', [0, 1], 2, 11, 4, 3)
(334, 553, 'or', [0, 1], 2, 13, 5, 3)
(334, 556, 'parity', [0, 1], 2, 11, 4, 3)
(334, 556, 'parity', [0, 1], 2, 13, 5, 3)
(334, 556, 'or', [0, 1], 2, 11, 4, 3)
(334, 556, 'or', [0, 1], 2, 13, 5, 3)
(334, 586, 'parity', [0, 1], 2, 11, 1, -1)
(334, 586, 'parity', [0, 1], 2, 13, 1, -1)
(334, 586, 'or', [0, 1], 2, 11, 1, -1)
(334, 586, 'or', [0, 1], 2, 13, 1, -1)
(334, 589, 'parity', [1], 3, 11, 1, -1)
(334, 589, 'parity', [1], 3, 13, 1, -1)
(334, 589, 'parity', [0, 1], 2, 11, 1, -1)
(334, 589, 'parity', [0, 1], 2, 13, 1, -1)
(334, 589, 'or', [1], 3, 11, 1, -1)
(334, 589, 'or', [1], 3, 13, 1, -1)
(334, 589, 'or', [0, 1], 2, 11, 1, -1)
(334, 589, 'or', [0, 1], 2, 13, 1, -1)
(334, 592, 'parity', [0, 1], 2, 11, 1, -1)
(334, 592, 'parity', [0, 1], 2, 13, 1, -1)
(334, 592, 'or', [0, 1], 2, 11, 1, -1)
(334, 592, 'or', [0, 1], 2, 13, 1, -1)
(337, 370, 'parity', [0, 1], 2, 11, 1, 1)
(337, 370, 'parity', [0, 1], 2, 13, 1, 1)
(337, 370, 'or', [0, 1], 2, 11, 1, 1)
(337, 370, 'or', [0, 1], 2, 13, 1, 1)
(337, 373, 'parity', [1], 3, 11, 1, -1)
(337, 373, 'parity', [1], 3, 13, 1, -1)
(337, 373, 'parity', [0, 1], 2, 11, 1, 1)
(337, 373, 'parity', [0, 1], 2, 13, 1, 1)
(337, 373, 'or', [1], 3, 11, 1, -1)
(337, 373, 'or', [1], 3, 13, 1, -1)
(337, 373, 'or', [0, 1], 2, 11, 1, 1)
(337, 373, 'or', [0, 1], 2, 13, 1, 1)
(337, 376, 'parity', [0, 1], 2, 11, 1, 1)
(337, 376, 'parity', [0, 1], 2, 13, 1, 1)
(337, 376, 'or', [0, 1], 2, 11, 1, 1)
(337, 376, 'or', [0, 1], 2, 13, 1, 1)
(337, 406, 'parity', [0, 1], 2, 11, 4, -3)
(337, 406, 'parity', [0, 1], 2, 13, 5, -3)
(337, 406, 'or', [0, 1], 2, 11, 4, -3)
(337, 406, 'or', [0, 1], 2, 13, 5, -3)
(337, 409, 'parity', [0, 1], 2, 11, 4, -3)
(337, 409, 'parity', [0, 1], 2, 13, 5, -3)
(337, 409, 'or', [0, 1], 2, 11, 4, -3)
(337, 409, 'or', [0, 1], 2, 13, 5, -3)
(337, 412, 'parity', [0, 1], 2, 11, 4, -3)
(337, 412, 'parity', [0, 1], 2, 13, 5, -3)
(337, 412, 'or', [0, 1], 2, 11, 4, -3)
(337, 412, 'or', [0, 1], 2, 13, 5, -3)
(337, 442, 'parity', [0, 1], 2, 11, 1, -1)
(337, 442, 'parity', [0, 1], 2, 13, 1, -1)
(337, 442, 'or', [0, 1], 2, 11, 1, -1)
(337, 442, 'or', [0, 1], 2, 13, 1, -1)
(337, 448, 'parity', [0, 1], 2, 11, 1, -1)
(337, 448, 'parity', [0, 1], 2, 13, 1, -1)
(337, 448, 'or', [0, 1], 2, 11, 1, -1)
(337, 448, 'or', [0, 1], 2, 13, 1, -1)
(337, 514, 'parity', [0, 1], 2, 11, 1, 1)
(337, 514, 'parity', [0, 1], 2, 13, 1, 1)
(337, 514, 'or', [0, 1], 2, 11, 1, 1)
(337, 514, 'or', [0, 1], 2, 13, 1, 1)
(337, 520, 'parity', [0, 1], 2, 11, 1, 1)
(337, 520, 'parity', [0, 1], 2, 13, 1, 1)
(337, 520, 'or', [0, 1], 2, 11, 1, 1)
(337, 520, 'or', [0, 1], 2, 13, 1, 1)
(337, 550, 'parity', [0, 1], 2, 11, 4, 3)
(337, 550, 'parity', [0, 1], 2, 13, 5, 3)
(337, 550, 'or', [0, 1], 2, 11, 4, 3)
(337, 550, 'or', [0, 1], 2, 13, 5, 3)
(337, 553, 'parity', [0, 1], 2, 11, 4, 3)
(337, 553, 'parity', [0, 1], 2, 13, 5, 3)
(337, 553, 'or', [0, 1], 2, 11, 4, 3)
(337, 553, 'or', [0, 1], 2, 13, 5, 3)
(337, 556, 'parity', [0, 1], 2, 11, 4, 3)
(337, 556, 'parity', [0, 1], 2, 13, 5, 3)
(337, 556, 'or', [0, 1], 2, 11, 4, 3)
(337, 556, 'or', [0, 1], 2, 13, 5, 3)
(337, 586, 'parity', [0, 1], 2, 11, 1, -1)
(337, 586, 'parity', [0, 1], 2, 13, 1, -1)
(337, 586, 'or', [0, 1], 2, 11, 1, -1)
(337, 586, 'or', [0, 1], 2, 13, 1, -1)
(337, 589, 'parity', [1], 3, 11, 1, -1)
(337, 589, 'parity', [1], 3, 13, 1, -1)
(337, 589, 'parity', [0, 1], 2, 11, 1, -1)
(337, 589, 'parity', [0, 1], 2, 13, 1, -1)
(337, 589, 'or', [1], 3, 11, 1, -1)
(337, 589, 'or', [1], 3, 13, 1, -1)
(337, 589, 'or', [0, 1], 2, 11, 1, -1)
(337, 589, 'or', [0, 1], 2, 13, 1, -1)
(337, 592, 'parity', [0, 1], 2, 11, 1, -1)
(337, 592, 'parity', [0, 1], 2, 13, 1, -1)
(337, 592, 'or', [0, 1], 2, 11, 1, -1)
(337, 592, 'or', [0, 1], 2, 13, 1, -1)
(340, 370, 'parity', [0, 1], 2, 11, 1, 1)
(340, 370, 'parity', [0, 1], 2, 13, 1, 1)
(340, 370, 'or', [0, 1], 2, 11, 1, 1)
(340, 370, 'or', [0, 1], 2, 13, 1, 1)
(340, 373, 'parity', [1], 3, 11, 1, -1)
(340, 373, 'parity', [1], 3, 13, 1, -1)
(340, 373, 'parity', [0, 1], 2, 11, 1, 1)
(340, 373, 'parity', [0, 1], 2, 13, 1, 1)
(340, 373, 'or', [1], 3, 11, 1, -1)
(340, 373, 'or', [1], 3, 13, 1, -1)
(340, 373, 'or', [0, 1], 2, 11, 1, 1)
(340, 373, 'or', [0, 1], 2, 13, 1, 1)
(340, 376, 'parity', [0, 1], 2, 11, 1, 1)
(340, 376, 'parity', [0, 1], 2, 13, 1, 1)
(340, 376, 'or', [0, 1], 2, 11, 1, 1)
(340, 376, 'or', [0, 1], 2, 13, 1, 1)
(340, 406, 'parity', [0, 1], 2, 11, 4, -3)
(340, 406, 'parity', [0, 1], 2, 13, 5, -3)
(340, 406, 'or', [0, 1], 2, 11, 4, -3)
(340, 406, 'or', [0, 1], 2, 13, 5, -3)
(340, 409, 'parity', [0, 1], 2, 11, 4, -3)
(340, 409, 'parity', [0, 1], 2, 13, 5, -3)
(340, 409, 'or', [0, 1], 2, 11, 4, -3)
(340, 409, 'or', [0, 1], 2, 13, 5, -3)
(340, 412, 'parity', [0, 1], 2, 11, 4, -3)
(340, 412, 'parity', [0, 1], 2, 13, 5, -3)
(340, 412, 'or', [0, 1], 2, 11, 4, -3)
(340, 412, 'or', [0, 1], 2, 13, 5, -3)
(340, 442, 'parity', [0, 1], 2, 11, 1, -1)
(340, 442, 'parity', [0, 1], 2, 13, 1, -1)
(340, 442, 'or', [0, 1], 2, 11, 1, -1)
(340, 442, 'or', [0, 1], 2, 13, 1, -1)
(340, 448, 'parity', [0, 1], 2, 11, 1, -1)
(340, 448, 'parity', [0, 1], 2, 13, 1, -1)
(340, 448, 'or', [0, 1], 2, 11, 1, -1)
(340, 448, 'or', [0, 1], 2, 13, 1, -1)
(340, 514, 'parity', [0, 1], 2, 11, 1, 1)
(340, 514, 'parity', [0, 1], 2, 13, 1, 1)
(340, 514, 'or', [0, 1], 2, 11, 1, 1)
(340, 514, 'or', [0, 1], 2, 13, 1, 1)
(340, 520, 'parity', [0, 1], 2, 11, 1, 1)
(340, 520, 'parity', [0, 1], 2, 13, 1, 1)
(340, 520, 'or', [0, 1], 2, 11, 1, 1)
(340, 520, 'or', [0, 1], 2, 13, 1, 1)
(340, 550, 'parity', [0, 1], 2, 11, 4, 3)
(340, 550, 'parity', [0, 1], 2, 13, 5, 3)
(340, 550, 'or', [0, 1], 2, 11, 4, 3)
(340, 550, 'or', [0, 1], 2, 13, 5, 3)
(340, 553, 'parity', [0, 1], 2, 11, 4, 3)
(340, 553, 'parity', [0, 1], 2, 13, 5, 3)
(340, 553, 'or', [0, 1], 2, 11, 4, 3)
(340, 553, 'or', [0, 1], 2, 13, 5, 3)
(340, 556, 'parity', [0, 1], 2, 11, 4, 3)
(340, 556, 'parity', [0, 1], 2, 13, 5, 3)
(340, 556, 'or', [0, 1], 2, 11, 4, 3)
(340, 556, 'or', [0, 1], 2, 13, 5, 3)
(340, 586, 'parity', [0, 1], 2, 11, 1, -1)
(340, 586, 'parity', [0, 1], 2, 13, 1, -1)
(340, 586, 'or', [0, 1], 2, 11, 1, -1)
(340, 586, 'or', [0, 1], 2, 13, 1, -1)
(340, 589, 'parity', [1], 3, 11, 1, -1)
(340, 589, 'parity', [1], 3, 13, 1, -1)
(340, 589, 'parity', [0, 1], 2, 11, 1, -1)
(340, 589, 'parity', [0, 1], 2, 13, 1, -1)
(340, 589, 'or', [1], 3, 11, 1, -1)
(340, 589, 'or', [1], 3, 13, 1, -1)
(340, 589, 'or', [0, 1], 2, 11, 1, -1)
(340, 589, 'or', [0, 1], 2, 13, 1, -1)
(340, 592, 'parity', [0, 1], 2, 11, 1, -1)
(340, 592, 'parity', [0, 1], 2, 13, 1, -1)
(340, 592, 'or', [0, 1], 2, 11, 1, -1)
(340, 592, 'or', [0, 1], 2, 13, 1, -1)
(344, 380, 'parity', [0, 1], 1, 11, 1, 1)
(344, 380, 'parity', [0, 1], 1, 13, 1, 1)
(344, 380, 'or', [0, 1], 1, 11, 1, 1)
(344, 380, 'or', [0, 1], 1, 13, 1, 1)
(344, 383, 'parity', [0, 1], 1, 11, 1, 1)
(344, 383, 'parity', [0, 1], 1, 13, 1, 1)
(344, 383, 'or', [0, 1], 1, 11, 1, 1)
(344, 383, 'or', [0, 1], 1, 13, 1, 1)
(344, 386, 'parity', [0, 1], 1, 11, 1, 1)
(344, 386, 'parity', [0, 1], 1, 13, 1, 1)
(344, 386, 'or', [0, 1], 1, 11, 1, 1)
(344, 386, 'or', [0, 1], 1, 13, 1, 1)
(344, 416, 'parity', [0, 1], 1, 11, 4, -3)
(344, 416, 'parity', [0, 1], 1, 13, 5, -3)
(344, 416, 'or', [0, 1], 1, 11, 4, -3)
(344, 416, 'or', [0, 1], 1, 13, 5, -3)
(344, 419, 'parity', [0, 1], 1, 11, 4, -3)
(344, 419, 'parity', [0, 1], 1, 13, 5, -3)
(344, 419, 'or', [0, 1], 1, 11, 4, -3)
(344, 419, 'or', [0, 1], 1, 13, 5, -3)
(344, 422, 'parity', [0, 1], 1, 11, 4, -3)
(344, 422, 'parity', [0, 1], 1, 13, 5, -3)
(344, 422, 'or', [0, 1], 1, 11, 4, -3)
(344, 422, 'or', [0, 1], 1, 13, 5, -3)
(344, 560, 'parity', [0, 1], 1, 11, 4, 3)
(344, 560, 'parity', [0, 1], 1, 13, 5, 3)
(344, 560, 'or', [0, 1], 1, 11, 4, 3)
(344, 560, 'or', [0, 1], 1, 13, 5, 3)
(344, 563, 'parity', [0, 1], 1, 11, 4, 3)
(344, 563, 'parity', [0, 1], 1, 13, 5, 3)
(344, 563, 'or', [0, 1], 1, 11, 4, 3)
(344, 563, 'or', [0, 1], 1, 13, 5, 3)
(344, 566, 'parity', [0, 1], 1, 11, 4, 3)
(344, 566, 'parity', [0, 1], 1, 13, 5, 3)
(344, 566, 'or', [0, 1], 1, 11, 4, 3)
(344, 566, 'or', [0, 1], 1, 13, 5, 3)
(344, 596, 'parity', [0, 1], 1, 11, 1, -1)
(344, 596, 'parity', [0, 1], 1, 13, 1, -1)
(344, 596, 'or', [0, 1], 1, 11, 1, -1)
(344, 596, 'or', [0, 1], 1, 13, 1, -1)
(344, 599, 'parity', [0, 1], 1, 11, 1, -1)
(344, 599, 'parity', [0, 1], 1, 13, 1, -1)
(344, 599, 'or', [0, 1], 1, 11, 1, -1)
(344, 599, 'or', [0, 1], 1, 13, 1, -1)
(344, 602, 'parity', [0, 1], 1, 11, 1, -1)
(344, 602, 'parity', [0, 1], 1, 13, 1, -1)
(344, 602, 'or', [0, 1], 1, 11, 1, -1)
(344, 602, 'or', [0, 1], 1, 13, 1, -1)
(347, 380, 'parity', [0, 1], 1, 11, 1, 1)
(347, 380, 'parity', [0, 1], 1, 13, 1, 1)
(347, 380, 'or', [0, 1], 1, 11, 1, 1)
(347, 380, 'or', [0, 1], 1, 13, 1, 1)
(347, 383, 'parity', [0, 1], 1, 11, 1, 1)
(347, 383, 'parity', [0, 1], 1, 13, 1, 1)
(347, 383, 'or', [0, 1], 1, 11, 1, 1)
(347, 383, 'or', [0, 1], 1, 13, 1, 1)
(347, 386, 'parity', [0, 1], 1, 11, 1, 1)
(347, 386, 'parity', [0, 1], 1, 13, 1, 1)
(347, 386, 'or', [0, 1], 1, 11, 1, 1)
(347, 386, 'or', [0, 1], 1, 13, 1, 1)
(347, 416, 'parity', [0, 1], 1, 11, 4, -3)
(347, 416, 'parity', [0, 1], 1, 13, 5, -3)
(347, 416, 'or', [0, 1], 1, 11, 4, -3)
(347, 416, 'or', [0, 1], 1, 13, 5, -3)
(347, 419, 'parity', [0, 1], 1, 11, 4, -3)
(347, 419, 'parity', [0, 1], 1, 13, 5, -3)
(347, 419, 'or', [0, 1], 1, 11, 4, -3)
(347, 419, 'or', [0, 1], 1, 13, 5, -3)
(347, 422, 'parity', [0, 1], 1, 11, 4, -3)
(347, 422, 'parity', [0, 1], 1, 13, 5, -3)
(347, 422, 'or', [0, 1], 1, 11, 4, -3)
(347, 422, 'or', [0, 1], 1, 13, 5, -3)
(347, 560, 'parity', [0, 1], 1, 11, 4, 3)
(347, 560, 'parity', [0, 1], 1, 13, 5, 3)
(347, 560, 'or', [0, 1], 1, 11, 4, 3)
(347, 560, 'or', [0, 1], 1, 13, 5, 3)
(347, 563, 'parity', [0, 1], 1, 11, 4, 3)
(347, 563, 'parity', [0, 1], 1, 13, 5, 3)
(347, 563, 'or', [0, 1], 1, 11, 4, 3)
(347, 563, 'or', [0, 1], 1, 13, 5, 3)
(347, 566, 'parity', [0, 1], 1, 11, 4, 3)
(347, 566, 'parity', [0, 1], 1, 13, 5, 3)
(347, 566, 'or', [0, 1], 1, 11, 4, 3)
(347, 566, 'or', [0, 1], 1, 13, 5, 3)
(347, 596, 'parity', [0, 1], 1, 11, 1, -1)
(347, 596, 'parity', [0, 1], 1, 13, 1, -1)
(347, 596, 'or', [0, 1], 1, 11, 1, -1)
(347, 596, 'or', [0, 1], 1, 13, 1, -1)
(347, 599, 'parity', [0, 1], 1, 11, 1, -1)
(347, 599, 'parity', [0, 1], 1, 13, 1, -1)
(347, 599, 'or', [0, 1], 1, 11, 1, -1)
(347, 599, 'or', [0, 1], 1, 13, 1, -1)
(347, 602, 'parity', [0, 1], 1, 11, 1, -1)
(347, 602, 'parity', [0, 1], 1, 13, 1, -1)
(347, 602, 'or', [0, 1], 1, 11, 1, -1)
(347, 602, 'or', [0, 1], 1, 13, 1, -1)
(350, 560, 'parity', [0, 1], 1, 11, 4, 3)
(350, 560, 'parity', [0, 1], 1, 13, 5, 3)
(350, 560, 'or', [0, 1], 1, 11, 4, 3)
(350, 560, 'or', [0, 1], 1, 13, 5, 3)
(350, 563, 'parity', [0, 1], 1, 11, 4, 3)
(350, 563, 'parity', [0, 1], 1, 13, 5, 3)
(350, 563, 'or', [0, 1], 1, 11, 4, 3)
(350, 563, 'or', [0, 1], 1, 13, 5, 3)
(350, 566, 'parity', [0, 1], 1, 11, 4, 3)
(350, 566, 'parity', [0, 1], 1, 13, 5, 3)
(350, 566, 'or', [0, 1], 1, 11, 4, 3)
(350, 566, 'or', [0, 1], 1, 13, 5, 3)
(350, 596, 'parity', [0], 3, 11, 1, -1)
(350, 596, 'parity', [0], 3, 13, 1, -1)
(350, 596, 'parity', [0, 1], 1, 11, 1, -1)
(350, 596, 'parity', [0, 1], 1, 13, 1, -1)
(350, 596, 'or', [0], 3, 11, 1, -1)
(350, 596, 'or', [0], 3, 13, 1, -1)
(350, 596, 'or', [0, 1], 1, 11, 1, -1)
(350, 596, 'or', [0, 1], 1, 13, 1, -1)
(350, 599, 'parity', [0], 3, 11, 1, -1)
(350, 599, 'parity', [0], 3, 13, 1, -1)
(350, 599, 'parity', [0, 1], 1, 11, 1, -1)
(350, 599, 'parity', [0, 1], 1, 13, 1, -1)
(350, 599, 'or', [0], 3, 11, 1, -1)
(350, 599, 'or', [0], 3, 13, 1, -1)
(350, 599, 'or', [0, 1], 1, 11, 1, -1)
(350, 599, 'or', [0, 1], 1, 13, 1, -1)
(350, 602, 'parity', [0], 3, 11, 1, -1)
(350, 602, 'parity', [0], 3, 13, 1, -1)
(350, 602, 'parity', [0, 1], 1, 11, 1, -1)
(350, 602, 'parity', [0, 1], 1, 13, 1, -1)
(350, 602, 'or', [0], 3, 11, 1, -1)
(350, 602, 'or', [0], 3, 13, 1, -1)
(350, 602, 'or', [0, 1], 1, 11, 1, -1)
(350, 602, 'or', [0, 1], 1, 13, 1, -1)
(351, 387, 'parity', [0, 1], 0, 11, 1, 1)
(351, 387, 'parity', [0, 1], 0, 13, 1, 1)
(351, 387, 'or', [0, 1], 0, 11, 1, 1)
(351, 387, 'or', [0, 1], 0, 13, 1, 1)
(351, 388, 'parity', [0, 1], 0, 11, 1, 1)
(351, 388, 'parity', [0, 1], 0, 13, 1, 1)
(351, 388, 'or', [0, 1], 0, 11, 1, 1)
(351, 388, 'or', [0, 1], 0, 13, 1, 1)
(351, 389, 'parity', [0, 1], 0, 11, 1, 1)
(351, 389, 'parity', [0, 1], 0, 13, 1, 1)
(351, 389, 'or', [0, 1], 0, 11, 1, 1)
(351, 389, 'or', [0, 1], 0, 13, 1, 1)
(351, 390, 'parity', [0, 1], 0, 11, 1, 1)
(351, 390, 'parity', [0, 1], 0, 13, 1, 1)
(351, 390, 'or', [0, 1], 0, 11, 1, 1)
(351, 390, 'or', [0, 1], 0, 13, 1, 1)
(351, 391, 'parity', [0, 1], 0, 11, 1, 1)
(351, 391, 'parity', [0, 1], 0, 13, 1, 1)
(351, 391, 'or', [0, 1], 0, 11, 1, 1)
(351, 391, 'or', [0, 1], 0, 13, 1, 1)
(351, 392, 'parity', [0, 1], 0, 11, 1, 1)
(351, 392, 'parity', [0, 1], 0, 13, 1, 1)
(351, 392, 'or', [0, 1], 0, 11, 1, 1)
(351, 392, 'or', [0, 1], 0, 13, 1, 1)
(351, 393, 'parity', [0, 1], 0, 11, 1, 1)
(351, 393, 'parity', [0, 1], 0, 13, 1, 1)
(351, 393, 'or', [0, 1], 0, 11, 1, 1)
(351, 393, 'or', [0, 1], 0, 13, 1, 1)
(351, 394, 'parity', [0, 1], 0, 11, 1, 1)
(351, 394, 'parity', [0, 1], 0, 13, 1, 1)
(351, 394, 'or', [0, 1], 0, 11, 1, 1)
(351, 394, 'or', [0, 1], 0, 13, 1, 1)
(351, 395, 'parity', [0, 1], 0, 11, 1, 1)
(351, 395, 'parity', [0, 1], 0, 13, 1, 1)
(351, 395, 'or', [0, 1], 0, 11, 1, 1)
(351, 395, 'or', [0, 1], 0, 13, 1, 1)
(351, 423, 'parity', [0, 1], 0, 11, 4, -3)
(351, 423, 'parity', [0, 1], 0, 13, 5, -3)
(351, 423, 'or', [0, 1], 0, 11, 4, -3)
(351, 423, 'or', [0, 1], 0, 13, 5, -3)
(351, 424, 'parity', [0, 1], 0, 11, 4, -3)
(351, 424, 'parity', [0, 1], 0, 13, 5, -3)
(351, 424, 'or', [0, 1], 0, 11, 4, -3)
(351, 424, 'or', [0, 1], 0, 13, 5, -3)
(351, 425, 'parity', [0, 1], 0, 11, 4, -3)
(351, 425, 'parity', [0, 1], 0, 13, 5, -3)
(351, 425, 'or', [0, 1], 0, 11, 4, -3)
(351, 425, 'or', [0, 1], 0, 13, 5, -3)
(351, 426, 'parity', [0, 1], 0, 11, 4, -3)
(351, 426, 'parity', [0, 1], 0, 13, 5, -3)
(351, 426, 'or', [0, 1], 0, 11, 4, -3)
(351, 426, 'or', [0, 1], 0, 13, 5, -3)
(351, 427, 'parity', [0, 1], 0, 11, 4, -3)
(351, 427, 'parity', [0, 1], 0, 13, 5, -3)
(351, 427, 'or', [0, 1], 0, 11, 4, -3)
(351, 427, 'or', [0, 1], 0, 13, 5, -3)
(351, 428, 'parity', [0, 1], 0, 11, 4, -3)
(351, 428, 'parity', [0, 1], 0, 13, 5, -3)
(351, 428, 'or', [0, 1], 0, 11, 4, -3)
(351, 428, 'or', [0, 1], 0, 13, 5, -3)
(351, 429, 'parity', [0, 1], 0, 11, 4, -3)
(351, 429, 'parity', [0, 1], 0, 13, 5, -3)
(351, 429, 'or', [0, 1], 0, 11, 4, -3)
(351, 429, 'or', [0, 1], 0, 13, 5, -3)
(351, 430, 'parity', [0, 1], 0, 11, 4, -3)
(351, 430, 'parity', [0, 1], 0, 13, 5, -3)
(351, 430, 'or', [0, 1], 0, 11, 4, -3)
(351, 430, 'or', [0, 1], 0, 13, 5, -3)
(351, 431, 'parity', [0, 1], 0, 11, 4, -3)
(351, 431, 'parity', [0, 1], 0, 13, 5, -3)
(351, 431, 'or', [0, 1], 0, 11, 4, -3)
(351, 431, 'or', [0, 1], 0, 13, 5, -3)
(351, 567, 'parity', [0, 1], 0, 11, 4, 3)
(351, 567, 'parity', [0, 1], 0, 13, 5, 3)
(351, 567, 'or', [0, 1], 0, 11, 4, 3)
(351, 567, 'or', [0, 1], 0, 13, 5, 3)
(351, 568, 'parity', [0, 1], 0, 11, 4, 3)
(351, 568, 'parity', [0, 1], 0, 13, 5, 3)
(351, 568, 'or', [0, 1], 0, 11, 4, 3)
(351, 568, 'or', [0, 1], 0, 13, 5, 3)
(351, 569, 'parity', [0, 1], 0, 11, 4, 3)
(351, 569, 'parity', [0, 1], 0, 13, 5, 3)
(351, 569, 'or', [0, 1], 0, 11, 4, 3)
(351, 569, 'or', [0, 1], 0, 13, 5, 3)
(351, 570, 'parity', [0, 1], 0, 11, 4, 3)
(351, 570, 'parity', [0, 1], 0, 13, 5, 3)
(351, 570, 'or', [0, 1], 0, 11, 4, 3)
(351, 570, 'or', [0, 1], 0, 13, 5, 3)
(351, 571, 'parity', [0, 1], 0, 11, 4, 3)
(351, 571, 'parity', [0, 1], 0, 13, 5, 3)
(351, 571, 'or', [0, 1], 0, 11, 4, 3)
(351, 571, 'or', [0, 1], 0, 13, 5, 3)
(351, 572, 'parity', [0, 1], 0, 11, 4, 3)
(351, 572, 'parity', [0, 1], 0, 13, 5, 3)
(351, 572, 'or', [0, 1], 0, 11, 4, 3)
(351, 572, 'or', [0, 1], 0, 13, 5, 3)
(351, 573, 'parity', [0, 1], 0, 11, 4, 3)
(351, 573, 'parity', [0, 1], 0, 13, 5, 3)
(351, 573, 'or', [0, 1], 0, 11, 4, 3)
(351, 573, 'or', [0, 1], 0, 13, 5, 3)
(351, 574, 'parity', [0, 1], 0, 11, 4, 3)
(351, 574, 'parity', [0, 1], 0, 13, 5, 3)
(351, 574, 'or', [0, 1], 0, 11, 4, 3)
(351, 574, 'or', [0, 1], 0, 13, 5, 3)
(351, 575, 'parity', [0, 1], 0, 11, 4, 3)
(351, 575, 'parity', [0, 1], 0, 13, 5, 3)
(351, 575, 'or', [0, 1], 0, 11, 4, 3)
(351, 575, 'or', [0, 1], 0, 13, 5, 3)
(351, 603, 'parity', [0, 1], 0, 11, 1, -1)
(351, 603, 'parity', [0, 1], 0, 13, 1, -1)
(351, 603, 'or', [0, 1], 0, 11, 1, -1)
(351, 603, 'or', [0, 1], 0, 13, 1, -1)
(351, 604, 'parity', [0, 1], 0, 11, 1, -1)
(351, 604, 'parity', [0, 1], 0, 13, 1, -1)
(351, 604, 'or', [0, 1], 0, 11, 1, -1)
(351, 604, 'or', [0, 1], 0, 13, 1, -1)
(351, 605, 'parity', [0, 1], 0, 11, 1, -1)
(351, 605, 'parity', [0, 1], 0, 13, 1, -1)
(351, 605, 'or', [0, 1], 0, 11, 1, -1)
(351, 605, 'or', [0, 1], 0, 13, 1, -1)
(351, 606, 'parity', [0, 1], 0, 11, 1, -1)
(351, 606, 'parity', [0, 1], 0, 13, 1, -1)
(351, 606, 'or', [0, 1], 0, 11, 1, -1)
(351, 606, 'or', [0, 1], 0, 13, 1, -1)
(351, 607, 'parity', [0, 1], 0, 11, 1, -1)
(351, 607, 'parity', [0, 1], 0, 13, 1, -1)
(351, 607, 'or', [0, 1], 0, 11, 1, -1)
(351, 607, 'or', [0, 1], 0, 13, 1, -1)
(351, 608, 'parity', [0, 1], 0, 11, 1, -1)
(351, 608, 'parity', [0, 1], 0, 13, 1, -1)
(351, 608, 'or', [0, 1], 0, 11, 1, -1)
(351, 608, 'or', [0, 1], 0, 13, 1, -1)
(351, 609, 'parity', [0, 1], 0, 11, 1, -1)
(351, 609, 'parity', [0, 1], 0, 13, 1, -1)
(351, 609, 'or', [0, 1], 0, 11, 1, -1)
(351, 609, 'or', [0, 1], 0, 13, 1, -1)
(351, 610, 'parity', [0, 1], 0, 11, 1, -1)
(351, 610, 'parity', [0, 1], 0, 13, 1, -1)
(351, 610, 'or', [0, 1], 0, 11, 1, -1)
(351, 610, 'or', [0, 1], 0, 13, 1, -1)
(351, 611, 'parity', [0, 1], 0, 11, 1, -1)
(351, 611, 'parity', [0, 1], 0, 13, 1, -1)
(351, 611, 'or', [0, 1], 0, 11, 1, -1)
(351, 611, 'or', [0, 1], 0, 13, 1, -1)
(352, 353, 'parity', [0], 2, 11, 1, -1)
(352, 353, 'parity', [0], 2, 13, 1, -1)
(352, 353, 'parity', [1], 1, 11, 1, -1)
(352, 353, 'parity', [1], 1, 13, 1, -1)
(352, 353, 'or', [0], 2, 11, 1, -1)
(352, 353, 'or', [0], 2, 13, 1, -1)
(352, 353, 'or', [1], 1, 11, 1, -1)
(352, 353, 'or', [1], 1, 13, 1, -1)
(352, 359, 'parity', [0], 2, 11, 1, -1)
(352, 359, 'parity', [0], 2, 13, 1, -1)
(352, 359, 'parity', [1], 1, 11, 1, -1)
(352, 359, 'parity', [1], 1, 13, 1, -1)
(352, 359, 'or', [0], 2, 11, 1, -1)
(352, 359, 'or', [0], 2, 13, 1, -1)
(352, 359, 'or', [1], 1, 11, 1, -1)
(352, 359, 'or', [1], 1, 13, 1, -1)
(350, 380, 'parity', [0], 3, 11, 1, -1)
(350, 380, 'parity', [0], 3, 13, 1, -1)
(350, 380, 'parity', [0, 1], 1, 11, 1, 1)
(350, 380, 'parity', [0, 1], 1, 13, 1, 1)
(350, 380, 'or', [0], 3, 11, 1, -1)
(350, 380, 'or', [0], 3, 13, 1, -1)
(350, 380, 'or', [0, 1], 1, 11, 1, 1)
(350, 380, 'or', [0, 1], 1, 13, 1, 1)
(350, 383, 'parity', [0], 3, 11, 1, -1)
(350, 383, 'parity', [0], 3, 13, 1, -1)
(350, 383, 'parity', [0, 1], 1, 11, 1, 1)
(350, 383, 'parity', [0, 1], 1, 13, 1, 1)
(350, 383, 'or', [0], 3, 11, 1, -1)
(350, 383, 'or', [0], 3, 13, 1, -1)
(350, 383, 'or', [0, 1], 1, 11, 1, 1)
(350, 383, 'or', [0, 1], 1, 13, 1, 1)
(350, 386, 'parity', [0], 3, 11, 1, -1)
(350, 386, 'parity', [0], 3, 13, 1, -1)
(350, 386, 'parity', [0, 1], 1, 11, 1, 1)
(350, 386, 'parity', [0, 1], 1, 13, 1, 1)
(350, 386, 'or', [0], 3, 11, 1, -1)
(350, 386, 'or', [0], 3, 13, 1, -1)
(350, 386, 'or', [0, 1], 1, 11, 1, 1)
(350, 386, 'or', [0, 1], 1, 13, 1, 1)
(350, 416, 'parity', [0, 1], 1, 11, 4, -3)
(350, 416, 'parity', [0, 1], 1, 13, 5, -3)
(350, 416, 'or', [0, 1], 1, 11, 4, -3)
(350, 416, 'or', [0, 1], 1, 13, 5, -3)
(350, 419, 'parity', [0, 1], 1, 11, 4, -3)
(350, 419, 'parity', [0, 1], 1, 13, 5, -3)
(350, 419, 'or', [0, 1], 1, 11, 4, -3)
(350, 419, 'or', [0, 1], 1, 13, 5, -3)
(350, 422, 'parity', [0, 1], 1, 11, 4, -3)
(350, 422, 'parity', [0, 1], 1, 13, 5, -3)
(350, 422, 'or', [0, 1], 1, 11, 4, -3)
(350, 422, 'or', [0, 1], 1, 13, 5, -3)
(354, 428, 'parity', [0, 1], 0, 11, 4, -3)
(354, 428, 'parity', [0, 1], 0, 13, 5, -3)
(354, 428, 'or', [0, 1], 0, 11, 4, -3)
(354, 428, 'or', [0, 1], 0, 13, 5, -3)
(354, 429, 'parity', [0, 1], 0, 11, 4, -3)
(354, 429, 'parity', [0, 1], 0, 13, 5, -3)
(354, 429, 'or', [0, 1], 0, 11, 4, -3)
(354, 429, 'or', [0, 1], 0, 13, 5, -3)
(354, 430, 'parity', [0, 1], 0, 11, 4, -3)
(354, 430, 'parity', [0, 1], 0, 13, 5, -3)
(354, 430, 'or', [0, 1], 0, 11, 4, -3)
(354, 430, 'or', [0, 1], 0, 13, 5, -3)
(354, 431, 'parity', [0, 1], 0, 11, 4, -3)
(354, 431, 'parity', [0, 1], 0, 13, 5, -3)
(354, 431, 'or', [0, 1], 0, 11, 4, -3)
(354, 431, 'or', [0, 1], 0, 13, 5, -3)
(354, 567, 'parity', [0, 1], 0, 11, 4, 3)
(354, 567, 'parity', [0, 1], 0, 13, 5, 3)
(354, 567, 'or', [0, 1], 0, 11, 4, 3)
(354, 567, 'or', [0, 1], 0, 13, 5, 3)
(354, 568, 'parity', [0, 1], 0, 11, 4, 3)
(354, 568, 'parity', [0, 1], 0, 13, 5, 3)
(354, 568, 'or', [0, 1], 0, 11, 4, 3)
(354, 568, 'or', [0, 1], 0, 13, 5, 3)
(354, 569, 'parity', [0, 1], 0, 11, 4, 3)
(354, 569, 'parity', [0, 1], 0, 13, 5, 3)
(354, 569, 'or', [0, 1], 0, 11, 4, 3)
(354, 569, 'or', [0, 1], 0, 13, 5, 3)
(354, 570, 'parity', [0, 1], 0, 11, 4, 3)
(354, 570, 'parity', [0, 1], 0, 13, 5, 3)
(354, 570, 'or', [0, 1], 0, 11, 4, 3)
(354, 570, 'or', [0, 1], 0, 13, 5, 3)
(354, 571, 'parity', [0, 1], 0, 11, 4, 3)
(354, 571, 'parity', [0, 1], 0, 13, 5, 3)
(354, 571, 'or', [0, 1], 0, 11, 4, 3)
(354, 571, 'or', [0, 1], 0, 13, 5, 3)
(354, 572, 'parity', [0, 1], 0, 11, 4, 3)
(354, 572, 'parity', [0, 1], 0, 13, 5, 3)
(354, 572, 'or', [0, 1], 0, 11, 4, 3)
(354, 572, 'or', [0, 1], 0, 13, 5, 3)
(354, 573, 'parity', [0, 1], 0, 11, 4, 3)
(354, 573, 'parity', [0, 1], 0, 13, 5, 3)
(354, 573, 'or', [0, 1], 0, 11, 4, 3)
(354, 573, 'or', [0, 1], 0, 13, 5, 3)
(354, 574, 'parity', [0, 1], 0, 11, 4, 3)
(354, 574, 'parity', [0, 1], 0, 13, 5, 3)
(354, 574, 'or', [0, 1], 0, 11, 4, 3)
(354, 574, 'or', [0, 1], 0, 13, 5, 3)
(354, 575, 'parity', [0, 1], 0, 11, 4, 3)
(354, 575, 'parity', [0, 1], 0, 13, 5, 3)
(354, 575, 'or', [0, 1], 0, 11, 4, 3)
(354, 575, 'or', [0, 1], 0, 13, 5, 3)
(354, 603, 'parity', [0, 1], 0, 11, 1, -1)
(354, 603, 'parity', [0, 1], 0, 13, 1, -1)
(354, 603, 'or', [0, 1], 0, 11, 1, -1)
(354, 603, 'or', [0, 1], 0, 13, 1, -1)
(354, 604, 'parity', [0, 1], 0, 11, 1, -1)
(354, 604, 'parity', [0, 1], 0, 13, 1, -1)
(354, 604, 'or', [0, 1], 0, 11, 1, -1)
(354, 604, 'or', [0, 1], 0, 13, 1, -1)
(354, 605, 'parity', [0, 1], 0, 11, 1, -1)
(354, 605, 'parity', [0, 1], 0, 13, 1, -1)
(354, 605, 'or', [0, 1], 0, 11, 1, -1)
(354, 605, 'or', [0, 1], 0, 13, 1, -1)
(354, 606, 'parity', [0, 1], 0, 11, 1, -1)
(354, 606, 'parity', [0, 1], 0, 13, 1, -1)
(354, 606, 'or', [0, 1], 0, 11, 1, -1)
(354, 606, 'or', [0, 1], 0, 13, 1, -1)
(354, 607, 'parity', [0, 1], 0, 11, 1, -1)
(354, 607, 'parity', [0, 1], 0, 13, 1, -1)
(354, 607, 'or', [0, 1], 0, 11, 1, -1)
(354, 607, 'or', [0, 1], 0, 13, 1, -1)
(354, 608, 'parity', [0, 1], 0, 11, 1, -1)
(354, 608, 'parity', [0, 1], 0, 13, 1, -1)
(354, 608, 'or', [0, 1], 0, 11, 1, -1)
(354, 608, 'or', [0, 1], 0, 13, 1, -1)
(354, 609, 'parity', [0, 1], 0, 11, 1, -1)
(354, 609, 'parity', [0, 1], 0, 13, 1, -1)
(354, 609, 'or', [0, 1], 0, 11, 1, -1)
(354, 609, 'or', [0, 1], 0, 13, 1, -1)
(354, 610, 'parity', [0, 1], 0, 11, 1, -1)
(354, 610, 'parity', [0, 1], 0, 13, 1, -1)
(354, 610, 'or', [0, 1], 0, 11, 1, -1)
(354, 610, 'or', [0, 1], 0, 13, 1, -1)
(354, 611, 'parity', [0, 1], 0, 11, 1, -1)
(354, 611, 'parity', [0, 1], 0, 13, 1, -1)
(354, 611, 'or', [0, 1], 0, 11, 1, -1)
(354, 611, 'or', [0, 1], 0, 13, 1, -1)
(355, 359, 'parity', [0], 2, 11, 1, -1)
(355, 359, 'parity', [0], 2, 13, 1, -1)
(355, 359, 'parity', [1], 1, 11, 1, -1)
(355, 359, 'parity', [1], 1, 13, 1, -1)
(355, 359, 'or', [0], 2, 11, 1, -1)
(355, 359, 'or', [0], 2, 13, 1, -1)
(355, 359, 'or', [1], 1, 11, 1, -1)
(355, 359, 'or', [1], 1, 13, 1, -1)
(352, 567, 'parity', [0, 1], 0, 11, 4, 3)
(352, 567, 'parity', [0, 1], 0, 13, 5, 3)
(352, 567, 'or', [0, 1], 0, 11, 4, 3)
(352, 567, 'or', [0, 1], 0, 13, 5, 3)
(352, 568, 'parity', [0, 1], 0, 11, 4, 3)
(352, 568, 'parity', [0, 1], 0, 13, 5, 3)
(352, 568, 'or', [0, 1], 0, 11, 4, 3)
(352, 568, 'or', [0, 1], 0, 13, 5, 3)
(352, 569, 'parity', [0], 2, 11, 1, -1)
(352, 569, 'parity', [0], 2, 13, 1, -1)
(352, 569, 'parity', [0, 1], 0, 11, 4, 3)
(352, 569, 'parity', [0, 1], 0, 13, 5, 3)
(352, 569, 'or', [0], 2, 11, 1, -1)
(352, 569, 'or', [0], 2, 13, 1, -1)
(352, 569, 'or', [0, 1], 0, 11, 4, 3)
(352, 569, 'or', [0, 1], 0, 13, 5, 3)
(352, 570, 'parity', [0, 1], 0, 11, 4, 3)
(352, 570, 'parity', [0, 1], 0, 13, 5, 3)
(352, 570, 'or', [0, 1], 0, 11, 4, 3)
(352, 570, 'or', [0, 1], 0, 13, 5, 3)
(352, 571, 'parity', [0, 1], 0, 11, 4, 3)
(352, 571, 'parity', [0, 1], 0, 13, 5, 3)
(352, 571, 'or', [0, 1], 0, 11, 4, 3)
(352, 571, 'or', [0, 1], 0, 13, 5, 3)
(352, 572, 'parity', [0, 1], 0, 11, 4, 3)
(352, 572, 'parity', [0, 1], 0, 13, 5, 3)
(352, 572, 'or', [0, 1], 0, 11, 4, 3)
(352, 572, 'or', [0, 1], 0, 13, 5, 3)
(352, 573, 'parity', [0, 1], 0, 11, 4, 3)
(352, 573, 'parity', [0, 1], 0, 13, 5, 3)
(352, 573, 'or', [0, 1], 0, 11, 4, 3)
(352, 573, 'or', [0, 1], 0, 13, 5, 3)
(352, 574, 'parity', [0, 1], 0, 11, 4, 3)
(352, 574, 'parity', [0, 1], 0, 13, 5, 3)
(352, 574, 'or', [0, 1], 0, 11, 4, 3)
(352, 574, 'or', [0, 1], 0, 13, 5, 3)
(352, 575, 'parity', [0], 2, 11, 1, -1)
(352, 575, 'parity', [0], 2, 13, 1, -1)
(352, 575, 'parity', [0, 1], 0, 11, 4, 3)
(352, 575, 'parity', [0, 1], 0, 13, 5, 3)
(352, 575, 'or', [0], 2, 11, 1, -1)
(352, 575, 'or', [0], 2, 13, 1, -1)
(352, 575, 'or', [0, 1], 0, 11, 4, 3)
(352, 575, 'or', [0, 1], 0, 13, 5, 3)
(352, 603, 'parity', [0, 1], 0, 11, 1, -1)
(352, 603, 'parity', [0, 1], 0, 13, 1, -1)
(352, 603, 'or', [0, 1], 0, 11, 1, -1)
(352, 603, 'or', [0, 1], 0, 13, 1, -1)
(352, 604, 'parity', [0, 1], 0, 11, 1, -1)
(352, 604, 'parity', [0, 1], 0, 13, 1, -1)
(352, 604, 'or', [0, 1], 0, 11, 1, -1)
(352, 604, 'or', [0, 1], 0, 13, 1, -1)
(352, 605, 'parity', [0, 1], 0, 11, 1, -1)
(352, 605, 'parity', [0, 1], 0, 13, 1, -1)
(352, 605, 'or', [0, 1], 0, 11, 1, -1)
(352, 605, 'or', [0, 1], 0, 13, 1, -1)
(352, 606, 'parity', [0, 1], 0, 11, 1, -1)
(352, 606, 'parity', [0, 1], 0, 13, 1, -1)
(352, 606, 'or', [0, 1], 0, 11, 1, -1)
(352, 606, 'or', [0, 1], 0, 13, 1, -1)
(352, 607, 'parity', [0, 1], 0, 11, 1, -1)
(352, 607, 'parity', [0, 1], 0, 13, 1, -1)
(352, 607, 'or', [0, 1], 0, 11, 1, -1)
(352, 607, 'or', [0, 1], 0, 13, 1, -1)
(352, 608, 'parity', [0, 1], 0, 11, 1, -1)
(352, 608, 'parity', [0, 1], 0, 13, 1, -1)
(352, 608, 'or', [0, 1], 0, 11, 1, -1)
(352, 608, 'or', [0, 1], 0, 13, 1, -1)
(352, 609, 'parity', [0, 1], 0, 11, 1, -1)
(352, 609, 'parity', [0, 1], 0, 13, 1, -1)
(352, 609, 'or', [0, 1], 0, 11, 1, -1)
(352, 609, 'or', [0, 1], 0, 13, 1, -1)
(352, 610, 'parity', [0, 1], 0, 11, 1, -1)
(352, 610, 'parity', [0, 1], 0, 13, 1, -1)
(352, 610, 'or', [0, 1], 0, 11, 1, -1)
(352, 610, 'or', [0, 1], 0, 13, 1, -1)
(352, 611, 'parity', [0, 1], 0, 11, 1, -1)
(352, 611, 'parity', [0, 1], 0, 13, 1, -1)
(352, 611, 'or', [0, 1], 0, 11, 1, -1)
(352, 611, 'or', [0, 1], 0, 13, 1, -1)
(352, 641, 'parity', [0], 2, 11, 1, 1)
(352, 641, 'parity', [0], 2, 13, 1, 1)
(352, 641, 'parity', [1], 1, 11, 1, -1)
(352, 641, 'parity', [1], 1, 13, 1, -1)
(352, 641, 'or', [0], 2, 11, 1, 1)
(352, 641, 'or', [0], 2, 13, 1, 1)
(352, 641, 'or', [1], 1, 11, 1, -1)
(352, 641, 'or', [1], 1, 13, 1, -1)
(352, 647, 'parity', [0], 2, 11, 1, 1)
(352, 647, 'parity', [0], 2, 13, 1, 1)
(352, 647, 'parity', [1], 1, 11, 1, -1)
(352, 647, 'parity', [1], 1, 13, 1, -1)
(352, 647, 'or', [0], 2, 11, 1, 1)
(352, 647, 'or', [0], 2, 13, 1, 1)
(352, 647, 'or', [1], 1, 11, 1, -1)
(352, 647, 'or', [1], 1, 13, 1, -1)
(353, 387, 'parity', [0, 1], 0, 11, 1, 1)
(353, 387, 'parity', [0, 1], 0, 13, 1, 1)
(353, 387, 'or', [0, 1], 0, 11, 1, 1)
(353, 387, 'or', [0, 1], 0, 13, 1, 1)
(353, 388, 'parity', [0, 1], 0, 11, 1, 1)
(353, 388, 'parity', [0, 1], 0, 13, 1, 1)
(353, 388, 'or', [0, 1], 0, 11, 1, 1)
(353, 388, 'or', [0, 1], 0, 13, 1, 1)
(353, 389, 'parity', [0, 1], 0, 11, 1, 1)
(353, 389, 'parity', [0, 1], 0, 13, 1, 1)
(353, 389, 'or', [0, 1], 0, 11, 1, 1)
(353, 389, 'or', [0, 1], 0, 13, 1, 1)
(353, 390, 'parity', [0, 1], 0, 11, 1, 1)
(353, 390, 'parity', [0, 1], 0, 13, 1, 1)
(353, 390, 'or', [0, 1], 0, 11, 1, 1)
(353, 390, 'or', [0, 1], 0, 13, 1, 1)
(353, 391, 'parity', [0, 1], 0, 11, 1, 1)
(353, 391, 'parity', [0, 1], 0, 13, 1, 1)
(353, 391, 'or', [0, 1], 0, 11, 1, 1)
(353, 391, 'or', [0, 1], 0, 13, 1, 1)
(353, 392, 'parity', [0, 1], 0, 11, 1, 1)
(353, 392, 'parity', [0, 1], 0, 13, 1, 1)
(353, 392, 'or', [0, 1], 0, 11, 1, 1)
(353, 392, 'or', [0, 1], 0, 13, 1, 1)
(353, 393, 'parity', [0, 1], 0, 11, 1, 1)
(353, 393, 'parity', [0, 1], 0, 13, 1, 1)
(353, 393, 'or', [0, 1], 0, 11, 1, 1)
(353, 393, 'or', [0, 1], 0, 13, 1, 1)
(353, 394, 'parity', [0, 1], 0, 11, 1, 1)
(353, 394, 'parity', [0, 1], 0, 13, 1, 1)
(353, 394, 'or', [0, 1], 0, 11, 1, 1)
(353, 394, 'or', [0, 1], 0, 13, 1, 1)
(353, 395, 'parity', [0, 1], 0, 11, 1, 1)
(353, 395, 'parity', [0, 1], 0, 13, 1, 1)
(353, 395, 'or', [0, 1], 0, 11, 1, 1)
(353, 395, 'or', [0, 1], 0, 13, 1, 1)
(353, 423, 'parity', [0, 1], 0, 11, 4, -3)
(353, 423, 'parity', [0, 1], 0, 13, 5, -3)
(353, 423, 'or', [0, 1], 0, 11, 4, -3)
(353, 423, 'or', [0, 1], 0, 13, 5, -3)
(353, 424, 'parity', [0, 1], 0, 11, 4, -3)
(353, 424, 'parity', [0, 1], 0, 13, 5, -3)
(353, 424, 'or', [0, 1], 0, 11, 4, -3)
(353, 424, 'or', [0, 1], 0, 13, 5, -3)
(353, 425, 'parity', [0, 1], 0, 11, 4, -3)
(353, 425, 'parity', [0, 1], 0, 13, 5, -3)
(353, 425, 'or', [0, 1], 0, 11, 4, -3)
(353, 425, 'or', [0, 1], 0, 13, 5, -3)
(353, 426, 'parity', [0, 1], 0, 11, 4, -3)
(353, 426, 'parity', [0, 1], 0, 13, 5, -3)
(353, 426, 'or', [0, 1], 0, 11, 4, -3)
(353, 426, 'or', [0, 1], 0, 13, 5, -3)
(353, 427, 'parity', [0, 1], 0, 11, 4, -3)
(353, 427, 'parity', [0, 1], 0, 13, 5, -3)
(353, 427, 'or', [0, 1], 0, 11, 4, -3)
(353, 427, 'or', [0, 1], 0, 13, 5, -3)
(353, 428, 'parity', [0, 1], 0, 11, 4, -3)
(353, 428, 'parity', [0, 1], 0, 13, 5, -3)
(353, 428, 'or', [0, 1], 0, 11, 4, -3)
(353, 428, 'or', [0, 1], 0, 13, 5, -3)
(353, 429, 'parity', [0, 1], 0, 11, 4, -3)
(353, 429, 'parity', [0, 1], 0, 13, 5, -3)
(353, 429, 'or', [0, 1], 0, 11, 4, -3)
(353, 429, 'or', [0, 1], 0, 13, 5, -3)
(353, 430, 'parity', [0, 1], 0, 11, 4, -3)
(353, 430, 'parity', [0, 1], 0, 13, 5, -3)
(353, 430, 'or', [0, 1], 0, 11, 4, -3)
(353, 430, 'or', [0, 1], 0, 13, 5, -3)
(353, 431, 'parity', [0, 1], 0, 11, 4, -3)
(353, 431, 'parity', [0, 1], 0, 13, 5, -3)
(353, 431, 'or', [0, 1], 0, 11, 4, -3)
(353, 431, 'or', [0, 1], 0, 13, 5, -3)
(353, 567, 'parity', [0, 1], 0, 11, 4, 3)
(353, 567, 'parity', [0, 1], 0, 13, 5, 3)
(353, 567, 'or', [0, 1], 0, 11, 4, 3)
(353, 567, 'or', [0, 1], 0, 13, 5, 3)
(353, 568, 'parity', [0, 1], 0, 11, 4, 3)
(353, 568, 'parity', [0, 1], 0, 13, 5, 3)
(353, 568, 'or', [0, 1], 0, 11, 4, 3)
(353, 568, 'or', [0, 1], 0, 13, 5, 3)
(353, 569, 'parity', [0, 1], 0, 11, 4, 3)
(353, 569, 'parity', [0, 1], 0, 13, 5, 3)
(353, 569, 'or', [0, 1], 0, 11, 4, 3)
(353, 569, 'or', [0, 1], 0, 13, 5, 3)
(353, 570, 'parity', [0, 1], 0, 11, 4, 3)
(353, 570, 'parity', [0, 1], 0, 13, 5, 3)
(353, 570, 'or', [0, 1], 0, 11, 4, 3)
(353, 570, 'or', [0, 1], 0, 13, 5, 3)
(353, 571, 'parity', [0, 1], 0, 11, 4, 3)
(353, 571, 'parity', [0, 1], 0, 13, 5, 3)
(353, 571, 'or', [0, 1], 0, 11, 4, 3)
(353, 571, 'or', [0, 1], 0, 13, 5, 3)
(353, 572, 'parity', [0, 1], 0, 11, 4, 3)
(353, 572, 'parity', [0, 1], 0, 13, 5, 3)
(353, 572, 'or', [0, 1], 0, 11, 4, 3)
(353, 572, 'or', [0, 1], 0, 13, 5, 3)
(353, 573, 'parity', [0, 1], 0, 11, 4, 3)
(353, 573, 'parity', [0, 1], 0, 13, 5, 3)
(353, 573, 'or', [0, 1], 0, 11, 4, 3)
(353, 573, 'or', [0, 1], 0, 13, 5, 3)
(353, 574, 'parity', [0, 1], 0, 11, 4, 3)
(353, 574, 'parity', [0, 1], 0, 13, 5, 3)
(353, 574, 'or', [0, 1], 0, 11, 4, 3)
(353, 574, 'or', [0, 1], 0, 13, 5, 3)
(353, 575, 'parity', [0, 1], 0, 11, 4, 3)
(353, 575, 'parity', [0, 1], 0, 13, 5, 3)
(353, 575, 'or', [0, 1], 0, 11, 4, 3)
(353, 575, 'or', [0, 1], 0, 13, 5, 3)
(353, 603, 'parity', [0, 1], 0, 11, 1, -1)
(353, 603, 'parity', [0, 1], 0, 13, 1, -1)
(353, 603, 'or', [0, 1], 0, 11, 1, -1)
(353, 603, 'or', [0, 1], 0, 13, 1, -1)
(353, 604, 'parity', [0, 1], 0, 11, 1, -1)
(353, 604, 'parity', [0, 1], 0, 13, 1, -1)
(353, 604, 'or', [0, 1], 0, 11, 1, -1)
(353, 604, 'or', [0, 1], 0, 13, 1, -1)
(353, 605, 'parity', [0, 1], 0, 11, 1, -1)
(353, 605, 'parity', [0, 1], 0, 13, 1, -1)
(353, 605, 'or', [0, 1], 0, 11, 1, -1)
(353, 605, 'or', [0, 1], 0, 13, 1, -1)
(353, 606, 'parity', [0, 1], 0, 11, 1, -1)
(353, 606, 'parity', [0, 1], 0, 13, 1, -1)
(353, 606, 'or', [0, 1], 0, 11, 1, -1)
(353, 606, 'or', [0, 1], 0, 13, 1, -1)
(353, 607, 'parity', [0, 1], 0, 11, 1, -1)
(353, 607, 'parity', [0, 1], 0, 13, 1, -1)
(353, 607, 'or', [0, 1], 0, 11, 1, -1)
(353, 607, 'or', [0, 1], 0, 13, 1, -1)
(353, 608, 'parity', [0, 1], 0, 11, 1, -1)
(353, 608, 'parity', [0, 1], 0, 13, 1, -1)
(353, 608, 'or', [0, 1], 0, 11, 1, -1)
(353, 608, 'or', [0, 1], 0, 13, 1, -1)
(353, 609, 'parity', [0, 1], 0, 11, 1, -1)
(353, 609, 'parity', [0, 1], 0, 13, 1, -1)
(353, 609, 'or', [0, 1], 0, 11, 1, -1)
(353, 609, 'or', [0, 1], 0, 13, 1, -1)
(353, 610, 'parity', [0, 1], 0, 11, 1, -1)
(353, 610, 'parity', [0, 1], 0, 13, 1, -1)
(353, 610, 'or', [0, 1], 0, 11, 1, -1)
(353, 610, 'or', [0, 1], 0, 13, 1, -1)
(353, 611, 'parity', [0, 1], 0, 11, 1, -1)
(353, 611, 'parity', [0, 1], 0, 13, 1, -1)
(353, 611, 'or', [0, 1], 0, 11, 1, -1)
(353, 611, 'or', [0, 1], 0, 13, 1, -1)
(354, 387, 'parity', [0, 1], 0, 11, 1, 1)
(354, 387, 'parity', [0, 1], 0, 13, 1, 1)
(354, 387, 'or', [0, 1], 0, 11, 1, 1)
(354, 387, 'or', [0, 1], 0, 13, 1, 1)
(354, 388, 'parity', [0, 1], 0, 11, 1, 1)
(354, 388, 'parity', [0, 1], 0, 13, 1, 1)
(354, 388, 'or', [0, 1], 0, 11, 1, 1)
(354, 388, 'or', [0, 1], 0, 13, 1, 1)
(354, 389, 'parity', [0, 1], 0, 11, 1, 1)
(354, 389, 'parity', [0, 1], 0, 13, 1, 1)
(354, 389, 'or', [0, 1], 0, 11, 1, 1)
(354, 389, 'or', [0, 1], 0, 13, 1, 1)
(354, 390, 'parity', [0, 1], 0, 11, 1, 1)
(354, 390, 'parity', [0, 1], 0, 13, 1, 1)
(354, 390, 'or', [0, 1], 0, 11, 1, 1)
(354, 390, 'or', [0, 1], 0, 13, 1, 1)
(354, 391, 'parity', [0, 1], 0, 11, 1, 1)
(354, 391, 'parity', [0, 1], 0, 13, 1, 1)
(354, 391, 'or', [0, 1], 0, 11, 1, 1)
(354, 391, 'or', [0, 1], 0, 13, 1, 1)
(354, 392, 'parity', [0, 1], 0, 11, 1, 1)
(354, 392, 'parity', [0, 1], 0, 13, 1, 1)
(354, 392, 'or', [0, 1], 0, 11, 1, 1)
(354, 392, 'or', [0, 1], 0, 13, 1, 1)
(354, 393, 'parity', [0, 1], 0, 11, 1, 1)
(354, 393, 'parity', [0, 1], 0, 13, 1, 1)
(354, 393, 'or', [0, 1], 0, 11, 1, 1)
(354, 393, 'or', [0, 1], 0, 13, 1, 1)
(354, 394, 'parity', [0, 1], 0, 11, 1, 1)
(354, 394, 'parity', [0, 1], 0, 13, 1, 1)
(354, 394, 'or', [0, 1], 0, 11, 1, 1)
(354, 394, 'or', [0, 1], 0, 13, 1, 1)
(354, 395, 'parity', [0, 1], 0, 11, 1, 1)
(354, 395, 'parity', [0, 1], 0, 13, 1, 1)
(354, 395, 'or', [0, 1], 0, 11, 1, 1)
(354, 395, 'or', [0, 1], 0, 13, 1, 1)
(354, 423, 'parity', [0, 1], 0, 11, 4, -3)
(354, 423, 'parity', [0, 1], 0, 13, 5, -3)
(354, 423, 'or', [0, 1], 0, 11, 4, -3)
(354, 423, 'or', [0, 1], 0, 13, 5, -3)
(354, 424, 'parity', [0, 1], 0, 11, 4, -3)
(354, 424, 'parity', [0, 1], 0, 13, 5, -3)
(354, 424, 'or', [0, 1], 0, 11, 4, -3)
(354, 424, 'or', [0, 1], 0, 13, 5, -3)
(354, 425, 'parity', [0, 1], 0, 11, 4, -3)
(354, 425, 'parity', [0, 1], 0, 13, 5, -3)
(354, 425, 'or', [0, 1], 0, 11, 4, -3)
(354, 425, 'or', [0, 1], 0, 13, 5, -3)
(354, 426, 'parity', [0, 1], 0, 11, 4, -3)
(354, 426, 'parity', [0, 1], 0, 13, 5, -3)
(354, 426, 'or', [0, 1], 0, 11, 4, -3)
(354, 426, 'or', [0, 1], 0, 13, 5, -3)
(354, 427, 'parity', [0, 1], 0, 11, 4, -3)
(354, 427, 'parity', [0, 1], 0, 13, 5, -3)
(354, 427, 'or', [0, 1], 0, 11, 4, -3)
(354, 427, 'or', [0, 1], 0, 13, 5, -3)
(352, 387, 'parity', [0, 1], 0, 11, 1, 1)
(352, 387, 'parity', [0, 1], 0, 13, 1, 1)
(352, 387, 'or', [0, 1], 0, 11, 1, 1)
(352, 387, 'or', [0, 1], 0, 13, 1, 1)
(352, 388, 'parity', [0, 1], 0, 11, 1, 1)
(352, 388, 'parity', [0, 1], 0, 13, 1, 1)
(352, 388, 'or', [0, 1], 0, 11, 1, 1)
(352, 388, 'or', [0, 1], 0, 13, 1, 1)
(352, 389, 'parity', [0, 1], 0, 11, 1, 1)
(352, 389, 'parity', [0, 1], 0, 13, 1, 1)
(352, 389, 'or', [0, 1], 0, 11, 1, 1)
(352, 389, 'or', [0, 1], 0, 13, 1, 1)
(352, 390, 'parity', [0, 1], 0, 11, 1, 1)
(352, 390, 'parity', [0, 1], 0, 13, 1, 1)
(352, 390, 'or', [0, 1], 0, 11, 1, 1)
(352, 390, 'or', [0, 1], 0, 13, 1, 1)
(352, 391, 'parity', [0, 1], 0, 11, 1, 1)
(352, 391, 'parity', [0, 1], 0, 13, 1, 1)
(352, 391, 'or', [0, 1], 0, 11, 1, 1)
(352, 391, 'or', [0, 1], 0, 13, 1, 1)
(352, 392, 'parity', [0, 1], 0, 11, 1, 1)
(352, 392, 'parity', [0, 1], 0, 13, 1, 1)
(352, 392, 'or', [0, 1], 0, 11, 1, 1)
(352, 392, 'or', [0, 1], 0, 13, 1, 1)
(352, 393, 'parity', [0, 1], 0, 11, 1, 1)
(352, 393, 'parity', [0, 1], 0, 13, 1, 1)
(352, 393, 'or', [0, 1], 0, 11, 1, 1)
(352, 393, 'or', [0, 1], 0, 13, 1, 1)
(352, 394, 'parity', [0, 1], 0, 11, 1, 1)
(352, 394, 'parity', [0, 1], 0, 13, 1, 1)
(352, 394, 'or', [0, 1], 0, 11, 1, 1)
(352, 394, 'or', [0, 1], 0, 13, 1, 1)
(352, 395, 'parity', [0, 1], 0, 11, 1, 1)
(352, 395, 'parity', [0, 1], 0, 13, 1, 1)
(352, 395, 'or', [0, 1], 0, 11, 1, 1)
(352, 395, 'or', [0, 1], 0, 13, 1, 1)
(352, 423, 'parity', [0, 1], 0, 11, 4, -3)
(352, 423, 'parity', [0, 1], 0, 13, 5, -3)
(352, 423, 'or', [0, 1], 0, 11, 4, -3)
(352, 423, 'or', [0, 1], 0, 13, 5, -3)
(352, 424, 'parity', [0, 1], 0, 11, 4, -3)
(352, 424, 'parity', [0, 1], 0, 13, 5, -3)
(352, 424, 'or', [0, 1], 0, 11, 4, -3)
(352, 424, 'or', [0, 1], 0, 13, 5, -3)
(352, 425, 'parity', [0], 2, 11, 1, 1)
(352, 425, 'parity', [0], 2, 13, 1, 1)
(352, 425, 'parity', [0, 1], 0, 11, 4, -3)
(352, 425, 'parity', [0, 1], 0, 13, 5, -3)
(352, 425, 'or', [0], 2, 11, 1, 1)
(352, 425, 'or', [0], 2, 13, 1, 1)
(352, 425, 'or', [0, 1], 0, 11, 4, -3)
(352, 425, 'or', [0, 1], 0, 13, 5, -3)
(352, 426, 'parity', [0, 1], 0, 11, 4, -3)
(352, 426, 'parity', [0, 1], 0, 13, 5, -3)
(352, 426, 'or', [0, 1], 0, 11, 4, -3)
(352, 426, 'or', [0, 1], 0, 13, 5, -3)
(352, 427, 'parity', [0, 1], 0, 11, 4, -3)
(352, 427, 'parity', [0, 1], 0, 13, 5, -3)
(352, 427, 'or', [0, 1], 0, 11, 4, -3)
(352, 427, 'or', [0, 1], 0, 13, 5, -3)
(352, 428, 'parity', [0, 1], 0, 11, 4, -3)
(352, 428, 'parity', [0, 1], 0, 13, 5, -3)
(352, 428, 'or', [0, 1], 0, 11, 4, -3)
(352, 428, 'or', [0, 1], 0, 13, 5, -3)
(352, 429, 'parity', [0, 1], 0, 11, 4, -3)
(352, 429, 'parity', [0, 1], 0, 13, 5, -3)
(352, 429, 'or', [0, 1], 0, 11, 4, -3)
(352, 429, 'or', [0, 1], 0, 13, 5, -3)
(352, 430, 'parity', [0, 1], 0, 11, 4, -3)
(352, 430, 'parity', [0, 1], 0, 13, 5, -3)
(352, 430, 'or', [0, 1], 0, 11, 4, -3)
(352, 430, 'or', [0, 1], 0, 13, 5, -3)
(352, 431, 'parity', [0], 2, 11, 1, 1)
(352, 431, 'parity', [0], 2, 13, 1, 1)
(352, 431, 'parity', [0, 1], 0, 11, 4, -3)
(352, 431, 'parity', [0, 1], 0, 13, 5, -3)
(352, 431, 'or', [0], 2, 11, 1, 1)
(352, 431, 'or', [0], 2, 13, 1, 1)
(352, 431, 'or', [0, 1], 0, 11, 4, -3)
(352, 431, 'or', [0, 1], 0, 13, 5, -3)
(352, 460, 'parity', [0], 2, 11, 1, -1)
(352, 460, 'parity', [0], 2, 13, 1, -1)
(352, 460, 'or', [0], 2, 11, 1, -1)
(352, 460, 'or', [0], 2, 13, 1, -1)
(352, 466, 'parity', [0], 2, 11, 1, -1)
(352, 466, 'parity', [0], 2, 13, 1, -1)
(352, 466, 'or', [0], 2, 11, 1, -1)
(352, 466, 'or', [0], 2, 13, 1, -1)
(352, 532, 'parity', [0], 2, 11, 1, 1)
(352, 532, 'parity', [0], 2, 13, 1, 1)
(352, 532, 'or', [0], 2, 11, 1, 1)
(352, 532, 'or', [0], 2, 13, 1, 1)
(352, 538, 'parity', [0], 2, 11, 1, 1)
(352, 538, 'parity', [0], 2, 13, 1, 1)
(352, 538, 'or', [0], 2, 11, 1, 1)
(352, 538, 'or', [0], 2, 13, 1, 1)
(357, 567, 'parity', [0, 1], 0, 11, 4, 3)
(357, 567, 'parity', [0, 1], 0, 13, 5, 3)
(357, 567, 'or', [0, 1], 0, 11, 4, 3)
(357, 567, 'or', [0, 1], 0, 13, 5, 3)
(357, 568, 'parity', [0, 1], 0, 11, 4, 3)
(357, 568, 'parity', [0, 1], 0, 13, 5, 3)
(357, 568, 'or', [0, 1], 0, 11, 4, 3)
(357, 568, 'or', [0, 1], 0, 13, 5, 3)
(357, 569, 'parity', [0, 1], 0, 11, 4, 3)
(357, 569, 'parity', [0, 1], 0, 13, 5, 3)
(357, 569, 'or', [0, 1], 0, 11, 4, 3)
(357, 569, 'or', [0, 1], 0, 13, 5, 3)
(357, 570, 'parity', [0, 1], 0, 11, 4, 3)
(357, 570, 'parity', [0, 1], 0, 13, 5, 3)
(357, 570, 'or', [0, 1], 0, 11, 4, 3)
(357, 570, 'or', [0, 1], 0, 13, 5, 3)
(357, 571, 'parity', [0, 1], 0, 11, 4, 3)
(357, 571, 'parity', [0, 1], 0, 13, 5, 3)
(357, 571, 'or', [0, 1], 0, 11, 4, 3)
(357, 571, 'or', [0, 1], 0, 13, 5, 3)
(357, 572, 'parity', [0, 1], 0, 11, 4, 3)
(357, 572, 'parity', [0, 1], 0, 13, 5, 3)
(357, 572, 'or', [0, 1], 0, 11, 4, 3)
(357, 572, 'or', [0, 1], 0, 13, 5, 3)
(357, 573, 'parity', [0, 1], 0, 11, 4, 3)
(357, 573, 'parity', [0, 1], 0, 13, 5, 3)
(357, 573, 'or', [0, 1], 0, 11, 4, 3)
(357, 573, 'or', [0, 1], 0, 13, 5, 3)
(357, 574, 'parity', [0, 1], 0, 11, 4, 3)
(357, 574, 'parity', [0, 1], 0, 13, 5, 3)
(357, 574, 'or', [0, 1], 0, 11, 4, 3)
(357, 574, 'or', [0, 1], 0, 13, 5, 3)
(357, 575, 'parity', [0, 1], 0, 11, 4, 3)
(357, 575, 'parity', [0, 1], 0, 13, 5, 3)
(357, 575, 'or', [0, 1], 0, 11, 4, 3)
(357, 575, 'or', [0, 1], 0, 13, 5, 3)
(357, 603, 'parity', [0, 1], 0, 11, 1, -1)
(357, 603, 'parity', [0, 1], 0, 13, 1, -1)
(357, 603, 'or', [0, 1], 0, 11, 1, -1)
(357, 603, 'or', [0, 1], 0, 13, 1, -1)
(357, 604, 'parity', [0, 1], 0, 11, 1, -1)
(357, 604, 'parity', [0, 1], 0, 13, 1, -1)
(357, 604, 'or', [0, 1], 0, 11, 1, -1)
(357, 604, 'or', [0, 1], 0, 13, 1, -1)
(357, 605, 'parity', [0, 1], 0, 11, 1, -1)
(357, 605, 'parity', [0, 1], 0, 13, 1, -1)
(357, 605, 'or', [0, 1], 0, 11, 1, -1)
(357, 605, 'or', [0, 1], 0, 13, 1, -1)
(357, 606, 'parity', [0, 1], 0, 11, 1, -1)
(357, 606, 'parity', [0, 1], 0, 13, 1, -1)
(357, 606, 'or', [0, 1], 0, 11, 1, -1)
(357, 606, 'or', [0, 1], 0, 13, 1, -1)
(357, 607, 'parity', [0, 1], 0, 11, 1, -1)
(357, 607, 'parity', [0, 1], 0, 13, 1, -1)
(357, 607, 'or', [0, 1], 0, 11, 1, -1)
(357, 607, 'or', [0, 1], 0, 13, 1, -1)
(357, 608, 'parity', [0, 1], 0, 11, 1, -1)
(357, 608, 'parity', [0, 1], 0, 13, 1, -1)
(357, 608, 'or', [0, 1], 0, 11, 1, -1)
(357, 608, 'or', [0, 1], 0, 13, 1, -1)
(357, 609, 'parity', [0, 1], 0, 11, 1, -1)
(357, 609, 'parity', [0, 1], 0, 13, 1, -1)
(357, 609, 'or', [0, 1], 0, 11, 1, -1)
(357, 609, 'or', [0, 1], 0, 13, 1, -1)
(357, 610, 'parity', [0, 1], 0, 11, 1, -1)
(357, 610, 'parity', [0, 1], 0, 13, 1, -1)
(357, 610, 'or', [0, 1], 0, 11, 1, -1)
(357, 610, 'or', [0, 1], 0, 13, 1, -1)
(357, 611, 'parity', [0, 1], 0, 11, 1, -1)
(357, 611, 'parity', [0, 1], 0, 13, 1, -1)
(357, 611, 'or', [0, 1], 0, 11, 1, -1)
(357, 611, 'or', [0, 1], 0, 13, 1, -1)
(358, 387, 'parity', [0, 1], 0, 11, 1, 1)
(358, 387, 'parity', [0, 1], 0, 13, 1, 1)
(358, 387, 'or', [0, 1], 0, 11, 1, 1)
(358, 387, 'or', [0, 1], 0, 13, 1, 1)
(355, 567, 'parity', [0, 1], 0, 11, 4, 3)
(355, 567, 'parity', [0, 1], 0, 13, 5, 3)
(355, 567, 'or', [0, 1], 0, 11, 4, 3)
(355, 567, 'or', [0, 1], 0, 13, 5, 3)
(355, 568, 'parity', [0, 1], 0, 11, 4, 3)
(355, 568, 'parity', [0, 1], 0, 13, 5, 3)
(355, 568, 'or', [0, 1], 0, 11, 4, 3)
(355, 568, 'or', [0, 1], 0, 13, 5, 3)
(355, 569, 'parity', [0], 2, 11, 1, -1)
(355, 569, 'parity', [0], 2, 13, 1, -1)
(355, 569, 'parity', [0, 1], 0, 11, 4, 3)
(355, 569, 'parity', [0, 1], 0, 13, 5, 3)
(355, 569, 'or', [0], 2, 11, 1, -1)
(355, 569, 'or', [0], 2, 13, 1, -1)
(355, 569, 'or', [0, 1], 0, 11, 4, 3)
(355, 569, 'or', [0, 1], 0, 13, 5, 3)
(355, 570, 'parity', [0, 1], 0, 11, 4, 3)
(355, 570, 'parity', [0, 1], 0, 13, 5, 3)
(355, 570, 'or', [0, 1], 0, 11, 4, 3)
(355, 570, 'or', [0, 1], 0, 13, 5, 3)
(355, 571, 'parity', [0, 1], 0, 11, 4, 3)
(355, 571, 'parity', [0, 1], 0, 13, 5, 3)
(355, 571, 'or', [0, 1], 0, 11, 4, 3)
(355, 571, 'or', [0, 1], 0, 13, 5, 3)
(355, 572, 'parity', [0, 1], 0, 11, 4, 3)
(355, 572, 'parity', [0, 1], 0, 13, 5, 3)
(355, 572, 'or', [0, 1], 0, 11, 4, 3)
(355, 572, 'or', [0, 1], 0, 13, 5, 3)
(355, 573, 'parity', [0, 1], 0, 11, 4, 3)
(355, 573, 'parity', [0, 1], 0, 13, 5, 3)
(355, 573, 'or', [0, 1], 0, 11, 4, 3)
(355, 573, 'or', [0, 1], 0, 13, 5, 3)
(355, 574, 'parity', [0, 1], 0, 11, 4, 3)
(355, 574, 'parity', [0, 1], 0, 13, 5, 3)
(355, 574, 'or', [0, 1], 0, 11, 4, 3)
(355, 574, 'or', [0, 1], 0, 13, 5, 3)
(355, 575, 'parity', [0], 2, 11, 1, -1)
(355, 575, 'parity', [0], 2, 13, 1, -1)
(355, 575, 'parity', [0, 1], 0, 11, 4, 3)
(355, 575, 'parity', [0, 1], 0, 13, 5, 3)
(355, 575, 'or', [0], 2, 11, 1, -1)
(355, 575, 'or', [0], 2, 13, 1, -1)
(355, 575, 'or', [0, 1], 0, 11, 4, 3)
(355, 575, 'or', [0, 1], 0, 13, 5, 3)
(355, 603, 'parity', [0, 1], 0, 11, 1, -1)
(355, 603, 'parity', [0, 1], 0, 13, 1, -1)
(355, 603, 'or', [0, 1], 0, 11, 1, -1)
(355, 603, 'or', [0, 1], 0, 13, 1, -1)
(355, 604, 'parity', [0, 1], 0, 11, 1, -1)
(355, 604, 'parity', [0, 1], 0, 13, 1, -1)
(355, 604, 'or', [0, 1], 0, 11, 1, -1)
(355, 604, 'or', [0, 1], 0, 13, 1, -1)
(355, 605, 'parity', [0, 1], 0, 11, 1, -1)
(355, 605, 'parity', [0, 1], 0, 13, 1, -1)
(355, 605, 'or', [0, 1], 0, 11, 1, -1)
(355, 605, 'or', [0, 1], 0, 13, 1, -1)
(355, 606, 'parity', [0, 1], 0, 11, 1, -1)
(355, 606, 'parity', [0, 1], 0, 13, 1, -1)
(355, 606, 'or', [0, 1], 0, 11, 1, -1)
(355, 606, 'or', [0, 1], 0, 13, 1, -1)
(355, 607, 'parity', [0, 1], 0, 11, 1, -1)
(355, 607, 'parity', [0, 1], 0, 13, 1, -1)
(355, 607, 'or', [0, 1], 0, 11, 1, -1)
(355, 607, 'or', [0, 1], 0, 13, 1, -1)
(355, 608, 'parity', [0, 1], 0, 11, 1, -1)
(355, 608, 'parity', [0, 1], 0, 13, 1, -1)
(355, 608, 'or', [0, 1], 0, 11, 1, -1)
(355, 608, 'or', [0, 1], 0, 13, 1, -1)
(355, 609, 'parity', [0, 1], 0, 11, 1, -1)
(355, 609, 'parity', [0, 1], 0, 13, 1, -1)
(355, 609, 'or', [0, 1], 0, 11, 1, -1)
(355, 609, 'or', [0, 1], 0, 13, 1, -1)
(355, 610, 'parity', [0, 1], 0, 11, 1, -1)
(355, 610, 'parity', [0, 1], 0, 13, 1, -1)
(355, 610, 'or', [0, 1], 0, 11, 1, -1)
(355, 610, 'or', [0, 1], 0, 13, 1, -1)
(355, 611, 'parity', [0, 1], 0, 11, 1, -1)
(355, 611, 'parity', [0, 1], 0, 13, 1, -1)
(355, 611, 'or', [0, 1], 0, 11, 1, -1)
(355, 611, 'or', [0, 1], 0, 13, 1, -1)
(355, 647, 'parity', [0], 2, 11, 1, 1)
(355, 647, 'parity', [0], 2, 13, 1, 1)
(355, 647, 'parity', [1], 1, 11, 1, -1)
(355, 647, 'parity', [1], 1, 13, 1, -1)
(355, 647, 'or', [0], 2, 11, 1, 1)
(355, 647, 'or', [0], 2, 13, 1, 1)
(355, 647, 'or', [1], 1, 11, 1, -1)
(355, 647, 'or', [1], 1, 13, 1, -1)
(356, 387, 'parity', [0, 1], 0, 11, 1, 1)
(356, 387, 'parity', [0, 1], 0, 13, 1, 1)
(356, 387, 'or', [0, 1], 0, 11, 1, 1)
(356, 387, 'or', [0, 1], 0, 13, 1, 1)
(356, 388, 'parity', [0, 1], 0, 11, 1, 1)
(356, 388, 'parity', [0, 1], 0, 13, 1, 1)
(356, 388, 'or', [0, 1], 0, 11, 1, 1)
(356, 388, 'or', [0, 1], 0, 13, 1, 1)
(356, 389, 'parity', [0, 1], 0, 11, 1, 1)
(356, 389, 'parity', [0, 1], 0, 13, 1, 1)
(356, 389, 'or', [0, 1], 0, 11, 1, 1)
(356, 389, 'or', [0, 1], 0, 13, 1, 1)
(356, 390, 'parity', [0, 1], 0, 11, 1, 1)
(356, 390, 'parity', [0, 1], 0, 13, 1, 1)
(356, 390, 'or', [0, 1], 0, 11, 1, 1)
(356, 390, 'or', [0, 1], 0, 13, 1, 1)
(356, 391, 'parity', [0, 1], 0, 11, 1, 1)
(356, 391, 'parity', [0, 1], 0, 13, 1, 1)
(356, 391, 'or', [0, 1], 0, 11, 1, 1)
(356, 391, 'or', [0, 1], 0, 13, 1, 1)
(356, 392, 'parity', [0, 1], 0, 11, 1, 1)
(356, 392, 'parity', [0, 1], 0, 13, 1, 1)
(356, 392, 'or', [0, 1], 0, 11, 1, 1)
(356, 392, 'or', [0, 1], 0, 13, 1, 1)
(356, 393, 'parity', [0, 1], 0, 11, 1, 1)
(356, 393, 'parity', [0, 1], 0, 13, 1, 1)
(356, 393, 'or', [0, 1], 0, 11, 1, 1)
(356, 393, 'or', [0, 1], 0, 13, 1, 1)
(356, 394, 'parity', [0, 1], 0, 11, 1, 1)
(356, 394, 'parity', [0, 1], 0, 13, 1, 1)
(356, 394, 'or', [0, 1], 0, 11, 1, 1)
(356, 394, 'or', [0, 1], 0, 13, 1, 1)
(356, 395, 'parity', [0, 1], 0, 11, 1, 1)
(356, 395, 'parity', [0, 1], 0, 13, 1, 1)
(356, 395, 'or', [0, 1], 0, 11, 1, 1)
(356, 395, 'or', [0, 1], 0, 13, 1, 1)
(356, 423, 'parity', [0, 1], 0, 11, 4, -3)
(356, 423, 'parity', [0, 1], 0, 13, 5, -3)
(356, 423, 'or', [0, 1], 0, 11, 4, -3)
(356, 423, 'or', [0, 1], 0, 13, 5, -3)
(356, 424, 'parity', [0, 1], 0, 11, 4, -3)
(356, 424, 'parity', [0, 1], 0, 13, 5, -3)
(356, 424, 'or', [0, 1], 0, 11, 4, -3)
(356, 424, 'or', [0, 1], 0, 13, 5, -3)
(356, 425, 'parity', [0, 1], 0, 11, 4, -3)
(356, 425, 'parity', [0, 1], 0, 13, 5, -3)
(356, 425, 'or', [0, 1], 0, 11, 4, -3)
(356, 425, 'or', [0, 1], 0, 13, 5, -3)
(356, 426, 'parity', [0, 1], 0, 11, 4, -3)
(356, 426, 'parity', [0, 1], 0, 13, 5, -3)
(356, 426, 'or', [0, 1], 0, 11, 4, -3)
(356, 426, 'or', [0, 1], 0, 13, 5, -3)
(356, 427, 'parity', [0, 1], 0, 11, 4, -3)
(356, 427, 'parity', [0, 1], 0, 13, 5, -3)
(356, 427, 'or', [0, 1], 0, 11, 4, -3)
(356, 427, 'or', [0, 1], 0, 13, 5, -3)
(356, 428, 'parity', [0, 1], 0, 11, 4, -3)
(356, 428, 'parity', [0, 1], 0, 13, 5, -3)
(356, 428, 'or', [0, 1], 0, 11, 4, -3)
(356, 428, 'or', [0, 1], 0, 13, 5, -3)
(356, 429, 'parity', [0, 1], 0, 11, 4, -3)
(356, 429, 'parity', [0, 1], 0, 13, 5, -3)
(356, 429, 'or', [0, 1], 0, 11, 4, -3)
(356, 429, 'or', [0, 1], 0, 13, 5, -3)
(356, 430, 'parity', [0, 1], 0, 11, 4, -3)
(356, 430, 'parity', [0, 1], 0, 13, 5, -3)
(356, 430, 'or', [0, 1], 0, 11, 4, -3)
(356, 430, 'or', [0, 1], 0, 13, 5, -3)
(356, 431, 'parity', [0, 1], 0, 11, 4, -3)
(356, 431, 'parity', [0, 1], 0, 13, 5, -3)
(356, 431, 'or', [0, 1], 0, 11, 4, -3)
(356, 431, 'or', [0, 1], 0, 13, 5, -3)
(355, 387, 'parity', [0, 1], 0, 11, 1, 1)
(355, 387, 'parity', [0, 1], 0, 13, 1, 1)
(355, 387, 'or', [0, 1], 0, 11, 1, 1)
(355, 387, 'or', [0, 1], 0, 13, 1, 1)
(355, 388, 'parity', [0, 1], 0, 11, 1, 1)
(355, 388, 'parity', [0, 1], 0, 13, 1, 1)
(355, 388, 'or', [0, 1], 0, 11, 1, 1)
(355, 388, 'or', [0, 1], 0, 13, 1, 1)
(355, 389, 'parity', [0, 1], 0, 11, 1, 1)
(355, 389, 'parity', [0, 1], 0, 13, 1, 1)
(355, 389, 'or', [0, 1], 0, 11, 1, 1)
(355, 389, 'or', [0, 1], 0, 13, 1, 1)
(355, 390, 'parity', [0, 1], 0, 11, 1, 1)
(355, 390, 'parity', [0, 1], 0, 13, 1, 1)
(355, 390, 'or', [0, 1], 0, 11, 1, 1)
(355, 390, 'or', [0, 1], 0, 13, 1, 1)
(355, 391, 'parity', [0, 1], 0, 11, 1, 1)
(355, 391, 'parity', [0, 1], 0, 13, 1, 1)
(355, 391, 'or', [0, 1], 0, 11, 1, 1)
(355, 391, 'or', [0, 1], 0, 13, 1, 1)
(355, 392, 'parity', [0, 1], 0, 11, 1, 1)
(355, 392, 'parity', [0, 1], 0, 13, 1, 1)
(355, 392, 'or', [0, 1], 0, 11, 1, 1)
(355, 392, 'or', [0, 1], 0, 13, 1, 1)
(355, 393, 'parity', [0, 1], 0, 11, 1, 1)
(355, 393, 'parity', [0, 1], 0, 13, 1, 1)
(355, 393, 'or', [0, 1], 0, 11, 1, 1)
(355, 393, 'or', [0, 1], 0, 13, 1, 1)
(355, 394, 'parity', [0, 1], 0, 11, 1, 1)
(355, 394, 'parity', [0, 1], 0, 13, 1, 1)
(355, 394, 'or', [0, 1], 0, 11, 1, 1)
(355, 394, 'or', [0, 1], 0, 13, 1, 1)
(355, 395, 'parity', [0, 1], 0, 11, 1, 1)
(355, 395, 'parity', [0, 1], 0, 13, 1, 1)
(355, 395, 'or', [0, 1], 0, 11, 1, 1)
(355, 395, 'or', [0, 1], 0, 13, 1, 1)
(355, 423, 'parity', [0, 1], 0, 11, 4, -3)
(355, 423, 'parity', [0, 1], 0, 13, 5, -3)
(355, 423, 'or', [0, 1], 0, 11, 4, -3)
(355, 423, 'or', [0, 1], 0, 13, 5, -3)
(355, 424, 'parity', [0, 1], 0, 11, 4, -3)
(355, 424, 'parity', [0, 1], 0, 13, 5, -3)
(355, 424, 'or', [0, 1], 0, 11, 4, -3)
(355, 424, 'or', [0, 1], 0, 13, 5, -3)
(355, 425, 'parity', [0], 2, 11, 1, 1)
(355, 425, 'parity', [0], 2, 13, 1, 1)
(355, 425, 'parity', [0, 1], 0, 11, 4, -3)
(355, 425, 'parity', [0, 1], 0, 13, 5, -3)
(355, 425, 'or', [0], 2, 11, 1, 1)
(355, 425, 'or', [0], 2, 13, 1, 1)
(355, 425, 'or', [0, 1], 0, 11, 4, -3)
(355, 425, 'or', [0, 1], 0, 13, 5, -3)
(355, 426, 'parity', [0, 1], 0, 11, 4, -3)
(355, 426, 'parity', [0, 1], 0, 13, 5, -3)
(355, 426, 'or', [0, 1], 0, 11, 4, -3)
(355, 426, 'or', [0, 1], 0, 13, 5, -3)
(355, 427, 'parity', [0, 1], 0, 11, 4, -3)
(355, 427, 'parity', [0, 1], 0, 13, 5, -3)
(355, 427, 'or', [0, 1], 0, 11, 4, -3)
(355, 427, 'or', [0, 1], 0, 13, 5, -3)
(355, 428, 'parity', [0, 1], 0, 11, 4, -3)
(355, 428, 'parity', [0, 1], 0, 13, 5, -3)
(355, 428, 'or', [0, 1], 0, 11, 4, -3)
(355, 428, 'or', [0, 1], 0, 13, 5, -3)
(355, 429, 'parity', [0, 1], 0, 11, 4, -3)
(355, 429, 'parity', [0, 1], 0, 13, 5, -3)
(355, 429, 'or', [0, 1], 0, 11, 4, -3)
(355, 429, 'or', [0, 1], 0, 13, 5, -3)
(355, 430, 'parity', [0, 1], 0, 11, 4, -3)
(355, 430, 'parity', [0, 1], 0, 13, 5, -3)
(355, 430, 'or', [0, 1], 0, 11, 4, -3)
(355, 430, 'or', [0, 1], 0, 13, 5, -3)
(355, 431, 'parity', [0], 2, 11, 1, 1)
(355, 431, 'parity', [0], 2, 13, 1, 1)
(355, 431, 'parity', [0, 1], 0, 11, 4, -3)
(355, 431, 'parity', [0, 1], 0, 13, 5, -3)
(355, 431, 'or', [0], 2, 11, 1, 1)
(355, 431, 'or', [0], 2, 13, 1, 1)
(355, 431, 'or', [0, 1], 0, 11, 4, -3)
(355, 431, 'or', [0, 1], 0, 13, 5, -3)
(355, 460, 'parity', [0], 2, 11, 1, -1)
(355, 460, 'parity', [0], 2, 13, 1, -1)
(355, 460, 'or', [0], 2, 11, 1, -1)
(355, 460, 'or', [0], 2, 13, 1, -1)
(355, 466, 'parity', [0], 2, 11, 1, -1)
(355, 466, 'parity', [0], 2, 13, 1, -1)
(355, 466, 'or', [0], 2, 11, 1, -1)
(355, 466, 'or', [0], 2, 13, 1, -1)
(355, 532, 'parity', [0], 2, 11, 1, 1)
(355, 532, 'parity', [0], 2, 13, 1, 1)
(355, 532, 'or', [0], 2, 11, 1, 1)
(355, 532, 'or', [0], 2, 13, 1, 1)
(355, 538, 'parity', [0], 2, 11, 1, 1)
(355, 538, 'parity', [0], 2, 13, 1, 1)
(355, 538, 'or', [0], 2, 11, 1, 1)
(355, 538, 'or', [0], 2, 13, 1, 1)
(358, 388, 'parity', [0, 1], 0, 11, 1, 1)
(358, 388, 'parity', [0, 1], 0, 13, 1, 1)
(358, 388, 'or', [0, 1], 0, 11, 1, 1)
(358, 388, 'or', [0, 1], 0, 13, 1, 1)
(358, 389, 'parity', [0, 1], 0, 11, 1, 1)
(358, 389, 'parity', [0, 1], 0, 13, 1, 1)
(358, 389, 'or', [0, 1], 0, 11, 1, 1)
(358, 389, 'or', [0, 1], 0, 13, 1, 1)
(358, 390, 'parity', [0, 1], 0, 11, 1, 1)
(358, 390, 'parity', [0, 1], 0, 13, 1, 1)
(358, 390, 'or', [0, 1], 0, 11, 1, 1)
(358, 390, 'or', [0, 1], 0, 13, 1, 1)
(358, 391, 'parity', [0, 1], 0, 11, 1, 1)
(358, 391, 'parity', [0, 1], 0, 13, 1, 1)
(358, 391, 'or', [0, 1], 0, 11, 1, 1)
(358, 391, 'or', [0, 1], 0, 13, 1, 1)
(358, 392, 'parity', [0, 1], 0, 11, 1, 1)
(358, 392, 'parity', [0, 1], 0, 13, 1, 1)
(358, 392, 'or', [0, 1], 0, 11, 1, 1)
(358, 392, 'or', [0, 1], 0, 13, 1, 1)
(358, 393, 'parity', [0, 1], 0, 11, 1, 1)
(358, 393, 'parity', [0, 1], 0, 13, 1, 1)
(358, 393, 'or', [0, 1], 0, 11, 1, 1)
(358, 393, 'or', [0, 1], 0, 13, 1, 1)
(358, 394, 'parity', [0, 1], 0, 11, 1, 1)
(358, 394, 'parity', [0, 1], 0, 13, 1, 1)
(358, 394, 'or', [0, 1], 0, 11, 1, 1)
(358, 394, 'or', [0, 1], 0, 13, 1, 1)
(358, 395, 'parity', [0, 1], 0, 11, 1, 1)
(358, 395, 'parity', [0, 1], 0, 13, 1, 1)
(358, 395, 'or', [0, 1], 0, 11, 1, 1)
(358, 395, 'or', [0, 1], 0, 13, 1, 1)
(358, 423, 'parity', [0, 1], 0, 11, 4, -3)
(358, 423, 'parity', [0, 1], 0, 13, 5, -3)
(358, 423, 'or', [0, 1], 0, 11, 4, -3)
(358, 423, 'or', [0, 1], 0, 13, 5, -3)
(358, 424, 'parity', [0, 1], 0, 11, 4, -3)
(358, 424, 'parity', [0, 1], 0, 13, 5, -3)
(358, 424, 'or', [0, 1], 0, 11, 4, -3)
(358, 424, 'or', [0, 1], 0, 13, 5, -3)
(358, 425, 'parity', [0, 1], 0, 11, 4, -3)
(358, 425, 'parity', [0, 1], 0, 13, 5, -3)
(358, 425, 'or', [0, 1], 0, 11, 4, -3)
(358, 425, 'or', [0, 1], 0, 13, 5, -3)
(358, 426, 'parity', [0, 1], 0, 11, 4, -3)
(358, 426, 'parity', [0, 1], 0, 13, 5, -3)
(358, 426, 'or', [0, 1], 0, 11, 4, -3)
(358, 426, 'or', [0, 1], 0, 13, 5, -3)
(358, 427, 'parity', [0, 1], 0, 11, 4, -3)
(358, 427, 'parity', [0, 1], 0, 13, 5, -3)
(358, 427, 'or', [0, 1], 0, 11, 4, -3)
(358, 427, 'or', [0, 1], 0, 13, 5, -3)
(358, 428, 'parity', [0, 1], 0, 11, 4, -3)
(358, 428, 'parity', [0, 1], 0, 13, 5, -3)
(358, 428, 'or', [0, 1], 0, 11, 4, -3)
(358, 428, 'or', [0, 1], 0, 13, 5, -3)
(358, 429, 'parity', [0, 1], 0, 11, 4, -3)
(358, 429, 'parity', [0, 1], 0, 13, 5, -3)
(358, 429, 'or', [0, 1], 0, 11, 4, -3)
(358, 429, 'or', [0, 1], 0, 13, 5, -3)
(358, 430, 'parity', [0, 1], 0, 11, 4, -3)
(358, 430, 'parity', [0, 1], 0, 13, 5, -3)
(358, 430, 'or', [0, 1], 0, 11, 4, -3)
(358, 430, 'or', [0, 1], 0, 13, 5, -3)
(358, 431, 'parity', [0, 1], 0, 11, 4, -3)
(358, 431, 'parity', [0, 1], 0, 13, 5, -3)
(358, 431, 'or', [0, 1], 0, 11, 4, -3)
(358, 431, 'or', [0, 1], 0, 13, 5, -3)
(358, 567, 'parity', [0, 1], 0, 11, 4, 3)
(358, 567, 'parity', [0, 1], 0, 13, 5, 3)
(358, 567, 'or', [0, 1], 0, 11, 4, 3)
(358, 567, 'or', [0, 1], 0, 13, 5, 3)
(358, 568, 'parity', [0, 1], 0, 11, 4, 3)
(358, 568, 'parity', [0, 1], 0, 13, 5, 3)
(358, 568, 'or', [0, 1], 0, 11, 4, 3)
(358, 568, 'or', [0, 1], 0, 13, 5, 3)
(358, 569, 'parity', [0, 1], 0, 11, 4, 3)
(358, 569, 'parity', [0, 1], 0, 13, 5, 3)
(358, 569, 'or', [0, 1], 0, 11, 4, 3)
(358, 569, 'or', [0, 1], 0, 13, 5, 3)
(358, 570, 'parity', [0, 1], 0, 11, 4, 3)
(358, 570, 'parity', [0, 1], 0, 13, 5, 3)
(358, 570, 'or', [0, 1], 0, 11, 4, 3)
(358, 570, 'or', [0, 1], 0, 13, 5, 3)
(358, 571, 'parity', [0, 1], 0, 11, 4, 3)
(358, 571, 'parity', [0, 1], 0, 13, 5, 3)
(358, 571, 'or', [0, 1], 0, 11, 4, 3)
(358, 571, 'or', [0, 1], 0, 13, 5, 3)
(358, 572, 'parity', [0, 1], 0, 11, 4, 3)
(358, 572, 'parity', [0, 1], 0, 13, 5, 3)
(358, 572, 'or', [0, 1], 0, 11, 4, 3)
(358, 572, 'or', [0, 1], 0, 13, 5, 3)
(358, 573, 'parity', [0, 1], 0, 11, 4, 3)
(358, 573, 'parity', [0, 1], 0, 13, 5, 3)
(358, 573, 'or', [0, 1], 0, 11, 4, 3)
(358, 573, 'or', [0, 1], 0, 13, 5, 3)
(358, 574, 'parity', [0, 1], 0, 11, 4, 3)
(358, 574, 'parity', [0, 1], 0, 13, 5, 3)
(358, 574, 'or', [0, 1], 0, 11, 4, 3)
(358, 574, 'or', [0, 1], 0, 13, 5, 3)
(358, 575, 'parity', [0, 1], 0, 11, 4, 3)
(358, 575, 'parity', [0, 1], 0, 13, 5, 3)
(358, 575, 'or', [0, 1], 0, 11, 4, 3)
(358, 575, 'or', [0, 1], 0, 13, 5, 3)
(356, 567, 'parity', [0, 1], 0, 11, 4, 3)
(356, 567, 'parity', [0, 1], 0, 13, 5, 3)
(356, 567, 'or', [0, 1], 0, 11, 4, 3)
(356, 567, 'or', [0, 1], 0, 13, 5, 3)
(356, 568, 'parity', [0, 1], 0, 11, 4, 3)
(356, 568, 'parity', [0, 1], 0, 13, 5, 3)
(356, 568, 'or', [0, 1], 0, 11, 4, 3)
(356, 568, 'or', [0, 1], 0, 13, 5, 3)
(356, 569, 'parity', [0, 1], 0, 11, 4, 3)
(356, 569, 'parity', [0, 1], 0, 13, 5, 3)
(356, 569, 'or', [0, 1], 0, 11, 4, 3)
(356, 569, 'or', [0, 1], 0, 13, 5, 3)
(356, 570, 'parity', [0, 1], 0, 11, 4, 3)
(356, 570, 'parity', [0, 1], 0, 13, 5, 3)
(356, 570, 'or', [0, 1], 0, 11, 4, 3)
(356, 570, 'or', [0, 1], 0, 13, 5, 3)
(356, 571, 'parity', [0, 1], 0, 11, 4, 3)
(356, 571, 'parity', [0, 1], 0, 13, 5, 3)
(356, 571, 'or', [0, 1], 0, 11, 4, 3)
(356, 571, 'or', [0, 1], 0, 13, 5, 3)
(356, 572, 'parity', [0, 1], 0, 11, 4, 3)
(356, 572, 'parity', [0, 1], 0, 13, 5, 3)
(356, 572, 'or', [0, 1], 0, 11, 4, 3)
(356, 572, 'or', [0, 1], 0, 13, 5, 3)
(356, 573, 'parity', [0, 1], 0, 11, 4, 3)
(356, 573, 'parity', [0, 1], 0, 13, 5, 3)
(356, 573, 'or', [0, 1], 0, 11, 4, 3)
(356, 573, 'or', [0, 1], 0, 13, 5, 3)
(356, 574, 'parity', [0, 1], 0, 11, 4, 3)
(356, 574, 'parity', [0, 1], 0, 13, 5, 3)
(356, 574, 'or', [0, 1], 0, 11, 4, 3)
(356, 574, 'or', [0, 1], 0, 13, 5, 3)
(356, 575, 'parity', [0, 1], 0, 11, 4, 3)
(356, 575, 'parity', [0, 1], 0, 13, 5, 3)
(356, 575, 'or', [0, 1], 0, 11, 4, 3)
(356, 575, 'or', [0, 1], 0, 13, 5, 3)
(356, 603, 'parity', [0, 1], 0, 11, 1, -1)
(356, 603, 'parity', [0, 1], 0, 13, 1, -1)
(356, 603, 'or', [0, 1], 0, 11, 1, -1)
(356, 603, 'or', [0, 1], 0, 13, 1, -1)
(356, 604, 'parity', [0, 1], 0, 11, 1, -1)
(356, 604, 'parity', [0, 1], 0, 13, 1, -1)
(356, 604, 'or', [0, 1], 0, 11, 1, -1)
(356, 604, 'or', [0, 1], 0, 13, 1, -1)
(356, 605, 'parity', [0, 1], 0, 11, 1, -1)
(356, 605, 'parity', [0, 1], 0, 13, 1, -1)
(356, 605, 'or', [0, 1], 0, 11, 1, -1)
(356, 605, 'or', [0, 1], 0, 13, 1, -1)
(356, 606, 'parity', [0, 1], 0, 11, 1, -1)
(356, 606, 'parity', [0, 1], 0, 13, 1, -1)
(356, 606, 'or', [0, 1], 0, 11, 1, -1)
(356, 606, 'or', [0, 1], 0, 13, 1, -1)
(356, 607, 'parity', [0, 1], 0, 11, 1, -1)
(356, 607, 'parity', [0, 1], 0, 13, 1, -1)
(356, 607, 'or', [0, 1], 0, 11, 1, -1)
(356, 607, 'or', [0, 1], 0, 13, 1, -1)
(356, 608, 'parity', [0, 1], 0, 11, 1, -1)
(356, 608, 'parity', [0, 1], 0, 13, 1, -1)
(356, 608, 'or', [0, 1], 0, 11, 1, -1)
(356, 608, 'or', [0, 1], 0, 13, 1, -1)
(356, 609, 'parity', [0, 1], 0, 11, 1, -1)
(356, 609, 'parity', [0, 1], 0, 13, 1, -1)
(356, 609, 'or', [0, 1], 0, 11, 1, -1)
(356, 609, 'or', [0, 1], 0, 13, 1, -1)
(356, 610, 'parity', [0, 1], 0, 11, 1, -1)
(356, 610, 'parity', [0, 1], 0, 13, 1, -1)
(356, 610, 'or', [0, 1], 0, 11, 1, -1)
(356, 610, 'or', [0, 1], 0, 13, 1, -1)
(356, 611, 'parity', [0, 1], 0, 11, 1, -1)
(356, 611, 'parity', [0, 1], 0, 13, 1, -1)
(356, 611, 'or', [0, 1], 0, 11, 1, -1)
(356, 611, 'or', [0, 1], 0, 13, 1, -1)
(357, 387, 'parity', [0, 1], 0, 11, 1, 1)
(357, 387, 'parity', [0, 1], 0, 13, 1, 1)
(357, 387, 'or', [0, 1], 0, 11, 1, 1)
(357, 387, 'or', [0, 1], 0, 13, 1, 1)
(357, 388, 'parity', [0, 1], 0, 11, 1, 1)
(357, 388, 'parity', [0, 1], 0, 13, 1, 1)
(357, 388, 'or', [0, 1], 0, 11, 1, 1)
(357, 388, 'or', [0, 1], 0, 13, 1, 1)
(357, 389, 'parity', [0, 1], 0, 11, 1, 1)
(357, 389, 'parity', [0, 1], 0, 13, 1, 1)
(357, 389, 'or', [0, 1], 0, 11, 1, 1)
(357, 389, 'or', [0, 1], 0, 13, 1, 1)
(357, 390, 'parity', [0, 1], 0, 11, 1, 1)
(357, 390, 'parity', [0, 1], 0, 13, 1, 1)
(357, 390, 'or', [0, 1], 0, 11, 1, 1)
(357, 390, 'or', [0, 1], 0, 13, 1, 1)
(357, 391, 'parity', [0, 1], 0, 11, 1, 1)
(357, 391, 'parity', [0, 1], 0, 13, 1, 1)
(357, 391, 'or', [0, 1], 0, 11, 1, 1)
(357, 391, 'or', [0, 1], 0, 13, 1, 1)
(357, 392, 'parity', [0, 1], 0, 11, 1, 1)
(357, 392, 'parity', [0, 1], 0, 13, 1, 1)
(357, 392, 'or', [0, 1], 0, 11, 1, 1)
(357, 392, 'or', [0, 1], 0, 13, 1, 1)
(357, 393, 'parity', [0, 1], 0, 11, 1, 1)
(357, 393, 'parity', [0, 1], 0, 13, 1, 1)
(357, 393, 'or', [0, 1], 0, 11, 1, 1)
(357, 393, 'or', [0, 1], 0, 13, 1, 1)
(357, 394, 'parity', [0, 1], 0, 11, 1, 1)
(357, 394, 'parity', [0, 1], 0, 13, 1, 1)
(357, 394, 'or', [0, 1], 0, 11, 1, 1)
(357, 394, 'or', [0, 1], 0, 13, 1, 1)
(357, 395, 'parity', [0, 1], 0, 11, 1, 1)
(357, 395, 'parity', [0, 1], 0, 13, 1, 1)
(357, 395, 'or', [0, 1], 0, 11, 1, 1)
(357, 395, 'or', [0, 1], 0, 13, 1, 1)
(357, 423, 'parity', [0, 1], 0, 11, 4, -3)
(357, 423, 'parity', [0, 1], 0, 13, 5, -3)
(357, 423, 'or', [0, 1], 0, 11, 4, -3)
(357, 423, 'or', [0, 1], 0, 13, 5, -3)
(357, 424, 'parity', [0, 1], 0, 11, 4, -3)
(357, 424, 'parity', [0, 1], 0, 13, 5, -3)
(357, 424, 'or', [0, 1], 0, 11, 4, -3)
(357, 424, 'or', [0, 1], 0, 13, 5, -3)
(357, 425, 'parity', [0, 1], 0, 11, 4, -3)
(357, 425, 'parity', [0, 1], 0, 13, 5, -3)
(357, 425, 'or', [0, 1], 0, 11, 4, -3)
(357, 425, 'or', [0, 1], 0, 13, 5, -3)
(357, 426, 'parity', [0, 1], 0, 11, 4, -3)
(357, 426, 'parity', [0, 1], 0, 13, 5, -3)
(357, 426, 'or', [0, 1], 0, 11, 4, -3)
(357, 426, 'or', [0, 1], 0, 13, 5, -3)
(357, 427, 'parity', [0, 1], 0, 11, 4, -3)
(357, 427, 'parity', [0, 1], 0, 13, 5, -3)
(357, 427, 'or', [0, 1], 0, 11, 4, -3)
(357, 427, 'or', [0, 1], 0, 13, 5, -3)
(357, 428, 'parity', [0, 1], 0, 11, 4, -3)
(357, 428, 'parity', [0, 1], 0, 13, 5, -3)
(357, 428, 'or', [0, 1], 0, 11, 4, -3)
(357, 428, 'or', [0, 1], 0, 13, 5, -3)
(357, 429, 'parity', [0, 1], 0, 11, 4, -3)
(357, 429, 'parity', [0, 1], 0, 13, 5, -3)
(357, 429, 'or', [0, 1], 0, 11, 4, -3)
(357, 429, 'or', [0, 1], 0, 13, 5, -3)
(357, 430, 'parity', [0, 1], 0, 11, 4, -3)
(357, 430, 'parity', [0, 1], 0, 13, 5, -3)
(357, 430, 'or', [0, 1], 0, 11, 4, -3)
(357, 430, 'or', [0, 1], 0, 13, 5, -3)
(357, 431, 'parity', [0, 1], 0, 11, 4, -3)
(357, 431, 'parity', [0, 1], 0, 13, 5, -3)
(357, 431, 'or', [0, 1], 0, 11, 4, -3)
(357, 431, 'or', [0, 1], 0, 13, 5, -3)
(359, 567, 'parity', [0, 1], 0, 11, 4, 3)
(359, 567, 'parity', [0, 1], 0, 13, 5, 3)
(359, 567, 'or', [0, 1], 0, 11, 4, 3)
(359, 567, 'or', [0, 1], 0, 13, 5, 3)
(359, 568, 'parity', [0, 1], 0, 11, 4, 3)
(359, 568, 'parity', [0, 1], 0, 13, 5, 3)
(359, 568, 'or', [0, 1], 0, 11, 4, 3)
(359, 568, 'or', [0, 1], 0, 13, 5, 3)
(359, 569, 'parity', [0, 1], 0, 11, 4, 3)
(359, 569, 'parity', [0, 1], 0, 13, 5, 3)
(359, 569, 'or', [0, 1], 0, 11, 4, 3)
(359, 569, 'or', [0, 1], 0, 13, 5, 3)
(359, 570, 'parity', [0, 1], 0, 11, 4, 3)
(359, 570, 'parity', [0, 1], 0, 13, 5, 3)
(359, 570, 'or', [0, 1], 0, 11, 4, 3)
(359, 570, 'or', [0, 1], 0, 13, 5, 3)
(359, 571, 'parity', [0, 1], 0, 11, 4, 3)
(359, 571, 'parity', [0, 1], 0, 13, 5, 3)
(359, 571, 'or', [0, 1], 0, 11, 4, 3)
(359, 571, 'or', [0, 1], 0, 13, 5, 3)
(359, 572, 'parity', [0, 1], 0, 11, 4, 3)
(359, 572, 'parity', [0, 1], 0, 13, 5, 3)
(359, 572, 'or', [0, 1], 0, 11, 4, 3)
(359, 572, 'or', [0, 1], 0, 13, 5, 3)
(359, 573, 'parity', [0, 1], 0, 11, 4, 3)
(359, 573, 'parity', [0, 1], 0, 13, 5, 3)
(359, 573, 'or', [0, 1], 0, 11, 4, 3)
(359, 573, 'or', [0, 1], 0, 13, 5, 3)
(359, 574, 'parity', [0, 1], 0, 11, 4, 3)
(359, 574, 'parity', [0, 1], 0, 13, 5, 3)
(359, 574, 'or', [0, 1], 0, 11, 4, 3)
(359, 574, 'or', [0, 1], 0, 13, 5, 3)
(359, 575, 'parity', [0, 1], 0, 11, 4, 3)
(359, 575, 'parity', [0, 1], 0, 13, 5, 3)
(359, 575, 'or', [0, 1], 0, 11, 4, 3)
(359, 575, 'or', [0, 1], 0, 13, 5, 3)
(359, 603, 'parity', [0, 1], 0, 11, 1, -1)
(359, 603, 'parity', [0, 1], 0, 13, 1, -1)
(359, 603, 'or', [0, 1], 0, 11, 1, -1)
(359, 603, 'or', [0, 1], 0, 13, 1, -1)
(359, 604, 'parity', [0, 1], 0, 11, 1, -1)
(359, 604, 'parity', [0, 1], 0, 13, 1, -1)
(359, 604, 'or', [0, 1], 0, 11, 1, -1)
(359, 604, 'or', [0, 1], 0, 13, 1, -1)
(359, 605, 'parity', [0, 1], 0, 11, 1, -1)
(359, 605, 'parity', [0, 1], 0, 13, 1, -1)
(359, 605, 'or', [0, 1], 0, 11, 1, -1)
(359, 605, 'or', [0, 1], 0, 13, 1, -1)
(359, 606, 'parity', [0, 1], 0, 11, 1, -1)
(359, 606, 'parity', [0, 1], 0, 13, 1, -1)
(359, 606, 'or', [0, 1], 0, 11, 1, -1)
(359, 606, 'or', [0, 1], 0, 13, 1, -1)
(359, 607, 'parity', [0, 1], 0, 11, 1, -1)
(359, 607, 'parity', [0, 1], 0, 13, 1, -1)
(359, 607, 'or', [0, 1], 0, 11, 1, -1)
(359, 607, 'or', [0, 1], 0, 13, 1, -1)
(359, 608, 'parity', [0, 1], 0, 11, 1, -1)
(359, 608, 'parity', [0, 1], 0, 13, 1, -1)
(359, 608, 'or', [0, 1], 0, 11, 1, -1)
(359, 608, 'or', [0, 1], 0, 13, 1, -1)
(359, 609, 'parity', [0, 1], 0, 11, 1, -1)
(359, 609, 'parity', [0, 1], 0, 13, 1, -1)
(359, 609, 'or', [0, 1], 0, 11, 1, -1)
(359, 609, 'or', [0, 1], 0, 13, 1, -1)
(359, 610, 'parity', [0, 1], 0, 11, 1, -1)
(359, 610, 'parity', [0, 1], 0, 13, 1, -1)
(359, 610, 'or', [0, 1], 0, 11, 1, -1)
(359, 610, 'or', [0, 1], 0, 13, 1, -1)
(359, 611, 'parity', [0, 1], 0, 11, 1, -1)
(359, 611, 'parity', [0, 1], 0, 13, 1, -1)
(359, 611, 'or', [0, 1], 0, 11, 1, -1)
(359, 611, 'or', [0, 1], 0, 13, 1, -1)
(358, 603, 'parity', [0, 1], 0, 11, 1, -1)
(358, 603, 'parity', [0, 1], 0, 13, 1, -1)
(358, 603, 'or', [0, 1], 0, 11, 1, -1)
(358, 603, 'or', [0, 1], 0, 13, 1, -1)
(358, 604, 'parity', [0, 1], 0, 11, 1, -1)
(358, 604, 'parity', [0, 1], 0, 13, 1, -1)
(358, 604, 'or', [0, 1], 0, 11, 1, -1)
(358, 604, 'or', [0, 1], 0, 13, 1, -1)
(358, 605, 'parity', [0, 1], 0, 11, 1, -1)
(358, 605, 'parity', [0, 1], 0, 13, 1, -1)
(358, 605, 'or', [0, 1], 0, 11, 1, -1)
(358, 605, 'or', [0, 1], 0, 13, 1, -1)
(358, 606, 'parity', [0, 1], 0, 11, 1, -1)
(358, 606, 'parity', [0, 1], 0, 13, 1, -1)
(358, 606, 'or', [0, 1], 0, 11, 1, -1)
(358, 606, 'or', [0, 1], 0, 13, 1, -1)
(358, 607, 'parity', [0, 1], 0, 11, 1, -1)
(358, 607, 'parity', [0, 1], 0, 13, 1, -1)
(358, 607, 'or', [0, 1], 0, 11, 1, -1)
(358, 607, 'or', [0, 1], 0, 13, 1, -1)
(358, 608, 'parity', [0, 1], 0, 11, 1, -1)
(358, 608, 'parity', [0, 1], 0, 13, 1, -1)
(358, 608, 'or', [0, 1], 0, 11, 1, -1)
(358, 608, 'or', [0, 1], 0, 13, 1, -1)
(358, 609, 'parity', [0, 1], 0, 11, 1, -1)
(358, 609, 'parity', [0, 1], 0, 13, 1, -1)
(358, 609, 'or', [0, 1], 0, 11, 1, -1)
(358, 609, 'or', [0, 1], 0, 13, 1, -1)
(358, 610, 'parity', [0, 1], 0, 11, 1, -1)
(358, 610, 'parity', [0, 1], 0, 13, 1, -1)
(358, 610, 'or', [0, 1], 0, 11, 1, -1)
(358, 610, 'or', [0, 1], 0, 13, 1, -1)
(358, 611, 'parity', [0, 1], 0, 11, 1, -1)
(358, 611, 'parity', [0, 1], 0, 13, 1, -1)
(358, 611, 'or', [0, 1], 0, 11, 1, -1)
(358, 611, 'or', [0, 1], 0, 13, 1, -1)
(359, 387, 'parity', [0, 1], 0, 11, 1, 1)
(359, 387, 'parity', [0, 1], 0, 13, 1, 1)
(359, 387, 'or', [0, 1], 0, 11, 1, 1)
(359, 387, 'or', [0, 1], 0, 13, 1, 1)
(359, 388, 'parity', [0, 1], 0, 11, 1, 1)
(359, 388, 'parity', [0, 1], 0, 13, 1, 1)
(359, 388, 'or', [0, 1], 0, 11, 1, 1)
(359, 388, 'or', [0, 1], 0, 13, 1, 1)
(359, 389, 'parity', [0, 1], 0, 11, 1, 1)
(359, 389, 'parity', [0, 1], 0, 13, 1, 1)
(359, 389, 'or', [0, 1], 0, 11, 1, 1)
(359, 389, 'or', [0, 1], 0, 13, 1, 1)
(359, 390, 'parity', [0, 1], 0, 11, 1, 1)
(359, 390, 'parity', [0, 1], 0, 13, 1, 1)
(359, 390, 'or', [0, 1], 0, 11, 1, 1)
(359, 390, 'or', [0, 1], 0, 13, 1, 1)
(359, 391, 'parity', [0, 1], 0, 11, 1, 1)
(359, 391, 'parity', [0, 1], 0, 13, 1, 1)
(359, 391, 'or', [0, 1], 0, 11, 1, 1)
(359, 391, 'or', [0, 1], 0, 13, 1, 1)
(359, 392, 'parity', [0, 1], 0, 11, 1, 1)
(359, 392, 'parity', [0, 1], 0, 13, 1, 1)
(359, 392, 'or', [0, 1], 0, 11, 1, 1)
(359, 392, 'or', [0, 1], 0, 13, 1, 1)
(359, 393, 'parity', [0, 1], 0, 11, 1, 1)
(359, 393, 'parity', [0, 1], 0, 13, 1, 1)
(359, 393, 'or', [0, 1], 0, 11, 1, 1)
(359, 393, 'or', [0, 1], 0, 13, 1, 1)
(359, 394, 'parity', [0, 1], 0, 11, 1, 1)
(359, 394, 'parity', [0, 1], 0, 13, 1, 1)
(359, 394, 'or', [0, 1], 0, 11, 1, 1)
(359, 394, 'or', [0, 1], 0, 13, 1, 1)
(359, 395, 'parity', [0, 1], 0, 11, 1, 1)
(359, 395, 'parity', [0, 1], 0, 13, 1, 1)
(359, 395, 'or', [0, 1], 0, 11, 1, 1)
(359, 395, 'or', [0, 1], 0, 13, 1, 1)
(359, 423, 'parity', [0, 1], 0, 11, 4, -3)
(359, 423, 'parity', [0, 1], 0, 13, 5, -3)
(359, 423, 'or', [0, 1], 0, 11, 4, -3)
(359, 423, 'or', [0, 1], 0, 13, 5, -3)
(359, 424, 'parity', [0, 1], 0, 11, 4, -3)
(359, 424, 'parity', [0, 1], 0, 13, 5, -3)
(359, 424, 'or', [0, 1], 0, 11, 4, -3)
(359, 424, 'or', [0, 1], 0, 13, 5, -3)
(359, 425, 'parity', [0, 1], 0, 11, 4, -3)
(359, 425, 'parity', [0, 1], 0, 13, 5, -3)
(359, 425, 'or', [0, 1], 0, 11, 4, -3)
(359, 425, 'or', [0, 1], 0, 13, 5, -3)
(359, 426, 'parity', [0, 1], 0, 11, 4, -3)
(359, 426, 'parity', [0, 1], 0, 13, 5, -3)
(359, 426, 'or', [0, 1], 0, 11, 4, -3)
(359, 426, 'or', [0, 1], 0, 13, 5, -3)
(359, 427, 'parity', [0, 1], 0, 11, 4, -3)
(359, 427, 'parity', [0, 1], 0, 13, 5, -3)
(359, 427, 'or', [0, 1], 0, 11, 4, -3)
(359, 427, 'or', [0, 1], 0, 13, 5, -3)
(359, 428, 'parity', [0, 1], 0, 11, 4, -3)
(359, 428, 'parity', [0, 1], 0, 13, 5, -3)
(359, 428, 'or', [0, 1], 0, 11, 4, -3)
(359, 428, 'or', [0, 1], 0, 13, 5, -3)
(359, 429, 'parity', [0, 1], 0, 11, 4, -3)
(359, 429, 'parity', [0, 1], 0, 13, 5, -3)
(359, 429, 'or', [0, 1], 0, 11, 4, -3)
(359, 429, 'or', [0, 1], 0, 13, 5, -3)
(359, 430, 'parity', [0, 1], 0, 11, 4, -3)
(359, 430, 'parity', [0, 1], 0, 13, 5, -3)
(359, 430, 'or', [0, 1], 0, 11, 4, -3)
(359, 430, 'or', [0, 1], 0, 13, 5, -3)
(359, 431, 'parity', [0, 1], 0, 11, 4, -3)
(359, 431, 'parity', [0, 1], 0, 13, 5, -3)
(359, 431, 'or', [0, 1], 0, 11, 4, -3)
(359, 431, 'or', [0, 1], 0, 13, 5, -3)
(370, 409, 'parity', [1], 3, 11, 1, 1)
(370, 409, 'parity', [1], 3, 13, 1, 1)
(370, 409, 'or', [1], 3, 11, 1, 1)
(370, 409, 'or', [1], 3, 13, 1, 1)
(370, 478, 'parity', [0, 1], 2, 11, 1, 1)
(370, 478, 'parity', [0, 1], 2, 13, 1, 1)
(370, 478, 'or', [0, 1], 2, 11, 1, 1)
(370, 478, 'or', [0, 1], 2, 13, 1, 1)
(370, 484, 'parity', [0, 1], 2, 11, 1, 1)
(370, 484, 'parity', [0, 1], 2, 13, 1, 1)
(370, 484, 'or', [0, 1], 2, 11, 1, 1)
(370, 484, 'or', [0, 1], 2, 13, 1, 1)
(370, 553, 'parity', [1], 3, 11, 1, -1)
(370, 553, 'parity', [1], 3, 13, 1, -1)
(370, 553, 'or', [1], 3, 11, 1, -1)
(370, 553, 'or', [1], 3, 13, 1, -1)
(376, 409, 'parity', [1], 3, 11, 1, 1)
(376, 409, 'parity', [1], 3, 13, 1, 1)
(376, 409, 'or', [1], 3, 11, 1, 1)
(376, 409, 'or', [1], 3, 13, 1, 1)
(376, 478, 'parity', [0, 1], 2, 11, 1, 1)
(376, 478, 'parity', [0, 1], 2, 13, 1, 1)
(376, 478, 'or', [0, 1], 2, 11, 1, 1)
(376, 478, 'or', [0, 1], 2, 13, 1, 1)
(376, 484, 'parity', [0, 1], 2, 11, 1, 1)
(376, 484, 'parity', [0, 1], 2, 13, 1, 1)
(376, 484, 'or', [0, 1], 2, 11, 1, 1)
(376, 484, 'or', [0, 1], 2, 13, 1, 1)
(373, 409, 'parity', [1], 3, 11, 1, 1)
(373, 409, 'parity', [1], 3, 13, 1, 1)
(373, 409, 'or', [1], 3, 11, 1, 1)
(373, 409, 'or', [1], 3, 13, 1, 1)
(373, 478, 'parity', [0, 1], 2, 11, 1, 1)
(373, 478, 'parity', [0, 1], 2, 13, 1, 1)
(373, 478, 'or', [0, 1], 2, 11, 1, 1)
(373, 478, 'or', [0, 1], 2, 13, 1, 1)
(373, 484, 'parity', [0, 1], 2, 11, 1, 1)
(373, 484, 'parity', [0, 1], 2, 13, 1, 1)
(373, 484, 'or', [0, 1], 2, 11, 1, 1)
(373, 484, 'or', [0, 1], 2, 13, 1, 1)
(373, 553, 'parity', [1], 3, 11, 1, -1)
(373, 553, 'parity', [1], 3, 13, 1, -1)
(373, 553, 'or', [1], 3, 11, 1, -1)
(373, 553, 'or', [1], 3, 13, 1, -1)
(376, 553, 'parity', [1], 3, 11, 1, -1)
(376, 553, 'parity', [1], 3, 13, 1, -1)
(376, 553, 'or', [1], 3, 11, 1, -1)
(376, 553, 'or', [1], 3, 13, 1, -1)
(379, 569, 'parity', [0], 2, 11, 2, -1)
(379, 569, 'parity', [0], 2, 13, 2, -1)
(379, 569, 'or', [0], 2, 11, 2, -1)
(379, 569, 'or', [0], 2, 13, 2, -1)
(379, 575, 'parity', [0], 2, 11, 2, -1)
(379, 575, 'parity', [0], 2, 13, 2, -1)
(379, 575, 'or', [0], 2, 11, 2, -1)
(379, 575, 'or', [0], 2, 13, 2, -1)
(382, 569, 'parity', [0], 2, 11, 2, -1)
(382, 569, 'parity', [0], 2, 13, 2, -1)
(382, 569, 'or', [0], 2, 11, 2, -1)
(382, 569, 'or', [0], 2, 13, 2, -1)
(382, 575, 'parity', [0], 2, 11, 2, -1)
(382, 575, 'parity', [0], 2, 13, 2, -1)
(382, 575, 'or', [0], 2, 11, 2, -1)
(382, 575, 'or', [0], 2, 13, 2, -1)
(386, 416, 'parity', [0], 3, 11, 1, 1)
(386, 416, 'parity', [0], 3, 13, 1, 1)
(386, 416, 'or', [0], 3, 11, 1, 1)
(386, 416, 'or', [0], 3, 13, 1, 1)
(386, 419, 'parity', [0], 3, 11, 1, 1)
(386, 419, 'parity', [0], 3, 13, 1, 1)
(386, 419, 'or', [0], 3, 11, 1, 1)
(386, 419, 'or', [0], 3, 13, 1, 1)
(386, 422, 'parity', [0], 3, 11, 1, 1)
(386, 422, 'parity', [0], 3, 13, 1, 1)
(386, 422, 'or', [0], 3, 11, 1, 1)
(386, 422, 'or', [0], 3, 13, 1, 1)
(386, 560, 'parity', [0], 3, 11, 1, -1)
(386, 560, 'parity', [0], 3, 13, 1, -1)
(386, 560, 'or', [0], 3, 11, 1, -1)
(386, 560, 'or', [0], 3, 13, 1, -1)
(386, 563, 'parity', [0], 3, 11, 1, -1)
(386, 563, 'parity', [0], 3, 13, 1, -1)
(386, 563, 'or', [0], 3, 11, 1, -1)
(386, 563, 'or', [0], 3, 13, 1, -1)
(386, 566, 'parity', [0], 3, 11, 1, -1)
(386, 566, 'parity', [0], 3, 13, 1, -1)
(386, 566, 'or', [0], 3, 11, 1, -1)
(386, 566, 'or', [0], 3, 13, 1, -1)
(388, 389, 'parity', [0], 2, 11, 1, 1)
(388, 389, 'parity', [0], 2, 13, 1, 1)
(388, 389, 'parity', [1], 1, 11, 1, 1)
(388, 389, 'parity', [1], 1, 13, 1, 1)
(388, 389, 'or', [0], 2, 11, 1, 1)
(388, 389, 'or', [0], 2, 13, 1, 1)
(388, 389, 'or', [1], 1, 11, 1, 1)
(388, 389, 'or', [1], 1, 13, 1, 1)
(388, 395, 'parity', [0], 2, 11, 1, 1)
(388, 395, 'parity', [0], 2, 13, 1, 1)
(388, 395, 'parity', [1], 1, 11, 1, 1)
(388, 395, 'parity', [1], 1, 13, 1, 1)
(388, 395, 'or', [0], 2, 11, 1, 1)
(388, 395, 'or', [0], 2, 13, 1, 1)
(388, 395, 'or', [1], 1, 11, 1, 1)
(388, 395, 'or', [1], 1, 13, 1, 1)
(391, 395, 'parity', [0], 2, 11, 1, 1)
(391, 395, 'parity', [0], 2, 13, 1, 1)
(391, 395, 'parity', [1], 1, 11, 1, 1)
(391, 395, 'parity', [1], 1, 13, 1, 1)
(391, 395, 'or', [0], 2, 11, 1, 1)
(391, 395, 'or', [0], 2, 13, 1, 1)
(391, 395, 'or', [1], 1, 11, 1, 1)
(391, 395, 'or', [1], 1, 13, 1, 1)
(391, 425, 'parity', [1], 1, 11, 4, -3)
(391, 425, 'parity', [1], 1, 13, 5, -3)
(391, 425, 'or', [1], 1, 11, 4, -3)
(391, 425, 'or', [1], 1, 13, 5, -3)
(388, 425, 'parity', [1], 1, 11, 4, -3)
(388, 425, 'parity', [1], 1, 13, 5, -3)
(388, 425, 'or', [1], 1, 11, 4, -3)
(388, 425, 'or', [1], 1, 13, 5, -3)
(388, 431, 'parity', [1], 1, 11, 4, -3)
(388, 431, 'parity', [1], 1, 13, 5, -3)
(388, 431, 'or', [1], 1, 11, 4, -3)
(388, 431, 'or', [1], 1, 13, 5, -3)
(388, 496, 'parity', [0], 2, 11, 1, 1)
(388, 496, 'parity', [0], 2, 13, 1, 1)
(388, 496, 'or', [0], 2, 11, 1, 1)
(388, 496, 'or', [0], 2, 13, 1, 1)
(388, 502, 'parity', [0], 2, 11, 1, 1)
(388, 502, 'parity', [0], 2, 13, 1, 1)
(388, 502, 'or', [0], 2, 11, 1, 1)
(388, 502, 'or', [0], 2, 13, 1, 1)
(388, 569, 'parity', [1], 1, 11, 4, 3)
(388, 569, 'parity', [1], 1, 13, 5, 3)
(388, 569, 'or', [1], 1, 11, 4, 3)
(388, 569, 'or', [1], 1, 13, 5, 3)
(388, 575, 'parity', [1], 1, 11, 4, 3)
(388, 575, 'parity', [1], 1, 13, 5, 3)
(388, 575, 'or', [1], 1, 11, 4, 3)
(388, 575, 'or', [1], 1, 13, 5, 3)
(388, 605, 'parity', [0], 2, 11, 1, 1)
(388, 605, 'parity', [0], 2, 13, 1, 1)
(388, 605, 'parity', [1], 1, 11, 1, -1)
(388, 605, 'parity', [1], 1, 13, 1, -1)
(388, 605, 'or', [0], 2, 11, 1, 1)
(388, 605, 'or', [0], 2, 13, 1, 1)
(388, 605, 'or', [1], 1, 11, 1, -1)
(388, 605, 'or', [1], 1, 13, 1, -1)
(388, 611, 'parity', [0], 2, 11, 1, 1)
(388, 611, 'parity', [0], 2, 13, 1, 1)
(388, 611, 'parity', [1], 1, 11, 1, -1)
(388, 611, 'parity', [1], 1, 13, 1, -1)
(388, 611, 'or', [0], 2, 11, 1, 1)
(388, 611, 'or', [0], 2, 13, 1, 1)
(388, 611, 'or', [1], 1, 11, 1, -1)
(388, 611, 'or', [1], 1, 13, 1, -1)
(391, 431, 'parity', [1], 1, 11, 4, -3)
(391, 431, 'parity', [1], 1, 13, 5, -3)
(391, 431, 'or', [1], 1, 11, 4, -3)
(391, 431, 'or', [1], 1, 13, 5, -3)
(391, 496, 'parity', [0], 2, 11, 1, 1)
(391, 496, 'parity', [0], 2, 13, 1, 1)
(391, 496, 'or', [0], 2, 11, 1, 1)
(391, 496, 'or', [0], 2, 13, 1, 1)
(391, 502, 'parity', [0], 2, 11, 1, 1)
(391, 502, 'parity', [0], 2, 13, 1, 1)
(391, 502, 'or', [0], 2, 11, 1, 1)
(391, 502, 'or', [0], 2, 13, 1, 1)
(391, 569, 'parity', [1], 1, 11, 4, 3)
(391, 569, 'parity', [1], 1, 13, 5, 3)
(391, 569, 'or', [1], 1, 11, 4, 3)
(391, 569, 'or', [1], 1, 13, 5, 3)
(391, 575, 'parity', [1], 1, 11, 4, 3)
(391, 575, 'parity', [1], 1, 13, 5, 3)
(391, 575, 'or', [1], 1, 11, 4, 3)
(391, 575, 'or', [1], 1, 13, 5, 3)
(391, 611, 'parity', [0], 2, 11, 1, 1)
(391, 611, 'parity', [0], 2, 13, 1, 1)
(391, 611, 'parity', [1], 1, 11, 1, -1)
(391, 611, 'parity', [1], 1, 13, 1, -1)
(391, 611, 'or', [0], 2, 11, 1, 1)
(391, 611, 'or', [0], 2, 13, 1, 1)
(391, 611, 'or', [1], 1, 11, 1, -1)
(391, 611, 'or', [1], 1, 13, 1, -1)
(405, 568, 'or', [0, 1], 0, 11, 4, 3)
(405, 568, 'or', [0, 1], 0, 13, 6, 1)
(405, 571, 'or', [0, 1], 0, 11, 4, 3)
(405, 571, 'or', [0, 1], 0, 13, 6, 1)
(407, 568, 'or', [0, 1], 0, 11, 4, 3)
(407, 568, 'or', [0, 1], 0, 13, 6, 1)
(407, 571, 'parity', [0, 1], 0, 11, 16, -16)
(407, 571, 'parity', [0, 1], 1, 11, 16, -16)
(407, 571, 'parity', [0, 1], 2, 11, 16, -16)
(407, 571, 'or', [0, 1], 0, 11, 4, 3)
(407, 571, 'or', [0, 1], 0, 13, 6, 1)
(407, 574, 'or', [0, 1], 0, 11, 4, 3)
(407, 574, 'or', [0, 1], 0, 13, 6, 1)
(411, 568, 'or', [0, 1], 0, 11, 4, 3)
(411, 568, 'or', [0, 1], 0, 13, 6, 1)
(411, 571, 'or', [0, 1], 0, 11, 4, 3)
(411, 571, 'or', [0, 1], 0, 13, 6, 1)
(411, 574, 'or', [0, 1], 0, 11, 4, 3)
(411, 574, 'or', [0, 1], 0, 13, 6, 1)
(412, 478, 'parity', [0, 1], 2, 11, 4, -3)
(412, 478, 'parity', [0, 1], 2, 13, 5, -3)
(412, 478, 'or', [0, 1], 2, 11, 4, -3)
(412, 478, 'or', [0, 1], 2, 13, 5, -3)
(408, 568, 'or', [0, 1], 0, 11, 4, 3)
(408, 568, 'or', [0, 1], 0, 13, 6, 1)
(408, 571, 'or', [0, 1], 0, 11, 4, 3)
(408, 571, 'or', [0, 1], 0, 13, 6, 1)
(408, 574, 'or', [0, 1], 0, 11, 4, 3)
(408, 574, 'or', [0, 1], 0, 13, 6, 1)
(409, 478, 'parity', [0, 1], 2, 11, 4, -3)
(409, 478, 'parity', [0, 1], 2, 13, 5, -3)
(409, 478, 'or', [0, 1], 2, 11, 4, -3)
(409, 478, 'or', [0, 1], 2, 13, 5, -3)
(409, 484, 'parity', [0, 1], 2, 11, 4, -3)
(409, 484, 'parity', [0, 1], 2, 13, 5, -3)
(409, 484, 'or', [0, 1], 2, 11, 4, -3)
(409, 484, 'or', [0, 1], 2, 13, 5, -3)
(410, 568, 'or', [0, 1], 0, 11, 4, 3)
(410, 568, 'or', [0, 1], 0, 13, 6, 1)
(410, 571, 'parity', [0, 1], 0, 11, 16, -16)
(410, 571, 'parity', [0, 1], 1, 11, 16, -16)
(410, 571, 'parity', [0, 1], 2, 11, 16, -16)
(410, 571, 'or', [0, 1], 0, 11, 4, 3)
(410, 571, 'or', [0, 1], 0, 13, 6, 1)
(410, 574, 'or', [0, 1], 0, 11, 4, 3)
(410, 574, 'or', [0, 1], 0, 13, 6, 1)
(405, 574, 'or', [0, 1], 0, 11, 4, 3)
(405, 574, 'or', [0, 1], 0, 13, 6, 1)
(406, 478, 'parity', [0, 1], 2, 11, 4, -3)
(406, 478, 'parity', [0, 1], 2, 13, 5, -3)
(406, 478, 'or', [0, 1], 2, 11, 4, -3)
(406, 478, 'or', [0, 1], 2, 13, 5, -3)
(406, 484, 'parity', [0, 1], 2, 11, 4, -3)
(406, 484, 'parity', [0, 1], 2, 13, 5, -3)
(406, 484, 'or', [0, 1], 2, 11, 4, -3)
(406, 484, 'or', [0, 1], 2, 13, 5, -3)
(412, 484, 'parity', [0, 1], 2, 11, 4, -3)
(412, 484, 'parity', [0, 1], 2, 13, 5, -3)
(412, 484, 'or', [0, 1], 2, 11, 4, -3)
(412, 484, 'or', [0, 1], 2, 13, 5, -3)
(413, 568, 'or', [0, 1], 0, 11, 4, 3)
(413, 568, 'or', [0, 1], 0, 13, 6, 1)
(413, 571, 'parity', [0, 1], 0, 11, 16, -16)
(413, 571, 'parity', [0, 1], 1, 11, 16, -16)
(413, 571, 'parity', [0, 1], 2, 11, 16, -16)
(413, 571, 'or', [0, 1], 0, 11, 4, 3)
(413, 571, 'or', [0, 1], 0, 13, 6, 1)
(413, 574, 'or', [0, 1], 0, 11, 4, 3)
(413, 574, 'or', [0, 1], 0, 13, 6, 1)
(414, 569, 'or', [0, 1], 0, 11, 4, 3)
(414, 569, 'or', [0, 1], 0, 13, 6, 1)
(414, 572, 'or', [0, 1], 0, 11, 4, 3)
(414, 572, 'or', [0, 1], 0, 13, 6, 1)
(414, 575, 'or', [0, 1], 0, 11, 4, 3)
(414, 575, 'or', [0, 1], 0, 13, 6, 1)
(417, 569, 'or', [0, 1], 0, 11, 4, 3)
(417, 569, 'or', [0, 1], 0, 13, 6, 1)
(417, 572, 'or', [0, 1], 0, 11, 4, 3)
(417, 572, 'or', [0, 1], 0, 13, 6, 1)
(417, 575, 'or', [0, 1], 0, 11, 4, 3)
(417, 575, 'or', [0, 1], 0, 13, 6, 1)
(415, 569, 'parity', [0, 1], 0, 11, 16, -16)
(415, 569, 'parity', [0, 1], 1, 11, 16, -16)
(415, 569, 'parity', [0, 1], 2, 11, 16, -16)
(415, 569, 'or', [0, 1], 0, 11, 4, 3)
(415, 569, 'or', [0, 1], 0, 13, 6, 1)
(415, 572, 'parity', [0, 1], 0, 11, 16, -16)
(415, 572, 'parity', [0, 1], 1, 11, 16, -16)
(415, 572, 'parity', [0, 1], 2, 11, 16, -16)
(415, 572, 'or', [0, 1], 0, 11, 4, 3)
(415, 572, 'or', [0, 1], 0, 13, 6, 1)
(415, 575, 'parity', [0, 1], 0, 11, 16, -16)
(415, 575, 'parity', [0, 1], 1, 11, 16, -16)
(415, 575, 'parity', [0, 1], 2, 11, 16, -16)
(415, 575, 'or', [0, 1], 0, 11, 4, 3)
(415, 575, 'or', [0, 1], 0, 13, 6, 1)
(421, 569, 'parity', [0, 1], 0, 11, 16, -16)
(421, 569, 'parity', [0, 1], 1, 11, 16, -16)
(421, 569, 'parity', [0, 1], 2, 11, 16, -16)
(421, 569, 'or', [0, 1], 0, 11, 4, 3)
(421, 569, 'or', [0, 1], 0, 13, 6, 1)
(421, 572, 'parity', [0, 1], 0, 11, 16, -16)
(421, 572, 'parity', [0, 1], 1, 11, 16, -16)
(421, 572, 'parity', [0, 1], 2, 11, 16, -16)
(421, 572, 'or', [0, 1], 0, 11, 4, 3)
(421, 572, 'or', [0, 1], 0, 13, 6, 1)
(421, 575, 'parity', [0, 1], 0, 11, 16, -16)
(421, 575, 'parity', [0, 1], 1, 11, 16, -16)
(421, 575, 'parity', [0, 1], 2, 11, 16, -16)
(421, 575, 'or', [0, 1], 0, 11, 4, 3)
(421, 575, 'or', [0, 1], 0, 13, 6, 1)
(420, 569, 'or', [0, 1], 0, 11, 4, 3)
(420, 569, 'or', [0, 1], 0, 13, 6, 1)
(420, 572, 'or', [0, 1], 0, 11, 4, 3)
(420, 572, 'or', [0, 1], 0, 13, 6, 1)
(420, 575, 'or', [0, 1], 0, 11, 4, 3)
(420, 575, 'or', [0, 1], 0, 13, 6, 1)
(418, 569, 'parity', [0, 1], 0, 11, 16, -16)
(418, 569, 'parity', [0, 1], 1, 11, 16, -16)
(418, 569, 'parity', [0, 1], 2, 11, 16, -16)
(418, 569, 'or', [0, 1], 0, 11, 4, 3)
(418, 569, 'or', [0, 1], 0, 13, 6, 1)
(418, 572, 'parity', [0, 1], 0, 11, 16, -16)
(418, 572, 'parity', [0, 1], 1, 11, 16, -16)
(418, 572, 'parity', [0, 1], 2, 11, 16, -16)
(418, 572, 'or', [0, 1], 0, 11, 4, 3)
(418, 572, 'or', [0, 1], 0, 13, 6, 1)
(418, 575, 'parity', [0, 1], 0, 11, 16, -16)
(418, 575, 'parity', [0, 1], 1, 11, 16, -16)
(418, 575, 'parity', [0, 1], 2, 11, 16, -16)
(418, 575, 'or', [0, 1], 0, 11, 4, 3)
(418, 575, 'or', [0, 1], 0, 13, 6, 1)
(424, 496, 'parity', [0], 2, 11, 4, -3)
(424, 496, 'parity', [0], 2, 13, 5, -3)
(424, 496, 'or', [0], 2, 11, 4, -3)
(424, 496, 'or', [0], 2, 13, 5, -3)
(424, 502, 'parity', [0], 2, 11, 4, -3)
(424, 502, 'parity', [0], 2, 13, 5, -3)
(424, 502, 'or', [0], 2, 11, 4, -3)
(424, 502, 'or', [0], 2, 13, 5, -3)
(427, 496, 'parity', [0], 2, 11, 4, -3)
(427, 496, 'parity', [0], 2, 13, 5, -3)
(427, 496, 'or', [0], 2, 11, 4, -3)
(427, 496, 'or', [0], 2, 13, 5, -3)
(427, 502, 'parity', [0], 2, 11, 4, -3)
(427, 502, 'parity', [0], 2, 13, 5, -3)
(427, 502, 'or', [0], 2, 11, 4, -3)
(427, 502, 'or', [0], 2, 13, 5, -3)
