241 424 17 parity 6 1 4 4
241 424 26 parity 6 1 3 4
241 424 29 parity 6 1 4 4
241 430 17 parity 6 1 4 4
241 430 26 parity 6 1 3 4
241 430 29 parity 6 1 4 4
244 639 32 parity 1 1 4 4
244 639 35 parity 1 1 8 4
244 639 44 parity 1 1 4 4
244 639 47 parity 1 1 8 4
244 639 32 or 1 1 4 4
244 639 35 or 1 1 8 4
244 639 44 or 1 1 4 4
244 639 47 or 1 1 8 4
244 640 32 parity 1 1 4 4
244 640 35 parity 1 1 8 4
244 640 44 parity 1 1 4 4
244 640 47 parity 1 1 8 4
244 640 32 or 1 1 4 4
244 640 35 or 1 1 8 4
244 640 44 or 1 1 4 4
244 640 47 or 1 1 8 4
244 641 32 parity 1 1 4 4
244 641 35 parity 1 1 8 4
244 641 44 parity 1 1 4 4
244 641 47 parity 1 1 8 4
244 641 32 or 1 1 4 4
244 641 35 or 1 1 8 4
244 641 44 or 1 1 4 4
244 641 47 or 1 1 8 4
244 642 32 parity 1 1 4 4
244 642 35 parity 1 1 8 4
244 642 44 parity 1 1 4 4
244 642 47 parity 1 1 8 4
244 642 32 or 1 1 4 4
244 642 35 or 1 1 8 4
244 642 44 or 1 1 4 4
244 642 47 or 1 1 8 4
244 643 32 parity 1 1 4 4
244 643 35 parity 1 1 8 4
244 643 44 parity 1 1 4 4
244 643 47 parity 1 1 8 4
244 643 32 or 1 1 4 4
244 643 35 or 1 1 8 4
244 643 44 or 1 1 4 4
244 643 47 or 1 1 8 4
244 644 32 parity 1 1 4 4
244 644 35 parity 1 1 8 4
244 644 44 parity 1 1 4 4
244 644 47 parity 1 1 8 4
244 644 32 or 1 1 4 4
244 644 35 or 1 1 8 4
244 644 44 or 1 1 4 4
244 644 47 or 1 1 8 4
244 645 32 parity 1 1 4 4
244 645 35 parity 1 1 8 4
244 645 44 parity 1 1 4 4
244 645 47 parity 1 1 8 4
244 645 32 or 1 1 4 4
244 645 35 or 1 1 8 4
244 645 44 or 1 1 4 4
244 645 47 or 1 1 8 4
244 646 32 parity 1 1 4 4
244 646 35 parity 1 1 8 4
244 646 44 parity 1 1 4 4
244 646 47 parity 1 1 8 4
244 646 32 or 1 1 4 4
244 646 35 or 1 1 8 4
244 646 44 or 1 1 4 4
244 646 47 or 1 1 8 4
244 647 32 parity 1 1 4 4
244 647 35 parity 1 1 8 4
244 647 44 parity 1 1 4 4
244 647 47 parity 1 1 8 4
244 647 32 or 1 1 4 4
244 647 35 or 1 1 8 4
244 647 44 or 1 1 4 4
244 647 47 or 1 1 8 4
243 315 44 parity 1 1 4 4
243 315 44 or 1 1 4 4
243 316 44 parity 1 1 4 4
243 316 44 or 1 1 4 4
243 317 44 parity 1 1 4 4
243 317 44 or 1 1 4 4
243 318 44 parity 1 1 4 4
243 318 44 or 1 1 4 4
243 319 44 parity 1 1 4 4
243 319 44 or 1 1 4 4
243 320 44 parity 1 1 4 4
243 320 44 or 1 1 4 4
243 321 44 parity 1 1 4 4
243 321 44 or 1 1 4 4
243 322 44 parity 1 1 4 4
243 322 44 or 1 1 4 4
243 323 44 parity 1 1 4 4
243 323 44 or 1 1 4 4
246 315 44 parity 1 1 4 4
246 315 44 or 1 1 4 4
246 316 44 parity 1 1 4 4
246 316 44 or 1 1 4 4
246 317 44 parity 1 1 4 4
246 317 44 or 1 1 4 4
246 318 44 parity 1 1 4 4
246 318 44 or 1 1 4 4
246 319 44 parity 1 1 4 4
246 319 44 or 1 1 4 4
246 320 44 parity 1 1 4 4
246 320 44 or 1 1 4 4
246 321 44 parity 1 1 4 4
246 321 44 or 1 1 4 4
246 322 44 parity 1 1 4 4
246 322 44 or 1 1 4 4
246 323 44 parity 1 1 4 4
246 323 44 or 1 1 4 4
243 639 32 parity 1 1 4 4
243 639 35 parity 1 1 8 4
243 639 44 parity 1 1 4 4
243 639 47 parity 1 1 8 4
243 639 32 or 1 1 4 4
243 639 35 or 1 1 8 4
243 639 44 or 1 1 4 4
243 639 47 or 1 1 8 4
243 640 32 parity 1 1 4 4
243 640 35 parity 1 1 8 4
243 640 44 parity 1 1 4 4
243 640 47 parity 1 1 8 4
243 640 32 or 1 1 4 4
243 640 35 or 1 1 8 4
243 640 44 or 1 1 4 4
243 640 47 or 1 1 8 4
243 641 32 parity 1 1 4 4
243 641 35 parity 1 1 8 4
243 641 44 parity 1 1 4 4
243 641 47 parity 1 1 8 4
243 641 32 or 1 1 4 4
243 641 35 or 1 1 8 4
243 641 44 or 1 1 4 4
243 641 47 or 1 1 8 4
243 642 32 parity 1 1 4 4
243 642 35 parity 1 1 8 4
243 642 44 parity 1 1 4 4
243 642 47 parity 1 1 8 4
243 642 32 or 1 1 4 4
243 642 35 or 1 1 8 4
243 642 44 or 1 1 4 4
243 642 47 or 1 1 8 4
243 643 32 parity 1 1 4 4
243 643 35 parity 1 1 8 4
243 643 44 parity 1 1 4 4
243 643 47 parity 1 1 8 4
243 643 32 or 1 1 4 4
243 643 35 or 1 1 8 4
243 643 44 or 1 1 4 4
243 643 47 or 1 1 8 4
243 644 32 parity 1 1 4 4
243 644 35 parity 1 1 8 4
243 644 44 parity 1 1 4 4
243 644 47 parity 1 1 8 4
243 644 32 or 1 1 4 4
243 644 35 or 1 1 8 4
243 644 44 or 1 1 4 4
243 644 47 or 1 1 8 4
243 645 32 parity 1 1 4 4
243 645 35 parity 1 1 8 4
243 645 44 parity 1 1 4 4
243 645 47 parity 1 1 8 4
243 645 32 or 1 1 4 4
243 645 35 or 1 1 8 4
243 645 44 or 1 1 4 4
243 645 47 or 1 1 8 4
243 646 32 parity 1 1 4 4
243 646 35 parity 1 1 8 4
243 646 44 parity 1 1 4 4
243 646 47 parity 1 1 8 4
243 646 32 or 1 1 4 4
243 646 35 or 1 1 8 4
243 646 44 or 1 1 4 4
243 646 47 or 1 1 8 4
243 647 32 parity 1 1 4 4
243 647 35 parity 1 1 8 4
243 647 44 parity 1 1 4 4
243 647 47 parity 1 1 8 4
243 647 32 or 1 1 4 4
243 647 35 or 1 1 8 4
243 647 44 or 1 1 4 4
243 647 47 or 1 1 8 4
244 315 44 parity 1 1 4 4
244 315 44 or 1 1 4 4
244 316 44 parity 1 1 4 4
244 316 44 or 1 1 4 4
244 317 44 parity 1 1 4 4
244 317 44 or 1 1 4 4
244 318 44 parity 1 1 4 4
244 318 44 or 1 1 4 4
244 319 44 parity 1 1 4 4
244 319 44 or 1 1 4 4
244 320 44 parity 1 1 4 4
244 320 44 or 1 1 4 4
244 321 44 parity 1 1 4 4
244 321 44 or 1 1 4 4
244 322 44 parity 1 1 4 4
244 322 44 or 1 1 4 4
244 323 44 parity 1 1 4 4
244 323 44 or 1 1 4 4
249 639 32 parity 1 1 4 4
249 639 35 parity 1 1 8 4
249 639 44 parity 1 1 4 4
249 639 47 parity 1 1 8 4
249 639 32 or 1 1 4 4
249 639 35 or 1 1 8 4
249 639 44 or 1 1 4 4
249 639 47 or 1 1 8 4
249 640 32 parity 1 1 4 4
249 640 35 parity 1 1 8 4
249 640 44 parity 1 1 4 4
249 640 47 parity 1 1 8 4
249 640 32 or 1 1 4 4
249 640 35 or 1 1 8 4
249 640 44 or 1 1 4 4
249 640 47 or 1 1 8 4
249 641 32 parity 1 1 4 4
249 641 35 parity 1 1 8 4
249 641 44 parity 1 1 4 4
249 641 47 parity 1 1 8 4
249 641 32 or 1 1 4 4
249 641 35 or 1 1 8 4
249 641 44 or 1 1 4 4
249 641 47 or 1 1 8 4
249 642 32 parity 1 1 4 4
249 642 35 parity 1 1 8 4
249 642 44 parity 1 1 4 4
249 642 47 parity 1 1 8 4
249 642 32 or 1 1 4 4
249 642 35 or 1 1 8 4
249 642 44 or 1 1 4 4
249 642 47 or 1 1 8 4
249 643 32 parity 1 1 4 4
249 643 35 parity 1 1 8 4
249 643 44 parity 1 1 4 4
249 643 47 parity 1 1 8 4
249 643 32 or 1 1 4 4
249 643 35 or 1 1 8 4
249 643 44 or 1 1 4 4
249 643 47 or 1 1 8 4
249 644 32 parity 1 1 4 4
249 644 35 parity 1 1 8 4
249 644 44 parity 1 1 4 4
249 644 47 parity 1 1 8 4
249 644 32 or 1 1 4 4
249 644 35 or 1 1 8 4
249 644 44 or 1 1 4 4
249 644 47 or 1 1 8 4
249 645 32 parity 1 1 4 4
249 645 35 parity 1 1 8 4
249 645 44 parity 1 1 4 4
249 645 47 parity 1 1 8 4
249 645 32 or 1 1 4 4
249 645 35 or 1 1 8 4
249 645 44 or 1 1 4 4
249 645 47 or 1 1 8 4
249 646 32 parity 1 1 4 4
249 646 35 parity 1 1 8 4
249 646 44 parity 1 1 4 4
249 646 47 parity 1 1 8 4
249 646 32 or 1 1 4 4
249 646 35 or 1 1 8 4
249 646 44 or 1 1 4 4
249 646 47 or 1 1 8 4
249 647 32 parity 1 1 4 4
249 647 35 parity 1 1 8 4
249 647 44 parity 1 1 4 4
249 647 47 parity 1 1 8 4
249 647 32 or 1 1 4 4
249 647 35 or 1 1 8 4
249 647 44 or 1 1 4 4
249 647 47 or 1 1 8 4
245 315 44 parity 1 1 4 4
245 315 44 or 1 1 4 4
245 316 44 parity 1 1 4 4
245 316 44 or 1 1 4 4
245 317 44 parity 1 1 4 4
245 317 44 or 1 1 4 4
245 318 44 parity 1 1 4 4
245 318 44 or 1 1 4 4
245 319 44 parity 1 1 4 4
245 319 44 or 1 1 4 4
245 320 44 parity 1 1 4 4
245 320 44 or 1 1 4 4
245 321 44 parity 1 1 4 4
245 321 44 or 1 1 4 4
245 322 44 parity 1 1 4 4
245 322 44 or 1 1 4 4
245 323 44 parity 1 1 4 4
245 323 44 or 1 1 4 4
245 639 32 parity 1 1 4 4
245 639 35 parity 1 1 8 4
245 639 44 parity 1 1 4 4
245 639 47 parity 1 1 8 4
245 639 32 or 1 1 4 4
245 639 35 or 1 1 8 4
245 639 44 or 1 1 4 4
245 639 47 or 1 1 8 4
245 640 32 parity 1 1 4 4
245 640 35 parity 1 1 8 4
245 640 44 parity 1 1 4 4
245 640 47 parity 1 1 8 4
245 640 32 or 1 1 4 4
245 640 35 or 1 1 8 4
245 640 44 or 1 1 4 4
245 640 47 or 1 1 8 4
245 641 32 parity 1 1 4 4
245 641 35 parity 1 1 8 4
245 641 44 parity 1 1 4 4
245 641 47 parity 1 1 8 4
245 641 32 or 1 1 4 4
245 641 35 or 1 1 8 4
245 641 44 or 1 1 4 4
245 641 47 or 1 1 8 4
245 642 32 parity 1 1 4 4
245 642 35 parity 1 1 8 4
245 642 44 parity 1 1 4 4
245 642 47 parity 1 1 8 4
245 642 32 or 1 1 4 4
245 642 35 or 1 1 8 4
245 642 44 or 1 1 4 4
245 642 47 or 1 1 8 4
245 643 32 parity 1 1 4 4
245 643 35 parity 1 1 8 4
245 643 44 parity 1 1 4 4
245 643 47 parity 1 1 8 4
245 643 32 or 1 1 4 4
245 643 35 or 1 1 8 4
245 643 44 or 1 1 4 4
245 643 47 or 1 1 8 4
245 644 32 parity 1 1 4 4
245 644 35 parity 1 1 8 4
245 644 44 parity 1 1 4 4
245 644 47 parity 1 1 8 4
245 644 32 or 1 1 4 4
245 644 35 or 1 1 8 4
245 644 44 or 1 1 4 4
245 644 47 or 1 1 8 4
245 645 32 parity 1 1 4 4
245 645 35 parity 1 1 8 4
245 645 44 parity 1 1 4 4
245 645 47 parity 1 1 8 4
245 645 32 or 1 1 4 4
245 645 35 or 1 1 8 4
245 645 44 or 1 1 4 4
245 645 47 or 1 1 8 4
245 646 32 parity 1 1 4 4
245 646 35 parity 1 1 8 4
245 646 44 parity 1 1 4 4
245 646 47 parity 1 1 8 4
245 646 32 or 1 1 4 4
245 646 35 or 1 1 8 4
245 646 44 or 1 1 4 4
245 646 47 or 1 1 8 4
245 647 32 parity 1 1 4 4
245 647 35 parity 1 1 8 4
245 647 44 parity 1 1 4 4
245 647 47 parity 1 1 8 4
245 647 32 or 1 1 4 4
245 647 35 or 1 1 8 4
245 647 44 or 1 1 4 4
245 647 47 or 1 1 8 4
251 315 44 parity 1 1 4 4
251 315 44 or 1 1 4 4
251 316 44 parity 1 1 4 4
251 316 44 or 1 1 4 4
251 317 44 parity 1 1 4 4
251 317 44 or 1 1 4 4
251 318 44 parity 1 1 4 4
251 318 44 or 1 1 4 4
251 319 44 parity 1 1 4 4
251 319 44 or 1 1 4 4
251 320 44 parity 1 1 4 4
251 320 44 or 1 1 4 4
251 321 44 parity 1 1 4 4
251 321 44 or 1 1 4 4
251 322 44 parity 1 1 4 4
251 322 44 or 1 1 4 4
251 323 44 parity 1 1 4 4
251 323 44 or 1 1 4 4
246 639 32 parity 1 1 4 4
246 639 35 parity 1 1 8 4
246 639 44 parity 1 1 4 4
246 639 47 parity 1 1 8 4
246 639 32 or 1 1 4 4
246 639 35 or 1 1 8 4
246 639 44 or 1 1 4 4
246 639 47 or 1 1 8 4
246 640 32 parity 1 1 4 4
246 640 35 parity 1 1 8 4
246 640 44 parity 1 1 4 4
246 640 47 parity 1 1 8 4
246 640 32 or 1 1 4 4
246 640 35 or 1 1 8 4
246 640 44 or 1 1 4 4
246 640 47 or 1 1 8 4
246 641 32 parity 1 1 4 4
246 641 35 parity 1 1 8 4
246 641 44 parity 1 1 4 4
246 641 47 parity 1 1 8 4
246 641 32 or 1 1 4 4
246 641 35 or 1 1 8 4
246 641 44 or 1 1 4 4
246 641 47 or 1 1 8 4
246 642 32 parity 1 1 4 4
246 642 35 parity 1 1 8 4
246 642 44 parity 1 1 4 4
246 642 47 parity 1 1 8 4
246 642 32 or 1 1 4 4
246 642 35 or 1 1 8 4
246 642 44 or 1 1 4 4
246 642 47 or 1 1 8 4
246 643 32 parity 1 1 4 4
246 643 35 parity 1 1 8 4
246 643 44 parity 1 1 4 4
246 643 47 parity 1 1 8 4
246 643 32 or 1 1 4 4
246 643 35 or 1 1 8 4
246 643 44 or 1 1 4 4
246 643 47 or 1 1 8 4
246 644 32 parity 1 1 4 4
246 644 35 parity 1 1 8 4
246 644 44 parity 1 1 4 4
246 644 47 parity 1 1 8 4
246 644 32 or 1 1 4 4
246 644 35 or 1 1 8 4
246 644 44 or 1 1 4 4
246 644 47 or 1 1 8 4
246 645 32 parity 1 1 4 4
246 645 35 parity 1 1 8 4
246 645 44 parity 1 1 4 4
246 645 47 parity 1 1 8 4
246 645 32 or 1 1 4 4
246 645 35 or 1 1 8 4
246 645 44 or 1 1 4 4
246 645 47 or 1 1 8 4
246 646 32 parity 1 1 4 4
246 646 35 parity 1 1 8 4
246 646 44 parity 1 1 4 4
246 646 47 parity 1 1 8 4
246 646 32 or 1 1 4 4
246 646 35 or 1 1 8 4
246 646 44 or 1 1 4 4
246 646 47 or 1 1 8 4
246 647 32 parity 1 1 4 4
246 647 35 parity 1 1 8 4
246 647 44 parity 1 1 4 4
246 647 47 parity 1 1 8 4
246 647 32 or 1 1 4 4
246 647 35 or 1 1 8 4
246 647 44 or 1 1 4 4
246 647 47 or 1 1 8 4
247 315 44 parity 1 1 4 4
247 315 44 or 1 1 4 4
247 316 44 parity 1 1 4 4
247 316 44 or 1 1 4 4
247 317 44 parity 1 1 4 4
247 317 44 or 1 1 4 4
247 318 44 parity 1 1 4 4
247 318 44 or 1 1 4 4
247 319 44 parity 1 1 4 4
247 319 44 or 1 1 4 4
247 320 44 parity 1 1 4 4
247 320 44 or 1 1 4 4
247 321 44 parity 1 1 4 4
247 321 44 or 1 1 4 4
247 322 44 parity 1 1 4 4
247 322 44 or 1 1 4 4
247 323 44 parity 1 1 4 4
247 323 44 or 1 1 4 4
248 639 32 parity 1 1 4 4
248 639 35 parity 1 1 8 4
248 639 44 parity 1 1 4 4
248 639 47 parity 1 1 8 4
248 639 32 or 1 1 4 4
248 639 35 or 1 1 8 4
248 639 44 or 1 1 4 4
248 639 47 or 1 1 8 4
248 640 32 parity 1 1 4 4
248 640 35 parity 1 1 8 4
248 640 44 parity 1 1 4 4
248 640 47 parity 1 1 8 4
248 640 32 or 1 1 4 4
248 640 35 or 1 1 8 4
248 640 44 or 1 1 4 4
248 640 47 or 1 1 8 4
248 641 32 parity 1 1 4 4
248 641 35 parity 1 1 8 4
248 641 44 parity 1 1 4 4
248 641 47 parity 1 1 8 4
248 641 32 or 1 1 4 4
248 641 35 or 1 1 8 4
248 641 44 or 1 1 4 4
248 641 47 or 1 1 8 4
248 642 32 parity 1 1 4 4
248 642 35 parity 1 1 8 4
248 642 44 parity 1 1 4 4
248 642 47 parity 1 1 8 4
248 642 32 or 1 1 4 4
248 642 35 or 1 1 8 4
248 642 44 or 1 1 4 4
248 642 47 or 1 1 8 4
248 643 32 parity 1 1 4 4
248 643 35 parity 1 1 8 4
248 643 44 parity 1 1 4 4
248 643 47 parity 1 1 8 4
248 643 32 or 1 1 4 4
248 643 35 or 1 1 8 4
248 643 44 or 1 1 4 4
248 643 47 or 1 1 8 4
248 644 32 parity 1 1 4 4
248 644 35 parity 1 1 8 4
248 644 44 parity 1 1 4 4
248 644 47 parity 1 1 8 4
248 644 32 or 1 1 4 4
248 644 35 or 1 1 8 4
248 644 44 or 1 1 4 4
248 644 47 or 1 1 8 4
248 645 32 parity 1 1 4 4
248 645 35 parity 1 1 8 4
248 645 44 parity 1 1 4 4
248 645 47 parity 1 1 8 4
248 645 32 or 1 1 4 4
248 645 35 or 1 1 8 4
248 645 44 or 1 1 4 4
248 645 47 or 1 1 8 4
248 646 32 parity 1 1 4 4
248 646 35 parity 1 1 8 4
248 646 44 parity 1 1 4 4
248 646 47 parity 1 1 8 4
248 646 32 or 1 1 4 4
248 646 35 or 1 1 8 4
248 646 44 or 1 1 4 4
248 646 47 or 1 1 8 4
248 647 32 parity 1 1 4 4
248 647 35 parity 1 1 8 4
248 647 44 parity 1 1 4 4
248 647 47 parity 1 1 8 4
248 647 32 or 1 1 4 4
248 647 35 or 1 1 8 4
248 647 44 or 1 1 4 4
248 647 47 or 1 1 8 4
249 315 44 parity 1 1 4 4
249 315 44 or 1 1 4 4
249 316 44 parity 1 1 4 4
249 316 44 or 1 1 4 4
249 317 44 parity 1 1 4 4
249 317 44 or 1 1 4 4
249 318 44 parity 1 1 4 4
249 318 44 or 1 1 4 4
249 319 44 parity 1 1 4 4
249 319 44 or 1 1 4 4
249 320 44 parity 1 1 4 4
249 320 44 or 1 1 4 4
249 321 44 parity 1 1 4 4
249 321 44 or 1 1 4 4
249 322 44 parity 1 1 4 4
249 322 44 or 1 1 4 4
249 323 44 parity 1 1 4 4
249 323 44 or 1 1 4 4
247 639 32 parity 1 1 4 4
247 639 35 parity 1 1 8 4
247 639 44 parity 1 1 4 4
247 639 47 parity 1 1 8 4
247 639 32 or 1 1 4 4
247 639 35 or 1 1 8 4
247 639 44 or 1 1 4 4
247 639 47 or 1 1 8 4
247 640 32 parity 1 1 4 4
247 640 35 parity 1 1 8 4
247 640 44 parity 1 1 4 4
247 640 47 parity 1 1 8 4
247 640 32 or 1 1 4 4
247 640 35 or 1 1 8 4
247 640 44 or 1 1 4 4
247 640 47 or 1 1 8 4
247 641 32 parity 1 1 4 4
247 641 35 parity 1 1 8 4
247 641 44 parity 1 1 4 4
247 641 47 parity 1 1 8 4
247 641 32 or 1 1 4 4
247 641 35 or 1 1 8 4
247 641 44 or 1 1 4 4
247 641 47 or 1 1 8 4
247 642 32 parity 1 1 4 4
247 642 35 parity 1 1 8 4
247 642 44 parity 1 1 4 4
247 642 47 parity 1 1 8 4
247 642 32 or 1 1 4 4
247 642 35 or 1 1 8 4
247 642 44 or 1 1 4 4
247 642 47 or 1 1 8 4
247 643 32 parity 1 1 4 4
247 643 35 parity 1 1 8 4
247 643 44 parity 1 1 4 4
247 643 47 parity 1 1 8 4
247 643 32 or 1 1 4 4
247 643 35 or 1 1 8 4
247 643 44 or 1 1 4 4
247 643 47 or 1 1 8 4
247 644 32 parity 1 1 4 4
247 644 35 parity 1 1 8 4
247 644 44 parity 1 1 4 4
247 644 47 parity 1 1 8 4
247 644 32 or 1 1 4 4
247 644 35 or 1 1 8 4
247 644 44 or 1 1 4 4
247 644 47 or 1 1 8 4
247 645 32 parity 1 1 4 4
247 645 35 parity 1 1 8 4
247 645 44 parity 1 1 4 4
247 645 47 parity 1 1 8 4
247 645 32 or 1 1 4 4
247 645 35 or 1 1 8 4
247 645 44 or 1 1 4 4
247 645 47 or 1 1 8 4
247 646 32 parity 1 1 4 4
247 646 35 parity 1 1 8 4
247 646 44 parity 1 1 4 4
247 646 47 parity 1 1 8 4
247 646 32 or 1 1 4 4
247 646 35 or 1 1 8 4
247 646 44 or 1 1 4 4
247 646 47 or 1 1 8 4
247 647 32 parity 1 1 4 4
247 647 35 parity 1 1 8 4
247 647 44 parity 1 1 4 4
247 647 47 parity 1 1 8 4
247 647 32 or 1 1 4 4
247 647 35 or 1 1 8 4
247 647 44 or 1 1 4 4
247 647 47 or 1 1 8 4
248 315 44 parity 1 1 4 4
248 315 44 or 1 1 4 4
248 316 44 parity 1 1 4 4
248 316 44 or 1 1 4 4
248 317 44 parity 1 1 4 4
248 317 44 or 1 1 4 4
248 318 44 parity 1 1 4 4
248 318 44 or 1 1 4 4
248 319 44 parity 1 1 4 4
248 319 44 or 1 1 4 4
248 320 44 parity 1 1 4 4
248 320 44 or 1 1 4 4
248 321 44 parity 1 1 4 4
248 321 44 or 1 1 4 4
248 322 44 parity 1 1 4 4
248 322 44 or 1 1 4 4
248 323 44 parity 1 1 4 4
248 323 44 or 1 1 4 4
250 315 44 parity 1 1 4 4
250 315 44 or 1 1 4 4
250 316 44 parity 1 1 4 4
250 316 44 or 1 1 4 4
250 317 44 parity 1 1 4 4
250 317 44 or 1 1 4 4
250 318 44 parity 1 1 4 4
250 318 44 or 1 1 4 4
250 319 44 parity 1 1 4 4
250 319 44 or 1 1 4 4
250 320 44 parity 1 1 4 4
250 320 44 or 1 1 4 4
250 321 44 parity 1 1 4 4
250 321 44 or 1 1 4 4
250 322 44 parity 1 1 4 4
250 322 44 or 1 1 4 4
250 323 44 parity 1 1 4 4
250 323 44 or 1 1 4 4
250 639 32 parity 1 1 4 4
250 639 35 parity 1 1 8 4
250 639 44 parity 1 1 4 4
250 639 47 parity 1 1 8 4
250 639 32 or 1 1 4 4
250 639 35 or 1 1 8 4
250 639 44 or 1 1 4 4
250 639 47 or 1 1 8 4
250 640 32 parity 1 1 4 4
250 640 35 parity 1 1 8 4
250 640 44 parity 1 1 4 4
250 640 47 parity 1 1 8 4
250 640 32 or 1 1 4 4
250 640 35 or 1 1 8 4
250 640 44 or 1 1 4 4
250 640 47 or 1 1 8 4
250 641 32 parity 1 1 4 4
250 641 35 parity 1 1 8 4
250 641 44 parity 1 1 4 4
250 641 47 parity 1 1 8 4
250 641 32 or 1 1 4 4
250 641 35 or 1 1 8 4
250 641 44 or 1 1 4 4
250 641 47 or 1 1 8 4
250 642 32 parity 1 1 4 4
250 642 35 parity 1 1 8 4
250 642 44 parity 1 1 4 4
250 642 47 parity 1 1 8 4
250 642 32 or 1 1 4 4
250 642 35 or 1 1 8 4
250 642 44 or 1 1 4 4
250 642 47 or 1 1 8 4
250 643 32 parity 1 1 4 4
250 643 35 parity 1 1 8 4
250 643 44 parity 1 1 4 4
250 643 47 parity 1 1 8 4
250 643 32 or 1 1 4 4
250 643 35 or 1 1 8 4
250 643 44 or 1 1 4 4
250 643 47 or 1 1 8 4
250 644 32 parity 1 1 4 4
250 644 35 parity 1 1 8 4
250 644 44 parity 1 1 4 4
250 644 47 parity 1 1 8 4
250 644 32 or 1 1 4 4
250 644 35 or 1 1 8 4
250 644 44 or 1 1 4 4
250 644 47 or 1 1 8 4
250 645 32 parity 1 1 4 4
250 645 35 parity 1 1 8 4
250 645 44 parity 1 1 4 4
250 645 47 parity 1 1 8 4
250 645 32 or 1 1 4 4
250 645 35 or 1 1 8 4
250 645 44 or 1 1 4 4
250 645 47 or 1 1 8 4
250 646 32 parity 1 1 4 4
250 646 35 parity 1 1 8 4
250 646 44 parity 1 1 4 4
250 646 47 parity 1 1 8 4
250 646 32 or 1 1 4 4
250 646 35 or 1 1 8 4
250 646 44 or 1 1 4 4
250 646 47 or 1 1 8 4
250 647 32 parity 1 1 4 4
250 647 35 parity 1 1 8 4
250 647 44 parity 1 1 4 4
250 647 47 parity 1 1 8 4
250 647 32 or 1 1 4 4
250 647 35 or 1 1 8 4
250 647 44 or 1 1 4 4
250 647 47 or 1 1 8 4
251 639 32 parity 1 1 4 4
251 639 35 parity 1 1 8 4
251 639 44 parity 1 1 4 4
251 639 47 parity 1 1 8 4
251 639 32 or 1 1 4 4
251 639 35 or 1 1 8 4
251 639 44 or 1 1 4 4
251 639 47 or 1 1 8 4
251 640 32 parity 1 1 4 4
251 640 35 parity 1 1 8 4
251 640 44 parity 1 1 4 4
251 640 47 parity 1 1 8 4
251 640 32 or 1 1 4 4
251 640 35 or 1 1 8 4
251 640 44 or 1 1 4 4
251 640 47 or 1 1 8 4
251 641 32 parity 1 1 4 4
251 641 35 parity 1 1 8 4
251 641 44 parity 1 1 4 4
251 641 47 parity 1 1 8 4
251 641 32 or 1 1 4 4
251 641 35 or 1 1 8 4
251 641 44 or 1 1 4 4
251 641 47 or 1 1 8 4
251 642 32 parity 1 1 4 4
251 642 35 parity 1 1 8 4
251 642 44 parity 1 1 4 4
251 642 47 parity 1 1 8 4
251 642 32 or 1 1 4 4
251 642 35 or 1 1 8 4
251 642 44 or 1 1 4 4
251 642 47 or 1 1 8 4
251 643 32 parity 1 1 4 4
251 643 35 parity 1 1 8 4
251 643 44 parity 1 1 4 4
251 643 47 parity 1 1 8 4
251 643 32 or 1 1 4 4
251 643 35 or 1 1 8 4
251 643 44 or 1 1 4 4
251 643 47 or 1 1 8 4
251 644 32 parity 1 1 4 4
251 644 35 parity 1 1 8 4
251 644 44 parity 1 1 4 4
251 644 47 parity 1 1 8 4
251 644 32 or 1 1 4 4
251 644 35 or 1 1 8 4
251 644 44 or 1 1 4 4
251 644 47 or 1 1 8 4
251 645 32 parity 1 1 4 4
251 645 35 parity 1 1 8 4
251 645 44 parity 1 1 4 4
251 645 47 parity 1 1 8 4
251 645 32 or 1 1 4 4
251 645 35 or 1 1 8 4
251 645 44 or 1 1 4 4
251 645 47 or 1 1 8 4
251 646 32 parity 1 1 4 4
251 646 35 parity 1 1 8 4
251 646 44 parity 1 1 4 4
251 646 47 parity 1 1 8 4
251 646 32 or 1 1 4 4
251 646 35 or 1 1 8 4
251 646 44 or 1 1 4 4
251 646 47 or 1 1 8 4
251 647 32 parity 1 1 4 4
251 647 35 parity 1 1 8 4
251 647 44 parity 1 1 4 4
251 647 47 parity 1 1 8 4
251 647 32 or 1 1 4 4
251 647 35 or 1 1 8 4
251 647 44 or 1 1 4 4
251 647 47 or 1 1 8 4
279 351 32 parity 1 -1 4 4
279 351 35 parity 1 -1 8 4
279 351 44 parity 1 -1 4 4
279 351 47 parity 1 -1 6 4
279 351 32 or 1 -1 4 4
279 351 35 or 1 -1 8 4
279 351 44 or 1 -1 4 4
279 351 47 or 1 -1 6 4
279 352 32 parity 1 -1 4 4
279 352 35 parity 1 -1 8 4
279 352 44 parity 1 -1 4 4
279 352 47 parity 1 -1 6 4
279 352 32 or 1 -1 4 4
279 352 35 or 1 -1 8 4
279 352 44 or 1 -1 4 4
279 352 47 or 1 -1 6 4
279 353 32 parity 1 -1 4 4
279 353 35 parity 1 -1 8 4
279 353 44 parity 1 -1 4 4
279 353 47 parity 1 -1 6 4
279 353 32 or 1 -1 4 4
279 353 35 or 1 -1 8 4
279 353 44 or 1 -1 4 4
279 353 47 or 1 -1 6 4
279 354 32 parity 1 -1 4 4
279 354 35 parity 1 -1 8 4
279 354 44 parity 1 -1 4 4
279 354 47 parity 1 -1 6 4
279 354 32 or 1 -1 4 4
279 354 35 or 1 -1 8 4
279 354 44 or 1 -1 4 4
279 354 47 or 1 -1 6 4
279 355 32 parity 1 -1 4 4
279 355 35 parity 1 -1 8 4
279 355 44 parity 1 -1 4 4
279 355 47 parity 1 -1 6 4
279 355 32 or 1 -1 4 4
279 355 35 or 1 -1 8 4
279 355 44 or 1 -1 4 4
279 355 47 or 1 -1 6 4
279 356 32 parity 1 -1 4 4
279 356 35 parity 1 -1 8 4
279 356 44 parity 1 -1 4 4
279 356 47 parity 1 -1 6 4
279 356 32 or 1 -1 4 4
279 356 35 or 1 -1 8 4
279 356 44 or 1 -1 4 4
279 356 47 or 1 -1 6 4
279 357 32 parity 1 -1 4 4
279 357 35 parity 1 -1 8 4
279 357 44 parity 1 -1 4 4
279 357 47 parity 1 -1 6 4
279 357 32 or 1 -1 4 4
279 357 35 or 1 -1 8 4
279 357 44 or 1 -1 4 4
279 357 47 or 1 -1 6 4
279 358 32 parity 1 -1 4 4
279 358 35 parity 1 -1 8 4
279 358 44 parity 1 -1 4 4
279 358 47 parity 1 -1 6 4
279 358 32 or 1 -1 4 4
279 358 35 or 1 -1 8 4
279 358 44 or 1 -1 4 4
279 358 47 or 1 -1 6 4
279 359 32 parity 1 -1 4 4
279 359 35 parity 1 -1 8 4
279 359 44 parity 1 -1 4 4
279 359 47 parity 1 -1 6 4
279 359 32 or 1 -1 4 4
279 359 35 or 1 -1 8 4
279 359 44 or 1 -1 4 4
279 359 47 or 1 -1 6 4
279 675 44 parity 1 -1 4 4
279 675 47 parity 1 -1 6 4
279 675 44 or 1 -1 4 4
279 675 47 or 1 -1 6 4
279 676 44 parity 1 -1 4 4
279 676 47 parity 1 -1 6 4
279 676 44 or 1 -1 4 4
279 676 47 or 1 -1 6 4
279 677 44 parity 1 -1 4 4
279 677 47 parity 1 -1 6 4
279 677 44 or 1 -1 4 4
279 677 47 or 1 -1 6 4
279 678 44 parity 1 -1 4 4
279 678 47 parity 1 -1 6 4
279 678 44 or 1 -1 4 4
279 678 47 or 1 -1 6 4
279 679 44 parity 1 -1 4 4
279 679 47 parity 1 -1 6 4
279 679 44 or 1 -1 4 4
279 679 47 or 1 -1 6 4
279 680 44 parity 1 -1 4 4
279 680 47 parity 1 -1 6 4
279 680 44 or 1 -1 4 4
279 680 47 or 1 -1 6 4
279 681 44 parity 1 -1 4 4
279 681 47 parity 1 -1 6 4
279 681 44 or 1 -1 4 4
279 681 47 or 1 -1 6 4
279 682 44 parity 1 -1 4 4
279 682 47 parity 1 -1 6 4
279 682 44 or 1 -1 4 4
279 682 47 or 1 -1 6 4
279 683 44 parity 1 -1 4 4
279 683 47 parity 1 -1 6 4
279 683 44 or 1 -1 4 4
279 683 47 or 1 -1 6 4
280 351 32 parity 1 -1 4 4
280 351 35 parity 1 -1 8 4
280 351 44 parity 1 -1 4 4
280 351 47 parity 1 -1 6 4
280 351 32 or 1 -1 4 4
280 351 35 or 1 -1 8 4
280 351 44 or 1 -1 4 4
280 351 47 or 1 -1 6 4
280 352 32 parity 1 -1 4 4
280 352 35 parity 1 -1 8 4
280 352 44 parity 1 -1 4 4
280 352 47 parity 1 -1 6 4
280 352 32 or 1 -1 4 4
280 352 35 or 1 -1 8 4
280 352 44 or 1 -1 4 4
280 352 47 or 1 -1 6 4
280 353 32 parity 1 -1 4 4
280 353 35 parity 1 -1 8 4
280 353 44 parity 1 -1 4 4
280 353 47 parity 1 -1 6 4
280 353 32 or 1 -1 4 4
280 353 35 or 1 -1 8 4
280 353 44 or 1 -1 4 4
280 353 47 or 1 -1 6 4
280 354 32 parity 1 -1 4 4
280 354 35 parity 1 -1 8 4
280 354 44 parity 1 -1 4 4
280 354 47 parity 1 -1 6 4
280 354 32 or 1 -1 4 4
280 354 35 or 1 -1 8 4
280 354 44 or 1 -1 4 4
280 354 47 or 1 -1 6 4
280 355 32 parity 1 -1 4 4
280 355 35 parity 1 -1 8 4
280 355 44 parity 1 -1 4 4
280 355 47 parity 1 -1 6 4
280 355 32 or 1 -1 4 4
280 355 35 or 1 -1 8 4
280 355 44 or 1 -1 4 4
280 355 47 or 1 -1 6 4
280 356 32 parity 1 -1 4 4
280 356 35 parity 1 -1 8 4
280 356 44 parity 1 -1 4 4
280 356 47 parity 1 -1 6 4
280 356 32 or 1 -1 4 4
280 356 35 or 1 -1 8 4
280 356 44 or 1 -1 4 4
280 356 47 or 1 -1 6 4
280 357 32 parity 1 -1 4 4
280 357 35 parity 1 -1 8 4
280 357 44 parity 1 -1 4 4
280 357 47 parity 1 -1 6 4
280 357 32 or 1 -1 4 4
280 357 35 or 1 -1 8 4
280 357 44 or 1 -1 4 4
280 357 47 or 1 -1 6 4
280 358 32 parity 1 -1 4 4
280 358 35 parity 1 -1 8 4
280 358 44 parity 1 -1 4 4
280 358 47 parity 1 -1 6 4
280 358 32 or 1 -1 4 4
280 358 35 or 1 -1 8 4
280 358 44 or 1 -1 4 4
280 358 47 or 1 -1 6 4
280 359 32 parity 1 -1 4 4
280 359 35 parity 1 -1 8 4
280 359 44 parity 1 -1 4 4
280 359 47 parity 1 -1 6 4
280 359 32 or 1 -1 4 4
280 359 35 or 1 -1 8 4
280 359 44 or 1 -1 4 4
280 359 47 or 1 -1 6 4
281 675 44 parity 1 -1 4 4
281 675 47 parity 1 -1 6 4
281 675 44 or 1 -1 4 4
281 675 47 or 1 -1 6 4
281 676 44 parity 1 -1 4 4
281 676 47 parity 1 -1 6 4
281 676 44 or 1 -1 4 4
281 676 47 or 1 -1 6 4
281 677 44 parity 1 -1 4 4
281 677 47 parity 1 -1 6 4
281 677 44 or 1 -1 4 4
281 677 47 or 1 -1 6 4
281 678 44 parity 1 -1 4 4
281 678 47 parity 1 -1 6 4
281 678 44 or 1 -1 4 4
281 678 47 or 1 -1 6 4
281 679 44 parity 1 -1 4 4
281 679 47 parity 1 -1 6 4
281 679 44 or 1 -1 4 4
281 679 47 or 1 -1 6 4
281 680 44 parity 1 -1 4 4
281 680 47 parity 1 -1 6 4
281 680 44 or 1 -1 4 4
281 680 47 or 1 -1 6 4
281 681 44 parity 1 -1 4 4
281 681 47 parity 1 -1 6 4
281 681 44 or 1 -1 4 4
281 681 47 or 1 -1 6 4
281 682 44 parity 1 -1 4 4
281 682 47 parity 1 -1 6 4
281 682 44 or 1 -1 4 4
281 682 47 or 1 -1 6 4
281 683 44 parity 1 -1 4 4
281 683 47 parity 1 -1 6 4
281 683 44 or 1 -1 4 4
281 683 47 or 1 -1 6 4
282 351 32 parity 1 -1 4 4
282 351 35 parity 1 -1 8 4
282 351 44 parity 1 -1 4 4
282 351 47 parity 1 -1 6 4
282 351 32 or 1 -1 4 4
282 351 35 or 1 -1 8 4
282 351 44 or 1 -1 4 4
282 351 47 or 1 -1 6 4
282 352 32 parity 1 -1 4 4
282 352 35 parity 1 -1 8 4
282 352 44 parity 1 -1 4 4
282 352 47 parity 1 -1 6 4
282 352 32 or 1 -1 4 4
282 352 35 or 1 -1 8 4
282 352 44 or 1 -1 4 4
282 352 47 or 1 -1 6 4
282 353 32 parity 1 -1 4 4
282 353 35 parity 1 -1 8 4
282 353 44 parity 1 -1 4 4
282 353 47 parity 1 -1 6 4
282 353 32 or 1 -1 4 4
282 353 35 or 1 -1 8 4
282 353 44 or 1 -1 4 4
282 353 47 or 1 -1 6 4
282 354 32 parity 1 -1 4 4
282 354 35 parity 1 -1 8 4
282 354 44 parity 1 -1 4 4
282 354 47 parity 1 -1 6 4
282 354 32 or 1 -1 4 4
282 354 35 or 1 -1 8 4
282 354 44 or 1 -1 4 4
282 354 47 or 1 -1 6 4
282 355 32 parity 1 -1 4 4
282 355 35 parity 1 -1 8 4
282 355 44 parity 1 -1 4 4
282 355 47 parity 1 -1 6 4
282 355 32 or 1 -1 4 4
282 355 35 or 1 -1 8 4
282 355 44 or 1 -1 4 4
282 355 47 or 1 -1 6 4
282 356 32 parity 1 -1 4 4
282 356 35 parity 1 -1 8 4
282 356 44 parity 1 -1 4 4
282 356 47 parity 1 -1 6 4
282 356 32 or 1 -1 4 4
282 356 35 or 1 -1 8 4
282 356 44 or 1 -1 4 4
282 356 47 or 1 -1 6 4
282 357 32 parity 1 -1 4 4
282 357 35 parity 1 -1 8 4
282 357 44 parity 1 -1 4 4
282 357 47 parity 1 -1 6 4
282 357 32 or 1 -1 4 4
282 357 35 or 1 -1 8 4
282 357 44 or 1 -1 4 4
282 357 47 or 1 -1 6 4
282 358 32 parity 1 -1 4 4
282 358 35 parity 1 -1 8 4
282 358 44 parity 1 -1 4 4
282 358 47 parity 1 -1 6 4
282 358 32 or 1 -1 4 4
282 358 35 or 1 -1 8 4
282 358 44 or 1 -1 4 4
282 358 47 or 1 -1 6 4
282 359 32 parity 1 -1 4 4
282 359 35 parity 1 -1 8 4
282 359 44 parity 1 -1 4 4
282 359 47 parity 1 -1 6 4
282 359 32 or 1 -1 4 4
282 359 35 or 1 -1 8 4
282 359 44 or 1 -1 4 4
282 359 47 or 1 -1 6 4
280 675 44 parity 1 -1 4 4
280 675 47 parity 1 -1 6 4
280 675 44 or 1 -1 4 4
280 675 47 or 1 -1 6 4
280 676 44 parity 1 -1 4 4
280 676 47 parity 1 -1 6 4
280 676 44 or 1 -1 4 4
280 676 47 or 1 -1 6 4
280 677 44 parity 1 -1 4 4
280 677 47 parity 1 -1 6 4
280 677 44 or 1 -1 4 4
280 677 47 or 1 -1 6 4
280 678 44 parity 1 -1 4 4
280 678 47 parity 1 -1 6 4
280 678 44 or 1 -1 4 4
280 678 47 or 1 -1 6 4
280 679 44 parity 1 -1 4 4
280 679 47 parity 1 -1 6 4
280 679 44 or 1 -1 4 4
280 679 47 or 1 -1 6 4
280 680 44 parity 1 -1 4 4
280 680 47 parity 1 -1 6 4
280 680 44 or 1 -1 4 4
280 680 47 or 1 -1 6 4
280 681 44 parity 1 -1 4 4
280 681 47 parity 1 -1 6 4
280 681 44 or 1 -1 4 4
280 681 47 or 1 -1 6 4
280 682 44 parity 1 -1 4 4
280 682 47 parity 1 -1 6 4
280 682 44 or 1 -1 4 4
280 682 47 or 1 -1 6 4
280 683 44 parity 1 -1 4 4
280 683 47 parity 1 -1 6 4
280 683 44 or 1 -1 4 4
280 683 47 or 1 -1 6 4
281 351 32 parity 1 -1 4 4
281 351 35 parity 1 -1 8 4
281 351 44 parity 1 -1 4 4
281 351 47 parity 1 -1 6 4
281 351 32 or 1 -1 4 4
281 351 35 or 1 -1 8 4
281 351 44 or 1 -1 4 4
281 351 47 or 1 -1 6 4
281 352 32 parity 1 -1 4 4
281 352 35 parity 1 -1 8 4
281 352 44 parity 1 -1 4 4
281 352 47 parity 1 -1 6 4
281 352 32 or 1 -1 4 4
281 352 35 or 1 -1 8 4
281 352 44 or 1 -1 4 4
281 352 47 or 1 -1 6 4
281 353 32 parity 1 -1 4 4
281 353 35 parity 1 -1 8 4
281 353 44 parity 1 -1 4 4
281 353 47 parity 1 -1 6 4
281 353 32 or 1 -1 4 4
281 353 35 or 1 -1 8 4
281 353 44 or 1 -1 4 4
281 353 47 or 1 -1 6 4
281 354 32 parity 1 -1 4 4
281 354 35 parity 1 -1 8 4
281 354 44 parity 1 -1 4 4
281 354 47 parity 1 -1 6 4
281 354 32 or 1 -1 4 4
281 354 35 or 1 -1 8 4
281 354 44 or 1 -1 4 4
281 354 47 or 1 -1 6 4
281 355 32 parity 1 -1 4 4
281 355 35 parity 1 -1 8 4
281 355 44 parity 1 -1 4 4
281 355 47 parity 1 -1 6 4
281 355 32 or 1 -1 4 4
281 355 35 or 1 -1 8 4
281 355 44 or 1 -1 4 4
281 355 47 or 1 -1 6 4
281 356 32 parity 1 -1 4 4
281 356 35 parity 1 -1 8 4
281 356 44 parity 1 -1 4 4
281 356 47 parity 1 -1 6 4
281 356 32 or 1 -1 4 4
281 356 35 or 1 -1 8 4
281 356 44 or 1 -1 4 4
281 356 47 or 1 -1 6 4
281 357 32 parity 1 -1 4 4
281 357 35 parity 1 -1 8 4
281 357 44 parity 1 -1 4 4
281 357 47 parity 1 -1 6 4
281 357 32 or 1 -1 4 4
281 357 35 or 1 -1 8 4
281 357 44 or 1 -1 4 4
281 357 47 or 1 -1 6 4
281 358 32 parity 1 -1 4 4
281 358 35 parity 1 -1 8 4
281 358 44 parity 1 -1 4 4
281 358 47 parity 1 -1 6 4
281 358 32 or 1 -1 4 4
281 358 35 or 1 -1 8 4
281 358 44 or 1 -1 4 4
281 358 47 or 1 -1 6 4
281 359 32 parity 1 -1 4 4
281 359 35 parity 1 -1 8 4
281 359 44 parity 1 -1 4 4
281 359 47 parity 1 -1 6 4
281 359 32 or 1 -1 4 4
281 359 35 or 1 -1 8 4
281 359 44 or 1 -1 4 4
281 359 47 or 1 -1 6 4
282 675 44 parity 1 -1 4 4
282 675 47 parity 1 -1 6 4
282 675 44 or 1 -1 4 4
282 675 47 or 1 -1 6 4
282 676 44 parity 1 -1 4 4
282 676 47 parity 1 -1 6 4
282 676 44 or 1 -1 4 4
282 676 47 or 1 -1 6 4
282 677 44 parity 1 -1 4 4
282 677 47 parity 1 -1 6 4
282 677 44 or 1 -1 4 4
282 677 47 or 1 -1 6 4
282 678 44 parity 1 -1 4 4
282 678 47 parity 1 -1 6 4
282 678 44 or 1 -1 4 4
282 678 47 or 1 -1 6 4
282 679 44 parity 1 -1 4 4
282 679 47 parity 1 -1 6 4
282 679 44 or 1 -1 4 4
282 679 47 or 1 -1 6 4
282 680 44 parity 1 -1 4 4
282 680 47 parity 1 -1 6 4
282 680 44 or 1 -1 4 4
282 680 47 or 1 -1 6 4
282 681 44 parity 1 -1 4 4
282 681 47 parity 1 -1 6 4
282 681 44 or 1 -1 4 4
282 681 47 or 1 -1 6 4
282 682 44 parity 1 -1 4 4
282 682 47 parity 1 -1 6 4
282 682 44 or 1 -1 4 4
282 682 47 or 1 -1 6 4
282 683 44 parity 1 -1 4 4
282 683 47 parity 1 -1 6 4
282 683 44 or 1 -1 4 4
282 683 47 or 1 -1 6 4
283 351 32 parity 1 -1 4 4
283 351 35 parity 1 -1 8 4
283 351 44 parity 1 -1 4 4
283 351 47 parity 1 -1 6 4
283 351 32 or 1 -1 4 4
283 351 35 or 1 -1 8 4
283 351 44 or 1 -1 4 4
283 351 47 or 1 -1 6 4
283 352 32 parity 1 -1 4 4
283 352 35 parity 1 -1 8 4
283 352 44 parity 1 -1 4 4
283 352 47 parity 1 -1 6 4
283 352 32 or 1 -1 4 4
283 352 35 or 1 -1 8 4
283 352 44 or 1 -1 4 4
283 352 47 or 1 -1 6 4
283 353 32 parity 1 -1 4 4
283 353 35 parity 1 -1 8 4
283 353 44 parity 1 -1 4 4
283 353 47 parity 1 -1 6 4
283 353 32 or 1 -1 4 4
283 353 35 or 1 -1 8 4
283 353 44 or 1 -1 4 4
283 353 47 or 1 -1 6 4
283 354 32 parity 1 -1 4 4
283 354 35 parity 1 -1 8 4
283 354 44 parity 1 -1 4 4
283 354 47 parity 1 -1 6 4
283 354 32 or 1 -1 4 4
283 354 35 or 1 -1 8 4
283 354 44 or 1 -1 4 4
283 354 47 or 1 -1 6 4
283 355 32 parity 1 -1 4 4
283 355 35 parity 1 -1 8 4
283 355 44 parity 1 -1 4 4
283 355 47 parity 1 -1 6 4
283 355 32 or 1 -1 4 4
283 355 35 or 1 -1 8 4
283 355 44 or 1 -1 4 4
283 355 47 or 1 -1 6 4
283 356 32 parity 1 -1 4 4
283 356 35 parity 1 -1 8 4
283 356 44 parity 1 -1 4 4
283 356 47 parity 1 -1 6 4
283 356 32 or 1 -1 4 4
283 356 35 or 1 -1 8 4
283 356 44 or 1 -1 4 4
283 356 47 or 1 -1 6 4
283 357 32 parity 1 -1 4 4
283 357 35 parity 1 -1 8 4
283 357 44 parity 1 -1 4 4
283 357 47 parity 1 -1 6 4
283 357 32 or 1 -1 4 4
283 357 35 or 1 -1 8 4
283 357 44 or 1 -1 4 4
283 357 47 or 1 -1 6 4
283 358 32 parity 1 -1 4 4
283 358 35 parity 1 -1 8 4
283 358 44 parity 1 -1 4 4
283 358 47 parity 1 -1 6 4
283 358 32 or 1 -1 4 4
283 358 35 or 1 -1 8 4
283 358 44 or 1 -1 4 4
283 358 47 or 1 -1 6 4
283 359 32 parity 1 -1 4 4
283 359 35 parity 1 -1 8 4
283 359 44 parity 1 -1 4 4
283 359 47 parity 1 -1 6 4
283 359 32 or 1 -1 4 4
283 359 35 or 1 -1 8 4
283 359 44 or 1 -1 4 4
283 359 47 or 1 -1 6 4
283 675 44 parity 1 -1 4 4
283 675 47 parity 1 -1 6 4
283 675 44 or 1 -1 4 4
283 675 47 or 1 -1 6 4
283 676 44 parity 1 -1 4 4
283 676 47 parity 1 -1 6 4
283 676 44 or 1 -1 4 4
283 676 47 or 1 -1 6 4
283 677 44 parity 1 -1 4 4
283 677 47 parity 1 -1 6 4
283 677 44 or 1 -1 4 4
283 677 47 or 1 -1 6 4
283 678 44 parity 1 -1 4 4
283 678 47 parity 1 -1 6 4
283 678 44 or 1 -1 4 4
283 678 47 or 1 -1 6 4
283 679 44 parity 1 -1 4 4
283 679 47 parity 1 -1 6 4
283 679 44 or 1 -1 4 4
283 679 47 or 1 -1 6 4
283 680 44 parity 1 -1 4 4
283 680 47 parity 1 -1 6 4
283 680 44 or 1 -1 4 4
283 680 47 or 1 -1 6 4
283 681 44 parity 1 -1 4 4
283 681 47 parity 1 -1 6 4
283 681 44 or 1 -1 4 4
283 681 47 or 1 -1 6 4
283 682 44 parity 1 -1 4 4
283 682 47 parity 1 -1 6 4
283 682 44 or 1 -1 4 4
283 682 47 or 1 -1 6 4
283 683 44 parity 1 -1 4 4
283 683 47 parity 1 -1 6 4
283 683 44 or 1 -1 4 4
283 683 47 or 1 -1 6 4
284 351 32 parity 1 -1 4 4
284 351 35 parity 1 -1 8 4
284 351 44 parity 1 -1 4 4
284 351 47 parity 1 -1 6 4
284 351 32 or 1 -1 4 4
284 351 35 or 1 -1 8 4
284 351 44 or 1 -1 4 4
284 351 47 or 1 -1 6 4
284 352 32 parity 1 -1 4 4
284 352 35 parity 1 -1 8 4
284 352 44 parity 1 -1 4 4
284 352 47 parity 1 -1 6 4
284 352 32 or 1 -1 4 4
284 352 35 or 1 -1 8 4
284 352 44 or 1 -1 4 4
284 352 47 or 1 -1 6 4
284 353 32 parity 1 -1 4 4
284 353 35 parity 1 -1 8 4
284 353 44 parity 1 -1 4 4
284 353 47 parity 1 -1 6 4
284 353 32 or 1 -1 4 4
284 353 35 or 1 -1 8 4
284 353 44 or 1 -1 4 4
284 353 47 or 1 -1 6 4
284 354 32 parity 1 -1 4 4
284 354 35 parity 1 -1 8 4
284 354 44 parity 1 -1 4 4
284 354 47 parity 1 -1 6 4
284 354 32 or 1 -1 4 4
284 354 35 or 1 -1 8 4
284 354 44 or 1 -1 4 4
284 354 47 or 1 -1 6 4
284 355 32 parity 1 -1 4 4
284 355 35 parity 1 -1 8 4
284 355 44 parity 1 -1 4 4
284 355 47 parity 1 -1 6 4
284 355 32 or 1 -1 4 4
284 355 35 or 1 -1 8 4
284 355 44 or 1 -1 4 4
284 355 47 or 1 -1 6 4
284 356 32 parity 1 -1 4 4
284 356 35 parity 1 -1 8 4
284 356 44 parity 1 -1 4 4
284 356 47 parity 1 -1 6 4
284 356 32 or 1 -1 4 4
284 356 35 or 1 -1 8 4
284 356 44 or 1 -1 4 4
284 356 47 or 1 -1 6 4
284 357 32 parity 1 -1 4 4
284 357 35 parity 1 -1 8 4
284 357 44 parity 1 -1 4 4
284 357 47 parity 1 -1 6 4
284 357 32 or 1 -1 4 4
284 357 35 or 1 -1 8 4
284 357 44 or 1 -1 4 4
284 357 47 or 1 -1 6 4
284 358 32 parity 1 -1 4 4
284 358 35 parity 1 -1 8 4
284 358 44 parity 1 -1 4 4
284 358 47 parity 1 -1 6 4
284 358 32 or 1 -1 4 4
284 358 35 or 1 -1 8 4
284 358 44 or 1 -1 4 4
284 358 47 or 1 -1 6 4
284 359 32 parity 1 -1 4 4
284 359 35 parity 1 -1 8 4
284 359 44 parity 1 -1 4 4
284 359 47 parity 1 -1 6 4
284 359 32 or 1 -1 4 4
284 359 35 or 1 -1 8 4
284 359 44 or 1 -1 4 4
284 359 47 or 1 -1 6 4
284 675 44 parity 1 -1 4 4
284 675 47 parity 1 -1 6 4
284 675 44 or 1 -1 4 4
284 675 47 or 1 -1 6 4
284 676 44 parity 1 -1 4 4
284 676 47 parity 1 -1 6 4
284 676 44 or 1 -1 4 4
284 676 47 or 1 -1 6 4
284 677 44 parity 1 -1 4 4
284 677 47 parity 1 -1 6 4
284 677 44 or 1 -1 4 4
284 677 47 or 1 -1 6 4
284 678 44 parity 1 -1 4 4
284 678 47 parity 1 -1 6 4
284 678 44 or 1 -1 4 4
284 678 47 or 1 -1 6 4
284 679 44 parity 1 -1 4 4
284 679 47 parity 1 -1 6 4
284 679 44 or 1 -1 4 4
284 679 47 or 1 -1 6 4
284 680 44 parity 1 -1 4 4
284 680 47 parity 1 -1 6 4
284 680 44 or 1 -1 4 4
284 680 47 or 1 -1 6 4
284 681 44 parity 1 -1 4 4
284 681 47 parity 1 -1 6 4
284 681 44 or 1 -1 4 4
284 681 47 or 1 -1 6 4
284 682 44 parity 1 -1 4 4
284 682 47 parity 1 -1 6 4
284 682 44 or 1 -1 4 4
284 682 47 or 1 -1 6 4
284 683 44 parity 1 -1 4 4
284 683 47 parity 1 -1 6 4
284 683 44 or 1 -1 4 4
284 683 47 or 1 -1 6 4
285 351 32 parity 1 -1 4 4
285 351 35 parity 1 -1 8 4
285 351 44 parity 1 -1 4 4
285 351 47 parity 1 -1 6 4
285 351 32 or 1 -1 4 4
285 351 35 or 1 -1 8 4
285 351 44 or 1 -1 4 4
285 351 47 or 1 -1 6 4
285 352 32 parity 1 -1 4 4
285 352 35 parity 1 -1 8 4
285 352 44 parity 1 -1 4 4
285 352 47 parity 1 -1 6 4
285 352 32 or 1 -1 4 4
285 352 35 or 1 -1 8 4
285 352 44 or 1 -1 4 4
285 352 47 or 1 -1 6 4
285 353 32 parity 1 -1 4 4
285 353 35 parity 1 -1 8 4
285 353 44 parity 1 -1 4 4
285 353 47 parity 1 -1 6 4
285 353 32 or 1 -1 4 4
285 353 35 or 1 -1 8 4
285 353 44 or 1 -1 4 4
285 353 47 or 1 -1 6 4
285 354 32 parity 1 -1 4 4
285 354 35 parity 1 -1 8 4
285 354 44 parity 1 -1 4 4
285 354 47 parity 1 -1 6 4
285 354 32 or 1 -1 4 4
285 354 35 or 1 -1 8 4
285 354 44 or 1 -1 4 4
285 354 47 or 1 -1 6 4
285 355 32 parity 1 -1 4 4
285 355 35 parity 1 -1 8 4
285 355 44 parity 1 -1 4 4
285 355 47 parity 1 -1 6 4
285 355 32 or 1 -1 4 4
285 355 35 or 1 -1 8 4
285 355 44 or 1 -1 4 4
285 355 47 or 1 -1 6 4
285 356 32 parity 1 -1 4 4
285 356 35 parity 1 -1 8 4
285 356 44 parity 1 -1 4 4
285 356 47 parity 1 -1 6 4
285 356 32 or 1 -1 4 4
285 356 35 or 1 -1 8 4
285 356 44 or 1 -1 4 4
285 356 47 or 1 -1 6 4
285 357 32 parity 1 -1 4 4
285 357 35 parity 1 -1 8 4
285 357 44 parity 1 -1 4 4
285 357 47 parity 1 -1 6 4
285 357 32 or 1 -1 4 4
285 357 35 or 1 -1 8 4
285 357 44 or 1 -1 4 4
285 357 47 or 1 -1 6 4
285 358 32 parity 1 -1 4 4
285 358 35 parity 1 -1 8 4
285 358 44 parity 1 -1 4 4
285 358 47 parity 1 -1 6 4
285 358 32 or 1 -1 4 4
285 358 35 or 1 -1 8 4
285 358 44 or 1 -1 4 4
285 358 47 or 1 -1 6 4
285 359 32 parity 1 -1 4 4
285 359 35 parity 1 -1 8 4
285 359 44 parity 1 -1 4 4
285 359 47 parity 1 -1 6 4
285 359 32 or 1 -1 4 4
285 359 35 or 1 -1 8 4
285 359 44 or 1 -1 4 4
285 359 47 or 1 -1 6 4
285 675 44 parity 1 -1 4 4
285 675 47 parity 1 -1 6 4
285 675 44 or 1 -1 4 4
285 675 47 or 1 -1 6 4
285 676 44 parity 1 -1 4 4
285 676 47 parity 1 -1 6 4
285 676 44 or 1 -1 4 4
285 676 47 or 1 -1 6 4
285 677 44 parity 1 -1 4 4
285 677 47 parity 1 -1 6 4
285 677 44 or 1 -1 4 4
285 677 47 or 1 -1 6 4
285 678 44 parity 1 -1 4 4
285 678 47 parity 1 -1 6 4
285 678 44 or 1 -1 4 4
285 678 47 or 1 -1 6 4
285 679 44 parity 1 -1 4 4
285 679 47 parity 1 -1 6 4
285 679 44 or 1 -1 4 4
285 679 47 or 1 -1 6 4
285 680 44 parity 1 -1 4 4
285 680 47 parity 1 -1 6 4
285 680 44 or 1 -1 4 4
285 680 47 or 1 -1 6 4
285 681 44 parity 1 -1 4 4
285 681 47 parity 1 -1 6 4
285 681 44 or 1 -1 4 4
285 681 47 or 1 -1 6 4
285 682 44 parity 1 -1 4 4
285 682 47 parity 1 -1 6 4
285 682 44 or 1 -1 4 4
285 682 47 or 1 -1 6 4
285 683 44 parity 1 -1 4 4
285 683 47 parity 1 -1 6 4
285 683 44 or 1 -1 4 4
285 683 47 or 1 -1 6 4
286 351 32 parity 1 -1 4 4
286 351 35 parity 1 -1 8 4
286 351 44 parity 1 -1 4 4
286 351 47 parity 1 -1 6 4
286 351 32 or 1 -1 4 4
286 351 35 or 1 -1 8 4
286 351 44 or 1 -1 4 4
286 351 47 or 1 -1 6 4
286 352 32 parity 1 -1 4 4
286 352 35 parity 1 -1 8 4
286 352 44 parity 1 -1 4 4
286 352 47 parity 1 -1 6 4
286 352 32 or 1 -1 4 4
286 352 35 or 1 -1 8 4
286 352 44 or 1 -1 4 4
286 352 47 or 1 -1 6 4
286 353 32 parity 1 -1 4 4
286 353 35 parity 1 -1 8 4
286 353 44 parity 1 -1 4 4
286 353 47 parity 1 -1 6 4
286 353 32 or 1 -1 4 4
286 353 35 or 1 -1 8 4
286 353 44 or 1 -1 4 4
286 353 47 or 1 -1 6 4
286 354 32 parity 1 -1 4 4
286 354 35 parity 1 -1 8 4
286 354 44 parity 1 -1 4 4
286 354 47 parity 1 -1 6 4
286 354 32 or 1 -1 4 4
286 354 35 or 1 -1 8 4
286 354 44 or 1 -1 4 4
286 354 47 or 1 -1 6 4
286 355 32 parity 1 -1 4 4
286 355 35 parity 1 -1 8 4
286 355 44 parity 1 -1 4 4
286 355 47 parity 1 -1 6 4
286 355 32 or 1 -1 4 4
286 355 35 or 1 -1 8 4
286 355 44 or 1 -1 4 4
286 355 47 or 1 -1 6 4
286 356 32 parity 1 -1 4 4
286 356 35 parity 1 -1 8 4
286 356 44 parity 1 -1 4 4
286 356 47 parity 1 -1 6 4
286 356 32 or 1 -1 4 4
286 356 35 or 1 -1 8 4
286 356 44 or 1 -1 4 4
286 356 47 or 1 -1 6 4
286 357 32 parity 1 -1 4 4
286 357 35 parity 1 -1 8 4
286 357 44 parity 1 -1 4 4
286 357 47 parity 1 -1 6 4
286 357 32 or 1 -1 4 4
286 357 35 or 1 -1 8 4
286 357 44 or 1 -1 4 4
286 357 47 or 1 -1 6 4
286 358 32 parity 1 -1 4 4
286 358 35 parity 1 -1 8 4
286 358 44 parity 1 -1 4 4
286 358 47 parity 1 -1 6 4
286 358 32 or 1 -1 4 4
286 358 35 or 1 -1 8 4
286 358 44 or 1 -1 4 4
286 358 47 or 1 -1 6 4
286 359 32 parity 1 -1 4 4
286 359 35 parity 1 -1 8 4
286 359 44 parity 1 -1 4 4
286 359 47 parity 1 -1 6 4
286 359 32 or 1 -1 4 4
286 359 35 or 1 -1 8 4
286 359 44 or 1 -1 4 4
286 359 47 or 1 -1 6 4
286 675 44 parity 1 -1 4 4
286 675 47 parity 1 -1 6 4
286 675 44 or 1 -1 4 4
286 675 47 or 1 -1 6 4
286 676 44 parity 1 -1 4 4
286 676 47 parity 1 -1 6 4
286 676 44 or 1 -1 4 4
286 676 47 or 1 -1 6 4
286 677 44 parity 1 -1 4 4
286 677 47 parity 1 -1 6 4
286 677 44 or 1 -1 4 4
286 677 47 or 1 -1 6 4
286 678 44 parity 1 -1 4 4
286 678 47 parity 1 -1 6 4
286 678 44 or 1 -1 4 4
286 678 47 or 1 -1 6 4
286 679 44 parity 1 -1 4 4
286 679 47 parity 1 -1 6 4
286 679 44 or 1 -1 4 4
286 679 47 or 1 -1 6 4
286 680 44 parity 1 -1 4 4
286 680 47 parity 1 -1 6 4
286 680 44 or 1 -1 4 4
286 680 47 or 1 -1 6 4
286 681 44 parity 1 -1 4 4
286 681 47 parity 1 -1 6 4
286 681 44 or 1 -1 4 4
286 681 47 or 1 -1 6 4
286 682 44 parity 1 -1 4 4
286 682 47 parity 1 -1 6 4
286 682 44 or 1 -1 4 4
286 682 47 or 1 -1 6 4
286 683 44 parity 1 -1 4 4
286 683 47 parity 1 -1 6 4
286 683 44 or 1 -1 4 4
286 683 47 or 1 -1 6 4
287 351 32 parity 1 -1 4 4
287 351 35 parity 1 -1 8 4
287 351 44 parity 1 -1 4 4
287 351 47 parity 1 -1 6 4
287 351 32 or 1 -1 4 4
287 351 35 or 1 -1 8 4
287 351 44 or 1 -1 4 4
287 351 47 or 1 -1 6 4
287 352 32 parity 1 -1 4 4
287 352 35 parity 1 -1 8 4
287 352 44 parity 1 -1 4 4
287 352 47 parity 1 -1 6 4
287 352 32 or 1 -1 4 4
287 352 35 or 1 -1 8 4
287 352 44 or 1 -1 4 4
287 352 47 or 1 -1 6 4
287 353 32 parity 1 -1 4 4
287 353 35 parity 1 -1 8 4
287 353 44 parity 1 -1 4 4
287 353 47 parity 1 -1 6 4
287 353 32 or 1 -1 4 4
287 353 35 or 1 -1 8 4
287 353 44 or 1 -1 4 4
287 353 47 or 1 -1 6 4
287 354 32 parity 1 -1 4 4
287 354 35 parity 1 -1 8 4
287 354 44 parity 1 -1 4 4
287 354 47 parity 1 -1 6 4
287 354 32 or 1 -1 4 4
287 354 35 or 1 -1 8 4
287 354 44 or 1 -1 4 4
287 354 47 or 1 -1 6 4
287 355 32 parity 1 -1 4 4
287 355 35 parity 1 -1 8 4
287 355 44 parity 1 -1 4 4
287 355 47 parity 1 -1 6 4
287 355 32 or 1 -1 4 4
287 355 35 or 1 -1 8 4
287 355 44 or 1 -1 4 4
287 355 47 or 1 -1 6 4
287 356 32 parity 1 -1 4 4
287 356 35 parity 1 -1 8 4
287 356 44 parity 1 -1 4 4
287 356 47 parity 1 -1 6 4
287 356 32 or 1 -1 4 4
287 356 35 or 1 -1 8 4
287 356 44 or 1 -1 4 4
287 356 47 or 1 -1 6 4
287 357 32 parity 1 -1 4 4
287 357 35 parity 1 -1 8 4
287 357 44 parity 1 -1 4 4
287 357 47 parity 1 -1 6 4
287 357 32 or 1 -1 4 4
287 357 35 or 1 -1 8 4
287 357 44 or 1 -1 4 4
287 357 47 or 1 -1 6 4
287 358 32 parity 1 -1 4 4
287 358 35 parity 1 -1 8 4
287 358 44 parity 1 -1 4 4
287 358 47 parity 1 -1 6 4
287 358 32 or 1 -1 4 4
287 358 35 or 1 -1 8 4
287 358 44 or 1 -1 4 4
287 358 47 or 1 -1 6 4
287 359 32 parity 1 -1 4 4
287 359 35 parity 1 -1 8 4
287 359 44 parity 1 -1 4 4
287 359 47 parity 1 -1 6 4
287 359 32 or 1 -1 4 4
287 359 35 or 1 -1 8 4
287 359 44 or 1 -1 4 4
287 359 47 or 1 -1 6 4
287 675 44 parity 1 -1 4 4
287 675 47 parity 1 -1 6 4
287 675 44 or 1 -1 4 4
287 675 47 or 1 -1 6 4
287 676 44 parity 1 -1 4 4
287 676 47 parity 1 -1 6 4
287 676 44 or 1 -1 4 4
287 676 47 or 1 -1 6 4
287 677 44 parity 1 -1 4 4
287 677 47 parity 1 -1 6 4
287 677 44 or 1 -1 4 4
287 677 47 or 1 -1 6 4
287 678 44 parity 1 -1 4 4
287 678 47 parity 1 -1 6 4
287 678 44 or 1 -1 4 4
287 678 47 or 1 -1 6 4
287 679 44 parity 1 -1 4 4
287 679 47 parity 1 -1 6 4
287 679 44 or 1 -1 4 4
287 679 47 or 1 -1 6 4
287 680 44 parity 1 -1 4 4
287 680 47 parity 1 -1 6 4
287 680 44 or 1 -1 4 4
287 680 47 or 1 -1 6 4
287 681 44 parity 1 -1 4 4
287 681 47 parity 1 -1 6 4
287 681 44 or 1 -1 4 4
287 681 47 or 1 -1 6 4
287 682 44 parity 1 -1 4 4
287 682 47 parity 1 -1 6 4
287 682 44 or 1 -1 4 4
287 682 47 or 1 -1 6 4
287 683 44 parity 1 -1 4 4
287 683 47 parity 1 -1 6 4
287 683 44 or 1 -1 4 4
287 683 47 or 1 -1 6 4
310 568 2 parity 5 -2 3 4
310 568 3 parity 5 -2 3 4
310 568 4 parity 5 -2 3 4
310 568 5 parity 5 -2 3 4
310 568 6 parity 5 -2 3 4
310 568 7 parity 5 -2 3 4
310 568 8 parity 5 -2 3 4
310 568 10 parity 5 -2 3 4
310 568 11 parity 5 -2 3 4
310 568 12 parity 5 -2 3 4
310 568 13 parity 5 -2 3 4
310 568 14 parity 5 -2 3 4
310 568 15 parity 5 -2 3 4
310 568 16 parity 5 -2 3 4
310 568 19 parity 5 -2 3 4
310 568 21 parity 5 -2 3 4
310 568 22 parity 5 -2 3 4
310 568 23 parity 5 -2 3 4
310 568 24 parity 5 -2 3 4
310 568 26 parity 5 -2 3 4
310 568 27 parity 5 -2 3 4
310 568 28 parity 5 -2 3 4
310 568 29 parity 5 -2 3 4
310 568 30 parity 5 -2 3 4
310 568 32 parity 5 -2 2 4
310 568 34 parity 5 -2 3 4
310 568 35 parity 5 -2 3 4
310 568 36 parity 5 -2 3 4
310 568 37 parity 5 -2 3 4
310 568 38 parity 5 -2 3 4
310 568 40 parity 5 -2 3 4
310 568 42 parity 5 -2 3 4
310 568 43 parity 5 -2 3 4
310 568 44 parity 5 -2 4 4
310 568 47 parity 5 -2 3 4
310 568 2 or 5 -2 3 4
310 568 3 or 5 -2 3 4
310 568 4 or 5 -2 3 4
310 568 5 or 5 -2 3 4
310 568 6 or 5 -2 3 4
310 568 7 or 5 -2 3 4
310 568 8 or 5 -2 3 4
310 568 10 or 5 -2 3 4
310 568 11 or 5 -2 3 4
310 568 12 or 5 -2 3 4
310 568 13 or 5 -2 3 4
310 568 14 or 5 -2 3 4
310 568 15 or 5 -2 3 4
310 568 16 or 5 -2 3 4
310 568 19 or 5 -2 3 4
310 568 21 or 5 -2 3 4
310 568 22 or 5 -2 3 4
310 568 23 or 5 -2 3 4
310 568 24 or 5 -2 3 4
310 568 26 or 5 -2 3 4
310 568 27 or 5 -2 3 4
310 568 28 or 5 -2 3 4
310 568 29 or 5 -2 3 4
310 568 30 or 5 -2 3 4
310 568 32 or 5 -2 2 4
310 568 34 or 5 -2 3 4
310 568 36 or 5 -2 3 4
310 568 37 or 5 -2 3 4
310 568 38 or 5 -2 3 4
310 568 40 or 5 -2 3 4
310 568 43 or 5 -2 3 4
310 568 44 or 5 -2 4 4
310 568 47 or 5 -2 4 4
310 574 2 parity 5 -2 3 4
310 574 3 parity 5 -2 3 4
310 574 4 parity 5 -2 3 4
310 574 5 parity 5 -2 3 4
310 574 6 parity 5 -2 3 4
310 574 7 parity 5 -2 3 4
310 574 8 parity 5 -2 3 4
310 574 10 parity 5 -2 3 4
310 574 11 parity 5 -2 3 4
310 574 12 parity 5 -2 3 4
310 574 13 parity 5 -2 3 4
310 574 14 parity 5 -2 3 4
310 574 15 parity 5 -2 3 4
310 574 16 parity 5 -2 3 4
310 574 19 parity 5 -2 3 4
310 574 21 parity 5 -2 3 4
310 574 22 parity 5 -2 3 4
310 574 23 parity 5 -2 3 4
310 574 24 parity 5 -2 3 4
310 574 26 parity 5 -2 3 4
310 574 27 parity 5 -2 3 4
310 574 28 parity 5 -2 3 4
310 574 29 parity 5 -2 3 4
310 574 30 parity 5 -2 3 4
310 574 32 parity 5 -2 2 4
310 574 34 parity 5 -2 3 4
310 574 35 parity 5 -2 3 4
310 574 36 parity 5 -2 3 4
310 574 37 parity 5 -2 3 4
310 574 38 parity 5 -2 3 4
310 574 40 parity 5 -2 3 4
310 574 42 parity 5 -2 3 4
310 574 43 parity 5 -2 3 4
310 574 44 parity 5 -2 4 4
310 574 47 parity 5 -2 3 4
310 574 2 or 5 -2 3 4
310 574 3 or 5 -2 3 4
310 574 4 or 5 -2 3 4
310 574 5 or 5 -2 3 4
310 574 6 or 5 -2 3 4
310 574 7 or 5 -2 3 4
310 574 8 or 5 -2 3 4
310 574 10 or 5 -2 3 4
310 574 11 or 5 -2 3 4
310 574 12 or 5 -2 3 4
310 574 13 or 5 -2 3 4
310 574 14 or 5 -2 3 4
310 574 15 or 5 -2 3 4
310 574 16 or 5 -2 3 4
310 574 19 or 5 -2 3 4
310 574 21 or 5 -2 3 4
310 574 22 or 5 -2 3 4
310 574 23 or 5 -2 3 4
310 574 24 or 5 -2 3 4
310 574 26 or 5 -2 3 4
310 574 27 or 5 -2 3 4
310 574 28 or 5 -2 3 4
310 574 29 or 5 -2 3 4
310 574 30 or 5 -2 3 4
310 574 32 or 5 -2 2 4
310 574 34 or 5 -2 3 4
310 574 36 or 5 -2 3 4
310 574 37 or 5 -2 3 4
310 574 38 or 5 -2 3 4
310 574 40 or 5 -2 3 4
310 574 43 or 5 -2 3 4
310 574 44 or 5 -2 4 4
310 574 47 or 5 -2 4 4
307 568 2 parity 5 -2 3 4
307 568 4 parity 5 -2 3 4
307 568 5 parity 5 -2 3 4
307 568 6 parity 5 -2 3 4
307 568 7 parity 5 -2 3 4
307 568 8 parity 5 -2 3 4
307 568 9 parity 5 -2 3 4
307 568 10 parity 5 -2 3 4
307 568 11 parity 5 -2 3 4
307 568 13 parity 5 -2 3 4
307 568 14 parity 5 -2 3 4
307 568 16 parity 5 -2 3 4
307 568 19 parity 5 -2 3 4
307 568 20 parity 5 -2 3 4
307 568 21 parity 5 -2 3 4
307 568 22 parity 5 -2 3 4
307 568 23 parity 5 -2 3 4
307 568 24 parity 5 -2 3 4
307 568 25 parity 5 -2 7 4
307 568 26 parity 5 -2 3 4
307 568 27 parity 5 -2 3 4
307 568 28 parity 5 -2 3 4
307 568 32 parity 5 -2 2 4
307 568 33 parity 5 -2 3 4
307 568 34 parity 5 -2 3 4
307 568 35 parity 5 -2 3 4
307 568 36 parity 5 -2 3 4
307 568 37 parity 5 -2 3 4
307 568 38 parity 5 -2 3 4
307 568 40 parity 5 -2 3 4
307 568 41 parity 5 -2 3 4
307 568 42 parity 5 -2 3 4
307 568 44 parity 5 -2 4 4
307 568 47 parity 5 -2 3 4
307 568 2 or 5 -2 3 4
307 568 3 or 5 -2 3 4
307 568 4 or 5 -2 3 4
307 568 5 or 5 -2 3 4
307 568 6 or 5 -2 3 4
307 568 7 or 5 -2 3 4
307 568 8 or 5 -2 3 4
307 568 9 or 5 -2 3 4
307 568 10 or 5 -2 3 4
307 568 11 or 5 -2 3 4
307 568 13 or 5 -2 3 4
307 568 14 or 5 -2 3 4
307 568 15 or 5 -2 3 4
307 568 16 or 5 -2 3 4
307 568 19 or 5 -2 3 4
307 568 20 or 5 -2 3 4
307 568 21 or 5 -2 3 4
307 568 22 or 5 -2 3 4
307 568 23 or 5 -2 3 4
307 568 24 or 5 -2 3 4
307 568 25 or 5 -2 7 4
307 568 26 or 5 -2 3 4
307 568 27 or 5 -2 3 4
307 568 28 or 5 -2 3 4
307 568 32 or 5 -2 2 4
307 568 33 or 5 -2 3 4
307 568 34 or 5 -2 3 4
307 568 36 or 5 -2 3 4
307 568 37 or 5 -2 3 4
307 568 38 or 5 -2 3 4
307 568 40 or 5 -2 3 4
307 568 41 or 5 -2 3 4
307 568 44 or 5 -2 4 4
307 568 47 or 5 -2 4 4
307 574 2 parity 5 -2 3 4
307 574 4 parity 5 -2 3 4
307 574 5 parity 5 -2 3 4
307 574 6 parity 5 -2 3 4
307 574 7 parity 5 -2 3 4
307 574 8 parity 5 -2 3 4
307 574 9 parity 5 -2 3 4
307 574 10 parity 5 -2 3 4
307 574 11 parity 5 -2 3 4
307 574 13 parity 5 -2 3 4
307 574 14 parity 5 -2 3 4
307 574 16 parity 5 -2 3 4
307 574 19 parity 5 -2 3 4
307 574 20 parity 5 -2 3 4
307 574 21 parity 5 -2 3 4
307 574 22 parity 5 -2 3 4
307 574 23 parity 5 -2 3 4
307 574 24 parity 5 -2 3 4
307 574 25 parity 5 -2 7 4
307 574 26 parity 5 -2 3 4
307 574 27 parity 5 -2 3 4
307 574 28 parity 5 -2 3 4
307 574 32 parity 5 -2 2 4
307 574 33 parity 5 -2 3 4
307 574 34 parity 5 -2 3 4
307 574 35 parity 5 -2 3 4
307 574 36 parity 5 -2 3 4
307 574 37 parity 5 -2 3 4
307 574 38 parity 5 -2 3 4
307 574 40 parity 5 -2 3 4
307 574 41 parity 5 -2 3 4
307 574 42 parity 5 -2 3 4
307 574 44 parity 5 -2 4 4
307 574 47 parity 5 -2 3 4
307 574 2 or 5 -2 3 4
307 574 3 or 5 -2 3 4
307 574 4 or 5 -2 3 4
307 574 5 or 5 -2 3 4
307 574 6 or 5 -2 3 4
307 574 7 or 5 -2 3 4
307 574 8 or 5 -2 3 4
307 574 9 or 5 -2 3 4
307 574 10 or 5 -2 3 4
307 574 11 or 5 -2 3 4
307 574 13 or 5 -2 3 4
307 574 14 or 5 -2 3 4
307 574 15 or 5 -2 3 4
307 574 16 or 5 -2 3 4
307 574 19 or 5 -2 3 4
307 574 20 or 5 -2 3 4
307 574 21 or 5 -2 3 4
307 574 22 or 5 -2 3 4
307 574 23 or 5 -2 3 4
307 574 24 or 5 -2 3 4
307 574 25 or 5 -2 7 4
307 574 26 or 5 -2 3 4
307 574 27 or 5 -2 3 4
307 574 28 or 5 -2 3 4
307 574 32 or 5 -2 2 4
307 574 33 or 5 -2 3 4
307 574 34 or 5 -2 3 4
307 574 36 or 5 -2 3 4
307 574 37 or 5 -2 3 4
307 574 38 or 5 -2 3 4
307 574 40 or 5 -2 3 4
307 574 41 or 5 -2 3 4
307 574 44 or 5 -2 4 4
307 574 47 or 5 -2 4 4
313 568 3 parity 5 -2 3 4
313 568 6 parity 5 -2 3 4
313 568 7 parity 5 -2 3 4
313 568 8 parity 5 -2 3 4
313 568 9 parity 5 -2 3 4
313 568 10 parity 5 -2 3 4
313 568 11 parity 5 -2 3 4
313 568 15 parity 5 -2 3 4
313 568 16 parity 5 -2 3 4
313 568 19 parity 5 -2 3 4
313 568 20 parity 5 -2 3 4
313 568 22 parity 5 -2 3 4
313 568 24 parity 5 -2 3 4
313 568 25 parity 5 -2 3 4
313 568 31 parity 5 -2 3 4
313 568 32 parity 5 -2 2 4
313 568 33 parity 5 -2 3 4
313 568 34 parity 5 -2 3 4
313 568 36 parity 5 -2 3 4
313 568 38 parity 5 -2 3 4
313 568 39 parity 5 -2 3 4
313 568 40 parity 5 -2 3 4
313 568 41 parity 5 -2 3 4
313 568 43 parity 5 -2 3 4
313 568 44 parity 5 -2 4 4
313 568 3 or 5 -2 3 4
313 568 6 or 5 -2 3 4
313 568 7 or 5 -2 3 4
313 568 8 or 5 -2 3 4
313 568 9 or 5 -2 3 4
313 568 10 or 5 -2 3 4
313 568 11 or 5 -2 3 4
313 568 15 or 5 -2 3 4
313 568 16 or 5 -2 3 4
313 568 19 or 5 -2 3 4
313 568 20 or 5 -2 3 4
313 568 22 or 5 -2 3 4
313 568 24 or 5 -2 3 4
313 568 25 or 5 -2 4 4
313 568 26 or 5 -2 3 4
313 568 32 or 5 -2 2 4
313 568 33 or 5 -2 3 4
313 568 34 or 5 -2 3 4
313 568 36 or 5 -2 3 4
313 568 38 or 5 -2 3 4
313 568 39 or 5 -2 3 4
313 568 40 or 5 -2 3 4
313 568 41 or 5 -2 3 4
313 568 43 or 5 -2 3 4
313 568 44 or 5 -2 4 4
313 568 47 or 5 -2 4 4
313 574 3 parity 5 -2 3 4
313 574 6 parity 5 -2 3 4
313 574 7 parity 5 -2 3 4
313 574 8 parity 5 -2 3 4
313 574 9 parity 5 -2 3 4
313 574 10 parity 5 -2 3 4
313 574 11 parity 5 -2 3 4
313 574 15 parity 5 -2 3 4
313 574 16 parity 5 -2 3 4
313 574 19 parity 5 -2 3 4
313 574 20 parity 5 -2 3 4
313 574 22 parity 5 -2 3 4
313 574 24 parity 5 -2 3 4
313 574 25 parity 5 -2 3 4
313 574 31 parity 5 -2 3 4
313 574 32 parity 5 -2 2 4
313 574 33 parity 5 -2 3 4
313 574 34 parity 5 -2 3 4
313 574 36 parity 5 -2 3 4
313 574 38 parity 5 -2 3 4
313 574 39 parity 5 -2 3 4
313 574 40 parity 5 -2 3 4
313 574 41 parity 5 -2 3 4
313 574 43 parity 5 -2 3 4
313 574 44 parity 5 -2 4 4
313 574 3 or 5 -2 3 4
313 574 6 or 5 -2 3 4
313 574 7 or 5 -2 3 4
313 574 8 or 5 -2 3 4
313 574 9 or 5 -2 3 4
313 574 10 or 5 -2 3 4
313 574 11 or 5 -2 3 4
313 574 15 or 5 -2 3 4
313 574 16 or 5 -2 3 4
313 574 19 or 5 -2 3 4
313 574 20 or 5 -2 3 4
313 574 22 or 5 -2 3 4
313 574 24 or 5 -2 3 4
313 574 25 or 5 -2 4 4
313 574 26 or 5 -2 3 4
313 574 32 or 5 -2 2 4
313 574 33 or 5 -2 3 4
313 574 34 or 5 -2 3 4
313 574 36 or 5 -2 3 4
313 574 38 or 5 -2 3 4
313 574 39 or 5 -2 3 4
313 574 40 or 5 -2 3 4
313 574 41 or 5 -2 3 4
313 574 43 or 5 -2 3 4
313 574 44 or 5 -2 4 4
313 574 47 or 5 -2 4 4
320 567 32 parity 1 1 4 4
320 567 35 parity 1 1 8 4
320 567 44 parity 1 1 4 4
320 567 47 parity 1 1 8 4
320 567 32 or 1 1 4 4
320 567 35 or 1 1 8 4
320 567 44 or 1 1 4 4
320 567 47 or 1 1 8 4
320 568 32 parity 1 1 4 4
320 568 35 parity 1 1 8 4
320 568 44 parity 1 1 4 4
320 568 47 parity 1 1 8 4
320 568 32 or 1 1 4 4
320 568 35 or 1 1 8 4
320 568 44 or 1 1 4 4
320 568 47 or 1 1 8 4
320 569 32 parity 1 1 4 4
320 569 35 parity 1 1 8 4
320 569 44 parity 1 1 4 4
320 569 47 parity 1 1 8 4
320 569 32 or 1 1 4 4
320 569 35 or 1 1 8 4
320 569 44 or 1 1 4 4
320 569 47 or 1 1 8 4
320 570 32 parity 1 1 4 4
320 570 35 parity 1 1 8 4
320 570 44 parity 1 1 4 4
320 570 47 parity 1 1 8 4
320 570 32 or 1 1 4 4
320 570 35 or 1 1 8 4
320 570 44 or 1 1 4 4
320 570 47 or 1 1 8 4
320 571 32 parity 1 1 4 4
320 571 35 parity 1 1 8 4
320 571 44 parity 1 1 4 4
320 571 47 parity 1 1 8 4
320 571 32 or 1 1 4 4
320 571 35 or 1 1 8 4
320 571 44 or 1 1 4 4
320 571 47 or 1 1 8 4
320 572 32 parity 1 1 4 4
320 572 35 parity 1 1 8 4
320 572 44 parity 1 1 4 4
320 572 47 parity 1 1 8 4
320 572 32 or 1 1 4 4
320 572 35 or 1 1 8 4
320 572 44 or 1 1 4 4
320 572 47 or 1 1 8 4
320 573 32 parity 1 1 4 4
320 573 35 parity 1 1 8 4
320 573 44 parity 1 1 4 4
320 573 47 parity 1 1 8 4
320 573 32 or 1 1 4 4
320 573 35 or 1 1 8 4
320 573 44 or 1 1 4 4
320 573 47 or 1 1 8 4
320 574 32 parity 1 1 4 4
320 574 35 parity 1 1 8 4
320 574 44 parity 1 1 4 4
320 574 47 parity 1 1 8 4
320 574 32 or 1 1 4 4
320 574 35 or 1 1 8 4
320 574 44 or 1 1 4 4
320 574 47 or 1 1 8 4
320 575 32 parity 1 1 4 4
320 575 35 parity 1 1 8 4
320 575 44 parity 1 1 4 4
320 575 47 parity 1 1 8 4
320 575 32 or 1 1 4 4
320 575 35 or 1 1 8 4
320 575 44 or 1 1 4 4
320 575 47 or 1 1 8 4
321 387 44 parity 1 1 4 4
321 387 47 parity 1 1 6 4
321 387 44 or 1 1 4 4
321 387 47 or 1 1 6 4
321 388 44 parity 1 1 4 4
321 388 47 parity 1 1 6 4
321 388 44 or 1 1 4 4
321 388 47 or 1 1 6 4
321 389 44 parity 1 1 4 4
321 389 47 parity 1 1 6 4
321 389 44 or 1 1 4 4
321 389 47 or 1 1 6 4
321 390 44 parity 1 1 4 4
321 390 47 parity 1 1 6 4
321 390 44 or 1 1 4 4
321 390 47 or 1 1 6 4
321 391 44 parity 1 1 4 4
321 391 47 parity 1 1 6 4
321 391 44 or 1 1 4 4
321 391 47 or 1 1 6 4
321 392 44 parity 1 1 4 4
321 392 47 parity 1 1 6 4
321 392 44 or 1 1 4 4
321 392 47 or 1 1 6 4
321 393 44 parity 1 1 4 4
321 393 47 parity 1 1 6 4
321 393 44 or 1 1 4 4
321 393 47 or 1 1 6 4
321 394 44 parity 1 1 4 4
321 394 47 parity 1 1 6 4
321 394 44 or 1 1 4 4
321 394 47 or 1 1 6 4
321 395 44 parity 1 1 4 4
321 395 47 parity 1 1 6 4
321 395 44 or 1 1 4 4
321 395 47 or 1 1 6 4
321 567 32 parity 1 1 4 4
321 567 35 parity 1 1 8 4
321 567 44 parity 1 1 4 4
321 567 47 parity 1 1 8 4
321 567 32 or 1 1 4 4
321 567 35 or 1 1 8 4
321 567 44 or 1 1 4 4
321 567 47 or 1 1 8 4
321 568 32 parity 1 1 4 4
321 568 35 parity 1 1 8 4
321 568 44 parity 1 1 4 4
321 568 47 parity 1 1 8 4
321 568 32 or 1 1 4 4
321 568 35 or 1 1 8 4
321 568 44 or 1 1 4 4
321 568 47 or 1 1 8 4
321 569 32 parity 1 1 4 4
321 569 35 parity 1 1 8 4
321 569 44 parity 1 1 4 4
321 569 47 parity 1 1 8 4
321 569 32 or 1 1 4 4
321 569 35 or 1 1 8 4
321 569 44 or 1 1 4 4
321 569 47 or 1 1 8 4
321 570 32 parity 1 1 4 4
321 570 35 parity 1 1 8 4
321 570 44 parity 1 1 4 4
321 570 47 parity 1 1 8 4
321 570 32 or 1 1 4 4
321 570 35 or 1 1 8 4
321 570 44 or 1 1 4 4
321 570 47 or 1 1 8 4
321 571 32 parity 1 1 4 4
321 571 35 parity 1 1 8 4
321 571 44 parity 1 1 4 4
321 571 47 parity 1 1 8 4
321 571 32 or 1 1 4 4
321 571 35 or 1 1 8 4
321 571 44 or 1 1 4 4
321 571 47 or 1 1 8 4
321 572 32 parity 1 1 4 4
321 572 35 parity 1 1 8 4
321 572 44 parity 1 1 4 4
321 572 47 parity 1 1 8 4
321 572 32 or 1 1 4 4
321 572 35 or 1 1 8 4
321 572 44 or 1 1 4 4
321 572 47 or 1 1 8 4
321 573 32 parity 1 1 4 4
321 573 35 parity 1 1 8 4
321 573 44 parity 1 1 4 4
321 573 47 parity 1 1 8 4
321 573 32 or 1 1 4 4
321 573 35 or 1 1 8 4
321 573 44 or 1 1 4 4
321 573 47 or 1 1 8 4
321 574 32 parity 1 1 4 4
321 574 35 parity 1 1 8 4
321 574 44 parity 1 1 4 4
321 574 47 parity 1 1 8 4
321 574 32 or 1 1 4 4
321 574 35 or 1 1 8 4
321 574 44 or 1 1 4 4
321 574 47 or 1 1 8 4
321 575 32 parity 1 1 4 4
321 575 35 parity 1 1 8 4
321 575 44 parity 1 1 4 4
321 575 47 parity 1 1 8 4
321 575 32 or 1 1 4 4
321 575 35 or 1 1 8 4
321 575 44 or 1 1 4 4
321 575 47 or 1 1 8 4
322 387 44 parity 1 1 4 4
322 387 47 parity 1 1 6 4
322 387 44 or 1 1 4 4
322 387 47 or 1 1 6 4
322 388 44 parity 1 1 4 4
322 388 47 parity 1 1 6 4
322 388 44 or 1 1 4 4
322 388 47 or 1 1 6 4
322 389 44 parity 1 1 4 4
322 389 47 parity 1 1 6 4
322 389 44 or 1 1 4 4
322 389 47 or 1 1 6 4
322 390 44 parity 1 1 4 4
322 390 47 parity 1 1 6 4
322 390 44 or 1 1 4 4
322 390 47 or 1 1 6 4
322 391 44 parity 1 1 4 4
322 391 47 parity 1 1 6 4
322 391 44 or 1 1 4 4
322 391 47 or 1 1 6 4
322 392 44 parity 1 1 4 4
322 392 47 parity 1 1 6 4
322 392 44 or 1 1 4 4
322 392 47 or 1 1 6 4
322 393 44 parity 1 1 4 4
322 393 47 parity 1 1 6 4
322 393 44 or 1 1 4 4
322 393 47 or 1 1 6 4
322 394 44 parity 1 1 4 4
322 394 47 parity 1 1 6 4
322 394 44 or 1 1 4 4
322 394 47 or 1 1 6 4
322 395 44 parity 1 1 4 4
322 395 47 parity 1 1 6 4
322 395 44 or 1 1 4 4
322 395 47 or 1 1 6 4
322 567 32 parity 1 1 4 4
322 567 35 parity 1 1 8 4
322 567 44 parity 1 1 4 4
322 567 47 parity 1 1 8 4
322 567 32 or 1 1 4 4
322 567 35 or 1 1 8 4
322 567 44 or 1 1 4 4
322 567 47 or 1 1 8 4
322 568 32 parity 1 1 4 4
322 568 35 parity 1 1 8 4
322 568 44 parity 1 1 4 4
322 568 47 parity 1 1 8 4
322 568 32 or 1 1 4 4
322 568 35 or 1 1 8 4
322 568 44 or 1 1 4 4
322 568 47 or 1 1 8 4
322 569 32 parity 1 1 4 4
322 569 35 parity 1 1 8 4
322 569 44 parity 1 1 4 4
322 569 47 parity 1 1 8 4
322 569 32 or 1 1 4 4
322 569 35 or 1 1 8 4
322 569 44 or 1 1 4 4
322 569 47 or 1 1 8 4
322 570 32 parity 1 1 4 4
322 570 35 parity 1 1 8 4
322 570 44 parity 1 1 4 4
322 570 47 parity 1 1 8 4
322 570 32 or 1 1 4 4
322 570 35 or 1 1 8 4
322 570 44 or 1 1 4 4
322 570 47 or 1 1 8 4
322 571 32 parity 1 1 4 4
322 571 35 parity 1 1 8 4
322 571 44 parity 1 1 4 4
322 571 47 parity 1 1 8 4
322 571 32 or 1 1 4 4
322 571 35 or 1 1 8 4
322 571 44 or 1 1 4 4
322 571 47 or 1 1 8 4
322 572 32 parity 1 1 4 4
322 572 35 parity 1 1 8 4
322 572 44 parity 1 1 4 4
322 572 47 parity 1 1 8 4
322 572 32 or 1 1 4 4
322 572 35 or 1 1 8 4
322 572 44 or 1 1 4 4
322 572 47 or 1 1 8 4
322 573 32 parity 1 1 4 4
322 573 35 parity 1 1 8 4
322 573 44 parity 1 1 4 4
322 573 47 parity 1 1 8 4
322 573 32 or 1 1 4 4
322 573 35 or 1 1 8 4
322 573 44 or 1 1 4 4
322 573 47 or 1 1 8 4
322 574 32 parity 1 1 4 4
322 574 35 parity 1 1 8 4
322 574 44 parity 1 1 4 4
322 574 47 parity 1 1 8 4
322 574 32 or 1 1 4 4
322 574 35 or 1 1 8 4
322 574 44 or 1 1 4 4
322 574 47 or 1 1 8 4
322 575 32 parity 1 1 4 4
322 575 35 parity 1 1 8 4
322 575 44 parity 1 1 4 4
322 575 47 parity 1 1 8 4
322 575 32 or 1 1 4 4
322 575 35 or 1 1 8 4
322 575 44 or 1 1 4 4
322 575 47 or 1 1 8 4
315 387 44 parity 1 1 4 4
315 387 47 parity 1 1 6 4
315 387 44 or 1 1 4 4
315 387 47 or 1 1 6 4
315 388 44 parity 1 1 4 4
315 388 47 parity 1 1 6 4
315 388 44 or 1 1 4 4
315 388 47 or 1 1 6 4
315 389 44 parity 1 1 4 4
315 389 47 parity 1 1 6 4
315 389 44 or 1 1 4 4
315 389 47 or 1 1 6 4
315 390 44 parity 1 1 4 4
315 390 47 parity 1 1 6 4
315 390 44 or 1 1 4 4
315 390 47 or 1 1 6 4
315 391 44 parity 1 1 4 4
315 391 47 parity 1 1 6 4
315 391 44 or 1 1 4 4
315 391 47 or 1 1 6 4
315 392 44 parity 1 1 4 4
315 392 47 parity 1 1 6 4
315 392 44 or 1 1 4 4
315 392 47 or 1 1 6 4
315 393 44 parity 1 1 4 4
315 393 47 parity 1 1 6 4
315 393 44 or 1 1 4 4
315 393 47 or 1 1 6 4
315 394 44 parity 1 1 4 4
315 394 47 parity 1 1 6 4
315 394 44 or 1 1 4 4
315 394 47 or 1 1 6 4
315 395 44 parity 1 1 4 4
315 395 47 parity 1 1 6 4
315 395 44 or 1 1 4 4
315 395 47 or 1 1 6 4
315 567 32 parity 1 1 4 4
315 567 35 parity 1 1 8 4
315 567 44 parity 1 1 4 4
315 567 47 parity 1 1 8 4
315 567 32 or 1 1 4 4
315 567 35 or 1 1 8 4
315 567 44 or 1 1 4 4
315 567 47 or 1 1 8 4
315 568 32 parity 1 1 4 4
315 568 35 parity 1 1 8 4
315 568 44 parity 1 1 4 4
315 568 47 parity 1 1 8 4
315 568 32 or 1 1 4 4
315 568 35 or 1 1 8 4
315 568 44 or 1 1 4 4
315 568 47 or 1 1 8 4
315 569 32 parity 1 1 4 4
315 569 35 parity 1 1 8 4
315 569 44 parity 1 1 4 4
315 569 47 parity 1 1 8 4
315 569 32 or 1 1 4 4
315 569 35 or 1 1 8 4
315 569 44 or 1 1 4 4
315 569 47 or 1 1 8 4
315 570 32 parity 1 1 4 4
315 570 35 parity 1 1 8 4
315 570 44 parity 1 1 4 4
315 570 47 parity 1 1 8 4
315 570 32 or 1 1 4 4
315 570 35 or 1 1 8 4
315 570 44 or 1 1 4 4
315 570 47 or 1 1 8 4
315 571 32 parity 1 1 4 4
315 571 35 parity 1 1 8 4
315 571 44 parity 1 1 4 4
315 571 47 parity 1 1 8 4
315 571 32 or 1 1 4 4
315 571 35 or 1 1 8 4
315 571 44 or 1 1 4 4
315 571 47 or 1 1 8 4
315 572 32 parity 1 1 4 4
315 572 35 parity 1 1 8 4
315 572 44 parity 1 1 4 4
315 572 47 parity 1 1 8 4
315 572 32 or 1 1 4 4
315 572 35 or 1 1 8 4
315 572 44 or 1 1 4 4
315 572 47 or 1 1 8 4
315 573 32 parity 1 1 4 4
315 573 35 parity 1 1 8 4
315 573 44 parity 1 1 4 4
315 573 47 parity 1 1 8 4
315 573 32 or 1 1 4 4
315 573 35 or 1 1 8 4
315 573 44 or 1 1 4 4
315 573 47 or 1 1 8 4
315 574 32 parity 1 1 4 4
315 574 35 parity 1 1 8 4
315 574 44 parity 1 1 4 4
315 574 47 parity 1 1 8 4
315 574 32 or 1 1 4 4
315 574 35 or 1 1 8 4
315 574 44 or 1 1 4 4
315 574 47 or 1 1 8 4
315 575 32 parity 1 1 4 4
315 575 35 parity 1 1 8 4
315 575 44 parity 1 1 4 4
315 575 47 parity 1 1 8 4
315 575 32 or 1 1 4 4
315 575 35 or 1 1 8 4
315 575 44 or 1 1 4 4
315 575 47 or 1 1 8 4
318 567 32 parity 1 1 4 4
318 567 35 parity 1 1 8 4
318 567 44 parity 1 1 4 4
318 567 47 parity 1 1 8 4
318 567 32 or 1 1 4 4
318 567 35 or 1 1 8 4
318 567 44 or 1 1 4 4
318 567 47 or 1 1 8 4
318 568 32 parity 1 1 4 4
318 568 35 parity 1 1 8 4
318 568 44 parity 1 1 4 4
318 568 47 parity 1 1 8 4
318 568 32 or 1 1 4 4
318 568 35 or 1 1 8 4
318 568 44 or 1 1 4 4
318 568 47 or 1 1 8 4
318 569 32 parity 1 1 4 4
318 569 35 parity 1 1 8 4
318 569 44 parity 1 1 4 4
318 569 47 parity 1 1 8 4
318 569 32 or 1 1 4 4
318 569 35 or 1 1 8 4
318 569 44 or 1 1 4 4
318 569 47 or 1 1 8 4
318 570 32 parity 1 1 4 4
318 570 35 parity 1 1 8 4
318 570 44 parity 1 1 4 4
318 570 47 parity 1 1 8 4
318 570 32 or 1 1 4 4
318 570 35 or 1 1 8 4
318 570 44 or 1 1 4 4
318 570 47 or 1 1 8 4
318 571 32 parity 1 1 4 4
318 571 35 parity 1 1 8 4
318 571 44 parity 1 1 4 4
318 571 47 parity 1 1 8 4
318 571 32 or 1 1 4 4
318 571 35 or 1 1 8 4
318 571 44 or 1 1 4 4
318 571 47 or 1 1 8 4
318 572 32 parity 1 1 4 4
318 572 35 parity 1 1 8 4
318 572 44 parity 1 1 4 4
318 572 47 parity 1 1 8 4
318 572 32 or 1 1 4 4
318 572 35 or 1 1 8 4
318 572 44 or 1 1 4 4
318 572 47 or 1 1 8 4
318 573 32 parity 1 1 4 4
318 573 35 parity 1 1 8 4
318 573 44 parity 1 1 4 4
318 573 47 parity 1 1 8 4
318 573 32 or 1 1 4 4
318 573 35 or 1 1 8 4
318 573 44 or 1 1 4 4
318 573 47 or 1 1 8 4
318 574 32 parity 1 1 4 4
318 574 35 parity 1 1 8 4
318 574 44 parity 1 1 4 4
318 574 47 parity 1 1 8 4
318 574 32 or 1 1 4 4
318 574 35 or 1 1 8 4
318 574 44 or 1 1 4 4
318 574 47 or 1 1 8 4
318 575 32 parity 1 1 4 4
318 575 35 parity 1 1 8 4
318 575 44 parity 1 1 4 4
318 575 47 parity 1 1 8 4
318 575 32 or 1 1 4 4
318 575 35 or 1 1 8 4
318 575 44 or 1 1 4 4
318 575 47 or 1 1 8 4
319 387 44 parity 1 1 4 4
319 387 47 parity 1 1 6 4
319 387 44 or 1 1 4 4
319 387 47 or 1 1 6 4
319 388 44 parity 1 1 4 4
319 388 47 parity 1 1 6 4
319 388 44 or 1 1 4 4
319 388 47 or 1 1 6 4
319 389 44 parity 1 1 4 4
319 389 47 parity 1 1 6 4
319 389 44 or 1 1 4 4
319 389 47 or 1 1 6 4
319 390 44 parity 1 1 4 4
319 390 47 parity 1 1 6 4
319 390 44 or 1 1 4 4
319 390 47 or 1 1 6 4
319 391 44 parity 1 1 4 4
319 391 47 parity 1 1 6 4
319 391 44 or 1 1 4 4
319 391 47 or 1 1 6 4
319 392 44 parity 1 1 4 4
319 392 47 parity 1 1 6 4
319 392 44 or 1 1 4 4
319 392 47 or 1 1 6 4
319 393 44 parity 1 1 4 4
319 393 47 parity 1 1 6 4
319 393 44 or 1 1 4 4
319 393 47 or 1 1 6 4
319 394 44 parity 1 1 4 4
319 394 47 parity 1 1 6 4
319 394 44 or 1 1 4 4
319 394 47 or 1 1 6 4
319 395 44 parity 1 1 4 4
319 395 47 parity 1 1 6 4
319 395 44 or 1 1 4 4
319 395 47 or 1 1 6 4
323 387 44 parity 1 1 4 4
323 387 47 parity 1 1 6 4
323 387 44 or 1 1 4 4
323 387 47 or 1 1 6 4
323 388 44 parity 1 1 4 4
323 388 47 parity 1 1 6 4
323 388 44 or 1 1 4 4
323 388 47 or 1 1 6 4
323 389 44 parity 1 1 4 4
323 389 47 parity 1 1 6 4
323 389 44 or 1 1 4 4
323 389 47 or 1 1 6 4
323 390 44 parity 1 1 4 4
323 390 47 parity 1 1 6 4
323 390 44 or 1 1 4 4
323 390 47 or 1 1 6 4
323 391 44 parity 1 1 4 4
323 391 47 parity 1 1 6 4
323 391 44 or 1 1 4 4
323 391 47 or 1 1 6 4
323 392 44 parity 1 1 4 4
323 392 47 parity 1 1 6 4
323 392 44 or 1 1 4 4
323 392 47 or 1 1 6 4
323 393 44 parity 1 1 4 4
323 393 47 parity 1 1 6 4
323 393 44 or 1 1 4 4
323 393 47 or 1 1 6 4
323 394 44 parity 1 1 4 4
323 394 47 parity 1 1 6 4
323 394 44 or 1 1 4 4
323 394 47 or 1 1 6 4
323 395 44 parity 1 1 4 4
323 395 47 parity 1 1 6 4
323 395 44 or 1 1 4 4
323 395 47 or 1 1 6 4
323 567 32 parity 1 1 4 4
323 567 35 parity 1 1 8 4
323 567 44 parity 1 1 4 4
323 567 47 parity 1 1 8 4
323 567 32 or 1 1 4 4
323 567 35 or 1 1 8 4
323 567 44 or 1 1 4 4
323 567 47 or 1 1 8 4
323 568 32 parity 1 1 4 4
323 568 35 parity 1 1 8 4
323 568 44 parity 1 1 4 4
323 568 47 parity 1 1 8 4
323 568 32 or 1 1 4 4
323 568 35 or 1 1 8 4
323 568 44 or 1 1 4 4
323 568 47 or 1 1 8 4
323 569 32 parity 1 1 4 4
323 569 35 parity 1 1 8 4
323 569 44 parity 1 1 4 4
323 569 47 parity 1 1 8 4
323 569 32 or 1 1 4 4
323 569 35 or 1 1 8 4
323 569 44 or 1 1 4 4
323 569 47 or 1 1 8 4
323 570 32 parity 1 1 4 4
323 570 35 parity 1 1 8 4
323 570 44 parity 1 1 4 4
323 570 47 parity 1 1 8 4
323 570 32 or 1 1 4 4
323 570 35 or 1 1 8 4
323 570 44 or 1 1 4 4
323 570 47 or 1 1 8 4
323 571 32 parity 1 1 4 4
323 571 35 parity 1 1 8 4
323 571 44 parity 1 1 4 4
323 571 47 parity 1 1 8 4
323 571 32 or 1 1 4 4
323 571 35 or 1 1 8 4
323 571 44 or 1 1 4 4
323 571 47 or 1 1 8 4
323 572 32 parity 1 1 4 4
323 572 35 parity 1 1 8 4
323 572 44 parity 1 1 4 4
323 572 47 parity 1 1 8 4
323 572 32 or 1 1 4 4
323 572 35 or 1 1 8 4
323 572 44 or 1 1 4 4
323 572 47 or 1 1 8 4
323 573 32 parity 1 1 4 4
323 573 35 parity 1 1 8 4
323 573 44 parity 1 1 4 4
323 573 47 parity 1 1 8 4
323 573 32 or 1 1 4 4
323 573 35 or 1 1 8 4
323 573 44 or 1 1 4 4
323 573 47 or 1 1 8 4
323 574 32 parity 1 1 4 4
323 574 35 parity 1 1 8 4
323 574 44 parity 1 1 4 4
323 574 47 parity 1 1 8 4
323 574 32 or 1 1 4 4
323 574 35 or 1 1 8 4
323 574 44 or 1 1 4 4
323 574 47 or 1 1 8 4
323 575 32 parity 1 1 4 4
323 575 35 parity 1 1 8 4
323 575 44 parity 1 1 4 4
323 575 47 parity 1 1 8 4
323 575 32 or 1 1 4 4
323 575 35 or 1 1 8 4
323 575 44 or 1 1 4 4
323 575 47 or 1 1 8 4
319 567 32 parity 1 1 4 4
319 567 35 parity 1 1 8 4
319 567 44 parity 1 1 4 4
319 567 47 parity 1 1 8 4
319 567 32 or 1 1 4 4
319 567 35 or 1 1 8 4
319 567 44 or 1 1 4 4
319 567 47 or 1 1 8 4
319 568 32 parity 1 1 4 4
319 568 35 parity 1 1 8 4
319 568 44 parity 1 1 4 4
319 568 47 parity 1 1 8 4
319 568 32 or 1 1 4 4
319 568 35 or 1 1 8 4
319 568 44 or 1 1 4 4
319 568 47 or 1 1 8 4
319 569 32 parity 1 1 4 4
319 569 35 parity 1 1 8 4
319 569 44 parity 1 1 4 4
319 569 47 parity 1 1 8 4
319 569 32 or 1 1 4 4
319 569 35 or 1 1 8 4
319 569 44 or 1 1 4 4
319 569 47 or 1 1 8 4
319 570 32 parity 1 1 4 4
319 570 35 parity 1 1 8 4
319 570 44 parity 1 1 4 4
319 570 47 parity 1 1 8 4
319 570 32 or 1 1 4 4
319 570 35 or 1 1 8 4
319 570 44 or 1 1 4 4
319 570 47 or 1 1 8 4
319 571 32 parity 1 1 4 4
319 571 35 parity 1 1 8 4
319 571 44 parity 1 1 4 4
319 571 47 parity 1 1 8 4
319 571 32 or 1 1 4 4
319 571 35 or 1 1 8 4
319 571 44 or 1 1 4 4
319 571 47 or 1 1 8 4
319 572 32 parity 1 1 4 4
319 572 35 parity 1 1 8 4
319 572 44 parity 1 1 4 4
319 572 47 parity 1 1 8 4
319 572 32 or 1 1 4 4
319 572 35 or 1 1 8 4
319 572 44 or 1 1 4 4
319 572 47 or 1 1 8 4
319 573 32 parity 1 1 4 4
319 573 35 parity 1 1 8 4
319 573 44 parity 1 1 4 4
319 573 47 parity 1 1 8 4
319 573 32 or 1 1 4 4
319 573 35 or 1 1 8 4
319 573 44 or 1 1 4 4
319 573 47 or 1 1 8 4
319 574 32 parity 1 1 4 4
319 574 35 parity 1 1 8 4
319 574 44 parity 1 1 4 4
319 574 47 parity 1 1 8 4
319 574 32 or 1 1 4 4
319 574 35 or 1 1 8 4
319 574 44 or 1 1 4 4
319 574 47 or 1 1 8 4
319 575 32 parity 1 1 4 4
319 575 35 parity 1 1 8 4
319 575 44 parity 1 1 4 4
319 575 47 parity 1 1 8 4
319 575 32 or 1 1 4 4
319 575 35 or 1 1 8 4
319 575 44 or 1 1 4 4
319 575 47 or 1 1 8 4
320 387 44 parity 1 1 4 4
320 387 47 parity 1 1 6 4
320 387 44 or 1 1 4 4
320 387 47 or 1 1 6 4
320 388 44 parity 1 1 4 4
320 388 47 parity 1 1 6 4
320 388 44 or 1 1 4 4
320 388 47 or 1 1 6 4
320 389 44 parity 1 1 4 4
320 389 47 parity 1 1 6 4
320 389 44 or 1 1 4 4
320 389 47 or 1 1 6 4
320 390 44 parity 1 1 4 4
320 390 47 parity 1 1 6 4
320 390 44 or 1 1 4 4
320 390 47 or 1 1 6 4
320 391 44 parity 1 1 4 4
320 391 47 parity 1 1 6 4
320 391 44 or 1 1 4 4
320 391 47 or 1 1 6 4
320 392 44 parity 1 1 4 4
320 392 47 parity 1 1 6 4
320 392 44 or 1 1 4 4
320 392 47 or 1 1 6 4
320 393 44 parity 1 1 4 4
320 393 47 parity 1 1 6 4
320 393 44 or 1 1 4 4
320 393 47 or 1 1 6 4
320 394 44 parity 1 1 4 4
320 394 47 parity 1 1 6 4
320 394 44 or 1 1 4 4
320 394 47 or 1 1 6 4
320 395 44 parity 1 1 4 4
320 395 47 parity 1 1 6 4
320 395 44 or 1 1 4 4
320 395 47 or 1 1 6 4
317 387 44 parity 1 1 4 4
317 387 47 parity 1 1 6 4
317 387 44 or 1 1 4 4
317 387 47 or 1 1 6 4
317 388 44 parity 1 1 4 4
317 388 47 parity 1 1 6 4
317 388 44 or 1 1 4 4
317 388 47 or 1 1 6 4
317 389 44 parity 1 1 4 4
317 389 47 parity 1 1 6 4
317 389 44 or 1 1 4 4
317 389 47 or 1 1 6 4
317 390 44 parity 1 1 4 4
317 390 47 parity 1 1 6 4
317 390 44 or 1 1 4 4
317 390 47 or 1 1 6 4
317 391 44 parity 1 1 4 4
317 391 47 parity 1 1 6 4
317 391 44 or 1 1 4 4
317 391 47 or 1 1 6 4
317 392 44 parity 1 1 4 4
317 392 47 parity 1 1 6 4
317 392 44 or 1 1 4 4
317 392 47 or 1 1 6 4
317 393 44 parity 1 1 4 4
317 393 47 parity 1 1 6 4
317 393 44 or 1 1 4 4
317 393 47 or 1 1 6 4
317 394 44 parity 1 1 4 4
317 394 47 parity 1 1 6 4
317 394 44 or 1 1 4 4
317 394 47 or 1 1 6 4
317 395 44 parity 1 1 4 4
317 395 47 parity 1 1 6 4
317 395 44 or 1 1 4 4
317 395 47 or 1 1 6 4
317 567 32 parity 1 1 4 4
317 567 35 parity 1 1 8 4
317 567 44 parity 1 1 4 4
317 567 47 parity 1 1 8 4
317 567 32 or 1 1 4 4
317 567 35 or 1 1 8 4
317 567 44 or 1 1 4 4
317 567 47 or 1 1 8 4
317 568 32 parity 1 1 4 4
317 568 35 parity 1 1 8 4
317 568 44 parity 1 1 4 4
317 568 47 parity 1 1 8 4
317 568 32 or 1 1 4 4
317 568 35 or 1 1 8 4
317 568 44 or 1 1 4 4
317 568 47 or 1 1 8 4
317 569 32 parity 1 1 4 4
317 569 35 parity 1 1 8 4
317 569 44 parity 1 1 4 4
317 569 47 parity 1 1 8 4
317 569 32 or 1 1 4 4
317 569 35 or 1 1 8 4
317 569 44 or 1 1 4 4
317 569 47 or 1 1 8 4
317 570 32 parity 1 1 4 4
317 570 35 parity 1 1 8 4
317 570 44 parity 1 1 4 4
317 570 47 parity 1 1 8 4
317 570 32 or 1 1 4 4
317 570 35 or 1 1 8 4
317 570 44 or 1 1 4 4
317 570 47 or 1 1 8 4
317 571 32 parity 1 1 4 4
317 571 35 parity 1 1 8 4
317 571 44 parity 1 1 4 4
317 571 47 parity 1 1 8 4
317 571 32 or 1 1 4 4
317 571 35 or 1 1 8 4
317 571 44 or 1 1 4 4
317 571 47 or 1 1 8 4
317 572 32 parity 1 1 4 4
317 572 35 parity 1 1 8 4
317 572 44 parity 1 1 4 4
317 572 47 parity 1 1 8 4
317 572 32 or 1 1 4 4
317 572 35 or 1 1 8 4
317 572 44 or 1 1 4 4
317 572 47 or 1 1 8 4
317 573 32 parity 1 1 4 4
317 573 35 parity 1 1 8 4
317 573 44 parity 1 1 4 4
317 573 47 parity 1 1 8 4
317 573 32 or 1 1 4 4
317 573 35 or 1 1 8 4
317 573 44 or 1 1 4 4
317 573 47 or 1 1 8 4
317 574 32 parity 1 1 4 4
317 574 35 parity 1 1 8 4
317 574 44 parity 1 1 4 4
317 574 47 parity 1 1 8 4
317 574 32 or 1 1 4 4
317 574 35 or 1 1 8 4
317 574 44 or 1 1 4 4
317 574 47 or 1 1 8 4
317 575 32 parity 1 1 4 4
317 575 35 parity 1 1 8 4
317 575 44 parity 1 1 4 4
317 575 47 parity 1 1 8 4
317 575 32 or 1 1 4 4
317 575 35 or 1 1 8 4
317 575 44 or 1 1 4 4
317 575 47 or 1 1 8 4
318 387 44 parity 1 1 4 4
318 387 47 parity 1 1 6 4
318 387 44 or 1 1 4 4
318 387 47 or 1 1 6 4
318 388 44 parity 1 1 4 4
318 388 47 parity 1 1 6 4
318 388 44 or 1 1 4 4
318 388 47 or 1 1 6 4
318 389 44 parity 1 1 4 4
318 389 47 parity 1 1 6 4
318 389 44 or 1 1 4 4
318 389 47 or 1 1 6 4
318 390 44 parity 1 1 4 4
318 390 47 parity 1 1 6 4
318 390 44 or 1 1 4 4
318 390 47 or 1 1 6 4
318 391 44 parity 1 1 4 4
318 391 47 parity 1 1 6 4
318 391 44 or 1 1 4 4
318 391 47 or 1 1 6 4
318 392 44 parity 1 1 4 4
318 392 47 parity 1 1 6 4
318 392 44 or 1 1 4 4
318 392 47 or 1 1 6 4
318 393 44 parity 1 1 4 4
318 393 47 parity 1 1 6 4
318 393 44 or 1 1 4 4
318 393 47 or 1 1 6 4
318 394 44 parity 1 1 4 4
318 394 47 parity 1 1 6 4
318 394 44 or 1 1 4 4
318 394 47 or 1 1 6 4
318 395 44 parity 1 1 4 4
318 395 47 parity 1 1 6 4
318 395 44 or 1 1 4 4
318 395 47 or 1 1 6 4
316 387 44 parity 1 1 4 4
316 387 47 parity 1 1 6 4
316 387 44 or 1 1 4 4
316 387 47 or 1 1 6 4
316 388 44 parity 1 1 4 4
316 388 47 parity 1 1 6 4
316 388 44 or 1 1 4 4
316 388 47 or 1 1 6 4
316 389 44 parity 1 1 4 4
316 389 47 parity 1 1 6 4
316 389 44 or 1 1 4 4
316 389 47 or 1 1 6 4
316 390 44 parity 1 1 4 4
316 390 47 parity 1 1 6 4
316 390 44 or 1 1 4 4
316 390 47 or 1 1 6 4
316 391 44 parity 1 1 4 4
316 391 47 parity 1 1 6 4
316 391 44 or 1 1 4 4
316 391 47 or 1 1 6 4
316 392 44 parity 1 1 4 4
316 392 47 parity 1 1 6 4
316 392 44 or 1 1 4 4
316 392 47 or 1 1 6 4
316 393 44 parity 1 1 4 4
316 393 47 parity 1 1 6 4
316 393 44 or 1 1 4 4
316 393 47 or 1 1 6 4
316 394 44 parity 1 1 4 4
316 394 47 parity 1 1 6 4
316 394 44 or 1 1 4 4
316 394 47 or 1 1 6 4
316 395 44 parity 1 1 4 4
316 395 47 parity 1 1 6 4
316 395 44 or 1 1 4 4
316 395 47 or 1 1 6 4
316 567 32 parity 1 1 4 4
316 567 35 parity 1 1 8 4
316 567 44 parity 1 1 4 4
316 567 47 parity 1 1 8 4
316 567 32 or 1 1 4 4
316 567 35 or 1 1 8 4
316 567 44 or 1 1 4 4
316 567 47 or 1 1 8 4
316 568 32 parity 1 1 4 4
316 568 35 parity 1 1 8 4
316 568 44 parity 1 1 4 4
316 568 47 parity 1 1 8 4
316 568 32 or 1 1 4 4
316 568 35 or 1 1 8 4
316 568 44 or 1 1 4 4
316 568 47 or 1 1 8 4
316 569 32 parity 1 1 4 4
316 569 35 parity 1 1 8 4
316 569 44 parity 1 1 4 4
316 569 47 parity 1 1 8 4
316 569 32 or 1 1 4 4
316 569 35 or 1 1 8 4
316 569 44 or 1 1 4 4
316 569 47 or 1 1 8 4
316 570 32 parity 1 1 4 4
316 570 35 parity 1 1 8 4
316 570 44 parity 1 1 4 4
316 570 47 parity 1 1 8 4
316 570 32 or 1 1 4 4
316 570 35 or 1 1 8 4
316 570 44 or 1 1 4 4
316 570 47 or 1 1 8 4
316 571 32 parity 1 1 4 4
316 571 35 parity 1 1 8 4
316 571 44 parity 1 1 4 4
316 571 47 parity 1 1 8 4
316 571 32 or 1 1 4 4
316 571 35 or 1 1 8 4
316 571 44 or 1 1 4 4
316 571 47 or 1 1 8 4
316 572 32 parity 1 1 4 4
316 572 35 parity 1 1 8 4
316 572 44 parity 1 1 4 4
316 572 47 parity 1 1 8 4
316 572 32 or 1 1 4 4
316 572 35 or 1 1 8 4
316 572 44 or 1 1 4 4
316 572 47 or 1 1 8 4
316 573 32 parity 1 1 4 4
316 573 35 parity 1 1 8 4
316 573 44 parity 1 1 4 4
316 573 47 parity 1 1 8 4
316 573 32 or 1 1 4 4
316 573 35 or 1 1 8 4
316 573 44 or 1 1 4 4
316 573 47 or 1 1 8 4
316 574 32 parity 1 1 4 4
316 574 35 parity 1 1 8 4
316 574 44 parity 1 1 4 4
316 574 47 parity 1 1 8 4
316 574 32 or 1 1 4 4
316 574 35 or 1 1 8 4
316 574 44 or 1 1 4 4
316 574 47 or 1 1 8 4
316 575 32 parity 1 1 4 4
316 575 35 parity 1 1 8 4
316 575 44 parity 1 1 4 4
316 575 47 parity 1 1 8 4
316 575 32 or 1 1 4 4
316 575 35 or 1 1 8 4
316 575 44 or 1 1 4 4
316 575 47 or 1 1 8 4
349 423 18 parity 2 1 2 4
349 423 23 parity 2 1 5 4
349 423 27 parity 2 1 5 4
349 423 31 parity 2 1 5 4
349 423 32 parity 2 1 2 4
349 423 39 parity 2 1 2 4
349 423 47 parity 2 1 5 4
349 423 18 or 2 1 2 4
349 423 31 or 2 1 5 4
349 423 32 or 2 1 2 4
349 423 34 or 2 1 5 4
349 423 35 or 2 1 5 4
349 423 39 or 2 1 2 4
349 423 47 or 2 1 5 4
349 424 47 or 2 1 6 4
349 425 18 parity 2 1 2 4
349 425 19 parity 2 1 5 4
349 425 27 parity 2 1 5 4
349 425 31 parity 2 1 5 4
349 425 32 parity 2 1 2 4
349 425 38 parity 2 1 5 4
349 425 47 parity 2 1 5 4
349 425 18 or 2 1 2 4
349 425 31 or 2 1 5 4
349 425 32 or 2 1 2 4
349 425 34 or 2 1 5 4
349 425 35 or 2 1 5 4
349 425 47 or 2 1 5 4
349 429 18 parity 2 1 2 4
349 429 23 parity 2 1 5 4
349 429 27 parity 2 1 5 4
349 429 31 parity 2 1 5 4
349 429 32 parity 2 1 2 4
349 429 39 parity 2 1 2 4
349 429 47 parity 2 1 5 4
349 429 18 or 2 1 2 4
349 429 31 or 2 1 5 4
349 429 32 or 2 1 2 4
349 429 34 or 2 1 5 4
349 429 35 or 2 1 5 4
349 429 39 or 2 1 2 4
349 429 47 or 2 1 5 4
349 430 47 or 2 1 6 4
349 431 18 parity 2 1 2 4
349 431 19 parity 2 1 5 4
349 431 27 parity 2 1 5 4
349 431 31 parity 2 1 5 4
349 431 32 parity 2 1 2 4
349 431 38 parity 2 1 5 4
349 431 47 parity 2 1 5 4
349 431 18 or 2 1 2 4
349 431 31 or 2 1 5 4
349 431 32 or 2 1 2 4
349 431 34 or 2 1 5 4
349 431 35 or 2 1 5 4
349 431 47 or 2 1 5 4
343 423 15 parity 2 1 5 4
343 423 18 parity 2 1 2 4
343 423 19 parity 2 1 5 4
343 423 27 parity 2 1 5 4
343 423 31 parity 2 1 5 4
343 423 32 parity 2 1 2 4
343 423 34 parity 2 1 5 4
343 423 35 parity 2 1 5 4
343 423 39 parity 2 1 2 4
343 423 47 parity 2 1 5 4
343 423 3 or 2 1 5 4
343 423 11 or 2 1 5 4
343 423 15 or 2 1 5 4
343 423 18 or 2 1 2 4
343 423 31 or 2 1 5 4
343 423 32 or 2 1 2 4
343 423 34 or 2 1 5 4
343 423 35 or 2 1 5 4
343 423 39 or 2 1 2 4
343 423 47 or 2 1 5 4
343 424 10 or 2 1 5 4
343 424 47 or 2 1 6 4
343 425 1 parity 2 1 2 4
343 425 7 parity 2 1 5 4
343 425 10 parity 2 1 2 4
343 425 15 parity 2 1 5 4
343 425 18 parity 2 1 2 4
343 425 22 parity 2 1 5 4
343 425 23 parity 2 1 5 4
343 425 26 parity 2 1 5 4
343 425 27 parity 2 1 5 4
343 425 31 parity 2 1 5 4
343 425 32 parity 2 1 2 4
343 425 47 parity 2 1 5 4
343 425 1 or 2 1 2 4
343 425 7 or 2 1 5 4
343 425 10 or 2 1 2 4
343 425 15 or 2 1 5 4
343 425 18 or 2 1 2 4
343 425 22 or 2 1 5 4
343 425 23 or 2 1 5 4
343 425 26 or 2 1 5 4
343 425 27 or 2 1 5 4
343 425 31 or 2 1 5 4
343 425 32 or 2 1 2 4
343 425 34 or 2 1 5 4
343 425 35 or 2 1 5 4
343 425 43 or 2 1 5 4
343 425 47 or 2 1 5 4
343 429 15 parity 2 1 5 4
343 429 18 parity 2 1 2 4
343 429 19 parity 2 1 5 4
343 429 27 parity 2 1 5 4
343 429 31 parity 2 1 5 4
343 429 32 parity 2 1 2 4
343 429 34 parity 2 1 5 4
343 429 35 parity 2 1 5 4
343 429 39 parity 2 1 2 4
343 429 47 parity 2 1 5 4
343 429 3 or 2 1 5 4
343 429 11 or 2 1 5 4
343 429 15 or 2 1 5 4
343 429 18 or 2 1 2 4
343 429 31 or 2 1 5 4
343 429 32 or 2 1 2 4
343 429 34 or 2 1 5 4
343 429 35 or 2 1 5 4
343 429 39 or 2 1 2 4
343 429 47 or 2 1 5 4
343 430 10 or 2 1 5 4
343 430 47 or 2 1 6 4
343 431 1 parity 2 1 2 4
343 431 7 parity 2 1 5 4
343 431 10 parity 2 1 2 4
343 431 15 parity 2 1 5 4
343 431 18 parity 2 1 2 4
343 431 22 parity 2 1 5 4
343 431 23 parity 2 1 5 4
343 431 26 parity 2 1 5 4
343 431 27 parity 2 1 5 4
343 431 31 parity 2 1 5 4
343 431 32 parity 2 1 2 4
343 431 47 parity 2 1 5 4
343 431 1 or 2 1 2 4
343 431 7 or 2 1 5 4
343 431 10 or 2 1 2 4
343 431 15 or 2 1 5 4
343 431 18 or 2 1 2 4
343 431 22 or 2 1 5 4
343 431 23 or 2 1 5 4
343 431 26 or 2 1 5 4
343 431 27 or 2 1 5 4
343 431 31 or 2 1 5 4
343 431 32 or 2 1 2 4
343 431 34 or 2 1 5 4
343 431 35 or 2 1 5 4
343 431 43 or 2 1 5 4
343 431 47 or 2 1 5 4
346 423 15 parity 2 1 5 4
346 423 18 parity 2 1 2 4
346 423 19 parity 2 1 5 4
346 423 27 parity 2 1 5 4
346 423 31 parity 2 1 5 4
346 423 32 parity 2 1 2 4
346 423 34 parity 2 1 5 4
346 423 35 parity 2 1 5 4
346 423 39 parity 2 1 2 4
346 423 47 parity 2 1 5 4
346 423 3 or 2 1 5 4
346 423 11 or 2 1 5 4
346 423 15 or 2 1 5 4
346 423 18 or 2 1 2 4
346 423 31 or 2 1 5 4
346 423 32 or 2 1 2 4
346 423 34 or 2 1 5 4
346 423 35 or 2 1 5 4
346 423 39 or 2 1 2 4
346 423 47 or 2 1 5 4
346 424 10 or 2 1 5 4
346 424 47 or 2 1 6 4
346 425 1 parity 2 1 2 4
346 425 7 parity 2 1 5 4
346 425 10 parity 2 1 2 4
346 425 15 parity 2 1 5 4
346 425 18 parity 2 1 2 4
346 425 22 parity 2 1 5 4
346 425 23 parity 2 1 5 4
346 425 26 parity 2 1 5 4
346 425 27 parity 2 1 5 4
346 425 31 parity 2 1 5 4
346 425 32 parity 2 1 2 4
346 425 47 parity 2 1 5 4
346 425 1 or 2 1 2 4
346 425 7 or 2 1 5 4
346 425 10 or 2 1 2 4
346 425 15 or 2 1 5 4
346 425 18 or 2 1 2 4
346 425 22 or 2 1 5 4
346 425 23 or 2 1 5 4
346 425 26 or 2 1 5 4
346 425 27 or 2 1 5 4
346 425 31 or 2 1 5 4
346 425 32 or 2 1 2 4
346 425 34 or 2 1 5 4
346 425 35 or 2 1 5 4
346 425 43 or 2 1 5 4
346 425 47 or 2 1 5 4
346 429 15 parity 2 1 5 4
346 429 18 parity 2 1 2 4
346 429 19 parity 2 1 5 4
346 429 27 parity 2 1 5 4
346 429 31 parity 2 1 5 4
346 429 32 parity 2 1 2 4
346 429 34 parity 2 1 5 4
346 429 35 parity 2 1 5 4
346 429 39 parity 2 1 2 4
346 429 47 parity 2 1 5 4
346 429 3 or 2 1 5 4
346 429 11 or 2 1 5 4
346 429 15 or 2 1 5 4
346 429 18 or 2 1 2 4
346 429 31 or 2 1 5 4
346 429 32 or 2 1 2 4
346 429 34 or 2 1 5 4
346 429 35 or 2 1 5 4
346 429 39 or 2 1 2 4
346 429 47 or 2 1 5 4
346 430 10 or 2 1 5 4
346 430 47 or 2 1 6 4
346 431 1 parity 2 1 2 4
346 431 7 parity 2 1 5 4
346 431 10 parity 2 1 2 4
346 431 15 parity 2 1 5 4
346 431 18 parity 2 1 2 4
346 431 22 parity 2 1 5 4
346 431 23 parity 2 1 5 4
346 431 26 parity 2 1 5 4
346 431 27 parity 2 1 5 4
346 431 31 parity 2 1 5 4
346 431 32 parity 2 1 2 4
346 431 47 parity 2 1 5 4
346 431 1 or 2 1 2 4
346 431 7 or 2 1 5 4
346 431 10 or 2 1 2 4
346 431 15 or 2 1 5 4
346 431 18 or 2 1 2 4
346 431 22 or 2 1 5 4
346 431 23 or 2 1 5 4
346 431 26 or 2 1 5 4
346 431 27 or 2 1 5 4
346 431 31 or 2 1 5 4
346 431 32 or 2 1 2 4
346 431 34 or 2 1 5 4
346 431 35 or 2 1 5 4
346 431 43 or 2 1 5 4
346 431 47 or 2 1 5 4
344 389 12 parity 2 -1 3 4
344 389 23 parity 2 -1 3 4
344 389 28 parity 2 -1 3 4
344 389 12 or 2 -1 3 4
344 389 23 or 2 -1 3 4
344 389 28 or 2 -1 3 4
344 395 12 parity 2 -1 3 4
344 395 23 parity 2 -1 3 4
344 395 28 parity 2 -1 3 4
344 395 12 or 2 -1 3 4
344 395 23 or 2 -1 3 4
344 395 28 or 2 -1 3 4
347 389 12 parity 2 -1 3 4
347 389 23 parity 2 -1 3 4
347 389 28 parity 2 -1 3 4
347 389 12 or 2 -1 3 4
347 389 23 or 2 -1 3 4
347 389 28 or 2 -1 3 4
347 395 12 parity 2 -1 3 4
347 395 23 parity 2 -1 3 4
347 395 28 parity 2 -1 3 4
347 395 12 or 2 -1 3 4
347 395 23 or 2 -1 3 4
347 395 28 or 2 -1 3 4
351 387 32 parity 1 -1 2 4
351 387 35 parity 1 -1 4 4
351 387 44 parity 1 -1 4 4
351 387 47 parity 1 -1 6 4
351 387 32 or 1 -1 2 4
351 387 35 or 1 -1 4 4
351 387 44 or 1 -1 4 4
351 387 47 or 1 -1 6 4
351 388 32 parity 1 -1 2 4
351 388 35 parity 1 -1 4 4
351 388 44 parity 1 -1 4 4
351 388 47 parity 1 -1 6 4
351 388 32 or 1 -1 2 4
351 388 35 or 1 -1 4 4
351 388 44 or 1 -1 4 4
351 388 47 or 1 -1 6 4
351 389 32 parity 1 -1 2 4
351 389 35 parity 1 -1 4 4
351 389 44 parity 1 -1 4 4
351 389 47 parity 1 -1 6 4
351 389 32 or 1 -1 2 4
351 389 35 or 1 -1 4 4
351 389 44 or 1 -1 4 4
351 389 47 or 1 -1 6 4
351 390 32 parity 1 -1 2 4
351 390 35 parity 1 -1 4 4
351 390 44 parity 1 -1 4 4
351 390 47 parity 1 -1 6 4
351 390 32 or 1 -1 2 4
351 390 35 or 1 -1 4 4
351 390 44 or 1 -1 4 4
351 390 47 or 1 -1 6 4
351 391 32 parity 1 -1 2 4
351 391 35 parity 1 -1 4 4
351 391 44 parity 1 -1 4 4
351 391 47 parity 1 -1 6 4
351 391 32 or 1 -1 2 4
351 391 35 or 1 -1 4 4
351 391 44 or 1 -1 4 4
351 391 47 or 1 -1 6 4
351 392 32 parity 1 -1 2 4
351 392 35 parity 1 -1 4 4
351 392 44 parity 1 -1 4 4
351 392 47 parity 1 -1 6 4
351 392 32 or 1 -1 2 4
351 392 35 or 1 -1 4 4
351 392 44 or 1 -1 4 4
351 392 47 or 1 -1 6 4
351 393 32 parity 1 -1 2 4
351 393 35 parity 1 -1 4 4
351 393 44 parity 1 -1 4 4
351 393 47 parity 1 -1 6 4
351 393 32 or 1 -1 2 4
351 393 35 or 1 -1 4 4
351 393 44 or 1 -1 4 4
351 393 47 or 1 -1 6 4
351 394 32 parity 1 -1 2 4
351 394 35 parity 1 -1 4 4
351 394 44 parity 1 -1 4 4
351 394 47 parity 1 -1 6 4
351 394 32 or 1 -1 2 4
351 394 35 or 1 -1 4 4
351 394 44 or 1 -1 4 4
351 394 47 or 1 -1 6 4
351 395 32 parity 1 -1 2 4
351 395 35 parity 1 -1 4 4
351 395 44 parity 1 -1 4 4
351 395 47 parity 1 -1 6 4
351 395 32 or 1 -1 2 4
351 395 35 or 1 -1 4 4
351 395 44 or 1 -1 4 4
351 395 47 or 1 -1 6 4
351 423 35 parity 1 -1 8 4
351 423 44 parity 1 -1 4 4
351 423 44 or 1 -1 4 4
351 424 35 parity 1 -1 8 4
351 424 44 parity 1 -1 4 4
351 424 44 or 1 -1 4 4
351 425 35 parity 1 -1 8 4
351 425 44 parity 1 -1 4 4
351 425 44 or 1 -1 4 4
351 426 35 parity 1 -1 8 4
351 426 44 parity 1 -1 4 4
351 426 44 or 1 -1 4 4
351 427 35 parity 1 -1 8 4
351 427 44 parity 1 -1 4 4
351 427 44 or 1 -1 4 4
351 428 35 parity 1 -1 8 4
351 428 44 parity 1 -1 4 4
351 428 44 or 1 -1 4 4
358 603 32 parity 1 -1 2 4
358 603 35 parity 1 -1 4 4
358 603 44 parity 1 -1 4 4
358 603 47 parity 1 -1 6 4
358 603 32 or 1 -1 2 4
358 603 35 or 1 -1 4 4
358 603 44 or 1 -1 4 4
358 603 47 or 1 -1 6 4
358 604 32 parity 1 -1 2 4
358 604 35 parity 1 -1 4 4
358 604 44 parity 1 -1 4 4
358 604 47 parity 1 -1 6 4
358 604 32 or 1 -1 2 4
358 604 35 or 1 -1 4 4
358 604 44 or 1 -1 4 4
358 604 47 or 1 -1 6 4
358 605 32 parity 1 -1 2 4
358 605 35 parity 1 -1 4 4
358 605 44 parity 1 -1 4 4
358 605 47 parity 1 -1 6 4
358 605 32 or 1 -1 2 4
358 605 35 or 1 -1 4 4
358 605 44 or 1 -1 4 4
358 605 47 or 1 -1 6 4
358 606 32 parity 1 -1 2 4
358 606 35 parity 1 -1 4 4
358 606 44 parity 1 -1 4 4
358 606 47 parity 1 -1 6 4
358 606 32 or 1 -1 2 4
358 606 35 or 1 -1 4 4
358 606 44 or 1 -1 4 4
358 606 47 or 1 -1 6 4
358 607 32 parity 1 -1 2 4
358 607 35 parity 1 -1 4 4
358 607 44 parity 1 -1 4 4
358 607 47 parity 1 -1 6 4
358 607 32 or 1 -1 2 4
358 607 35 or 1 -1 4 4
358 607 44 or 1 -1 4 4
358 607 47 or 1 -1 6 4
358 608 32 parity 1 -1 2 4
358 608 35 parity 1 -1 4 4
358 608 44 parity 1 -1 4 4
358 608 47 parity 1 -1 6 4
358 608 32 or 1 -1 2 4
358 608 35 or 1 -1 4 4
358 608 44 or 1 -1 4 4
358 608 47 or 1 -1 6 4
358 609 32 parity 1 -1 2 4
358 609 35 parity 1 -1 4 4
358 609 44 parity 1 -1 4 4
358 609 47 parity 1 -1 6 4
358 609 32 or 1 -1 2 4
358 609 35 or 1 -1 4 4
358 609 44 or 1 -1 4 4
358 609 47 or 1 -1 6 4
358 610 32 parity 1 -1 2 4
358 610 35 parity 1 -1 4 4
358 610 44 parity 1 -1 4 4
358 610 47 parity 1 -1 6 4
358 610 32 or 1 -1 2 4
358 610 35 or 1 -1 4 4
358 610 44 or 1 -1 4 4
358 610 47 or 1 -1 6 4
358 611 32 parity 1 -1 2 4
358 611 35 parity 1 -1 4 4
358 611 44 parity 1 -1 4 4
358 611 47 parity 1 -1 6 4
358 611 32 or 1 -1 2 4
358 611 35 or 1 -1 4 4
358 611 44 or 1 -1 4 4
358 611 47 or 1 -1 6 4
359 387 32 parity 1 -1 2 4
359 387 35 parity 1 -1 4 4
359 387 44 parity 1 -1 4 4
359 387 47 parity 1 -1 6 4
359 387 32 or 1 -1 2 4
359 387 35 or 1 -1 4 4
359 387 44 or 1 -1 4 4
359 387 47 or 1 -1 6 4
359 388 32 parity 1 -1 2 4
359 388 35 parity 1 -1 4 4
359 388 44 parity 1 -1 4 4
359 388 47 parity 1 -1 6 4
359 388 32 or 1 -1 2 4
359 388 35 or 1 -1 4 4
359 388 44 or 1 -1 4 4
359 388 47 or 1 -1 6 4
359 389 32 parity 1 -1 2 4
359 389 35 parity 1 -1 4 4
359 389 44 parity 1 -1 4 4
359 389 47 parity 1 -1 6 4
359 389 32 or 1 -1 2 4
359 389 35 or 1 -1 4 4
359 389 44 or 1 -1 4 4
359 389 47 or 1 -1 6 4
359 390 32 parity 1 -1 2 4
359 390 35 parity 1 -1 4 4
359 390 44 parity 1 -1 4 4
359 390 47 parity 1 -1 6 4
359 390 32 or 1 -1 2 4
359 390 35 or 1 -1 4 4
359 390 44 or 1 -1 4 4
359 390 47 or 1 -1 6 4
359 391 32 parity 1 -1 2 4
359 391 35 parity 1 -1 4 4
359 391 44 parity 1 -1 4 4
359 391 47 parity 1 -1 6 4
359 391 32 or 1 -1 2 4
359 391 35 or 1 -1 4 4
359 391 44 or 1 -1 4 4
359 391 47 or 1 -1 6 4
359 392 32 parity 1 -1 2 4
359 392 35 parity 1 -1 4 4
359 392 44 parity 1 -1 4 4
359 392 47 parity 1 -1 6 4
359 392 32 or 1 -1 2 4
359 392 35 or 1 -1 4 4
359 392 44 or 1 -1 4 4
359 392 47 or 1 -1 6 4
359 393 32 parity 1 -1 2 4
359 393 35 parity 1 -1 4 4
359 393 44 parity 1 -1 4 4
359 393 47 parity 1 -1 6 4
359 393 32 or 1 -1 2 4
359 393 35 or 1 -1 4 4
359 393 44 or 1 -1 4 4
359 393 47 or 1 -1 6 4
359 394 32 parity 1 -1 2 4
359 394 35 parity 1 -1 4 4
359 394 44 parity 1 -1 4 4
359 394 47 parity 1 -1 6 4
359 394 32 or 1 -1 2 4
359 394 35 or 1 -1 4 4
359 394 44 or 1 -1 4 4
359 394 47 or 1 -1 6 4
359 395 32 parity 1 -1 2 4
359 395 35 parity 1 -1 4 4
359 395 44 parity 1 -1 4 4
359 395 47 parity 1 -1 6 4
359 395 32 or 1 -1 2 4
359 395 35 or 1 -1 4 4
359 395 44 or 1 -1 4 4
359 395 47 or 1 -1 6 4
359 423 35 parity 1 -1 8 4
359 423 44 parity 1 -1 4 4
359 423 44 or 1 -1 4 4
359 424 35 parity 1 -1 8 4
359 424 44 parity 1 -1 4 4
359 424 44 or 1 -1 4 4
359 425 35 parity 1 -1 8 4
359 425 44 parity 1 -1 4 4
359 425 44 or 1 -1 4 4
359 426 35 parity 1 -1 8 4
359 426 44 parity 1 -1 4 4
359 426 44 or 1 -1 4 4
359 427 35 parity 1 -1 8 4
359 427 44 parity 1 -1 4 4
359 427 44 or 1 -1 4 4
359 428 35 parity 1 -1 8 4
359 428 44 parity 1 -1 4 4
359 428 44 or 1 -1 4 4
359 429 35 parity 1 -1 8 4
359 429 44 parity 1 -1 4 4
359 429 44 or 1 -1 4 4
359 430 35 parity 1 -1 8 4
359 430 44 parity 1 -1 4 4
359 430 44 or 1 -1 4 4
359 431 35 parity 1 -1 8 4
359 431 44 parity 1 -1 4 4
359 431 44 or 1 -1 4 4
359 603 32 parity 1 -1 2 4
359 603 35 parity 1 -1 4 4
359 603 44 parity 1 -1 4 4
359 603 47 parity 1 -1 6 4
359 603 32 or 1 -1 2 4
359 603 35 or 1 -1 4 4
359 603 44 or 1 -1 4 4
359 603 47 or 1 -1 6 4
359 604 32 parity 1 -1 2 4
359 604 35 parity 1 -1 4 4
359 604 44 parity 1 -1 4 4
359 604 47 parity 1 -1 6 4
359 604 32 or 1 -1 2 4
359 604 35 or 1 -1 4 4
359 604 44 or 1 -1 4 4
359 604 47 or 1 -1 6 4
359 605 32 parity 1 -1 2 4
359 605 35 parity 1 -1 4 4
359 605 44 parity 1 -1 4 4
359 605 47 parity 1 -1 6 4
359 605 32 or 1 -1 2 4
359 605 35 or 1 -1 4 4
359 605 44 or 1 -1 4 4
359 605 47 or 1 -1 6 4
359 606 32 parity 1 -1 2 4
359 606 35 parity 1 -1 4 4
359 606 44 parity 1 -1 4 4
359 606 47 parity 1 -1 6 4
359 606 32 or 1 -1 2 4
359 606 35 or 1 -1 4 4
359 606 44 or 1 -1 4 4
359 606 47 or 1 -1 6 4
359 607 32 parity 1 -1 2 4
359 607 35 parity 1 -1 4 4
359 607 44 parity 1 -1 4 4
359 607 47 parity 1 -1 6 4
359 607 32 or 1 -1 2 4
359 607 35 or 1 -1 4 4
359 607 44 or 1 -1 4 4
359 607 47 or 1 -1 6 4
359 608 32 parity 1 -1 2 4
359 608 35 parity 1 -1 4 4
359 608 44 parity 1 -1 4 4
359 608 47 parity 1 -1 6 4
359 608 32 or 1 -1 2 4
359 608 35 or 1 -1 4 4
359 608 44 or 1 -1 4 4
359 608 47 or 1 -1 6 4
359 609 32 parity 1 -1 2 4
359 609 35 parity 1 -1 4 4
359 609 44 parity 1 -1 4 4
359 609 47 parity 1 -1 6 4
359 609 32 or 1 -1 2 4
359 609 35 or 1 -1 4 4
359 609 44 or 1 -1 4 4
359 609 47 or 1 -1 6 4
359 610 32 parity 1 -1 2 4
359 610 35 parity 1 -1 4 4
359 610 44 parity 1 -1 4 4
359 610 47 parity 1 -1 6 4
359 610 32 or 1 -1 2 4
359 610 35 or 1 -1 4 4
359 610 44 or 1 -1 4 4
359 610 47 or 1 -1 6 4
359 611 32 parity 1 -1 2 4
359 611 35 parity 1 -1 4 4
359 611 44 parity 1 -1 4 4
359 611 47 parity 1 -1 6 4
359 611 32 or 1 -1 2 4
359 611 35 or 1 -1 4 4
359 611 44 or 1 -1 4 4
359 611 47 or 1 -1 6 4
357 603 32 parity 1 -1 2 4
357 603 35 parity 1 -1 4 4
357 603 44 parity 1 -1 4 4
357 603 47 parity 1 -1 6 4
357 603 32 or 1 -1 2 4
357 603 35 or 1 -1 4 4
357 603 44 or 1 -1 4 4
357 603 47 or 1 -1 6 4
357 604 32 parity 1 -1 2 4
357 604 35 parity 1 -1 4 4
357 604 44 parity 1 -1 4 4
357 604 47 parity 1 -1 6 4
357 604 32 or 1 -1 2 4
357 604 35 or 1 -1 4 4
357 604 44 or 1 -1 4 4
357 604 47 or 1 -1 6 4
357 605 32 parity 1 -1 2 4
357 605 35 parity 1 -1 4 4
357 605 44 parity 1 -1 4 4
357 605 47 parity 1 -1 6 4
357 605 32 or 1 -1 2 4
357 605 35 or 1 -1 4 4
357 605 44 or 1 -1 4 4
357 605 47 or 1 -1 6 4
357 606 32 parity 1 -1 2 4
357 606 35 parity 1 -1 4 4
357 606 44 parity 1 -1 4 4
357 606 47 parity 1 -1 6 4
357 606 32 or 1 -1 2 4
357 606 35 or 1 -1 4 4
357 606 44 or 1 -1 4 4
357 606 47 or 1 -1 6 4
357 607 32 parity 1 -1 2 4
357 607 35 parity 1 -1 4 4
357 607 44 parity 1 -1 4 4
357 607 47 parity 1 -1 6 4
357 607 32 or 1 -1 2 4
357 607 35 or 1 -1 4 4
357 607 44 or 1 -1 4 4
357 607 47 or 1 -1 6 4
357 608 32 parity 1 -1 2 4
357 608 35 parity 1 -1 4 4
357 608 44 parity 1 -1 4 4
357 608 47 parity 1 -1 6 4
357 608 32 or 1 -1 2 4
357 608 35 or 1 -1 4 4
357 608 44 or 1 -1 4 4
357 608 47 or 1 -1 6 4
357 609 32 parity 1 -1 2 4
357 609 35 parity 1 -1 4 4
357 609 44 parity 1 -1 4 4
357 609 47 parity 1 -1 6 4
357 609 32 or 1 -1 2 4
357 609 35 or 1 -1 4 4
357 609 44 or 1 -1 4 4
357 609 47 or 1 -1 6 4
357 610 32 parity 1 -1 2 4
357 610 35 parity 1 -1 4 4
357 610 44 parity 1 -1 4 4
357 610 47 parity 1 -1 6 4
357 610 32 or 1 -1 2 4
357 610 35 or 1 -1 4 4
357 610 44 or 1 -1 4 4
357 610 47 or 1 -1 6 4
357 611 32 parity 1 -1 2 4
357 611 35 parity 1 -1 4 4
357 611 44 parity 1 -1 4 4
357 611 47 parity 1 -1 6 4
357 611 32 or 1 -1 2 4
357 611 35 or 1 -1 4 4
357 611 44 or 1 -1 4 4
357 611 47 or 1 -1 6 4
358 387 32 parity 1 -1 2 4
358 387 35 parity 1 -1 4 4
358 387 44 parity 1 -1 4 4
358 387 47 parity 1 -1 6 4
358 387 32 or 1 -1 2 4
358 387 35 or 1 -1 4 4
358 387 44 or 1 -1 4 4
358 387 47 or 1 -1 6 4
358 388 32 parity 1 -1 2 4
358 388 35 parity 1 -1 4 4
358 388 44 parity 1 -1 4 4
358 388 47 parity 1 -1 6 4
358 388 32 or 1 -1 2 4
358 388 35 or 1 -1 4 4
358 388 44 or 1 -1 4 4
358 388 47 or 1 -1 6 4
358 389 32 parity 1 -1 2 4
358 389 35 parity 1 -1 4 4
358 389 44 parity 1 -1 4 4
358 389 47 parity 1 -1 6 4
358 389 32 or 1 -1 2 4
358 389 35 or 1 -1 4 4
358 389 44 or 1 -1 4 4
358 389 47 or 1 -1 6 4
358 390 32 parity 1 -1 2 4
358 390 35 parity 1 -1 4 4
358 390 44 parity 1 -1 4 4
358 390 47 parity 1 -1 6 4
358 390 32 or 1 -1 2 4
358 390 35 or 1 -1 4 4
358 390 44 or 1 -1 4 4
358 390 47 or 1 -1 6 4
358 391 32 parity 1 -1 2 4
358 391 35 parity 1 -1 4 4
358 391 44 parity 1 -1 4 4
358 391 47 parity 1 -1 6 4
358 391 32 or 1 -1 2 4
358 391 35 or 1 -1 4 4
358 391 44 or 1 -1 4 4
358 391 47 or 1 -1 6 4
358 392 32 parity 1 -1 2 4
358 392 35 parity 1 -1 4 4
358 392 44 parity 1 -1 4 4
358 392 47 parity 1 -1 6 4
358 392 32 or 1 -1 2 4
358 392 35 or 1 -1 4 4
358 392 44 or 1 -1 4 4
358 392 47 or 1 -1 6 4
358 393 32 parity 1 -1 2 4
358 393 35 parity 1 -1 4 4
358 393 44 parity 1 -1 4 4
358 393 47 parity 1 -1 6 4
358 393 32 or 1 -1 2 4
358 393 35 or 1 -1 4 4
358 393 44 or 1 -1 4 4
358 393 47 or 1 -1 6 4
358 394 32 parity 1 -1 2 4
358 394 35 parity 1 -1 4 4
358 394 44 parity 1 -1 4 4
358 394 47 parity 1 -1 6 4
358 394 32 or 1 -1 2 4
358 394 35 or 1 -1 4 4
358 394 44 or 1 -1 4 4
358 394 47 or 1 -1 6 4
358 395 32 parity 1 -1 2 4
358 395 35 parity 1 -1 4 4
358 395 44 parity 1 -1 4 4
358 395 47 parity 1 -1 6 4
358 395 32 or 1 -1 2 4
358 395 35 or 1 -1 4 4
358 395 44 or 1 -1 4 4
358 395 47 or 1 -1 6 4
358 423 35 parity 1 -1 8 4
358 423 44 parity 1 -1 4 4
358 423 44 or 1 -1 4 4
358 424 35 parity 1 -1 8 4
358 424 44 parity 1 -1 4 4
358 424 44 or 1 -1 4 4
358 425 35 parity 1 -1 8 4
358 425 44 parity 1 -1 4 4
358 425 44 or 1 -1 4 4
358 426 35 parity 1 -1 8 4
358 426 44 parity 1 -1 4 4
358 426 44 or 1 -1 4 4
358 427 35 parity 1 -1 8 4
358 427 44 parity 1 -1 4 4
358 427 44 or 1 -1 4 4
358 428 35 parity 1 -1 8 4
358 428 44 parity 1 -1 4 4
358 428 44 or 1 -1 4 4
358 429 35 parity 1 -1 8 4
358 429 44 parity 1 -1 4 4
358 429 44 or 1 -1 4 4
358 430 35 parity 1 -1 8 4
358 430 44 parity 1 -1 4 4
358 430 44 or 1 -1 4 4
358 431 35 parity 1 -1 8 4
358 431 44 parity 1 -1 4 4
358 431 44 or 1 -1 4 4
395 567 32 parity 1 -1 2 4
395 567 35 parity 1 -1 4 4
395 567 47 parity 1 -1 2 4
395 567 32 or 1 -1 2 4
395 567 35 or 1 -1 4 4
395 567 44 or 1 -1 2 4
395 567 47 or 1 -1 2 4
395 568 32 parity 1 -1 2 4
395 568 35 parity 1 -1 4 4
395 568 47 parity 1 -1 2 4
395 568 32 or 1 -1 2 4
395 568 35 or 1 -1 4 4
395 568 44 or 1 -1 2 4
395 568 47 or 1 -1 2 4
395 569 32 parity 1 -1 2 4
395 569 35 parity 1 -1 4 4
395 569 47 parity 1 -1 2 4
395 569 32 or 1 -1 2 4
395 569 35 or 1 -1 4 4
395 569 44 or 1 -1 2 4
395 569 47 or 1 -1 2 4
395 570 32 parity 1 -1 2 4
395 570 35 parity 1 -1 4 4
395 570 47 parity 1 -1 2 4
395 570 32 or 1 -1 2 4
395 570 35 or 1 -1 4 4
395 570 44 or 1 -1 2 4
395 570 47 or 1 -1 2 4
395 571 32 parity 1 -1 2 4
395 571 35 parity 1 -1 4 4
395 571 47 parity 1 -1 2 4
395 571 32 or 1 -1 2 4
395 571 35 or 1 -1 4 4
395 571 44 or 1 -1 2 4
395 571 47 or 1 -1 2 4
395 572 32 parity 1 -1 2 4
395 572 35 parity 1 -1 4 4
395 572 47 parity 1 -1 2 4
395 572 32 or 1 -1 2 4
395 572 35 or 1 -1 4 4
395 572 44 or 1 -1 2 4
395 572 47 or 1 -1 2 4
395 573 32 parity 1 -1 2 4
395 573 35 parity 1 -1 4 4
395 573 47 parity 1 -1 2 4
395 573 32 or 1 -1 2 4
395 573 35 or 1 -1 4 4
395 573 44 or 1 -1 2 4
395 573 47 or 1 -1 2 4
395 574 32 parity 1 -1 2 4
395 574 35 parity 1 -1 4 4
395 574 47 parity 1 -1 2 4
395 574 32 or 1 -1 2 4
395 574 35 or 1 -1 4 4
395 574 44 or 1 -1 2 4
395 574 47 or 1 -1 2 4
395 575 32 parity 1 -1 2 4
395 575 35 parity 1 -1 4 4
395 575 47 parity 1 -1 2 4
395 575 32 or 1 -1 2 4
395 575 35 or 1 -1 4 4
395 575 44 or 1 -1 2 4
395 575 47 or 1 -1 2 4
387 423 32 parity 1 1 2 4
387 423 35 parity 1 1 4 4
387 423 47 parity 1 1 2 4
387 423 32 or 1 1 2 4
387 423 35 or 1 1 4 4
387 423 47 or 1 1 2 4
387 424 32 parity 1 1 2 4
387 424 35 parity 1 1 4 4
387 424 47 parity 1 1 2 4
387 424 32 or 1 1 2 4
387 424 35 or 1 1 4 4
387 424 47 or 1 1 2 4
387 425 32 parity 1 1 2 4
387 425 35 parity 1 1 4 4
387 425 47 parity 1 1 2 4
387 425 32 or 1 1 2 4
387 425 35 or 1 1 4 4
387 425 47 or 1 1 2 4
387 426 32 parity 1 1 2 4
387 426 35 parity 1 1 4 4
387 426 47 parity 1 1 2 4
387 426 32 or 1 1 2 4
387 426 35 or 1 1 4 4
387 426 47 or 1 1 2 4
387 427 32 parity 1 1 2 4
387 427 35 parity 1 1 4 4
387 427 47 parity 1 1 2 4
387 427 32 or 1 1 2 4
387 427 35 or 1 1 4 4
387 427 47 or 1 1 2 4
387 428 32 parity 1 1 2 4
387 428 35 parity 1 1 4 4
387 428 47 parity 1 1 2 4
387 428 32 or 1 1 2 4
387 428 35 or 1 1 4 4
387 428 47 or 1 1 2 4
387 429 32 parity 1 1 2 4
387 429 35 parity 1 1 4 4
387 429 47 parity 1 1 2 4
387 429 32 or 1 1 2 4
387 429 35 or 1 1 4 4
387 429 47 or 1 1 2 4
387 430 32 parity 1 1 2 4
387 430 35 parity 1 1 4 4
387 430 47 parity 1 1 2 4
387 430 32 or 1 1 2 4
387 430 35 or 1 1 4 4
387 430 47 or 1 1 2 4
387 431 32 parity 1 1 2 4
387 431 35 parity 1 1 4 4
387 431 47 parity 1 1 2 4
387 431 32 or 1 1 2 4
387 431 35 or 1 1 4 4
387 431 47 or 1 1 2 4
387 567 32 parity 1 -1 2 4
387 567 35 parity 1 -1 4 4
387 567 47 parity 1 -1 2 4
387 567 32 or 1 -1 2 4
387 567 35 or 1 -1 4 4
387 567 44 or 1 -1 2 4
387 567 47 or 1 -1 2 4
387 568 32 parity 1 -1 2 4
387 568 35 parity 1 -1 4 4
387 568 47 parity 1 -1 2 4
387 568 32 or 1 -1 2 4
387 568 35 or 1 -1 4 4
387 568 44 or 1 -1 2 4
387 568 47 or 1 -1 2 4
387 569 32 parity 1 -1 2 4
387 569 35 parity 1 -1 4 4
387 569 47 parity 1 -1 2 4
387 569 32 or 1 -1 2 4
387 569 35 or 1 -1 4 4
387 569 44 or 1 -1 2 4
387 569 47 or 1 -1 2 4
387 570 32 parity 1 -1 2 4
387 570 35 parity 1 -1 4 4
387 570 47 parity 1 -1 2 4
387 570 32 or 1 -1 2 4
387 570 35 or 1 -1 4 4
387 570 44 or 1 -1 2 4
387 570 47 or 1 -1 2 4
387 571 32 parity 1 -1 2 4
387 571 35 parity 1 -1 4 4
387 571 47 parity 1 -1 2 4
387 571 32 or 1 -1 2 4
387 571 35 or 1 -1 4 4
387 571 44 or 1 -1 2 4
387 571 47 or 1 -1 2 4
387 572 32 parity 1 -1 2 4
387 572 35 parity 1 -1 4 4
387 572 47 parity 1 -1 2 4
387 572 32 or 1 -1 2 4
387 572 35 or 1 -1 4 4
387 572 44 or 1 -1 2 4
387 572 47 or 1 -1 2 4
387 573 32 parity 1 -1 2 4
387 573 35 parity 1 -1 4 4
387 573 47 parity 1 -1 2 4
387 573 32 or 1 -1 2 4
387 573 35 or 1 -1 4 4
387 573 44 or 1 -1 2 4
387 573 47 or 1 -1 2 4
387 574 32 parity 1 -1 2 4
387 574 35 parity 1 -1 4 4
387 574 47 parity 1 -1 2 4
387 574 32 or 1 -1 2 4
387 574 35 or 1 -1 4 4
387 574 44 or 1 -1 2 4
387 574 47 or 1 -1 2 4
387 575 32 parity 1 -1 2 4
387 575 35 parity 1 -1 4 4
387 575 47 parity 1 -1 2 4
387 575 32 or 1 -1 2 4
387 575 35 or 1 -1 4 4
387 575 44 or 1 -1 2 4
387 575 47 or 1 -1 2 4
388 423 32 parity 1 1 2 4
388 423 35 parity 1 1 4 4
388 423 47 parity 1 1 2 4
388 423 32 or 1 1 2 4
388 423 35 or 1 1 4 4
388 423 47 or 1 1 2 4
388 424 32 parity 1 1 2 4
388 424 35 parity 1 1 4 4
388 424 47 parity 1 1 2 4
388 424 32 or 1 1 2 4
388 424 35 or 1 1 4 4
388 424 47 or 1 1 2 4
388 425 32 parity 1 1 2 4
388 425 35 parity 1 1 4 4
388 425 47 parity 1 1 2 4
388 425 32 or 1 1 2 4
388 425 35 or 1 1 4 4
388 425 47 or 1 1 2 4
388 426 32 parity 1 1 2 4
388 426 35 parity 1 1 4 4
388 426 47 parity 1 1 2 4
388 426 32 or 1 1 2 4
388 426 35 or 1 1 4 4
388 426 47 or 1 1 2 4
388 427 32 parity 1 1 2 4
388 427 35 parity 1 1 4 4
388 427 47 parity 1 1 2 4
388 427 32 or 1 1 2 4
388 427 35 or 1 1 4 4
388 427 47 or 1 1 2 4
388 428 32 parity 1 1 2 4
388 428 35 parity 1 1 4 4
388 428 47 parity 1 1 2 4
388 428 32 or 1 1 2 4
388 428 35 or 1 1 4 4
388 428 47 or 1 1 2 4
388 429 32 parity 1 1 2 4
388 429 35 parity 1 1 4 4
388 429 47 parity 1 1 2 4
388 429 32 or 1 1 2 4
388 429 35 or 1 1 4 4
388 429 47 or 1 1 2 4
388 430 32 parity 1 1 2 4
388 430 35 parity 1 1 4 4
388 430 47 parity 1 1 2 4
388 430 32 or 1 1 2 4
388 430 35 or 1 1 4 4
388 430 47 or 1 1 2 4
388 431 32 parity 1 1 2 4
388 431 35 parity 1 1 4 4
388 431 47 parity 1 1 2 4
388 431 32 or 1 1 2 4
388 431 35 or 1 1 4 4
388 431 47 or 1 1 2 4
388 567 32 parity 1 -1 2 4
388 567 35 parity 1 -1 4 4
388 567 47 parity 1 -1 2 4
388 567 32 or 1 -1 2 4
388 567 35 or 1 -1 4 4
388 567 44 or 1 -1 2 4
388 567 47 or 1 -1 2 4
388 568 32 parity 1 -1 2 4
388 568 35 parity 1 -1 4 4
388 568 47 parity 1 -1 2 4
388 568 32 or 1 -1 2 4
388 568 35 or 1 -1 4 4
388 568 44 or 1 -1 2 4
388 568 47 or 1 -1 2 4
388 569 32 parity 1 -1 2 4
388 569 35 parity 1 -1 4 4
388 569 47 parity 1 -1 2 4
388 569 32 or 1 -1 2 4
388 569 35 or 1 -1 4 4
388 569 44 or 1 -1 2 4
388 569 47 or 1 -1 2 4
388 570 32 parity 1 -1 2 4
388 570 35 parity 1 -1 4 4
388 570 47 parity 1 -1 2 4
388 570 32 or 1 -1 2 4
388 570 35 or 1 -1 4 4
388 570 44 or 1 -1 2 4
388 570 47 or 1 -1 2 4
388 571 32 parity 1 -1 2 4
388 571 35 parity 1 -1 4 4
388 571 47 parity 1 -1 2 4
388 571 32 or 1 -1 2 4
388 571 35 or 1 -1 4 4
388 571 44 or 1 -1 2 4
388 571 47 or 1 -1 2 4
388 572 32 parity 1 -1 2 4
388 572 35 parity 1 -1 4 4
388 572 47 parity 1 -1 2 4
388 572 32 or 1 -1 2 4
388 572 35 or 1 -1 4 4
388 572 44 or 1 -1 2 4
388 572 47 or 1 -1 2 4
388 573 32 parity 1 -1 2 4
388 573 35 parity 1 -1 4 4
388 573 47 parity 1 -1 2 4
388 573 32 or 1 -1 2 4
388 573 35 or 1 -1 4 4
388 573 44 or 1 -1 2 4
388 573 47 or 1 -1 2 4
388 574 32 parity 1 -1 2 4
388 574 35 parity 1 -1 4 4
388 574 47 parity 1 -1 2 4
388 574 32 or 1 -1 2 4
388 574 35 or 1 -1 4 4
388 574 44 or 1 -1 2 4
388 574 47 or 1 -1 2 4
388 575 32 parity 1 -1 2 4
388 575 35 parity 1 -1 4 4
388 575 47 parity 1 -1 2 4
388 575 32 or 1 -1 2 4
388 575 35 or 1 -1 4 4
388 575 44 or 1 -1 2 4
388 575 47 or 1 -1 2 4
393 567 32 parity 1 -1 2 4
393 567 35 parity 1 -1 4 4
393 567 47 parity 1 -1 2 4
393 567 32 or 1 -1 2 4
393 567 35 or 1 -1 4 4
393 567 44 or 1 -1 2 4
393 567 47 or 1 -1 2 4
393 568 32 parity 1 -1 2 4
393 568 35 parity 1 -1 4 4
393 568 47 parity 1 -1 2 4
393 568 32 or 1 -1 2 4
393 568 35 or 1 -1 4 4
393 568 44 or 1 -1 2 4
393 568 47 or 1 -1 2 4
393 569 32 parity 1 -1 2 4
393 569 35 parity 1 -1 4 4
393 569 47 parity 1 -1 2 4
393 569 32 or 1 -1 2 4
393 569 35 or 1 -1 4 4
393 569 44 or 1 -1 2 4
393 569 47 or 1 -1 2 4
393 570 32 parity 1 -1 2 4
393 570 35 parity 1 -1 4 4
393 570 47 parity 1 -1 2 4
393 570 32 or 1 -1 2 4
393 570 35 or 1 -1 4 4
393 570 44 or 1 -1 2 4
393 570 47 or 1 -1 2 4
393 571 32 parity 1 -1 2 4
393 571 35 parity 1 -1 4 4
393 571 47 parity 1 -1 2 4
393 571 32 or 1 -1 2 4
393 571 35 or 1 -1 4 4
393 571 44 or 1 -1 2 4
393 571 47 or 1 -1 2 4
393 572 32 parity 1 -1 2 4
393 572 35 parity 1 -1 4 4
393 572 47 parity 1 -1 2 4
393 572 32 or 1 -1 2 4
393 572 35 or 1 -1 4 4
393 572 44 or 1 -1 2 4
393 572 47 or 1 -1 2 4
393 573 32 parity 1 -1 2 4
393 573 35 parity 1 -1 4 4
393 573 47 parity 1 -1 2 4
393 573 32 or 1 -1 2 4
393 573 35 or 1 -1 4 4
393 573 44 or 1 -1 2 4
393 573 47 or 1 -1 2 4
393 574 32 parity 1 -1 2 4
393 574 35 parity 1 -1 4 4
393 574 47 parity 1 -1 2 4
393 574 32 or 1 -1 2 4
393 574 35 or 1 -1 4 4
393 574 44 or 1 -1 2 4
393 574 47 or 1 -1 2 4
393 575 32 parity 1 -1 2 4
393 575 35 parity 1 -1 4 4
393 575 47 parity 1 -1 2 4
393 575 32 or 1 -1 2 4
393 575 35 or 1 -1 4 4
393 575 44 or 1 -1 2 4
393 575 47 or 1 -1 2 4
394 423 32 parity 1 1 2 4
394 423 35 parity 1 1 4 4
394 423 47 parity 1 1 2 4
394 423 32 or 1 1 2 4
394 423 35 or 1 1 4 4
394 423 47 or 1 1 2 4
394 424 32 parity 1 1 2 4
394 424 35 parity 1 1 4 4
394 424 47 parity 1 1 2 4
394 424 32 or 1 1 2 4
394 424 35 or 1 1 4 4
394 424 47 or 1 1 2 4
394 425 32 parity 1 1 2 4
394 425 35 parity 1 1 4 4
394 425 47 parity 1 1 2 4
394 425 32 or 1 1 2 4
394 425 35 or 1 1 4 4
394 425 47 or 1 1 2 4
394 426 32 parity 1 1 2 4
394 426 35 parity 1 1 4 4
394 426 47 parity 1 1 2 4
394 426 32 or 1 1 2 4
394 426 35 or 1 1 4 4
394 426 47 or 1 1 2 4
394 427 32 parity 1 1 2 4
394 427 35 parity 1 1 4 4
394 427 47 parity 1 1 2 4
394 427 32 or 1 1 2 4
394 427 35 or 1 1 4 4
394 427 47 or 1 1 2 4
394 428 32 parity 1 1 2 4
394 428 35 parity 1 1 4 4
394 428 47 parity 1 1 2 4
394 428 32 or 1 1 2 4
394 428 35 or 1 1 4 4
394 428 47 or 1 1 2 4
394 429 32 parity 1 1 2 4
394 429 35 parity 1 1 4 4
394 429 47 parity 1 1 2 4
394 429 32 or 1 1 2 4
394 429 35 or 1 1 4 4
394 429 47 or 1 1 2 4
394 430 32 parity 1 1 2 4
394 430 35 parity 1 1 4 4
394 430 47 parity 1 1 2 4
394 430 32 or 1 1 2 4
394 430 35 or 1 1 4 4
394 430 47 or 1 1 2 4
394 431 32 parity 1 1 2 4
394 431 35 parity 1 1 4 4
394 431 47 parity 1 1 2 4
394 431 32 or 1 1 2 4
394 431 35 or 1 1 4 4
394 431 47 or 1 1 2 4
394 567 32 parity 1 -1 2 4
394 567 35 parity 1 -1 4 4
394 567 47 parity 1 -1 2 4
394 567 32 or 1 -1 2 4
394 567 35 or 1 -1 4 4
394 567 44 or 1 -1 2 4
394 567 47 or 1 -1 2 4
394 568 32 parity 1 -1 2 4
394 568 35 parity 1 -1 4 4
394 568 47 parity 1 -1 2 4
394 568 32 or 1 -1 2 4
394 568 35 or 1 -1 4 4
394 568 44 or 1 -1 2 4
394 568 47 or 1 -1 2 4
394 569 32 parity 1 -1 2 4
394 569 35 parity 1 -1 4 4
394 569 47 parity 1 -1 2 4
394 569 32 or 1 -1 2 4
394 569 35 or 1 -1 4 4
394 569 44 or 1 -1 2 4
394 569 47 or 1 -1 2 4
394 570 32 parity 1 -1 2 4
394 570 35 parity 1 -1 4 4
394 570 47 parity 1 -1 2 4
394 570 32 or 1 -1 2 4
394 570 35 or 1 -1 4 4
394 570 44 or 1 -1 2 4
394 570 47 or 1 -1 2 4
394 571 32 parity 1 -1 2 4
394 571 35 parity 1 -1 4 4
394 571 47 parity 1 -1 2 4
394 571 32 or 1 -1 2 4
394 571 35 or 1 -1 4 4
394 571 44 or 1 -1 2 4
394 571 47 or 1 -1 2 4
394 572 32 parity 1 -1 2 4
394 572 35 parity 1 -1 4 4
394 572 47 parity 1 -1 2 4
394 572 32 or 1 -1 2 4
394 572 35 or 1 -1 4 4
394 572 44 or 1 -1 2 4
394 572 47 or 1 -1 2 4
394 573 32 parity 1 -1 2 4
394 573 35 parity 1 -1 4 4
394 573 47 parity 1 -1 2 4
394 573 32 or 1 -1 2 4
394 573 35 or 1 -1 4 4
394 573 44 or 1 -1 2 4
394 573 47 or 1 -1 2 4
394 574 32 parity 1 -1 2 4
394 574 35 parity 1 -1 4 4
394 574 47 parity 1 -1 2 4
394 574 32 or 1 -1 2 4
394 574 35 or 1 -1 4 4
394 574 44 or 1 -1 2 4
394 574 47 or 1 -1 2 4
394 575 32 parity 1 -1 2 4
394 575 35 parity 1 -1 4 4
394 575 47 parity 1 -1 2 4
394 575 32 or 1 -1 2 4
394 575 35 or 1 -1 4 4
394 575 44 or 1 -1 2 4
394 575 47 or 1 -1 2 4
395 423 32 parity 1 1 2 4
395 423 35 parity 1 1 4 4
395 423 47 parity 1 1 2 4
395 423 32 or 1 1 2 4
395 423 35 or 1 1 4 4
395 423 47 or 1 1 2 4
395 424 32 parity 1 1 2 4
395 424 35 parity 1 1 4 4
395 424 47 parity 1 1 2 4
395 424 32 or 1 1 2 4
395 424 35 or 1 1 4 4
395 424 47 or 1 1 2 4
395 425 32 parity 1 1 2 4
395 425 35 parity 1 1 4 4
395 425 47 parity 1 1 2 4
395 425 32 or 1 1 2 4
395 425 35 or 1 1 4 4
395 425 47 or 1 1 2 4
395 426 32 parity 1 1 2 4
395 426 35 parity 1 1 4 4
395 426 47 parity 1 1 2 4
395 426 32 or 1 1 2 4
395 426 35 or 1 1 4 4
395 426 47 or 1 1 2 4
395 427 32 parity 1 1 2 4
395 427 35 parity 1 1 4 4
395 427 47 parity 1 1 2 4
395 427 32 or 1 1 2 4
395 427 35 or 1 1 4 4
395 427 47 or 1 1 2 4
395 428 32 parity 1 1 2 4
395 428 35 parity 1 1 4 4
395 428 47 parity 1 1 2 4
395 428 32 or 1 1 2 4
395 428 35 or 1 1 4 4
395 428 47 or 1 1 2 4
395 429 32 parity 1 1 2 4
395 429 35 parity 1 1 4 4
395 429 47 parity 1 1 2 4
395 429 32 or 1 1 2 4
395 429 35 or 1 1 4 4
395 429 47 or 1 1 2 4
395 430 32 parity 1 1 2 4
395 430 35 parity 1 1 4 4
395 430 47 parity 1 1 2 4
395 430 32 or 1 1 2 4
395 430 35 or 1 1 4 4
395 430 47 or 1 1 2 4
395 431 32 parity 1 1 2 4
395 431 35 parity 1 1 4 4
395 431 47 parity 1 1 2 4
395 431 32 or 1 1 2 4
395 431 35 or 1 1 4 4
395 431 47 or 1 1 2 4
389 423 32 parity 1 1 2 4
389 423 35 parity 1 1 4 4
389 423 47 parity 1 1 2 4
389 423 32 or 1 1 2 4
389 423 35 or 1 1 4 4
389 423 47 or 1 1 2 4
389 424 32 parity 1 1 2 4
389 424 35 parity 1 1 4 4
389 424 47 parity 1 1 2 4
389 424 32 or 1 1 2 4
389 424 35 or 1 1 4 4
389 424 47 or 1 1 2 4
389 425 32 parity 1 1 2 4
389 425 35 parity 1 1 4 4
389 425 47 parity 1 1 2 4
389 425 32 or 1 1 2 4
389 425 35 or 1 1 4 4
389 425 47 or 1 1 2 4
389 426 32 parity 1 1 2 4
389 426 35 parity 1 1 4 4
389 426 47 parity 1 1 2 4
389 426 32 or 1 1 2 4
389 426 35 or 1 1 4 4
389 426 47 or 1 1 2 4
389 427 32 parity 1 1 2 4
389 427 35 parity 1 1 4 4
389 427 47 parity 1 1 2 4
389 427 32 or 1 1 2 4
389 427 35 or 1 1 4 4
389 427 47 or 1 1 2 4
389 428 32 parity 1 1 2 4
389 428 35 parity 1 1 4 4
389 428 47 parity 1 1 2 4
389 428 32 or 1 1 2 4
389 428 35 or 1 1 4 4
389 428 47 or 1 1 2 4
389 429 32 parity 1 1 2 4
389 429 35 parity 1 1 4 4
389 429 47 parity 1 1 2 4
389 429 32 or 1 1 2 4
389 429 35 or 1 1 4 4
389 429 47 or 1 1 2 4
389 430 32 parity 1 1 2 4
389 430 35 parity 1 1 4 4
389 430 47 parity 1 1 2 4
389 430 32 or 1 1 2 4
389 430 35 or 1 1 4 4
389 430 47 or 1 1 2 4
389 431 32 parity 1 1 2 4
389 431 35 parity 1 1 4 4
389 431 47 parity 1 1 2 4
389 431 32 or 1 1 2 4
389 431 35 or 1 1 4 4
389 431 47 or 1 1 2 4
389 567 32 parity 1 -1 2 4
389 567 35 parity 1 -1 4 4
389 567 47 parity 1 -1 2 4
389 567 32 or 1 -1 2 4
389 567 35 or 1 -1 4 4
389 567 44 or 1 -1 2 4
389 567 47 or 1 -1 2 4
389 568 32 parity 1 -1 2 4
389 568 35 parity 1 -1 4 4
389 568 47 parity 1 -1 2 4
389 568 32 or 1 -1 2 4
389 568 35 or 1 -1 4 4
389 568 44 or 1 -1 2 4
389 568 47 or 1 -1 2 4
389 569 32 parity 1 -1 2 4
389 569 35 parity 1 -1 4 4
389 569 47 parity 1 -1 2 4
389 569 32 or 1 -1 2 4
389 569 35 or 1 -1 4 4
389 569 44 or 1 -1 2 4
389 569 47 or 1 -1 2 4
389 570 32 parity 1 -1 2 4
389 570 35 parity 1 -1 4 4
389 570 47 parity 1 -1 2 4
389 570 32 or 1 -1 2 4
389 570 35 or 1 -1 4 4
389 570 44 or 1 -1 2 4
389 570 47 or 1 -1 2 4
389 571 32 parity 1 -1 2 4
389 571 35 parity 1 -1 4 4
389 571 47 parity 1 -1 2 4
389 571 32 or 1 -1 2 4
389 571 35 or 1 -1 4 4
389 571 44 or 1 -1 2 4
389 571 47 or 1 -1 2 4
389 572 32 parity 1 -1 2 4
389 572 35 parity 1 -1 4 4
389 572 47 parity 1 -1 2 4
389 572 32 or 1 -1 2 4
389 572 35 or 1 -1 4 4
389 572 44 or 1 -1 2 4
389 572 47 or 1 -1 2 4
389 573 32 parity 1 -1 2 4
389 573 35 parity 1 -1 4 4
389 573 47 parity 1 -1 2 4
389 573 32 or 1 -1 2 4
389 573 35 or 1 -1 4 4
389 573 44 or 1 -1 2 4
389 573 47 or 1 -1 2 4
389 574 32 parity 1 -1 2 4
389 574 35 parity 1 -1 4 4
389 574 47 parity 1 -1 2 4
389 574 32 or 1 -1 2 4
389 574 35 or 1 -1 4 4
389 574 44 or 1 -1 2 4
389 574 47 or 1 -1 2 4
389 575 32 parity 1 -1 2 4
389 575 35 parity 1 -1 4 4
389 575 47 parity 1 -1 2 4
389 575 32 or 1 -1 2 4
389 575 35 or 1 -1 4 4
389 575 44 or 1 -1 2 4
389 575 47 or 1 -1 2 4
390 423 32 parity 1 1 2 4
390 423 35 parity 1 1 4 4
390 423 47 parity 1 1 2 4
390 423 32 or 1 1 2 4
390 423 35 or 1 1 4 4
390 423 47 or 1 1 2 4
390 424 32 parity 1 1 2 4
390 424 35 parity 1 1 4 4
390 424 47 parity 1 1 2 4
390 424 32 or 1 1 2 4
390 424 35 or 1 1 4 4
390 424 47 or 1 1 2 4
390 425 32 parity 1 1 2 4
390 425 35 parity 1 1 4 4
390 425 47 parity 1 1 2 4
390 425 32 or 1 1 2 4
390 425 35 or 1 1 4 4
390 425 47 or 1 1 2 4
390 426 32 parity 1 1 2 4
390 426 35 parity 1 1 4 4
390 426 47 parity 1 1 2 4
390 426 32 or 1 1 2 4
390 426 35 or 1 1 4 4
390 426 47 or 1 1 2 4
390 427 32 parity 1 1 2 4
390 427 35 parity 1 1 4 4
390 427 47 parity 1 1 2 4
390 427 32 or 1 1 2 4
390 427 35 or 1 1 4 4
390 427 47 or 1 1 2 4
390 428 32 parity 1 1 2 4
390 428 35 parity 1 1 4 4
390 428 47 parity 1 1 2 4
390 428 32 or 1 1 2 4
390 428 35 or 1 1 4 4
390 428 47 or 1 1 2 4
390 429 32 parity 1 1 2 4
390 429 35 parity 1 1 4 4
390 429 47 parity 1 1 2 4
390 429 32 or 1 1 2 4
390 429 35 or 1 1 4 4
390 429 47 or 1 1 2 4
390 430 32 parity 1 1 2 4
390 430 35 parity 1 1 4 4
390 430 47 parity 1 1 2 4
390 430 32 or 1 1 2 4
390 430 35 or 1 1 4 4
390 430 47 or 1 1 2 4
390 431 32 parity 1 1 2 4
390 431 35 parity 1 1 4 4
390 431 47 parity 1 1 2 4
390 431 32 or 1 1 2 4
390 431 35 or 1 1 4 4
390 431 47 or 1 1 2 4
390 567 32 parity 1 -1 2 4
390 567 35 parity 1 -1 4 4
390 567 47 parity 1 -1 2 4
390 567 32 or 1 -1 2 4
390 567 35 or 1 -1 4 4
390 567 44 or 1 -1 2 4
390 567 47 or 1 -1 2 4
390 568 32 parity 1 -1 2 4
390 568 35 parity 1 -1 4 4
390 568 47 parity 1 -1 2 4
390 568 32 or 1 -1 2 4
390 568 35 or 1 -1 4 4
390 568 44 or 1 -1 2 4
390 568 47 or 1 -1 2 4
390 569 32 parity 1 -1 2 4
390 569 35 parity 1 -1 4 4
390 569 47 parity 1 -1 2 4
390 569 32 or 1 -1 2 4
390 569 35 or 1 -1 4 4
390 569 44 or 1 -1 2 4
390 569 47 or 1 -1 2 4
390 570 32 parity 1 -1 2 4
390 570 35 parity 1 -1 4 4
390 570 47 parity 1 -1 2 4
390 570 32 or 1 -1 2 4
390 570 35 or 1 -1 4 4
390 570 44 or 1 -1 2 4
390 570 47 or 1 -1 2 4
390 571 32 parity 1 -1 2 4
390 571 35 parity 1 -1 4 4
390 571 47 parity 1 -1 2 4
390 571 32 or 1 -1 2 4
390 571 35 or 1 -1 4 4
390 571 44 or 1 -1 2 4
390 571 47 or 1 -1 2 4
390 572 32 parity 1 -1 2 4
390 572 35 parity 1 -1 4 4
390 572 47 parity 1 -1 2 4
390 572 32 or 1 -1 2 4
390 572 35 or 1 -1 4 4
390 572 44 or 1 -1 2 4
390 572 47 or 1 -1 2 4
390 573 32 parity 1 -1 2 4
390 573 35 parity 1 -1 4 4
390 573 47 parity 1 -1 2 4
390 573 32 or 1 -1 2 4
390 573 35 or 1 -1 4 4
390 573 44 or 1 -1 2 4
390 573 47 or 1 -1 2 4
390 574 32 parity 1 -1 2 4
390 574 35 parity 1 -1 4 4
390 574 47 parity 1 -1 2 4
390 574 32 or 1 -1 2 4
390 574 35 or 1 -1 4 4
390 574 44 or 1 -1 2 4
390 574 47 or 1 -1 2 4
390 575 32 parity 1 -1 2 4
390 575 35 parity 1 -1 4 4
390 575 47 parity 1 -1 2 4
390 575 32 or 1 -1 2 4
390 575 35 or 1 -1 4 4
390 575 44 or 1 -1 2 4
390 575 47 or 1 -1 2 4
391 423 32 parity 1 1 2 4
391 423 35 parity 1 1 4 4
391 423 47 parity 1 1 2 4
391 423 32 or 1 1 2 4
391 423 35 or 1 1 4 4
391 423 47 or 1 1 2 4
391 424 32 parity 1 1 2 4
391 424 35 parity 1 1 4 4
391 424 47 parity 1 1 2 4
391 424 32 or 1 1 2 4
391 424 35 or 1 1 4 4
391 424 47 or 1 1 2 4
391 425 32 parity 1 1 2 4
391 425 35 parity 1 1 4 4
391 425 47 parity 1 1 2 4
391 425 32 or 1 1 2 4
391 425 35 or 1 1 4 4
391 425 47 or 1 1 2 4
391 426 32 parity 1 1 2 4
391 426 35 parity 1 1 4 4
391 426 47 parity 1 1 2 4
391 426 32 or 1 1 2 4
391 426 35 or 1 1 4 4
391 426 47 or 1 1 2 4
391 427 32 parity 1 1 2 4
391 427 35 parity 1 1 4 4
391 427 47 parity 1 1 2 4
391 427 32 or 1 1 2 4
391 427 35 or 1 1 4 4
391 427 47 or 1 1 2 4
391 428 32 parity 1 1 2 4
391 428 35 parity 1 1 4 4
391 428 47 parity 1 1 2 4
391 428 32 or 1 1 2 4
391 428 35 or 1 1 4 4
391 428 47 or 1 1 2 4
391 429 32 parity 1 1 2 4
391 429 35 parity 1 1 4 4
391 429 47 parity 1 1 2 4
391 429 32 or 1 1 2 4
391 429 35 or 1 1 4 4
391 429 47 or 1 1 2 4
391 430 32 parity 1 1 2 4
391 430 35 parity 1 1 4 4
391 430 47 parity 1 1 2 4
391 430 32 or 1 1 2 4
391 430 35 or 1 1 4 4
391 430 47 or 1 1 2 4
391 431 32 parity 1 1 2 4
391 431 35 parity 1 1 4 4
391 431 47 parity 1 1 2 4
391 431 32 or 1 1 2 4
391 431 35 or 1 1 4 4
391 431 47 or 1 1 2 4
391 567 32 parity 1 -1 2 4
391 567 35 parity 1 -1 4 4
391 567 47 parity 1 -1 2 4
391 567 32 or 1 -1 2 4
391 567 35 or 1 -1 4 4
391 567 44 or 1 -1 2 4
391 567 47 or 1 -1 2 4
391 568 32 parity 1 -1 2 4
391 568 35 parity 1 -1 4 4
391 568 47 parity 1 -1 2 4
391 568 32 or 1 -1 2 4
391 568 35 or 1 -1 4 4
391 568 44 or 1 -1 2 4
391 568 47 or 1 -1 2 4
391 569 32 parity 1 -1 2 4
391 569 35 parity 1 -1 4 4
391 569 47 parity 1 -1 2 4
391 569 32 or 1 -1 2 4
391 569 35 or 1 -1 4 4
391 569 44 or 1 -1 2 4
391 569 47 or 1 -1 2 4
391 570 32 parity 1 -1 2 4
391 570 35 parity 1 -1 4 4
391 570 47 parity 1 -1 2 4
391 570 32 or 1 -1 2 4
391 570 35 or 1 -1 4 4
391 570 44 or 1 -1 2 4
391 570 47 or 1 -1 2 4
391 571 32 parity 1 -1 2 4
391 571 35 parity 1 -1 4 4
391 571 47 parity 1 -1 2 4
391 571 32 or 1 -1 2 4
391 571 35 or 1 -1 4 4
391 571 44 or 1 -1 2 4
391 571 47 or 1 -1 2 4
391 572 32 parity 1 -1 2 4
391 572 35 parity 1 -1 4 4
391 572 47 parity 1 -1 2 4
391 572 32 or 1 -1 2 4
391 572 35 or 1 -1 4 4
391 572 44 or 1 -1 2 4
391 572 47 or 1 -1 2 4
391 573 32 parity 1 -1 2 4
391 573 35 parity 1 -1 4 4
391 573 47 parity 1 -1 2 4
391 573 32 or 1 -1 2 4
391 573 35 or 1 -1 4 4
391 573 44 or 1 -1 2 4
391 573 47 or 1 -1 2 4
391 574 32 parity 1 -1 2 4
391 574 35 parity 1 -1 4 4
391 574 47 parity 1 -1 2 4
391 574 32 or 1 -1 2 4
391 574 35 or 1 -1 4 4
391 574 44 or 1 -1 2 4
391 574 47 or 1 -1 2 4
391 575 32 parity 1 -1 2 4
391 575 35 parity 1 -1 4 4
391 575 47 parity 1 -1 2 4
391 575 32 or 1 -1 2 4
391 575 35 or 1 -1 4 4
391 575 44 or 1 -1 2 4
391 575 47 or 1 -1 2 4
392 423 32 parity 1 1 2 4
392 423 35 parity 1 1 4 4
392 423 47 parity 1 1 2 4
392 423 32 or 1 1 2 4
392 423 35 or 1 1 4 4
392 423 47 or 1 1 2 4
392 424 32 parity 1 1 2 4
392 424 35 parity 1 1 4 4
392 424 47 parity 1 1 2 4
392 424 32 or 1 1 2 4
392 424 35 or 1 1 4 4
392 424 47 or 1 1 2 4
392 425 32 parity 1 1 2 4
392 425 35 parity 1 1 4 4
392 425 47 parity 1 1 2 4
392 425 32 or 1 1 2 4
392 425 35 or 1 1 4 4
392 425 47 or 1 1 2 4
392 426 32 parity 1 1 2 4
392 426 35 parity 1 1 4 4
392 426 47 parity 1 1 2 4
392 426 32 or 1 1 2 4
392 426 35 or 1 1 4 4
392 426 47 or 1 1 2 4
392 427 32 parity 1 1 2 4
392 427 35 parity 1 1 4 4
392 427 47 parity 1 1 2 4
392 427 32 or 1 1 2 4
392 427 35 or 1 1 4 4
392 427 47 or 1 1 2 4
392 428 32 parity 1 1 2 4
392 428 35 parity 1 1 4 4
392 428 47 parity 1 1 2 4
392 428 32 or 1 1 2 4
392 428 35 or 1 1 4 4
392 428 47 or 1 1 2 4
392 429 32 parity 1 1 2 4
392 429 35 parity 1 1 4 4
392 429 47 parity 1 1 2 4
392 429 32 or 1 1 2 4
392 429 35 or 1 1 4 4
392 429 47 or 1 1 2 4
392 430 32 parity 1 1 2 4
392 430 35 parity 1 1 4 4
392 430 47 parity 1 1 2 4
392 430 32 or 1 1 2 4
392 430 35 or 1 1 4 4
392 430 47 or 1 1 2 4
392 431 32 parity 1 1 2 4
392 431 35 parity 1 1 4 4
392 431 47 parity 1 1 2 4
392 431 32 or 1 1 2 4
392 431 35 or 1 1 4 4
392 431 47 or 1 1 2 4
392 567 32 parity 1 -1 2 4
392 567 35 parity 1 -1 4 4
392 567 47 parity 1 -1 2 4
392 567 32 or 1 -1 2 4
392 567 35 or 1 -1 4 4
392 567 44 or 1 -1 2 4
392 567 47 or 1 -1 2 4
392 568 32 parity 1 -1 2 4
392 568 35 parity 1 -1 4 4
392 568 47 parity 1 -1 2 4
392 568 32 or 1 -1 2 4
392 568 35 or 1 -1 4 4
392 568 44 or 1 -1 2 4
392 568 47 or 1 -1 2 4
392 569 32 parity 1 -1 2 4
392 569 35 parity 1 -1 4 4
392 569 47 parity 1 -1 2 4
392 569 32 or 1 -1 2 4
392 569 35 or 1 -1 4 4
392 569 44 or 1 -1 2 4
392 569 47 or 1 -1 2 4
392 570 32 parity 1 -1 2 4
392 570 35 parity 1 -1 4 4
392 570 47 parity 1 -1 2 4
392 570 32 or 1 -1 2 4
392 570 35 or 1 -1 4 4
392 570 44 or 1 -1 2 4
392 570 47 or 1 -1 2 4
392 571 32 parity 1 -1 2 4
392 571 35 parity 1 -1 4 4
392 571 47 parity 1 -1 2 4
392 571 32 or 1 -1 2 4
392 571 35 or 1 -1 4 4
392 571 44 or 1 -1 2 4
392 571 47 or 1 -1 2 4
392 572 32 parity 1 -1 2 4
392 572 35 parity 1 -1 4 4
392 572 47 parity 1 -1 2 4
392 572 32 or 1 -1 2 4
392 572 35 or 1 -1 4 4
392 572 44 or 1 -1 2 4
392 572 47 or 1 -1 2 4
392 573 32 parity 1 -1 2 4
392 573 35 parity 1 -1 4 4
392 573 47 parity 1 -1 2 4
392 573 32 or 1 -1 2 4
392 573 35 or 1 -1 4 4
392 573 44 or 1 -1 2 4
392 573 47 or 1 -1 2 4
392 574 32 parity 1 -1 2 4
392 574 35 parity 1 -1 4 4
392 574 47 parity 1 -1 2 4
392 574 32 or 1 -1 2 4
392 574 35 or 1 -1 4 4
392 574 44 or 1 -1 2 4
392 574 47 or 1 -1 2 4
392 575 32 parity 1 -1 2 4
392 575 35 parity 1 -1 4 4
392 575 47 parity 1 -1 2 4
392 575 32 or 1 -1 2 4
392 575 35 or 1 -1 4 4
392 575 44 or 1 -1 2 4
392 575 47 or 1 -1 2 4
393 423 32 parity 1 1 2 4
393 423 35 parity 1 1 4 4
393 423 47 parity 1 1 2 4
393 423 32 or 1 1 2 4
393 423 35 or 1 1 4 4
393 423 47 or 1 1 2 4
393 424 32 parity 1 1 2 4
393 424 35 parity 1 1 4 4
393 424 47 parity 1 1 2 4
393 424 32 or 1 1 2 4
393 424 35 or 1 1 4 4
393 424 47 or 1 1 2 4
393 425 32 parity 1 1 2 4
393 425 35 parity 1 1 4 4
393 425 47 parity 1 1 2 4
393 425 32 or 1 1 2 4
393 425 35 or 1 1 4 4
393 425 47 or 1 1 2 4
393 426 32 parity 1 1 2 4
393 426 35 parity 1 1 4 4
393 426 47 parity 1 1 2 4
393 426 32 or 1 1 2 4
393 426 35 or 1 1 4 4
393 426 47 or 1 1 2 4
393 427 32 parity 1 1 2 4
393 427 35 parity 1 1 4 4
393 427 47 parity 1 1 2 4
393 427 32 or 1 1 2 4
393 427 35 or 1 1 4 4
393 427 47 or 1 1 2 4
393 428 32 parity 1 1 2 4
393 428 35 parity 1 1 4 4
393 428 47 parity 1 1 2 4
393 428 32 or 1 1 2 4
393 428 35 or 1 1 4 4
393 428 47 or 1 1 2 4
393 429 32 parity 1 1 2 4
393 429 35 parity 1 1 4 4
393 429 47 parity 1 1 2 4
393 429 32 or 1 1 2 4
393 429 35 or 1 1 4 4
393 429 47 or 1 1 2 4
393 430 32 parity 1 1 2 4
393 430 35 parity 1 1 4 4
393 430 47 parity 1 1 2 4
393 430 32 or 1 1 2 4
393 430 35 or 1 1 4 4
393 430 47 or 1 1 2 4
393 431 32 parity 1 1 2 4
393 431 35 parity 1 1 4 4
393 431 47 parity 1 1 2 4
393 431 32 or 1 1 2 4
393 431 35 or 1 1 4 4
393 431 47 or 1 1 2 4
355 603 32 parity 1 -1 2 4
355 603 35 parity 1 -1 4 4
355 603 44 parity 1 -1 4 4
355 603 47 parity 1 -1 6 4
355 603 32 or 1 -1 2 4
355 603 35 or 1 -1 4 4
355 603 44 or 1 -1 4 4
355 603 47 or 1 -1 6 4
355 604 32 parity 1 -1 2 4
355 604 35 parity 1 -1 4 4
355 604 44 parity 1 -1 4 4
355 604 47 parity 1 -1 6 4
355 604 32 or 1 -1 2 4
355 604 35 or 1 -1 4 4
355 604 44 or 1 -1 4 4
355 604 47 or 1 -1 6 4
355 605 32 parity 1 -1 2 4
355 605 35 parity 1 -1 4 4
355 605 44 parity 1 -1 4 4
355 605 47 parity 1 -1 6 4
355 605 32 or 1 -1 2 4
355 605 35 or 1 -1 4 4
355 605 44 or 1 -1 4 4
355 605 47 or 1 -1 6 4
355 606 32 parity 1 -1 2 4
355 606 35 parity 1 -1 4 4
355 606 44 parity 1 -1 4 4
355 606 47 parity 1 -1 6 4
355 606 32 or 1 -1 2 4
355 606 35 or 1 -1 4 4
355 606 44 or 1 -1 4 4
355 606 47 or 1 -1 6 4
355 607 32 parity 1 -1 2 4
355 607 35 parity 1 -1 4 4
355 607 44 parity 1 -1 4 4
355 607 47 parity 1 -1 6 4
355 607 32 or 1 -1 2 4
355 607 35 or 1 -1 4 4
355 607 44 or 1 -1 4 4
355 607 47 or 1 -1 6 4
355 608 32 parity 1 -1 2 4
355 608 35 parity 1 -1 4 4
355 608 44 parity 1 -1 4 4
355 608 47 parity 1 -1 6 4
355 608 32 or 1 -1 2 4
355 608 35 or 1 -1 4 4
355 608 44 or 1 -1 4 4
355 608 47 or 1 -1 6 4
355 609 32 parity 1 -1 2 4
355 609 35 parity 1 -1 4 4
355 609 44 parity 1 -1 4 4
355 609 47 parity 1 -1 6 4
355 609 32 or 1 -1 2 4
355 609 35 or 1 -1 4 4
355 609 44 or 1 -1 4 4
355 609 47 or 1 -1 6 4
355 610 32 parity 1 -1 2 4
355 610 35 parity 1 -1 4 4
355 610 44 parity 1 -1 4 4
355 610 47 parity 1 -1 6 4
355 610 32 or 1 -1 2 4
355 610 35 or 1 -1 4 4
355 610 44 or 1 -1 4 4
355 610 47 or 1 -1 6 4
355 611 32 parity 1 -1 2 4
355 611 35 parity 1 -1 4 4
355 611 44 parity 1 -1 4 4
355 611 47 parity 1 -1 6 4
355 611 32 or 1 -1 2 4
355 611 35 or 1 -1 4 4
355 611 44 or 1 -1 4 4
355 611 47 or 1 -1 6 4
356 387 32 parity 1 -1 2 4
356 387 35 parity 1 -1 4 4
356 387 44 parity 1 -1 4 4
356 387 47 parity 1 -1 6 4
356 387 32 or 1 -1 2 4
356 387 35 or 1 -1 4 4
356 387 44 or 1 -1 4 4
356 387 47 or 1 -1 6 4
356 388 32 parity 1 -1 2 4
356 388 35 parity 1 -1 4 4
356 388 44 parity 1 -1 4 4
356 388 47 parity 1 -1 6 4
356 388 32 or 1 -1 2 4
356 388 35 or 1 -1 4 4
356 388 44 or 1 -1 4 4
356 388 47 or 1 -1 6 4
356 389 32 parity 1 -1 2 4
356 389 35 parity 1 -1 4 4
356 389 44 parity 1 -1 4 4
356 389 47 parity 1 -1 6 4
356 389 32 or 1 -1 2 4
356 389 35 or 1 -1 4 4
356 389 44 or 1 -1 4 4
356 389 47 or 1 -1 6 4
356 390 32 parity 1 -1 2 4
356 390 35 parity 1 -1 4 4
356 390 44 parity 1 -1 4 4
356 390 47 parity 1 -1 6 4
356 390 32 or 1 -1 2 4
356 390 35 or 1 -1 4 4
356 390 44 or 1 -1 4 4
356 390 47 or 1 -1 6 4
356 391 32 parity 1 -1 2 4
356 391 35 parity 1 -1 4 4
356 391 44 parity 1 -1 4 4
356 391 47 parity 1 -1 6 4
356 391 32 or 1 -1 2 4
356 391 35 or 1 -1 4 4
356 391 44 or 1 -1 4 4
356 391 47 or 1 -1 6 4
356 392 32 parity 1 -1 2 4
356 392 35 parity 1 -1 4 4
356 392 44 parity 1 -1 4 4
356 392 47 parity 1 -1 6 4
356 392 32 or 1 -1 2 4
356 392 35 or 1 -1 4 4
356 392 44 or 1 -1 4 4
356 392 47 or 1 -1 6 4
356 393 32 parity 1 -1 2 4
356 393 35 parity 1 -1 4 4
356 393 44 parity 1 -1 4 4
356 393 47 parity 1 -1 6 4
356 393 32 or 1 -1 2 4
356 393 35 or 1 -1 4 4
356 393 44 or 1 -1 4 4
356 393 47 or 1 -1 6 4
356 394 32 parity 1 -1 2 4
356 394 35 parity 1 -1 4 4
356 394 44 parity 1 -1 4 4
356 394 47 parity 1 -1 6 4
356 394 32 or 1 -1 2 4
356 394 35 or 1 -1 4 4
356 394 44 or 1 -1 4 4
356 394 47 or 1 -1 6 4
356 395 32 parity 1 -1 2 4
356 395 35 parity 1 -1 4 4
356 395 44 parity 1 -1 4 4
356 395 47 parity 1 -1 6 4
356 395 32 or 1 -1 2 4
356 395 35 or 1 -1 4 4
356 395 44 or 1 -1 4 4
356 395 47 or 1 -1 6 4
356 423 35 parity 1 -1 8 4
356 423 44 parity 1 -1 4 4
356 423 44 or 1 -1 4 4
356 424 35 parity 1 -1 8 4
356 424 44 parity 1 -1 4 4
356 424 44 or 1 -1 4 4
356 425 35 parity 1 -1 8 4
356 425 44 parity 1 -1 4 4
356 425 44 or 1 -1 4 4
356 426 35 parity 1 -1 8 4
356 426 44 parity 1 -1 4 4
356 426 44 or 1 -1 4 4
356 427 35 parity 1 -1 8 4
356 427 44 parity 1 -1 4 4
356 427 44 or 1 -1 4 4
356 428 35 parity 1 -1 8 4
356 428 44 parity 1 -1 4 4
356 428 44 or 1 -1 4 4
356 429 35 parity 1 -1 8 4
356 429 44 parity 1 -1 4 4
356 429 44 or 1 -1 4 4
356 430 35 parity 1 -1 8 4
356 430 44 parity 1 -1 4 4
356 430 44 or 1 -1 4 4
356 431 35 parity 1 -1 8 4
356 431 44 parity 1 -1 4 4
356 431 44 or 1 -1 4 4
356 603 32 parity 1 -1 2 4
356 603 35 parity 1 -1 4 4
356 603 44 parity 1 -1 4 4
356 603 47 parity 1 -1 6 4
356 603 32 or 1 -1 2 4
356 603 35 or 1 -1 4 4
356 603 44 or 1 -1 4 4
356 603 47 or 1 -1 6 4
356 604 32 parity 1 -1 2 4
356 604 35 parity 1 -1 4 4
356 604 44 parity 1 -1 4 4
356 604 47 parity 1 -1 6 4
356 604 32 or 1 -1 2 4
356 604 35 or 1 -1 4 4
356 604 44 or 1 -1 4 4
356 604 47 or 1 -1 6 4
356 605 32 parity 1 -1 2 4
356 605 35 parity 1 -1 4 4
356 605 44 parity 1 -1 4 4
356 605 47 parity 1 -1 6 4
356 605 32 or 1 -1 2 4
356 605 35 or 1 -1 4 4
356 605 44 or 1 -1 4 4
356 605 47 or 1 -1 6 4
356 606 32 parity 1 -1 2 4
356 606 35 parity 1 -1 4 4
356 606 44 parity 1 -1 4 4
356 606 47 parity 1 -1 6 4
356 606 32 or 1 -1 2 4
356 606 35 or 1 -1 4 4
356 606 44 or 1 -1 4 4
356 606 47 or 1 -1 6 4
356 607 32 parity 1 -1 2 4
356 607 35 parity 1 -1 4 4
356 607 44 parity 1 -1 4 4
356 607 47 parity 1 -1 6 4
356 607 32 or 1 -1 2 4
356 607 35 or 1 -1 4 4
356 607 44 or 1 -1 4 4
356 607 47 or 1 -1 6 4
356 608 32 parity 1 -1 2 4
356 608 35 parity 1 -1 4 4
356 608 44 parity 1 -1 4 4
356 608 47 parity 1 -1 6 4
356 608 32 or 1 -1 2 4
356 608 35 or 1 -1 4 4
356 608 44 or 1 -1 4 4
356 608 47 or 1 -1 6 4
356 609 32 parity 1 -1 2 4
356 609 35 parity 1 -1 4 4
356 609 44 parity 1 -1 4 4
356 609 47 parity 1 -1 6 4
356 609 32 or 1 -1 2 4
356 609 35 or 1 -1 4 4
356 609 44 or 1 -1 4 4
356 609 47 or 1 -1 6 4
356 610 32 parity 1 -1 2 4
356 610 35 parity 1 -1 4 4
356 610 44 parity 1 -1 4 4
356 610 47 parity 1 -1 6 4
356 610 32 or 1 -1 2 4
356 610 35 or 1 -1 4 4
356 610 44 or 1 -1 4 4
356 610 47 or 1 -1 6 4
356 611 32 parity 1 -1 2 4
356 611 35 parity 1 -1 4 4
356 611 44 parity 1 -1 4 4
356 611 47 parity 1 -1 6 4
356 611 32 or 1 -1 2 4
356 611 35 or 1 -1 4 4
356 611 44 or 1 -1 4 4
356 611 47 or 1 -1 6 4
357 387 32 parity 1 -1 2 4
357 387 35 parity 1 -1 4 4
357 387 44 parity 1 -1 4 4
357 387 47 parity 1 -1 6 4
357 387 32 or 1 -1 2 4
357 387 35 or 1 -1 4 4
357 387 44 or 1 -1 4 4
357 387 47 or 1 -1 6 4
357 388 32 parity 1 -1 2 4
357 388 35 parity 1 -1 4 4
357 388 44 parity 1 -1 4 4
357 388 47 parity 1 -1 6 4
357 388 32 or 1 -1 2 4
357 388 35 or 1 -1 4 4
357 388 44 or 1 -1 4 4
357 388 47 or 1 -1 6 4
357 389 32 parity 1 -1 2 4
357 389 35 parity 1 -1 4 4
357 389 44 parity 1 -1 4 4
357 389 47 parity 1 -1 6 4
357 389 32 or 1 -1 2 4
357 389 35 or 1 -1 4 4
357 389 44 or 1 -1 4 4
357 389 47 or 1 -1 6 4
357 390 32 parity 1 -1 2 4
357 390 35 parity 1 -1 4 4
357 390 44 parity 1 -1 4 4
357 390 47 parity 1 -1 6 4
357 390 32 or 1 -1 2 4
357 390 35 or 1 -1 4 4
357 390 44 or 1 -1 4 4
357 390 47 or 1 -1 6 4
357 391 32 parity 1 -1 2 4
357 391 35 parity 1 -1 4 4
357 391 44 parity 1 -1 4 4
357 391 47 parity 1 -1 6 4
357 391 32 or 1 -1 2 4
357 391 35 or 1 -1 4 4
357 391 44 or 1 -1 4 4
357 391 47 or 1 -1 6 4
357 392 32 parity 1 -1 2 4
357 392 35 parity 1 -1 4 4
357 392 44 parity 1 -1 4 4
357 392 47 parity 1 -1 6 4
357 392 32 or 1 -1 2 4
357 392 35 or 1 -1 4 4
357 392 44 or 1 -1 4 4
357 392 47 or 1 -1 6 4
357 393 32 parity 1 -1 2 4
357 393 35 parity 1 -1 4 4
357 393 44 parity 1 -1 4 4
357 393 47 parity 1 -1 6 4
357 393 32 or 1 -1 2 4
357 393 35 or 1 -1 4 4
357 393 44 or 1 -1 4 4
357 393 47 or 1 -1 6 4
357 394 32 parity 1 -1 2 4
357 394 35 parity 1 -1 4 4
357 394 44 parity 1 -1 4 4
357 394 47 parity 1 -1 6 4
357 394 32 or 1 -1 2 4
357 394 35 or 1 -1 4 4
357 394 44 or 1 -1 4 4
357 394 47 or 1 -1 6 4
357 395 32 parity 1 -1 2 4
357 395 35 parity 1 -1 4 4
357 395 44 parity 1 -1 4 4
357 395 47 parity 1 -1 6 4
357 395 32 or 1 -1 2 4
357 395 35 or 1 -1 4 4
357 395 44 or 1 -1 4 4
357 395 47 or 1 -1 6 4
357 423 35 parity 1 -1 8 4
357 423 44 parity 1 -1 4 4
357 423 44 or 1 -1 4 4
357 424 35 parity 1 -1 8 4
357 424 44 parity 1 -1 4 4
357 424 44 or 1 -1 4 4
357 425 35 parity 1 -1 8 4
357 425 44 parity 1 -1 4 4
357 425 44 or 1 -1 4 4
357 426 35 parity 1 -1 8 4
357 426 44 parity 1 -1 4 4
357 426 44 or 1 -1 4 4
357 427 35 parity 1 -1 8 4
357 427 44 parity 1 -1 4 4
357 427 44 or 1 -1 4 4
357 428 35 parity 1 -1 8 4
357 428 44 parity 1 -1 4 4
357 428 44 or 1 -1 4 4
357 429 35 parity 1 -1 8 4
357 429 44 parity 1 -1 4 4
357 429 44 or 1 -1 4 4
357 430 35 parity 1 -1 8 4
357 430 44 parity 1 -1 4 4
357 430 44 or 1 -1 4 4
357 431 35 parity 1 -1 8 4
357 431 44 parity 1 -1 4 4
357 431 44 or 1 -1 4 4
414 568 0 or 4 -1 1 4
414 568 6 or 4 -1 1 4
414 568 8 or 4 -1 1 4
414 568 10 or 4 -1 1 4
414 568 16 or 4 -1 1 4
414 568 22 or 4 -1 1 4
414 568 24 or 4 -1 1 4
414 568 26 or 4 -1 1 4
414 568 32 or 4 -1 2 4
414 568 36 or 4 -1 1 4
414 568 38 or 4 -1 1 4
414 568 40 or 4 -1 3 4
414 568 41 or 4 -1 1 4
414 568 42 or 4 -1 1 4
414 568 44 or 4 -1 1 4
414 568 46 or 4 -1 5 4
414 574 0 or 4 -1 1 4
414 574 6 or 4 -1 1 4
414 574 8 or 4 -1 1 4
414 574 10 or 4 -1 1 4
414 574 16 or 4 -1 1 4
414 574 22 or 4 -1 1 4
414 574 24 or 4 -1 1 4
414 574 26 or 4 -1 1 4
414 574 32 or 4 -1 2 4
414 574 36 or 4 -1 1 4
414 574 38 or 4 -1 1 4
414 574 40 or 4 -1 3 4
414 574 41 or 4 -1 1 4
414 574 42 or 4 -1 1 4
414 574 44 or 4 -1 1 4
414 574 46 or 4 -1 5 4
418 568 0 parity 8 -2 2 4
418 568 3 parity 8 -2 3 4
418 568 4 parity 8 -2 3 4
418 568 7 parity 8 -2 3 4
418 568 8 parity 8 -2 2 4
418 568 9 parity 8 -2 2 4
418 568 10 parity 8 -2 2 4
418 568 11 parity 8 -2 3 4
418 568 12 parity 8 -2 3 4
418 568 14 parity 8 -2 6 4
418 568 15 parity 8 -2 3 4
418 568 16 parity 8 -2 2 4
418 568 18 parity 8 -2 3 4
418 568 19 parity 8 -2 3 4
418 568 20 parity 8 -2 3 4
418 568 21 parity 8 -2 3 4
418 568 22 parity 8 -2 3 4
418 568 23 parity 8 -2 3 4
418 568 24 parity 8 -2 2 4
418 568 25 parity 8 -2 3 4
418 568 26 parity 8 -2 6 4
418 568 28 parity 8 -2 6 4
418 568 30 parity 8 -2 2 4
418 568 32 parity 8 -2 2 4
418 568 33 parity 8 -2 2 4
418 568 34 parity 8 -2 3 4
418 568 36 parity 8 -2 2 4
418 568 38 parity 8 -2 4 4
418 568 40 parity 8 -2 2 4
418 568 43 parity 8 -2 3 4
418 568 44 parity 8 -2 2 4
418 568 46 parity 8 -2 2 4
418 568 47 parity 8 -2 3 4
418 568 0 or 4 -1 1 4
418 568 3 or 4 -1 1 4
418 568 4 or 4 -1 1 4
418 568 6 or 4 -1 1 4
418 568 8 or 4 -1 1 4
418 568 9 or 4 -1 1 4
418 568 10 or 4 -1 1 4
418 568 12 or 4 -1 1 4
418 568 15 or 4 -1 1 4
418 568 16 or 4 -1 1 4
418 568 20 or 4 -1 1 4
418 568 22 or 4 -1 1 4
418 568 24 or 4 -1 1 4
418 568 26 or 4 -1 1 4
418 568 30 or 4 -1 1 4
418 568 32 or 4 -1 2 4
418 568 33 or 4 -1 1 4
418 568 34 or 4 -1 1 4
418 568 35 or 4 -1 1 4
418 568 36 or 4 -1 1 4
418 568 38 or 4 -1 1 4
418 568 40 or 4 -1 3 4
418 568 42 or 4 -1 1 4
418 568 44 or 4 -1 1 4
418 568 46 or 4 -1 5 4
418 568 47 or 4 -1 1 4
418 569 23 or 2 -1 6 4
418 569 33 or 2 -1 7 4
418 574 0 parity 8 -2 2 4
418 574 3 parity 8 -2 3 4
418 574 4 parity 8 -2 3 4
418 574 7 parity 8 -2 3 4
418 574 8 parity 8 -2 2 4
418 574 9 parity 8 -2 2 4
418 574 10 parity 8 -2 2 4
418 574 11 parity 8 -2 3 4
418 574 12 parity 8 -2 3 4
418 574 14 parity 8 -2 6 4
418 574 15 parity 8 -2 3 4
418 574 16 parity 8 -2 2 4
418 574 18 parity 8 -2 3 4
418 574 19 parity 8 -2 3 4
418 574 20 parity 8 -2 3 4
418 574 21 parity 8 -2 3 4
418 574 22 parity 8 -2 3 4
418 574 23 parity 8 -2 3 4
418 574 24 parity 8 -2 2 4
418 574 25 parity 8 -2 3 4
418 574 26 parity 8 -2 6 4
418 574 28 parity 8 -2 6 4
418 574 30 parity 8 -2 2 4
418 574 32 parity 8 -2 2 4
418 574 33 parity 8 -2 2 4
418 574 34 parity 8 -2 3 4
418 574 36 parity 8 -2 2 4
418 574 38 parity 8 -2 4 4
418 574 40 parity 8 -2 2 4
418 574 43 parity 8 -2 3 4
418 574 44 parity 8 -2 2 4
418 574 46 parity 8 -2 2 4
418 574 47 parity 8 -2 3 4
418 574 0 or 4 -1 1 4
418 574 3 or 4 -1 1 4
418 574 4 or 4 -1 1 4
418 574 6 or 4 -1 1 4
418 574 8 or 4 -1 1 4
418 574 9 or 4 -1 1 4
418 574 10 or 4 -1 1 4
418 574 12 or 4 -1 1 4
418 574 15 or 4 -1 1 4
418 574 16 or 4 -1 1 4
418 574 20 or 4 -1 1 4
418 574 22 or 4 -1 1 4
418 574 24 or 4 -1 1 4
418 574 26 or 4 -1 1 4
418 574 30 or 4 -1 1 4
418 574 32 or 4 -1 2 4
418 574 33 or 4 -1 1 4
418 574 34 or 4 -1 1 4
418 574 35 or 4 -1 1 4
418 574 36 or 4 -1 1 4
418 574 38 or 4 -1 1 4
418 574 40 or 4 -1 3 4
418 574 42 or 4 -1 1 4
418 574 44 or 4 -1 1 4
418 574 46 or 4 -1 5 4
418 574 47 or 4 -1 1 4
418 575 23 or 2 -1 6 4
418 575 33 or 2 -1 7 4
419 568 0 parity 11 -2 5 4
419 568 1 parity 11 -2 3 4
419 568 2 parity 11 -2 5 4
419 568 3 parity 11 -2 5 4
419 568 4 parity 11 -2 2 4
419 568 5 parity 11 -2 5 4
419 568 6 parity 11 -2 5 4
419 568 7 parity 11 -2 5 4
419 568 8 parity 11 -2 5 4
419 568 9 parity 11 -2 3 4
419 568 10 parity 11 -2 5 4
419 568 11 parity 11 -2 3 4
419 568 12 parity 11 -2 3 4
419 568 13 parity 11 -2 5 4
419 568 14 parity 11 -2 2 4
419 568 15 parity 11 -2 3 4
419 568 16 parity 11 -2 5 4
419 568 17 parity 11 -2 5 4
419 568 18 parity 11 -2 3 4
419 568 19 parity 11 -2 3 4
419 568 21 parity 11 -2 3 4
419 568 22 parity 11 -2 3 4
419 568 23 parity 11 -2 3 4
419 568 24 parity 11 -2 2 4
419 568 26 parity 11 -2 3 4
419 568 27 parity 11 -2 5 4
419 568 28 parity 11 -2 3 4
419 568 30 parity 11 -2 5 4
419 568 31 parity 11 -2 3 4
419 568 32 parity 11 -2 5 4
419 568 33 parity 11 -2 5 4
419 568 34 parity 11 -2 3 4
419 568 35 parity 11 -2 4 4
419 568 36 parity 11 -2 5 4
419 568 37 parity 11 -2 6 4
419 568 38 parity 11 -2 4 4
419 568 39 parity 11 -2 6 4
419 568 40 parity 11 -2 5 4
419 568 41 parity 11 -2 5 4
419 568 42 parity 11 -2 6 4
419 568 43 parity 11 -2 3 4
419 568 44 parity 11 -2 5 4
419 568 45 parity 11 -2 6 4
419 568 46 parity 11 -2 5 4
419 568 47 parity 11 -2 3 4
419 568 0 or 4 -1 1 4
419 568 2 or 4 -1 1 4
419 568 4 or 4 -1 1 4
419 568 6 or 4 -1 1 4
419 568 8 or 4 -1 1 4
419 568 10 or 4 -1 5 4
419 568 12 or 4 -1 5 4
419 568 14 or 4 -1 1 4
419 568 16 or 4 -1 1 4
419 568 17 or 4 -1 5 4
419 568 18 or 4 -1 5 4
419 568 21 or 4 -1 5 4
419 568 22 or 4 -1 5 4
419 568 23 or 4 -1 1 4
419 568 24 or 4 -1 1 4
419 568 26 or 4 -1 5 4
419 568 27 or 4 -1 1 4
419 568 28 or 4 -1 5 4
419 568 30 or 4 -1 1 4
419 568 32 or 4 -1 2 4
419 568 33 or 4 -1 5 4
419 568 35 or 4 -1 5 4
419 568 36 or 4 -1 1 4
419 568 38 or 4 -1 1 4
419 568 39 or 4 -1 5 4
419 568 40 or 4 -1 3 4
419 568 41 or 4 -1 5 4
419 568 42 or 4 -1 1 4
419 568 43 or 4 -1 5 4
419 568 44 or 4 -1 1 4
419 568 46 or 4 -1 5 4
419 568 47 or 4 -1 5 4
419 569 12 or 14 -7 12 4
419 569 13 or 14 -7 12 4
419 569 18 or 14 -7 12 4
419 569 22 or 14 -7 12 4
419 569 23 or 14 -7 12 4
419 569 26 or 14 -7 12 4
419 569 27 or 14 -7 12 4
419 569 28 or 14 -7 12 4
419 569 29 or 14 -7 12 4
419 569 30 or 14 -7 12 4
419 569 32 or 14 -7 12 4
419 569 34 or 14 -7 12 4
419 569 35 or 14 -7 12 4
419 569 36 or 14 -7 12 4
419 569 38 or 14 -7 12 4
419 569 39 or 14 -7 12 4
419 569 42 or 14 -7 12 4
419 569 43 or 14 -7 12 4
419 569 46 or 14 -7 12 4
419 569 47 or 14 -7 12 4
419 574 0 parity 11 -2 5 4
419 574 1 parity 11 -2 3 4
419 574 2 parity 11 -2 5 4
419 574 3 parity 11 -2 5 4
419 574 4 parity 11 -2 2 4
419 574 5 parity 11 -2 5 4
419 574 6 parity 11 -2 5 4
419 574 7 parity 11 -2 5 4
419 574 8 parity 11 -2 5 4
419 574 9 parity 11 -2 3 4
419 574 10 parity 11 -2 5 4
419 574 11 parity 11 -2 3 4
419 574 12 parity 11 -2 3 4
419 574 13 parity 11 -2 5 4
419 574 14 parity 11 -2 2 4
419 574 15 parity 11 -2 3 4
419 574 16 parity 11 -2 5 4
419 574 17 parity 11 -2 5 4
419 574 18 parity 11 -2 3 4
419 574 19 parity 11 -2 3 4
419 574 21 parity 11 -2 3 4
419 574 22 parity 11 -2 3 4
419 574 23 parity 11 -2 3 4
419 574 24 parity 11 -2 2 4
419 574 26 parity 11 -2 3 4
419 574 27 parity 11 -2 5 4
419 574 28 parity 11 -2 3 4
419 574 30 parity 11 -2 5 4
419 574 31 parity 11 -2 3 4
419 574 32 parity 11 -2 5 4
419 574 33 parity 11 -2 5 4
419 574 34 parity 11 -2 3 4
419 574 35 parity 11 -2 4 4
419 574 36 parity 11 -2 5 4
419 574 37 parity 11 -2 6 4
419 574 38 parity 11 -2 4 4
419 574 39 parity 11 -2 6 4
419 574 40 parity 11 -2 5 4
419 574 41 parity 11 -2 5 4
419 574 42 parity 11 -2 6 4
419 574 43 parity 11 -2 3 4
419 574 44 parity 11 -2 5 4
419 574 45 parity 11 -2 6 4
419 574 46 parity 11 -2 5 4
419 574 47 parity 11 -2 3 4
419 574 0 or 4 -1 1 4
419 574 2 or 4 -1 1 4
419 574 4 or 4 -1 1 4
419 574 6 or 4 -1 1 4
419 574 8 or 4 -1 1 4
419 574 10 or 4 -1 5 4
419 574 12 or 4 -1 5 4
419 574 14 or 4 -1 1 4
419 574 16 or 4 -1 1 4
419 574 17 or 4 -1 5 4
419 574 18 or 4 -1 5 4
419 574 21 or 4 -1 5 4
419 574 22 or 4 -1 5 4
419 574 23 or 4 -1 1 4
419 574 24 or 4 -1 1 4
419 574 26 or 4 -1 5 4
419 574 27 or 4 -1 1 4
419 574 28 or 4 -1 5 4
419 574 30 or 4 -1 1 4
419 574 32 or 4 -1 2 4
419 574 33 or 4 -1 5 4
419 574 35 or 4 -1 5 4
419 574 36 or 4 -1 1 4
419 574 38 or 4 -1 1 4
419 574 39 or 4 -1 5 4
419 574 40 or 4 -1 3 4
419 574 41 or 4 -1 5 4
419 574 42 or 4 -1 1 4
419 574 43 or 4 -1 5 4
419 574 44 or 4 -1 1 4
419 574 46 or 4 -1 5 4
419 574 47 or 4 -1 5 4
419 575 12 or 14 -7 12 4
419 575 13 or 14 -7 12 4
419 575 18 or 14 -7 12 4
419 575 22 or 14 -7 12 4
419 575 23 or 14 -7 12 4
419 575 26 or 14 -7 12 4
419 575 27 or 14 -7 12 4
419 575 28 or 14 -7 12 4
419 575 29 or 14 -7 12 4
419 575 30 or 14 -7 12 4
419 575 32 or 14 -7 12 4
419 575 34 or 14 -7 12 4
419 575 35 or 14 -7 12 4
419 575 36 or 14 -7 12 4
419 575 38 or 14 -7 12 4
419 575 39 or 14 -7 12 4
419 575 42 or 14 -7 12 4
419 575 43 or 14 -7 12 4
419 575 46 or 14 -7 12 4
419 575 47 or 14 -7 12 4
420 568 16 or 4 -1 1 4
420 568 32 or 4 -1 2 4
420 568 40 or 4 -1 3 4
420 568 46 or 4 -1 5 4
420 574 16 or 4 -1 1 4
420 574 32 or 4 -1 2 4
420 574 40 or 4 -1 3 4
420 574 46 or 4 -1 5 4
415 568 0 parity 8 -2 2 4
415 568 3 parity 8 -2 3 4
415 568 4 parity 8 -2 3 4
415 568 7 parity 8 -2 3 4
415 568 8 parity 8 -2 2 4
415 568 9 parity 8 -2 2 4
415 568 10 parity 8 -2 2 4
415 568 11 parity 8 -2 3 4
415 568 12 parity 8 -2 3 4
415 568 14 parity 8 -2 6 4
415 568 15 parity 8 -2 3 4
415 568 16 parity 8 -2 2 4
415 568 18 parity 8 -2 3 4
415 568 19 parity 8 -2 3 4
415 568 20 parity 8 -2 3 4
415 568 21 parity 8 -2 3 4
415 568 22 parity 8 -2 3 4
415 568 23 parity 8 -2 3 4
415 568 24 parity 8 -2 2 4
415 568 25 parity 8 -2 3 4
415 568 26 parity 8 -2 6 4
415 568 28 parity 8 -2 6 4
415 568 30 parity 8 -2 2 4
415 568 32 parity 8 -2 2 4
415 568 33 parity 8 -2 2 4
415 568 34 parity 8 -2 3 4
415 568 36 parity 8 -2 2 4
415 568 38 parity 8 -2 4 4
415 568 40 parity 8 -2 2 4
415 568 43 parity 8 -2 3 4
415 568 44 parity 8 -2 2 4
415 568 46 parity 8 -2 2 4
415 568 47 parity 8 -2 3 4
415 568 0 or 4 -1 1 4
415 568 3 or 4 -1 1 4
415 568 4 or 4 -1 1 4
415 568 6 or 4 -1 1 4
415 568 8 or 4 -1 1 4
415 568 9 or 4 -1 1 4
415 568 10 or 4 -1 1 4
415 568 12 or 4 -1 1 4
415 568 15 or 4 -1 1 4
415 568 16 or 4 -1 1 4
415 568 20 or 4 -1 1 4
415 568 22 or 4 -1 1 4
415 568 24 or 4 -1 1 4
415 568 26 or 4 -1 1 4
415 568 30 or 4 -1 1 4
415 568 32 or 4 -1 2 4
415 568 33 or 4 -1 1 4
415 568 34 or 4 -1 1 4
415 568 35 or 4 -1 1 4
415 568 36 or 4 -1 1 4
415 568 38 or 4 -1 1 4
415 568 40 or 4 -1 3 4
415 568 42 or 4 -1 1 4
415 568 44 or 4 -1 1 4
415 568 46 or 4 -1 5 4
415 568 47 or 4 -1 1 4
415 569 23 or 2 -1 6 4
415 569 33 or 2 -1 7 4
415 574 0 parity 8 -2 2 4
415 574 3 parity 8 -2 3 4
415 574 4 parity 8 -2 3 4
415 574 7 parity 8 -2 3 4
415 574 8 parity 8 -2 2 4
415 574 9 parity 8 -2 2 4
415 574 10 parity 8 -2 2 4
415 574 11 parity 8 -2 3 4
415 574 12 parity 8 -2 3 4
415 574 14 parity 8 -2 6 4
415 574 15 parity 8 -2 3 4
415 574 16 parity 8 -2 2 4
415 574 18 parity 8 -2 3 4
415 574 19 parity 8 -2 3 4
415 574 20 parity 8 -2 3 4
415 574 21 parity 8 -2 3 4
415 574 22 parity 8 -2 3 4
415 574 23 parity 8 -2 3 4
415 574 24 parity 8 -2 2 4
415 574 25 parity 8 -2 3 4
415 574 26 parity 8 -2 6 4
415 574 28 parity 8 -2 6 4
415 574 30 parity 8 -2 2 4
415 574 32 parity 8 -2 2 4
415 574 33 parity 8 -2 2 4
415 574 34 parity 8 -2 3 4
415 574 36 parity 8 -2 2 4
415 574 38 parity 8 -2 4 4
415 574 40 parity 8 -2 2 4
415 574 43 parity 8 -2 3 4
415 574 44 parity 8 -2 2 4
415 574 46 parity 8 -2 2 4
415 574 47 parity 8 -2 3 4
415 574 0 or 4 -1 1 4
415 574 3 or 4 -1 1 4
415 574 4 or 4 -1 1 4
415 574 6 or 4 -1 1 4
415 574 8 or 4 -1 1 4
415 574 9 or 4 -1 1 4
415 574 10 or 4 -1 1 4
415 574 12 or 4 -1 1 4
415 574 15 or 4 -1 1 4
415 574 16 or 4 -1 1 4
415 574 20 or 4 -1 1 4
415 574 22 or 4 -1 1 4
415 574 24 or 4 -1 1 4
415 574 26 or 4 -1 1 4
415 574 30 or 4 -1 1 4
415 574 32 or 4 -1 2 4
415 574 33 or 4 -1 1 4
415 574 34 or 4 -1 1 4
415 574 35 or 4 -1 1 4
415 574 36 or 4 -1 1 4
415 574 38 or 4 -1 1 4
415 574 40 or 4 -1 3 4
415 574 42 or 4 -1 1 4
415 574 44 or 4 -1 1 4
415 574 46 or 4 -1 5 4
415 574 47 or 4 -1 1 4
415 575 23 or 2 -1 6 4
415 575 33 or 2 -1 7 4
416 568 0 parity 11 -2 5 4
416 568 1 parity 11 -2 3 4
416 568 2 parity 11 -2 5 4
416 568 3 parity 11 -2 5 4
416 568 4 parity 11 -2 2 4
416 568 5 parity 11 -2 5 4
416 568 6 parity 11 -2 5 4
416 568 7 parity 11 -2 5 4
416 568 8 parity 11 -2 5 4
416 568 9 parity 11 -2 3 4
416 568 10 parity 11 -2 5 4
416 568 11 parity 11 -2 3 4
416 568 12 parity 11 -2 3 4
416 568 13 parity 11 -2 5 4
416 568 14 parity 11 -2 2 4
416 568 15 parity 11 -2 3 4
416 568 16 parity 11 -2 5 4
416 568 17 parity 11 -2 5 4
416 568 18 parity 11 -2 3 4
416 568 19 parity 11 -2 3 4
416 568 21 parity 11 -2 3 4
416 568 22 parity 11 -2 3 4
416 568 23 parity 11 -2 3 4
416 568 24 parity 11 -2 2 4
416 568 26 parity 11 -2 3 4
416 568 27 parity 11 -2 5 4
416 568 28 parity 11 -2 3 4
416 568 30 parity 11 -2 5 4
416 568 31 parity 11 -2 3 4
416 568 32 parity 11 -2 5 4
416 568 33 parity 11 -2 5 4
416 568 34 parity 11 -2 3 4
416 568 35 parity 11 -2 4 4
416 568 36 parity 11 -2 5 4
416 568 37 parity 11 -2 6 4
416 568 38 parity 11 -2 4 4
416 568 39 parity 11 -2 6 4
416 568 40 parity 11 -2 5 4
416 568 41 parity 11 -2 5 4
416 568 42 parity 11 -2 6 4
416 568 43 parity 11 -2 3 4
416 568 44 parity 11 -2 5 4
416 568 45 parity 11 -2 6 4
416 568 46 parity 11 -2 5 4
416 568 47 parity 11 -2 3 4
416 568 0 or 4 -1 1 4
416 568 2 or 4 -1 1 4
416 568 4 or 4 -1 1 4
416 568 6 or 4 -1 1 4
416 568 8 or 4 -1 1 4
416 568 10 or 4 -1 5 4
416 568 12 or 4 -1 5 4
416 568 14 or 4 -1 1 4
416 568 16 or 4 -1 1 4
416 568 17 or 4 -1 5 4
416 568 18 or 4 -1 5 4
416 568 21 or 4 -1 5 4
416 568 22 or 4 -1 5 4
416 568 23 or 4 -1 1 4
416 568 24 or 4 -1 1 4
416 568 26 or 4 -1 5 4
416 568 27 or 4 -1 1 4
416 568 28 or 4 -1 5 4
416 568 30 or 4 -1 1 4
416 568 32 or 4 -1 2 4
416 568 33 or 4 -1 5 4
416 568 35 or 4 -1 5 4
416 568 36 or 4 -1 1 4
416 568 38 or 4 -1 1 4
416 568 39 or 4 -1 5 4
416 568 40 or 4 -1 3 4
416 568 41 or 4 -1 5 4
416 568 42 or 4 -1 1 4
416 568 43 or 4 -1 5 4
416 568 44 or 4 -1 1 4
416 568 46 or 4 -1 5 4
416 568 47 or 4 -1 5 4
416 569 12 or 14 -7 12 4
416 569 13 or 14 -7 12 4
416 569 18 or 14 -7 12 4
416 569 22 or 14 -7 12 4
416 569 23 or 14 -7 12 4
416 569 26 or 14 -7 12 4
416 569 27 or 14 -7 12 4
416 569 28 or 14 -7 12 4
416 569 29 or 14 -7 12 4
416 569 30 or 14 -7 12 4
416 569 32 or 14 -7 12 4
416 569 34 or 14 -7 12 4
416 569 35 or 14 -7 12 4
416 569 36 or 14 -7 12 4
416 569 38 or 14 -7 12 4
416 569 39 or 14 -7 12 4
416 569 42 or 14 -7 12 4
416 569 43 or 14 -7 12 4
416 569 46 or 14 -7 12 4
416 569 47 or 14 -7 12 4
416 574 0 parity 11 -2 5 4
416 574 1 parity 11 -2 3 4
416 574 2 parity 11 -2 5 4
416 574 3 parity 11 -2 5 4
416 574 4 parity 11 -2 2 4
416 574 5 parity 11 -2 5 4
416 574 6 parity 11 -2 5 4
416 574 7 parity 11 -2 5 4
416 574 8 parity 11 -2 5 4
416 574 9 parity 11 -2 3 4
416 574 10 parity 11 -2 5 4
416 574 11 parity 11 -2 3 4
416 574 12 parity 11 -2 3 4
416 574 13 parity 11 -2 5 4
416 574 14 parity 11 -2 2 4
416 574 15 parity 11 -2 3 4
416 574 16 parity 11 -2 5 4
416 574 17 parity 11 -2 5 4
416 574 18 parity 11 -2 3 4
416 574 19 parity 11 -2 3 4
416 574 21 parity 11 -2 3 4
416 574 22 parity 11 -2 3 4
416 574 23 parity 11 -2 3 4
416 574 24 parity 11 -2 2 4
416 574 26 parity 11 -2 3 4
416 574 27 parity 11 -2 5 4
416 574 28 parity 11 -2 3 4
416 574 30 parity 11 -2 5 4
416 574 31 parity 11 -2 3 4
416 574 32 parity 11 -2 5 4
416 574 33 parity 11 -2 5 4
416 574 34 parity 11 -2 3 4
416 574 35 parity 11 -2 4 4
416 574 36 parity 11 -2 5 4
416 574 37 parity 11 -2 6 4
416 574 38 parity 11 -2 4 4
416 574 39 parity 11 -2 6 4
416 574 40 parity 11 -2 5 4
416 574 41 parity 11 -2 5 4
416 574 42 parity 11 -2 6 4
416 574 43 parity 11 -2 3 4
416 574 44 parity 11 -2 5 4
416 574 45 parity 11 -2 6 4
416 574 46 parity 11 -2 5 4
416 574 47 parity 11 -2 3 4
416 574 0 or 4 -1 1 4
416 574 2 or 4 -1 1 4
416 574 4 or 4 -1 1 4
416 574 6 or 4 -1 1 4
416 574 8 or 4 -1 1 4
416 574 10 or 4 -1 5 4
416 574 12 or 4 -1 5 4
416 574 14 or 4 -1 1 4
416 574 16 or 4 -1 1 4
416 574 17 or 4 -1 5 4
416 574 18 or 4 -1 5 4
416 574 21 or 4 -1 5 4
416 574 22 or 4 -1 5 4
416 574 23 or 4 -1 1 4
416 574 24 or 4 -1 1 4
416 574 26 or 4 -1 5 4
416 574 27 or 4 -1 1 4
416 574 28 or 4 -1 5 4
416 574 30 or 4 -1 1 4
416 574 32 or 4 -1 2 4
416 574 33 or 4 -1 5 4
416 574 35 or 4 -1 5 4
416 574 36 or 4 -1 1 4
416 574 38 or 4 -1 1 4
416 574 39 or 4 -1 5 4
416 574 40 or 4 -1 3 4
416 574 41 or 4 -1 5 4
416 574 42 or 4 -1 1 4
416 574 43 or 4 -1 5 4
416 574 44 or 4 -1 1 4
416 574 46 or 4 -1 5 4
416 574 47 or 4 -1 5 4
416 575 12 or 14 -7 12 4
416 575 13 or 14 -7 12 4
416 575 18 or 14 -7 12 4
416 575 22 or 14 -7 12 4
416 575 23 or 14 -7 12 4
416 575 26 or 14 -7 12 4
416 575 27 or 14 -7 12 4
416 575 28 or 14 -7 12 4
416 575 29 or 14 -7 12 4
416 575 30 or 14 -7 12 4
416 575 32 or 14 -7 12 4
416 575 34 or 14 -7 12 4
416 575 35 or 14 -7 12 4
416 575 36 or 14 -7 12 4
416 575 38 or 14 -7 12 4
416 575 39 or 14 -7 12 4
416 575 42 or 14 -7 12 4
416 575 43 or 14 -7 12 4
416 575 46 or 14 -7 12 4
416 575 47 or 14 -7 12 4
417 568 0 or 4 -1 1 4
417 568 6 or 4 -1 1 4
417 568 8 or 4 -1 1 4
417 568 10 or 4 -1 1 4
417 568 16 or 4 -1 1 4
417 568 22 or 4 -1 1 4
417 568 24 or 4 -1 1 4
417 568 26 or 4 -1 1 4
417 568 32 or 4 -1 2 4
417 568 36 or 4 -1 1 4
417 568 38 or 4 -1 1 4
417 568 40 or 4 -1 3 4
417 568 41 or 4 -1 1 4
417 568 42 or 4 -1 1 4
417 568 44 or 4 -1 1 4
417 568 46 or 4 -1 5 4
417 574 0 or 4 -1 1 4
417 574 6 or 4 -1 1 4
417 574 8 or 4 -1 1 4
417 574 10 or 4 -1 1 4
417 574 16 or 4 -1 1 4
417 574 22 or 4 -1 1 4
417 574 24 or 4 -1 1 4
417 574 26 or 4 -1 1 4
417 574 32 or 4 -1 2 4
417 574 36 or 4 -1 1 4
417 574 38 or 4 -1 1 4
417 574 40 or 4 -1 3 4
417 574 41 or 4 -1 1 4
417 574 42 or 4 -1 1 4
417 574 44 or 4 -1 1 4
417 574 46 or 4 -1 5 4
421 568 2 parity 10 -2 4 4
421 568 3 parity 10 -2 3 4
421 568 12 parity 10 -2 3 4
421 568 14 parity 10 -2 4 4
421 568 15 parity 10 -2 3 4
421 568 18 parity 10 -2 2 4
421 568 28 parity 10 -2 3 4
421 568 43 parity 10 -2 5 4
421 568 47 parity 10 -2 6 4
421 568 16 or 4 -1 1 4
421 568 32 or 4 -1 2 4
421 568 40 or 4 -1 3 4
421 568 46 or 4 -1 5 4
421 574 2 parity 10 -2 4 4
421 574 3 parity 10 -2 3 4
421 574 12 parity 10 -2 3 4
421 574 14 parity 10 -2 4 4
421 574 15 parity 10 -2 3 4
421 574 18 parity 10 -2 2 4
421 574 28 parity 10 -2 3 4
421 574 43 parity 10 -2 5 4
421 574 47 parity 10 -2 6 4
421 574 16 or 4 -1 1 4
421 574 32 or 4 -1 2 4
421 574 40 or 4 -1 3 4
421 574 46 or 4 -1 5 4
422 568 2 or 4 -1 1 4
422 568 3 or 4 -1 1 4
422 568 12 or 4 -1 1 4
422 568 14 or 4 -1 1 4
422 568 16 or 4 -1 1 4
422 568 18 or 4 -1 5 4
422 568 19 or 4 -1 1 4
422 568 23 or 4 -1 1 4
422 568 27 or 4 -1 1 4
422 568 28 or 4 -1 1 4
422 568 30 or 4 -1 1 4
422 568 31 or 4 -1 1 4
422 568 32 or 4 -1 2 4
422 568 35 or 4 -1 1 4
422 568 39 or 4 -1 5 4
422 568 40 or 4 -1 3 4
422 568 43 or 4 -1 5 4
422 568 46 or 4 -1 5 4
422 568 47 or 4 -1 1 4
422 574 2 or 4 -1 1 4
422 574 3 or 4 -1 1 4
422 574 12 or 4 -1 1 4
422 574 14 or 4 -1 1 4
422 574 16 or 4 -1 1 4
422 574 18 or 4 -1 5 4
422 574 19 or 4 -1 1 4
422 574 23 or 4 -1 1 4
422 574 27 or 4 -1 1 4
422 574 28 or 4 -1 1 4
422 574 30 or 4 -1 1 4
422 574 31 or 4 -1 1 4
422 574 32 or 4 -1 2 4
422 574 35 or 4 -1 1 4
422 574 39 or 4 -1 5 4
422 574 40 or 4 -1 3 4
422 574 43 or 4 -1 5 4
422 574 46 or 4 -1 5 4
422 574 47 or 4 -1 1 4
352 603 32 parity 1 -1 2 4
352 603 35 parity 1 -1 4 4
352 603 44 parity 1 -1 4 4
352 603 47 parity 1 -1 6 4
352 603 32 or 1 -1 2 4
352 603 35 or 1 -1 4 4
352 603 44 or 1 -1 4 4
352 603 47 or 1 -1 6 4
352 604 32 parity 1 -1 2 4
352 604 35 parity 1 -1 4 4
352 604 44 parity 1 -1 4 4
352 604 47 parity 1 -1 6 4
352 604 32 or 1 -1 2 4
352 604 35 or 1 -1 4 4
352 604 44 or 1 -1 4 4
352 604 47 or 1 -1 6 4
352 605 32 parity 1 -1 2 4
352 605 35 parity 1 -1 4 4
352 605 44 parity 1 -1 4 4
352 605 47 parity 1 -1 6 4
352 605 32 or 1 -1 2 4
352 605 35 or 1 -1 4 4
352 605 44 or 1 -1 4 4
352 605 47 or 1 -1 6 4
352 606 32 parity 1 -1 2 4
352 606 35 parity 1 -1 4 4
352 606 44 parity 1 -1 4 4
352 606 47 parity 1 -1 6 4
352 606 32 or 1 -1 2 4
352 606 35 or 1 -1 4 4
352 606 44 or 1 -1 4 4
352 606 47 or 1 -1 6 4
352 607 32 parity 1 -1 2 4
352 607 35 parity 1 -1 4 4
352 607 44 parity 1 -1 4 4
352 607 47 parity 1 -1 6 4
352 607 32 or 1 -1 2 4
352 607 35 or 1 -1 4 4
352 607 44 or 1 -1 4 4
352 607 47 or 1 -1 6 4
352 608 32 parity 1 -1 2 4
352 608 35 parity 1 -1 4 4
352 608 44 parity 1 -1 4 4
352 608 47 parity 1 -1 6 4
352 608 32 or 1 -1 2 4
352 608 35 or 1 -1 4 4
352 608 44 or 1 -1 4 4
352 608 47 or 1 -1 6 4
352 609 32 parity 1 -1 2 4
352 609 35 parity 1 -1 4 4
352 609 44 parity 1 -1 4 4
352 609 47 parity 1 -1 6 4
352 609 32 or 1 -1 2 4
352 609 35 or 1 -1 4 4
352 609 44 or 1 -1 4 4
352 609 47 or 1 -1 6 4
352 610 32 parity 1 -1 2 4
352 610 35 parity 1 -1 4 4
352 610 44 parity 1 -1 4 4
352 610 47 parity 1 -1 6 4
352 610 32 or 1 -1 2 4
352 610 35 or 1 -1 4 4
352 610 44 or 1 -1 4 4
352 610 47 or 1 -1 6 4
352 611 32 parity 1 -1 2 4
352 611 35 parity 1 -1 4 4
352 611 44 parity 1 -1 4 4
352 611 47 parity 1 -1 6 4
352 611 32 or 1 -1 2 4
352 611 35 or 1 -1 4 4
352 611 44 or 1 -1 4 4
352 611 47 or 1 -1 6 4
353 387 32 parity 1 -1 2 4
353 387 35 parity 1 -1 4 4
353 387 44 parity 1 -1 4 4
353 387 47 parity 1 -1 6 4
353 387 32 or 1 -1 2 4
353 387 35 or 1 -1 4 4
353 387 44 or 1 -1 4 4
353 387 47 or 1 -1 6 4
353 388 32 parity 1 -1 2 4
353 388 35 parity 1 -1 4 4
353 388 44 parity 1 -1 4 4
353 388 47 parity 1 -1 6 4
353 388 32 or 1 -1 2 4
353 388 35 or 1 -1 4 4
353 388 44 or 1 -1 4 4
353 388 47 or 1 -1 6 4
353 389 32 parity 1 -1 2 4
353 389 35 parity 1 -1 4 4
353 389 44 parity 1 -1 4 4
353 389 47 parity 1 -1 6 4
353 389 32 or 1 -1 2 4
353 389 35 or 1 -1 4 4
353 389 44 or 1 -1 4 4
353 389 47 or 1 -1 6 4
353 390 32 parity 1 -1 2 4
353 390 35 parity 1 -1 4 4
353 390 44 parity 1 -1 4 4
353 390 47 parity 1 -1 6 4
353 390 32 or 1 -1 2 4
353 390 35 or 1 -1 4 4
353 390 44 or 1 -1 4 4
353 390 47 or 1 -1 6 4
353 391 32 parity 1 -1 2 4
353 391 35 parity 1 -1 4 4
353 391 44 parity 1 -1 4 4
353 391 47 parity 1 -1 6 4
353 391 32 or 1 -1 2 4
353 391 35 or 1 -1 4 4
353 391 44 or 1 -1 4 4
353 391 47 or 1 -1 6 4
353 392 32 parity 1 -1 2 4
353 392 35 parity 1 -1 4 4
353 392 44 parity 1 -1 4 4
353 392 47 parity 1 -1 6 4
353 392 32 or 1 -1 2 4
353 392 35 or 1 -1 4 4
353 392 44 or 1 -1 4 4
353 392 47 or 1 -1 6 4
353 393 32 parity 1 -1 2 4
353 393 35 parity 1 -1 4 4
353 393 44 parity 1 -1 4 4
353 393 47 parity 1 -1 6 4
353 393 32 or 1 -1 2 4
353 393 35 or 1 -1 4 4
353 393 44 or 1 -1 4 4
353 393 47 or 1 -1 6 4
353 394 32 parity 1 -1 2 4
353 394 35 parity 1 -1 4 4
353 394 44 parity 1 -1 4 4
353 394 47 parity 1 -1 6 4
353 394 32 or 1 -1 2 4
353 394 35 or 1 -1 4 4
353 394 44 or 1 -1 4 4
353 394 47 or 1 -1 6 4
353 395 32 parity 1 -1 2 4
353 395 35 parity 1 -1 4 4
353 395 44 parity 1 -1 4 4
353 395 47 parity 1 -1 6 4
353 395 32 or 1 -1 2 4
353 395 35 or 1 -1 4 4
353 395 44 or 1 -1 4 4
353 395 47 or 1 -1 6 4
353 423 35 parity 1 -1 8 4
353 423 44 parity 1 -1 4 4
353 423 44 or 1 -1 4 4
353 424 35 parity 1 -1 8 4
353 424 44 parity 1 -1 4 4
353 424 44 or 1 -1 4 4
353 425 35 parity 1 -1 8 4
353 425 44 parity 1 -1 4 4
353 425 44 or 1 -1 4 4
353 426 35 parity 1 -1 8 4
353 426 44 parity 1 -1 4 4
353 426 44 or 1 -1 4 4
353 427 35 parity 1 -1 8 4
353 427 44 parity 1 -1 4 4
353 427 44 or 1 -1 4 4
353 428 35 parity 1 -1 8 4
353 428 44 parity 1 -1 4 4
353 428 44 or 1 -1 4 4
353 429 35 parity 1 -1 8 4
353 429 44 parity 1 -1 4 4
353 429 44 or 1 -1 4 4
353 430 35 parity 1 -1 8 4
353 430 44 parity 1 -1 4 4
353 430 44 or 1 -1 4 4
353 431 35 parity 1 -1 8 4
353 431 44 parity 1 -1 4 4
353 431 44 or 1 -1 4 4
353 603 32 parity 1 -1 2 4
353 603 35 parity 1 -1 4 4
353 603 44 parity 1 -1 4 4
353 603 47 parity 1 -1 6 4
353 603 32 or 1 -1 2 4
353 603 35 or 1 -1 4 4
353 603 44 or 1 -1 4 4
353 603 47 or 1 -1 6 4
353 604 32 parity 1 -1 2 4
353 604 35 parity 1 -1 4 4
353 604 44 parity 1 -1 4 4
353 604 47 parity 1 -1 6 4
353 604 32 or 1 -1 2 4
353 604 35 or 1 -1 4 4
353 604 44 or 1 -1 4 4
353 604 47 or 1 -1 6 4
353 605 32 parity 1 -1 2 4
353 605 35 parity 1 -1 4 4
353 605 44 parity 1 -1 4 4
353 605 47 parity 1 -1 6 4
353 605 32 or 1 -1 2 4
353 605 35 or 1 -1 4 4
353 605 44 or 1 -1 4 4
353 605 47 or 1 -1 6 4
353 606 32 parity 1 -1 2 4
353 606 35 parity 1 -1 4 4
353 606 44 parity 1 -1 4 4
353 606 47 parity 1 -1 6 4
353 606 32 or 1 -1 2 4
353 606 35 or 1 -1 4 4
353 606 44 or 1 -1 4 4
353 606 47 or 1 -1 6 4
353 607 32 parity 1 -1 2 4
353 607 35 parity 1 -1 4 4
353 607 44 parity 1 -1 4 4
353 607 47 parity 1 -1 6 4
353 607 32 or 1 -1 2 4
353 607 35 or 1 -1 4 4
353 607 44 or 1 -1 4 4
353 607 47 or 1 -1 6 4
353 608 32 parity 1 -1 2 4
353 608 35 parity 1 -1 4 4
353 608 44 parity 1 -1 4 4
353 608 47 parity 1 -1 6 4
353 608 32 or 1 -1 2 4
353 608 35 or 1 -1 4 4
353 608 44 or 1 -1 4 4
353 608 47 or 1 -1 6 4
353 609 32 parity 1 -1 2 4
353 609 35 parity 1 -1 4 4
353 609 44 parity 1 -1 4 4
353 609 47 parity 1 -1 6 4
353 609 32 or 1 -1 2 4
353 609 35 or 1 -1 4 4
353 609 44 or 1 -1 4 4
353 609 47 or 1 -1 6 4
353 610 32 parity 1 -1 2 4
353 610 35 parity 1 -1 4 4
353 610 44 parity 1 -1 4 4
353 610 47 parity 1 -1 6 4
353 610 32 or 1 -1 2 4
353 610 35 or 1 -1 4 4
353 610 44 or 1 -1 4 4
353 610 47 or 1 -1 6 4
353 611 32 parity 1 -1 2 4
353 611 35 parity 1 -1 4 4
353 611 44 parity 1 -1 4 4
353 611 47 parity 1 -1 6 4
353 611 32 or 1 -1 2 4
353 611 35 or 1 -1 4 4
353 611 44 or 1 -1 4 4
353 611 47 or 1 -1 6 4
354 387 32 parity 1 -1 2 4
354 387 35 parity 1 -1 4 4
354 387 44 parity 1 -1 4 4
354 387 47 parity 1 -1 6 4
354 387 32 or 1 -1 2 4
354 387 35 or 1 -1 4 4
354 387 44 or 1 -1 4 4
354 387 47 or 1 -1 6 4
354 388 32 parity 1 -1 2 4
354 388 35 parity 1 -1 4 4
354 388 44 parity 1 -1 4 4
354 388 47 parity 1 -1 6 4
354 388 32 or 1 -1 2 4
354 388 35 or 1 -1 4 4
354 388 44 or 1 -1 4 4
354 388 47 or 1 -1 6 4
354 389 32 parity 1 -1 2 4
354 389 35 parity 1 -1 4 4
354 389 44 parity 1 -1 4 4
354 389 47 parity 1 -1 6 4
354 389 32 or 1 -1 2 4
354 389 35 or 1 -1 4 4
354 389 44 or 1 -1 4 4
354 389 47 or 1 -1 6 4
354 390 32 parity 1 -1 2 4
354 390 35 parity 1 -1 4 4
354 390 44 parity 1 -1 4 4
354 390 47 parity 1 -1 6 4
354 390 32 or 1 -1 2 4
354 390 35 or 1 -1 4 4
354 390 44 or 1 -1 4 4
354 390 47 or 1 -1 6 4
354 391 32 parity 1 -1 2 4
354 391 35 parity 1 -1 4 4
354 391 44 parity 1 -1 4 4
354 391 47 parity 1 -1 6 4
354 391 32 or 1 -1 2 4
354 391 35 or 1 -1 4 4
354 391 44 or 1 -1 4 4
354 391 47 or 1 -1 6 4
354 392 32 parity 1 -1 2 4
354 392 35 parity 1 -1 4 4
354 392 44 parity 1 -1 4 4
354 392 47 parity 1 -1 6 4
354 392 32 or 1 -1 2 4
354 392 35 or 1 -1 4 4
354 392 44 or 1 -1 4 4
354 392 47 or 1 -1 6 4
354 393 32 parity 1 -1 2 4
354 393 35 parity 1 -1 4 4
354 393 44 parity 1 -1 4 4
354 393 47 parity 1 -1 6 4
354 393 32 or 1 -1 2 4
354 393 35 or 1 -1 4 4
354 393 44 or 1 -1 4 4
354 393 47 or 1 -1 6 4
354 394 32 parity 1 -1 2 4
354 394 35 parity 1 -1 4 4
354 394 44 parity 1 -1 4 4
354 394 47 parity 1 -1 6 4
354 394 32 or 1 -1 2 4
354 394 35 or 1 -1 4 4
354 394 44 or 1 -1 4 4
354 394 47 or 1 -1 6 4
354 395 32 parity 1 -1 2 4
354 395 35 parity 1 -1 4 4
354 395 44 parity 1 -1 4 4
354 395 47 parity 1 -1 6 4
354 395 32 or 1 -1 2 4
354 395 35 or 1 -1 4 4
354 395 44 or 1 -1 4 4
354 395 47 or 1 -1 6 4
354 423 35 parity 1 -1 8 4
354 423 44 parity 1 -1 4 4
354 423 44 or 1 -1 4 4
354 424 35 parity 1 -1 8 4
354 424 44 parity 1 -1 4 4
354 424 44 or 1 -1 4 4
354 425 35 parity 1 -1 8 4
354 425 44 parity 1 -1 4 4
354 425 44 or 1 -1 4 4
354 426 35 parity 1 -1 8 4
354 426 44 parity 1 -1 4 4
354 426 44 or 1 -1 4 4
354 427 35 parity 1 -1 8 4
354 427 44 parity 1 -1 4 4
354 427 44 or 1 -1 4 4
351 429 35 parity 1 -1 8 4
351 429 44 parity 1 -1 4 4
351 429 44 or 1 -1 4 4
351 430 35 parity 1 -1 8 4
351 430 44 parity 1 -1 4 4
351 430 44 or 1 -1 4 4
351 431 35 parity 1 -1 8 4
351 431 44 parity 1 -1 4 4
351 431 44 or 1 -1 4 4
351 603 32 parity 1 -1 2 4
351 603 35 parity 1 -1 4 4
351 603 44 parity 1 -1 4 4
351 603 47 parity 1 -1 6 4
351 603 32 or 1 -1 2 4
351 603 35 or 1 -1 4 4
351 603 44 or 1 -1 4 4
351 603 47 or 1 -1 6 4
351 604 32 parity 1 -1 2 4
351 604 35 parity 1 -1 4 4
351 604 44 parity 1 -1 4 4
351 604 47 parity 1 -1 6 4
351 604 32 or 1 -1 2 4
351 604 35 or 1 -1 4 4
351 604 44 or 1 -1 4 4
351 604 47 or 1 -1 6 4
351 605 32 parity 1 -1 2 4
351 605 35 parity 1 -1 4 4
351 605 44 parity 1 -1 4 4
351 605 47 parity 1 -1 6 4
351 605 32 or 1 -1 2 4
351 605 35 or 1 -1 4 4
351 605 44 or 1 -1 4 4
351 605 47 or 1 -1 6 4
351 606 32 parity 1 -1 2 4
351 606 35 parity 1 -1 4 4
351 606 44 parity 1 -1 4 4
351 606 47 parity 1 -1 6 4
351 606 32 or 1 -1 2 4
351 606 35 or 1 -1 4 4
351 606 44 or 1 -1 4 4
351 606 47 or 1 -1 6 4
351 607 32 parity 1 -1 2 4
351 607 35 parity 1 -1 4 4
351 607 44 parity 1 -1 4 4
351 607 47 parity 1 -1 6 4
351 607 32 or 1 -1 2 4
351 607 35 or 1 -1 4 4
351 607 44 or 1 -1 4 4
351 607 47 or 1 -1 6 4
351 608 32 parity 1 -1 2 4
351 608 35 parity 1 -1 4 4
351 608 44 parity 1 -1 4 4
351 608 47 parity 1 -1 6 4
351 608 32 or 1 -1 2 4
351 608 35 or 1 -1 4 4
351 608 44 or 1 -1 4 4
351 608 47 or 1 -1 6 4
351 609 32 parity 1 -1 2 4
351 609 35 parity 1 -1 4 4
351 609 44 parity 1 -1 4 4
351 609 47 parity 1 -1 6 4
351 609 32 or 1 -1 2 4
351 609 35 or 1 -1 4 4
351 609 44 or 1 -1 4 4
351 609 47 or 1 -1 6 4
351 610 32 parity 1 -1 2 4
351 610 35 parity 1 -1 4 4
351 610 44 parity 1 -1 4 4
351 610 47 parity 1 -1 6 4
351 610 32 or 1 -1 2 4
351 610 35 or 1 -1 4 4
351 610 44 or 1 -1 4 4
351 610 47 or 1 -1 6 4
351 611 32 parity 1 -1 2 4
351 611 35 parity 1 -1 4 4
351 611 44 parity 1 -1 4 4
351 611 47 parity 1 -1 6 4
351 611 32 or 1 -1 2 4
351 611 35 or 1 -1 4 4
351 611 44 or 1 -1 4 4
351 611 47 or 1 -1 6 4
352 387 32 parity 1 -1 2 4
352 387 35 parity 1 -1 4 4
352 387 44 parity 1 -1 4 4
352 387 47 parity 1 -1 6 4
352 387 32 or 1 -1 2 4
352 387 35 or 1 -1 4 4
352 387 44 or 1 -1 4 4
352 387 47 or 1 -1 6 4
352 388 32 parity 1 -1 2 4
352 388 35 parity 1 -1 4 4
352 388 44 parity 1 -1 4 4
352 388 47 parity 1 -1 6 4
352 388 32 or 1 -1 2 4
352 388 35 or 1 -1 4 4
352 388 44 or 1 -1 4 4
352 388 47 or 1 -1 6 4
352 389 32 parity 1 -1 2 4
352 389 35 parity 1 -1 4 4
352 389 44 parity 1 -1 4 4
352 389 47 parity 1 -1 6 4
352 389 32 or 1 -1 2 4
352 389 35 or 1 -1 4 4
352 389 44 or 1 -1 4 4
352 389 47 or 1 -1 6 4
352 390 32 parity 1 -1 2 4
352 390 35 parity 1 -1 4 4
352 390 44 parity 1 -1 4 4
352 390 47 parity 1 -1 6 4
352 390 32 or 1 -1 2 4
352 390 35 or 1 -1 4 4
352 390 44 or 1 -1 4 4
352 390 47 or 1 -1 6 4
352 391 32 parity 1 -1 2 4
352 391 35 parity 1 -1 4 4
352 391 44 parity 1 -1 4 4
352 391 47 parity 1 -1 6 4
352 391 32 or 1 -1 2 4
352 391 35 or 1 -1 4 4
352 391 44 or 1 -1 4 4
352 391 47 or 1 -1 6 4
352 392 32 parity 1 -1 2 4
352 392 35 parity 1 -1 4 4
352 392 44 parity 1 -1 4 4
352 392 47 parity 1 -1 6 4
352 392 32 or 1 -1 2 4
352 392 35 or 1 -1 4 4
352 392 44 or 1 -1 4 4
352 392 47 or 1 -1 6 4
352 393 32 parity 1 -1 2 4
352 393 35 parity 1 -1 4 4
352 393 44 parity 1 -1 4 4
352 393 47 parity 1 -1 6 4
352 393 32 or 1 -1 2 4
352 393 35 or 1 -1 4 4
352 393 44 or 1 -1 4 4
352 393 47 or 1 -1 6 4
352 394 32 parity 1 -1 2 4
352 394 35 parity 1 -1 4 4
352 394 44 parity 1 -1 4 4
352 394 47 parity 1 -1 6 4
352 394 32 or 1 -1 2 4
352 394 35 or 1 -1 4 4
352 394 44 or 1 -1 4 4
352 394 47 or 1 -1 6 4
352 395 32 parity 1 -1 2 4
352 395 35 parity 1 -1 4 4
352 395 44 parity 1 -1 4 4
352 395 47 parity 1 -1 6 4
352 395 32 or 1 -1 2 4
352 395 35 or 1 -1 4 4
352 395 44 or 1 -1 4 4
352 395 47 or 1 -1 6 4
352 406 0 or 1 -1 8 4
352 406 2 or 1 -1 15 4
352 406 8 or 1 -1 16 4
352 406 10 or 1 -1 15 4
352 406 16 or 1 -1 8 4
352 406 17 or 1 -1 16 4
352 406 20 or 1 -1 8 4
352 406 22 or 1 -1 15 4
352 406 24 or 1 -1 16 4
352 406 25 or 1 -1 8 4
352 406 29 or 1 -1 16 4
352 406 31 or 1 -1 15 4
352 406 36 or 1 -1 8 4
352 406 38 or 1 -1 16 4
352 406 44 or 1 -1 8 4
352 406 46 or 1 -1 8 4
352 412 0 or 1 -1 8 4
352 412 2 or 1 -1 15 4
352 412 8 or 1 -1 16 4
352 412 10 or 1 -1 15 4
352 412 16 or 1 -1 8 4
352 412 17 or 1 -1 16 4
352 412 20 or 1 -1 8 4
352 412 22 or 1 -1 15 4
352 412 24 or 1 -1 16 4
352 412 25 or 1 -1 8 4
352 412 29 or 1 -1 16 4
352 412 31 or 1 -1 15 4
352 412 36 or 1 -1 8 4
352 412 38 or 1 -1 16 4
352 412 44 or 1 -1 8 4
352 412 46 or 1 -1 8 4
352 423 35 parity 1 -1 8 4
352 423 44 parity 1 -1 4 4
352 423 44 or 1 -1 4 4
352 424 35 parity 1 -1 8 4
352 424 44 parity 1 -1 4 4
352 424 44 or 1 -1 4 4
352 425 35 parity 1 -1 8 4
352 425 44 parity 1 -1 4 4
352 425 44 or 1 -1 4 4
352 426 35 parity 1 -1 8 4
352 426 44 parity 1 -1 4 4
352 426 44 or 1 -1 4 4
352 427 35 parity 1 -1 8 4
352 427 44 parity 1 -1 4 4
352 427 44 or 1 -1 4 4
352 428 35 parity 1 -1 8 4
352 428 44 parity 1 -1 4 4
352 428 44 or 1 -1 4 4
352 429 35 parity 1 -1 8 4
352 429 44 parity 1 -1 4 4
352 429 44 or 1 -1 4 4
352 430 35 parity 1 -1 8 4
352 430 44 parity 1 -1 4 4
352 430 44 or 1 -1 4 4
352 431 35 parity 1 -1 8 4
352 431 44 parity 1 -1 4 4
352 431 44 or 1 -1 4 4
354 428 35 parity 1 -1 8 4
354 428 44 parity 1 -1 4 4
354 428 44 or 1 -1 4 4
354 429 35 parity 1 -1 8 4
354 429 44 parity 1 -1 4 4
354 429 44 or 1 -1 4 4
354 430 35 parity 1 -1 8 4
354 430 44 parity 1 -1 4 4
354 430 44 or 1 -1 4 4
354 431 35 parity 1 -1 8 4
354 431 44 parity 1 -1 4 4
354 431 44 or 1 -1 4 4
354 603 32 parity 1 -1 2 4
354 603 35 parity 1 -1 4 4
354 603 44 parity 1 -1 4 4
354 603 47 parity 1 -1 6 4
354 603 32 or 1 -1 2 4
354 603 35 or 1 -1 4 4
354 603 44 or 1 -1 4 4
354 603 47 or 1 -1 6 4
354 604 32 parity 1 -1 2 4
354 604 35 parity 1 -1 4 4
354 604 44 parity 1 -1 4 4
354 604 47 parity 1 -1 6 4
354 604 32 or 1 -1 2 4
354 604 35 or 1 -1 4 4
354 604 44 or 1 -1 4 4
354 604 47 or 1 -1 6 4
354 605 32 parity 1 -1 2 4
354 605 35 parity 1 -1 4 4
354 605 44 parity 1 -1 4 4
354 605 47 parity 1 -1 6 4
354 605 32 or 1 -1 2 4
354 605 35 or 1 -1 4 4
354 605 44 or 1 -1 4 4
354 605 47 or 1 -1 6 4
354 606 32 parity 1 -1 2 4
354 606 35 parity 1 -1 4 4
354 606 44 parity 1 -1 4 4
354 606 47 parity 1 -1 6 4
354 606 32 or 1 -1 2 4
354 606 35 or 1 -1 4 4
354 606 44 or 1 -1 4 4
354 606 47 or 1 -1 6 4
354 607 32 parity 1 -1 2 4
354 607 35 parity 1 -1 4 4
354 607 44 parity 1 -1 4 4
354 607 47 parity 1 -1 6 4
354 607 32 or 1 -1 2 4
354 607 35 or 1 -1 4 4
354 607 44 or 1 -1 4 4
354 607 47 or 1 -1 6 4
354 608 32 parity 1 -1 2 4
354 608 35 parity 1 -1 4 4
354 608 44 parity 1 -1 4 4
354 608 47 parity 1 -1 6 4
354 608 32 or 1 -1 2 4
354 608 35 or 1 -1 4 4
354 608 44 or 1 -1 4 4
354 608 47 or 1 -1 6 4
354 609 32 parity 1 -1 2 4
354 609 35 parity 1 -1 4 4
354 609 44 parity 1 -1 4 4
354 609 47 parity 1 -1 6 4
354 609 32 or 1 -1 2 4
354 609 35 or 1 -1 4 4
354 609 44 or 1 -1 4 4
354 609 47 or 1 -1 6 4
354 610 32 parity 1 -1 2 4
354 610 35 parity 1 -1 4 4
354 610 44 parity 1 -1 4 4
354 610 47 parity 1 -1 6 4
354 610 32 or 1 -1 2 4
354 610 35 or 1 -1 4 4
354 610 44 or 1 -1 4 4
354 610 47 or 1 -1 6 4
354 611 32 parity 1 -1 2 4
354 611 35 parity 1 -1 4 4
354 611 44 parity 1 -1 4 4
354 611 47 parity 1 -1 6 4
354 611 32 or 1 -1 2 4
354 611 35 or 1 -1 4 4
354 611 44 or 1 -1 4 4
354 611 47 or 1 -1 6 4
355 387 32 parity 1 -1 2 4
355 387 35 parity 1 -1 4 4
355 387 44 parity 1 -1 4 4
355 387 47 parity 1 -1 6 4
355 387 32 or 1 -1 2 4
355 387 35 or 1 -1 4 4
355 387 44 or 1 -1 4 4
355 387 47 or 1 -1 6 4
355 388 32 parity 1 -1 2 4
355 388 35 parity 1 -1 4 4
355 388 44 parity 1 -1 4 4
355 388 47 parity 1 -1 6 4
355 388 32 or 1 -1 2 4
355 388 35 or 1 -1 4 4
355 388 44 or 1 -1 4 4
355 388 47 or 1 -1 6 4
355 389 32 parity 1 -1 2 4
355 389 35 parity 1 -1 4 4
355 389 44 parity 1 -1 4 4
355 389 47 parity 1 -1 6 4
355 389 32 or 1 -1 2 4
355 389 35 or 1 -1 4 4
355 389 44 or 1 -1 4 4
355 389 47 or 1 -1 6 4
355 390 32 parity 1 -1 2 4
355 390 35 parity 1 -1 4 4
355 390 44 parity 1 -1 4 4
355 390 47 parity 1 -1 6 4
355 390 32 or 1 -1 2 4
355 390 35 or 1 -1 4 4
355 390 44 or 1 -1 4 4
355 390 47 or 1 -1 6 4
355 391 32 parity 1 -1 2 4
355 391 35 parity 1 -1 4 4
355 391 44 parity 1 -1 4 4
355 391 47 parity 1 -1 6 4
355 391 32 or 1 -1 2 4
355 391 35 or 1 -1 4 4
355 391 44 or 1 -1 4 4
355 391 47 or 1 -1 6 4
355 392 32 parity 1 -1 2 4
355 392 35 parity 1 -1 4 4
355 392 44 parity 1 -1 4 4
355 392 47 parity 1 -1 6 4
355 392 32 or 1 -1 2 4
355 392 35 or 1 -1 4 4
355 392 44 or 1 -1 4 4
355 392 47 or 1 -1 6 4
355 393 32 parity 1 -1 2 4
355 393 35 parity 1 -1 4 4
355 393 44 parity 1 -1 4 4
355 393 47 parity 1 -1 6 4
355 393 32 or 1 -1 2 4
355 393 35 or 1 -1 4 4
355 393 44 or 1 -1 4 4
355 393 47 or 1 -1 6 4
355 394 32 parity 1 -1 2 4
355 394 35 parity 1 -1 4 4
355 394 44 parity 1 -1 4 4
355 394 47 parity 1 -1 6 4
355 394 32 or 1 -1 2 4
355 394 35 or 1 -1 4 4
355 394 44 or 1 -1 4 4
355 394 47 or 1 -1 6 4
355 395 32 parity 1 -1 2 4
355 395 35 parity 1 -1 4 4
355 395 44 parity 1 -1 4 4
355 395 47 parity 1 -1 6 4
355 395 32 or 1 -1 2 4
355 395 35 or 1 -1 4 4
355 395 44 or 1 -1 4 4
355 395 47 or 1 -1 6 4
355 406 0 or 1 -1 8 4
355 406 2 or 1 -1 15 4
355 406 8 or 1 -1 16 4
355 406 10 or 1 -1 15 4
355 406 16 or 1 -1 8 4
355 406 17 or 1 -1 16 4
355 406 20 or 1 -1 8 4
355 406 22 or 1 -1 15 4
355 406 24 or 1 -1 16 4
355 406 25 or 1 -1 8 4
355 406 29 or 1 -1 16 4
355 406 31 or 1 -1 15 4
355 406 36 or 1 -1 8 4
355 406 38 or 1 -1 16 4
355 406 44 or 1 -1 8 4
355 406 46 or 1 -1 8 4
355 412 0 or 1 -1 8 4
355 412 2 or 1 -1 15 4
355 412 8 or 1 -1 16 4
355 412 10 or 1 -1 15 4
355 412 16 or 1 -1 8 4
355 412 17 or 1 -1 16 4
355 412 20 or 1 -1 8 4
355 412 22 or 1 -1 15 4
355 412 24 or 1 -1 16 4
355 412 25 or 1 -1 8 4
355 412 29 or 1 -1 16 4
355 412 31 or 1 -1 15 4
355 412 36 or 1 -1 8 4
355 412 38 or 1 -1 16 4
355 412 44 or 1 -1 8 4
355 412 46 or 1 -1 8 4
355 423 35 parity 1 -1 8 4
355 423 44 parity 1 -1 4 4
355 423 44 or 1 -1 4 4
355 424 35 parity 1 -1 8 4
355 424 44 parity 1 -1 4 4
355 424 44 or 1 -1 4 4
355 425 35 parity 1 -1 8 4
355 425 44 parity 1 -1 4 4
355 425 44 or 1 -1 4 4
355 426 35 parity 1 -1 8 4
355 426 44 parity 1 -1 4 4
355 426 44 or 1 -1 4 4
355 427 35 parity 1 -1 8 4
355 427 44 parity 1 -1 4 4
355 427 44 or 1 -1 4 4
355 428 35 parity 1 -1 8 4
355 428 44 parity 1 -1 4 4
355 428 44 or 1 -1 4 4
355 429 35 parity 1 -1 8 4
355 429 44 parity 1 -1 4 4
355 429 44 or 1 -1 4 4
355 430 35 parity 1 -1 8 4
355 430 44 parity 1 -1 4 4
355 430 44 or 1 -1 4 4
355 431 35 parity 1 -1 8 4
355 431 44 parity 1 -1 4 4
355 431 44 or 1 -1 4 4
