== 2 live kinds, odd m<=17, p<=3 ==
== 2 live kinds, odd m<=17, p<=3 ==
== 2 live kinds, odd m<=17, p<=3 ==
== 1 kind, all 27 rules, odd m<=31, p<=6 ==
== 2 live kinds, odd m<=17, p<=3 ==
  ROTOR: ((-1, 1, 0), (0, -1, 1)) (1, 0) parity m=15 p=2 r=5 X=[[1, 1, 0, 0, 0, 1, 1, 1, 0, 0, 1, 1, 0, 0, 0], [0, 1, 0, 0, 1, 0, 1, 0, 0, 1, 0, 0, 0, 0, 1]]
  ROTOR: ((-1, 1, 0), (0, -1, 1)) (1, 0) or m=15 p=2 r=10 X=[[1, 0, 0, 0, 1, 1, 1, 0, 0, 1, 1, 0, 0, 0, 1], [0, 0, 0, 1, 0, 1, 0, 0, 1, 0, 1, 0, 0, 1, 0]]
  ROTOR: ((-1, 1, 1), (0, 1, -1)) (0, 0) parity m=15 p=1 r=5 X=[[0, 1, 0, 0, 0, 1, 1, 0, 0, 0, 1, 1, 1, 0, 0], [0, 1, 0, 1, 0, 0, 1, 0, 1, 0, 0, 1, 0, 1, 0]]
  ROTOR: ((-1, 1, 1), (0, 1, -1)) (0, 0) parity m=15 p=2 r=10 X=[[0, 0, 0, 1, 1, 0, 0, 0, 1, 1, 1, 0, 0, 0, 1], [0, 1, 0, 0, 1, 0, 1, 0, 0, 1, 0, 1, 0, 0, 1]]
  ROTOR: ((0, -1, 1), (-1, 1, 0)) (1, 0) parity m=15 p=2 r=5 X=[[1, 0, 0, 1, 0, 0, 0, 0, 1, 0, 1, 1, 0, 1, 0], [1, 0, 0, 0, 0, 1, 0, 0, 0, 0, 1, 1, 0, 0, 0]]
  ROTOR: ((0, -1, 1), (-1, 1, 0)) (1, 0) or m=15 p=2 r=10 X=[[0, 1, 0, 1, 0, 0, 1, 0, 0, 0, 0, 1, 0, 1, 0], [0, 1, 1, 1, 0, 0, 1, 1, 1, 0, 0, 1, 1, 1, 1]]
  ROTOR: ((0, -1, 1), (-1, 1, 0)) (0, 0) parity m=15 p=2 r=10 X=[[1, 0, 1, 0, 0, 1, 0, 1, 1, 0, 1, 0, 0, 0, 0], [1, 0, 1, 0, 0, 1, 0, 1, 0, 0, 1, 0, 1, 0, 0]]
  ROTOR: ((0, -1, 1), (-1, 1, 0)) (0, 0) or m=15 p=2 r=10 X=[[0, 1, 1, 1, 0, 0, 1, 1, 0, 0, 0, 1, 1, 1, 1], [0, 0, 0, 1, 0, 0, 0, 0, 1, 0, 0, 0, 0, 1, 0]]
  ROTOR: ((0, -1, 1), (1, -1, -1)) (0, 0) parity m=15 p=1 r=5 X=[[0, 0, 1, 0, 1, 1, 0, 1, 1, 1, 1, 0, 1, 0, 1], [0, 0, 0, 0, 1, 0, 0, 0, 0, 1, 0, 0, 0, 0, 1]]
  ROTOR: ((0, -1, 1), (1, -1, -1)) (0, 0) parity m=15 p=2 r=10 X=[[0, 1, 1, 0, 1, 1, 1, 1, 0, 1, 0, 1, 0, 0, 1], [0, 1, 0, 0, 0, 0, 1, 0, 0, 0, 0, 1, 0, 0, 0]]
  ROTOR: ((0, 1, -1), (-1, 1, 1)) (0, 0) parity m=15 p=1 r=10 X=[[0, 1, 1, 0, 1, 0, 0, 1, 0, 1, 0, 1, 1, 1, 1], [0, 0, 1, 0, 0, 0, 0, 1, 0, 0, 0, 0, 1, 0, 0]]
  ROTOR: ((0, 1, -1), (-1, 1, 1)) (0, 0) parity m=15 p=2 r=5 X=[[1, 1, 1, 1, 0, 1, 1, 0, 1, 0, 0, 1, 0, 1, 0], [0, 1, 0, 0, 0, 0, 1, 0, 0, 0, 0, 1, 0, 0, 0]]
  ROTOR: ((0, 1, -1), (1, -1, 0)) (1, 0) parity m=15 p=2 r=10 X=[[1, 0, 0, 1, 0, 1, 0, 1, 1, 0, 1, 0, 0, 0, 0], [1, 0, 0, 1, 0, 1, 0, 1, 1, 0, 1, 0, 0, 1, 0]]
  ROTOR: ((0, 1, -1), (1, -1, 0)) (1, 0) or m=15 p=2 r=5 X=[[0, 0, 1, 0, 1, 0, 0, 1, 0, 1, 0, 0, 0, 0, 1], [0, 0, 1, 1, 1, 0, 1, 1, 1, 1, 0, 0, 1, 1, 1]]
  ROTOR: ((0, 1, -1), (1, -1, 0)) (0, 0) parity m=15 p=2 r=5 X=[[0, 0, 0, 1, 0, 1, 1, 0, 1, 0, 0, 1, 0, 1, 0], [0, 1, 0, 0, 0, 0, 1, 0, 0, 0, 0, 1, 0, 0, 0]]
  ROTOR: ((0, 1, -1), (1, -1, 0)) (0, 0) or m=15 p=2 r=5 X=[[0, 0, 0, 1, 1, 0, 0, 1, 1, 1, 0, 1, 1, 1, 1], [0, 0, 1, 0, 0, 0, 0, 1, 0, 0, 0, 0, 1, 0, 0]]
  ROTOR: ((1, -1, -1), (0, -1, 1)) (0, 0) parity m=15 p=1 r=10 X=[[1, 1, 0, 0, 0, 1, 0, 0, 0, 1, 1, 1, 0, 0, 0], [1, 0, 0, 1, 0, 1, 0, 0, 1, 0, 1, 0, 0, 1, 0]]
  ROTOR: ((1, -1, -1), (0, -1, 1)) (0, 0) parity m=15 p=2 r=5 X=[[0, 0, 0, 1, 1, 0, 0, 0, 1, 0, 0, 0, 1, 1, 1], [0, 1, 0, 1, 0, 0, 1, 0, 1, 0, 0, 1, 0, 1, 0]]
  ROTOR: ((1, -1, 0), (0, 1, -1)) (1, 0) parity m=15 p=2 r=10 X=[[0, 0, 0, 1, 0, 0, 0, 1, 1, 0, 0, 0, 0, 1, 0], [1, 0, 0, 1, 0, 1, 0, 1, 1, 0, 1, 0, 0, 0, 0]]
  ROTOR: ((1, -1, 0), (0, 1, -1)) (1, 0) or m=15 p=2 r=5 X=[[0, 1, 0, 0, 1, 0, 1, 0, 1, 1, 0, 1, 0, 0, 1], [0, 1, 0, 0, 0, 0, 1, 0, 1, 1, 0, 1, 0, 0, 1]]
  [2 live kinds, odd m<=17, p<=3 shard 0/4] 6912 SAT calls, 0 rotors, 641.7 s
  [2 live kinds, odd m<=17, p<=3 shard 3/4] 6912 SAT calls, 0 rotors, 642.3 s
  [2 live kinds, odd m<=17, p<=3 shard 2/4] 6912 SAT calls, 10 rotors, 681.9 s
  [2 live kinds, odd m<=17, p<=3 shard 1/4] 6912 SAT calls, 10 rotors, 684.9 s
  [1 kind, all 27 rules, odd m<=31, p<=6 shard 0/1] 4860 SAT calls, 0 rotors, 777.6 s
== 3 live kinds, odd m<=13, p<=2 ==
== 3 live kinds, odd m<=13, p<=2 ==
== 3 live kinds, odd m<=13, p<=2 ==
== 3 live kinds, odd m<=13, p<=2 ==
== CONTROL 2 live kinds even m<=12 ==
== 3 live kinds, odd m<=13, p<=2 ==
== 3 live kinds, odd m<=13, p<=2 ==
  ROTOR: ((-1, 1, -1), (-1, 1, -1)) (1, 0) parity m=6 p=1 r=3 X=[[1, 0, 0, 1, 0, 1], [1, 0, 1, 1, 0, 0]]
  ROTOR: ((-1, 1, -1), (-1, 1, -1)) (1, 0) parity m=6 p=3 r=3 X=[[0, 1, 1, 0, 1, 1], [0, 0, 0, 0, 1, 0]]
  ROTOR: ((-1, 1, -1), (-1, 1, -1)) (1, 0) parity m=8 p=1 r=4 X=[[1, 0, 0, 1, 1, 0, 0, 1], [0, 0, 0, 1, 0, 0, 0, 0]]
  ROTOR: ((-1, 1, -1), (-1, 1, -1)) (1, 0) parity m=8 p=3 r=4 X=[[1, 0, 0, 1, 1, 0, 0, 0], [1, 0, 1, 0, 1, 0, 1, 1]]
  ROTOR: ((-1, 1, -1), (-1, 1, -1)) (1, 0) parity m=10 p=1 r=5 X=[[0, 1, 0, 1, 1, 0, 1, 0, 1, 1], [0, 1, 1, 1, 0, 0, 1, 1, 0, 0]]
  ROTOR: ((-1, 1, -1), (-1, 1, -1)) (1, 0) parity m=10 p=3 r=5 X=[[0, 0, 0, 1, 1, 0, 0, 0, 1, 1], [0, 1, 0, 0, 0, 0, 1, 0, 1, 0]]
  ROTOR: ((-1, 1, -1), (-1, 1, -1)) (1, 0) parity m=12 p=1 r=6 X=[[1, 0, 1, 0, 1, 0, 1, 0, 1, 1, 1, 0], [1, 1, 0, 1, 1, 0, 1, 1, 0, 0, 1, 0]]
  ROTOR: ((-1, 1, -1), (-1, 1, -1)) (1, 0) parity m=12 p=3 r=6 X=[[0, 0, 0, 1, 0, 0, 0, 0, 0, 1, 1, 0], [0, 1, 0, 1, 1, 1, 0, 1, 0, 1, 1, 1]]
  ROTOR: ((-1, 1, -1), (-1, 1, 0)) (1, 0) parity m=6 p=1 r=3 X=[[0, 1, 1, 0, 1, 1], [0, 0, 0, 0, 1, 0]]
  ROTOR: ((-1, 1, -1), (-1, 1, 0)) (1, 0) parity m=6 p=2 r=3 X=[[1, 0, 1, 1, 0, 1], [1, 0, 1, 1, 0, 0]]
  ROTOR: ((-1, 1, -1), (-1, 1, 0)) (1, 0) parity m=6 p=3 r=3 X=[[1, 0, 1, 1, 0, 1], [0, 0, 1, 0, 0, 0]]
  ROTOR: ((-1, 1, -1), (-1, 1, 0)) (1, 0) parity m=8 p=1 r=4 X=[[1, 1, 0, 1, 1, 1, 0, 1], [1, 0, 0, 0, 0, 0, 0, 0]]
  ROTOR: ((-1, 1, -1), (-1, 1, 0)) (1, 0) parity m=8 p=2 r=4 X=[[0, 0, 0, 1, 0, 0, 0, 1], [1, 0, 0, 0, 1, 0, 0, 1]]
  ROTOR: ((-1, 1, -1), (-1, 1, 0)) (1, 0) parity m=8 p=3 r=4 X=[[1, 0, 0, 1, 1, 0, 0, 1], [0, 0, 1, 0, 0, 0, 1, 1]]
  ROTOR: ((-1, 1, -1), (-1, 1, 0)) (1, 0) parity m=10 p=1 r=5 X=[[0, 1, 1, 0, 1, 0, 1, 1, 0, 1], [1, 0, 0, 0, 1, 1, 1, 0, 0, 1]]
  ROTOR: ((-1, 1, -1), (-1, 1, 0)) (1, 0) parity m=10 p=2 r=5 X=[[1, 1, 0, 1, 1, 1, 1, 0, 1, 1], [0, 1, 0, 0, 1, 1, 1, 0, 0, 1]]
  ROTOR: ((-1, 1, -1), (-1, 1, 0)) (1, 0) parity m=10 p=3 r=5 X=[[1, 0, 1, 1, 1, 1, 0, 1, 1, 1], [0, 0, 0, 0, 0, 0, 0, 0, 0, 1]]
  ROTOR: ((-1, 1, -1), (-1, 1, 0)) (1, 0) parity m=12 p=1 r=9 X=[[1, 0, 0, 1, 1, 0, 1, 0, 0, 1, 1, 0], [0, 1, 0, 0, 1, 0, 1, 1, 0, 1, 1, 0]]
  ROTOR: ((-1, 1, -1), (-1, 1, 0)) (1, 0) parity m=12 p=2 r=6 X=[[0, 0, 1, 1, 1, 0, 0, 0, 1, 1, 1, 0], [0, 0, 1, 1, 1, 0, 0, 0, 1, 0, 1, 0]]
  ROTOR: ((-1, 1, -1), (-1, 1, 0)) (1, 0) parity m=12 p=3 r=6 X=[[0, 1, 0, 1, 1, 1, 0, 1, 0, 1, 1, 1], [0, 1, 1, 0, 0, 0, 0, 1, 1, 0, 1, 0]]
  ROTOR: ((-1, 1, -1), (-1, 1, 1)) (1, 0) parity m=6 p=1 r=3 X=[[1, 0, 1, 1, 0, 1], [0, 0, 0, 0, 0, 1]]
  ROTOR: ((-1, 1, -1), (-1, 1, 1)) (1, 0) parity m=6 p=3 r=3 X=[[1, 0, 1, 1, 0, 1], [0, 0, 0, 0, 0, 1]]
  ROTOR: ((-1, 1, -1), (-1, 1, 1)) (1, 0) parity m=8 p=1 r=4 X=[[1, 1, 0, 1, 1, 1, 0, 1], [0, 0, 0, 1, 1, 0, 0, 1]]
  ROTOR: ((-1, 1, -1), (-1, 1, 1)) (1, 0) parity m=8 p=3 r=4 X=[[1, 0, 1, 1, 1, 0, 1, 1], [0, 0, 1, 0, 0, 0, 1, 1]]
  ROTOR: ((-1, 1, -1), (-1, 1, 1)) (1, 0) parity m=10 p=1 r=5 X=[[0, 0, 1, 1, 0, 0, 0, 1, 1, 0], [1, 0, 0, 0, 0, 1, 0, 1, 0, 0]]
  ROTOR: ((-1, 1, -1), (-1, 1, 1)) (1, 0) parity m=10 p=3 r=5 X=[[1, 0, 1, 1, 1, 1, 0, 1, 1, 1], [0, 0, 1, 1, 0, 0, 0, 1, 1, 1]]
  ROTOR: ((-1, 1, -1), (-1, 1, 1)) (1, 0) parity m=12 p=1 r=6 X=[[0, 1, 1, 0, 0, 0, 0, 1, 1, 0, 0, 0], [1, 0, 0, 0, 1, 1, 1, 1, 0, 0, 1, 1]]
  ROTOR: ((-1, 1, -1), (-1, 1, 1)) (1, 0) parity m=12 p=3 r=6 X=[[0, 0, 0, 1, 1, 0, 0, 0, 0, 1, 1, 0], [0, 1, 1, 1, 0, 0, 0, 1, 1, 0, 0, 0]]
  ROTOR: ((-1, 1, -1), (0, -1, -1)) (1, 0) parity m=8 p=1 r=4 X=[[1, 1, 1, 0, 1, 1, 1, 0], [0, 0, 1, 0, 0, 1, 1, 0]]
  ROTOR: ((-1, 1, -1), (0, -1, -1)) (1, 0) parity m=8 p=3 r=4 X=[[0, 1, 1, 1, 0, 1, 1, 1], [0, 0, 0, 0, 0, 0, 1, 0]]
  ROTOR: ((-1, 1, -1), (0, -1, -1)) (1, 0) parity m=10 p=1 r=5 X=[[0, 1, 1, 1, 0, 0, 1, 1, 1, 0], [0, 0, 0, 1, 0, 0, 0, 1, 1, 0]]
  ROTOR: ((-1, 1, -1), (0, -1, -1)) (1, 0) parity m=10 p=3 r=5 X=[[1, 1, 1, 0, 0, 1, 1, 1, 0, 0], [0, 0, 0, 0, 0, 0, 1, 0, 0, 0]]
  ROTOR: ((-1, 1, -1), (0, -1, -1)) (1, 0) parity m=12 p=1 r=6 X=[[1, 0, 1, 1, 0, 1, 1, 0, 1, 1, 0, 1], [1, 1, 0, 0, 0, 0, 1, 1, 1, 0, 0, 0]]
  ROTOR: ((-1, 1, -1), (0, -1, -1)) (1, 0) parity m=12 p=3 r=6 X=[[1, 1, 0, 1, 1, 1, 1, 1, 0, 1, 1, 1], [0, 1, 0, 0, 1, 0, 1, 1, 0, 0, 1, 0]]
  ROTOR: ((-1, 1, -1), (0, -1, 0)) (1, 0) parity m=4 p=1 r=2 X=[[0, 1, 0, 0], [0, 1, 0, 1]]
  ROTOR: ((-1, 1, -1), (0, -1, 0)) (1, 0) parity m=4 p=3 r=2 X=[[0, 1, 0, 0], [0, 1, 0, 1]]
  ROTOR: ((-1, 1, -1), (0, -1, 0)) (1, 0) parity m=6 p=1 r=3 X=[[0, 0, 1, 0, 0, 0], [0, 0, 1, 0, 0, 1]]
  ROTOR: ((-1, 1, -1), (0, -1, 0)) (1, 0) parity m=6 p=3 r=3 X=[[0, 0, 1, 0, 0, 0], [0, 0, 1, 0, 0, 1]]
  ROTOR: ((-1, 1, -1), (0, -1, 0)) (1, 0) parity m=8 p=1 r=4 X=[[1, 1, 1, 0, 1, 1, 1, 0], [0, 0, 0, 0, 0, 1, 0, 0]]
  ROTOR: ((-1, 1, -1), (0, -1, 0)) (1, 0) parity m=8 p=3 r=2 X=[[0, 0, 1, 0, 0, 0, 1, 0], [1, 0, 1, 0, 1, 0, 1, 0]]
  ROTOR: ((-1, 1, -1), (0, -1, 0)) (1, 0) parity m=10 p=1 r=5 X=[[0, 0, 1, 0, 0, 0, 1, 1, 0, 0], [0, 1, 1, 1, 0, 0, 1, 1, 1, 0]]
  ROTOR: ((-1, 1, -1), (0, -1, 0)) (1, 0) parity m=10 p=3 r=5 X=[[1, 0, 0, 0, 1, 1, 0, 0, 1, 1], [0, 1, 0, 1, 0, 0, 1, 0, 1, 0]]
  ROTOR: ((-1, 1, -1), (0, -1, 0)) (1, 0) parity m=12 p=1 r=6 X=[[0, 0, 1, 0, 1, 0, 0, 0, 0, 0, 1, 0], [0, 0, 1, 1, 0, 1, 0, 0, 1, 1, 0, 1]]
  ROTOR: ((-1, 1, -1), (0, -1, 0)) (1, 0) parity m=12 p=3 r=6 X=[[1, 0, 0, 0, 0, 1, 1, 0, 0, 1, 0, 0], [1, 1, 0, 1, 0, 1, 1, 1, 0, 1, 0, 1]]
  ROTOR: ((-1, 1, -1), (0, -1, 1)) (1, 0) parity m=6 p=1 r=4 X=[[0, 0, 1, 0, 0, 0], [0, 1, 0, 1, 0, 1]]
  ROTOR: ((-1, 1, -1), (0, -1, 1)) (1, 0) parity m=6 p=2 r=2 X=[[0, 0, 1, 0, 0, 0], [0, 1, 0, 1, 0, 1]]
  ROTOR: ((-1, 1, -1), (0, -1, 1)) (1, 0) parity m=8 p=1 r=4 X=[[0, 0, 0, 0, 0, 0, 1, 0], [0, 1, 1, 1, 0, 1, 1, 1]]
  ROTOR: ((-1, 1, -1), (0, -1, 1)) (1, 0) parity m=8 p=2 r=6 X=[[1, 0, 1, 1, 1, 0, 1, 0], [1, 0, 1, 0, 1, 0, 1, 0]]
  ROTOR: ((-1, 1, -1), (0, -1, 1)) (1, 0) parity m=8 p=3 r=4 X=[[1, 0, 1, 1, 1, 0, 1, 0], [0, 0, 1, 0, 0, 0, 1, 1]]
  ROTOR: ((-1, 1, -1), (0, -1, 1)) (1, 0) parity m=10 p=1 r=5 X=[[0, 1, 0, 0, 0, 0, 1, 1, 0, 0], [0, 1, 1, 1, 0, 0, 1, 1, 1, 0]]
  ROTOR: ((-1, 1, -1), (0, -1, 1)) (1, 0) parity m=10 p=3 r=5 X=[[0, 1, 0, 0, 0, 1, 1, 0, 0, 0], [1, 0, 0, 0, 1, 0, 0, 0, 0, 1]]
  ROTOR: ((-1, 1, -1), (0, -1, 1)) (1, 0) parity m=12 p=1 r=4 X=[[0, 0, 0, 1, 0, 0, 0, 0, 0, 1, 0, 0], [1, 0, 1, 0, 1, 0, 1, 0, 1, 0, 1, 0]]
  ROTOR: ((-1, 1, -1), (0, -1, 1)) (1, 0) parity m=12 p=2 r=8 X=[[1, 1, 1, 0, 0, 1, 0, 0, 0, 1, 0, 0], [0, 1, 0, 1, 0, 1, 0, 1, 0, 1, 0, 1]]
  ROTOR: ((-1, 1, -1), (0, -1, 1)) (1, 0) parity m=12 p=3 r=6 X=[[1, 0, 0, 0, 0, 1, 1, 0, 0, 0, 0, 0], [0, 1, 0, 0, 1, 0, 0, 1, 0, 0, 1, 0]]
  ROTOR: ((-1, 1, -1), (0, 1, -1)) (1, 0) parity m=6 p=1 r=2 X=[[0, 0, 0, 0, 0, 1], [1, 0, 1, 0, 1, 0]]
  ROTOR: ((-1, 1, -1), (0, 1, -1)) (1, 0) parity m=6 p=2 r=4 X=[[0, 0, 0, 1, 0, 0], [1, 0, 1, 0, 1, 0]]
  ROTOR: ((-1, 1, -1), (0, 1, -1)) (1, 0) parity m=6 p=3 r=3 X=[[1, 0, 1, 1, 0, 0], [1, 0, 0, 1, 0, 1]]
  ROTOR: ((-1, 1, -1), (0, 1, -1)) (1, 0) parity m=8 p=1 r=4 X=[[1, 1, 0, 1, 1, 1, 0, 1], [0, 0, 0, 1, 1, 0, 0, 1]]
  ROTOR: ((-1, 1, -1), (0, 1, -1)) (1, 0) parity m=8 p=3 r=4 X=[[0, 1, 0, 0, 0, 0, 0, 0], [0, 0, 1, 0, 0, 0, 1, 0]]
  ROTOR: ((-1, 1, -1), (0, 1, -1)) (1, 0) parity m=10 p=1 r=5 X=[[0, 0, 1, 1, 0, 0, 0, 1, 0, 0], [0, 1, 1, 1, 1, 0, 1, 1, 1, 1]]
  ROTOR: ((-1, 1, -1), (0, 1, -1)) (1, 0) parity m=10 p=2 r=5 X=[[0, 0, 0, 0, 0, 0, 0, 0, 0, 1], [1, 0, 1, 0, 0, 1, 0, 1, 0, 0]]
  ROTOR: ((-1, 1, -1), (0, 1, -1)) (1, 0) parity m=10 p=3 r=5 X=[[0, 0, 1, 1, 1, 0, 0, 1, 0, 1], [0, 0, 1, 0, 1, 0, 0, 1, 1, 1]]
  ROTOR: ((-1, 1, -1), (0, 1, -1)) (1, 0) parity m=12 p=1 r=6 X=[[0, 0, 0, 0, 1, 1, 0, 0, 0, 0, 1, 0], [1, 0, 1, 1, 1, 1, 1, 0, 1, 1, 1, 1]]
  ROTOR: ((-1, 1, -1), (0, 1, -1)) (1, 0) parity m=12 p=2 r=6 X=[[1, 0, 0, 0, 1, 0, 1, 0, 0, 0, 0, 0], [0, 1, 0, 0, 1, 1, 0, 1, 0, 0, 1, 1]]
  ROTOR: ((-1, 1, -1), (0, 1, -1)) (1, 0) parity m=12 p=3 r=6 X=[[0, 1, 0, 1, 0, 0, 1, 1, 0, 0, 0, 0], [1, 1, 0, 0, 1, 0, 0, 1, 0, 0, 1, 0]]
  ROTOR: ((-1, 1, -1), (0, 1, 0)) (1, 0) parity m=4 p=1 r=2 X=[[1, 0, 0, 0], [1, 0, 1, 0]]
  ROTOR: ((-1, 1, -1), (0, 1, 0)) (1, 0) parity m=4 p=3 r=2 X=[[0, 0, 1, 0], [1, 0, 1, 0]]
  ROTOR: ((-1, 1, -1), (0, 1, 0)) (1, 0) parity m=6 p=1 r=3 X=[[1, 0, 0, 0, 0, 0], [1, 0, 0, 1, 0, 0]]
  ROTOR: ((-1, 1, -1), (0, 1, 0)) (1, 0) parity m=6 p=2 r=3 X=[[1, 0, 0, 1, 0, 0], [1, 1, 0, 0, 1, 0]]
  ROTOR: ((-1, 1, -1), (0, 1, 0)) (1, 0) parity m=6 p=3 r=3 X=[[0, 0, 1, 0, 0, 0], [0, 0, 1, 0, 0, 1]]
  ROTOR: ((-1, 1, -1), (0, 1, 0)) (1, 0) parity m=8 p=1 r=4 X=[[1, 1, 0, 1, 1, 1, 0, 1], [1, 0, 0, 0, 0, 0, 0, 0]]
  ROTOR: ((-1, 1, -1), (0, 1, 0)) (1, 0) parity m=8 p=2 r=4 X=[[1, 1, 0, 0, 1, 1, 0, 0], [0, 1, 1, 0, 0, 0, 1, 0]]
  ROTOR: ((-1, 1, -1), (0, 1, 0)) (1, 0) parity m=8 p=3 r=2 X=[[0, 0, 1, 0, 0, 0, 1, 0], [1, 0, 1, 0, 1, 0, 1, 0]]
  ROTOR: ((-1, 1, -1), (0, 1, 0)) (1, 0) parity m=10 p=1 r=5 X=[[0, 0, 1, 1, 0, 0, 0, 1, 1, 0], [0, 1, 0, 0, 0, 0, 1, 1, 0, 0]]
  ROTOR: ((-1, 1, -1), (0, 1, 0)) (1, 0) parity m=10 p=2 r=5 X=[[1, 1, 0, 0, 1, 1, 1, 0, 0, 1], [1, 0, 1, 0, 1, 1, 1, 1, 0, 1]]
  ROTOR: ((-1, 1, -1), (0, 1, 0)) (1, 0) parity m=10 p=3 r=5 X=[[0, 1, 0, 0, 0, 0, 1, 0, 1, 0], [0, 0, 0, 1, 0, 0, 0, 0, 1, 0]]
  ROTOR: ((-1, 1, -1), (0, 1, 0)) (1, 0) parity m=12 p=1 r=3 X=[[1, 0, 0, 1, 1, 0, 1, 0, 0, 1, 1, 0], [1, 1, 0, 0, 1, 0, 0, 1, 0, 1, 1, 0]]
  ROTOR: ((-1, 1, -1), (0, 1, 0)) (1, 0) parity m=12 p=2 r=6 X=[[1, 1, 1, 0, 0, 1, 1, 1, 1, 0, 0, 1], [0, 1, 0, 1, 0, 1, 0, 1, 1, 1, 0, 1]]
  ROTOR: ((-1, 1, -1), (0, 1, 0)) (1, 0) parity m=12 p=3 r=6 X=[[0, 1, 0, 1, 1, 1, 0, 0, 0, 1, 1, 1], [0, 1, 0, 0, 0, 0, 0, 1, 0, 0, 1, 0]]
  ROTOR: ((-1, 1, -1), (0, 1, 1)) (1, 0) parity m=6 p=1 r=3 X=[[0, 1, 1, 0, 1, 1], [0, 0, 0, 0, 1, 0]]
  ROTOR: ((-1, 1, -1), (0, 1, 1)) (1, 0) parity m=6 p=3 r=3 X=[[1, 0, 1, 1, 0, 1], [0, 0, 0, 0, 0, 1]]
  ROTOR: ((-1, 1, -1), (0, 1, 1)) (1, 0) parity m=8 p=1 r=4 X=[[1, 1, 0, 1, 1, 1, 0, 1], [0, 0, 0, 1, 1, 0, 0, 1]]
  ROTOR: ((-1, 1, -1), (0, 1, 1)) (1, 0) parity m=8 p=3 r=4 X=[[1, 0, 1, 1, 1, 0, 1, 1], [0, 0, 1, 0, 0, 0, 1, 1]]
  ROTOR: ((-1, 1, -1), (0, 1, 1)) (1, 0) parity m=10 p=1 r=5 X=[[0, 1, 1, 0, 0, 0, 1, 1, 0, 0], [0, 0, 0, 0, 0, 0, 1, 0, 0, 0]]
  ROTOR: ((-1, 1, -1), (0, 1, 1)) (1, 0) parity m=10 p=3 r=5 X=[[1, 0, 1, 1, 1, 1, 0, 1, 1, 1], [0, 0, 0, 0, 0, 0, 0, 0, 0, 1]]
  ROTOR: ((-1, 1, -1), (0, 1, 1)) (1, 0) parity m=12 p=1 r=6 X=[[1, 1, 1, 1, 1, 0, 1, 1, 1, 1, 1, 0], [1, 1, 0, 0, 0, 0, 1, 1, 0, 1, 0, 0]]
  ROTOR: ((-1, 1, -1), (0, 1, 1)) (1, 0) parity m=12 p=3 r=6 X=[[0, 0, 0, 0, 1, 1, 0, 0, 0, 0, 1, 1], [0, 0, 0, 0, 1, 0, 0, 0, 0, 0, 0, 0]]
  ROTOR: ((-1, 1, -1), (1, -1, -1)) (1, 0) parity m=8 p=1 r=4 X=[[1, 1, 1, 0, 1, 1, 1, 0], [0, 0, 0, 0, 0, 1, 0, 0]]
  ROTOR: ((-1, 1, -1), (1, -1, -1)) (1, 0) parity m=8 p=3 r=4 X=[[1, 1, 1, 0, 1, 1, 1, 0], [0, 1, 0, 0, 0, 0, 0, 0]]
  ROTOR: ((-1, 1, -1), (1, -1, -1)) (1, 0) parity m=10 p=1 r=5 X=[[0, 1, 1, 1, 1, 0, 1, 1, 1, 1], [0, 0, 1, 1, 1, 0, 0, 1, 0, 1]]
  ROTOR: ((-1, 1, -1), (1, -1, -1)) (1, 0) parity m=10 p=3 r=5 X=[[1, 0, 1, 0, 1, 1, 0, 1, 0, 1], [0, 0, 0, 1, 0, 0, 0, 0, 1, 1]]
  ROTOR: ((-1, 1, -1), (1, -1, -1)) (1, 0) parity m=12 p=1 r=6 X=[[0, 1, 1, 0, 1, 1, 0, 1, 1, 0, 1, 1], [0, 0, 1, 1, 0, 1, 0, 0, 1, 1, 1, 1]]
  ROTOR: ((-1, 1, -1), (1, -1, -1)) (1, 0) parity m=12 p=3 r=6 X=[[1, 0, 0, 0, 1, 1, 1, 0, 0, 0, 1, 1], [0, 0, 0, 0, 0, 0, 0, 0, 0, 0, 0, 1]]
  ROTOR: ((-1, 1, -1), (1, -1, 0)) (1, 0) parity m=6 p=1 r=3 X=[[0, 0, 0, 1, 0, 0], [1, 1, 0, 1, 1, 0]]
  ROTOR: ((-1, 1, -1), (1, -1, 0)) (1, 0) parity m=6 p=3 r=3 X=[[0, 0, 0, 0, 1, 0], [0, 1, 1, 0, 1, 1]]
  ROTOR: ((-1, 1, -1), (1, -1, 0)) (1, 0) parity m=8 p=1 r=4 X=[[1, 1, 0, 1, 1, 1, 0, 0], [0, 1, 0, 1, 1, 1, 0, 1]]
  ROTOR: ((-1, 1, -1), (1, -1, 0)) (1, 0) parity m=8 p=3 r=4 X=[[0, 1, 1, 0, 1, 1, 1, 0], [1, 1, 0, 0, 1, 0, 0, 0]]
  ROTOR: ((-1, 1, -1), (1, -1, 0)) (1, 0) parity m=10 p=1 r=5 X=[[1, 1, 1, 1, 0, 0, 1, 1, 1, 0], [1, 0, 0, 0, 0, 1, 0, 1, 0, 0]]
  ROTOR: ((-1, 1, -1), (1, -1, 0)) (1, 0) parity m=10 p=3 r=5 X=[[1, 1, 0, 0, 1, 1, 1, 0, 0, 0], [1, 0, 0, 0, 1, 0, 0, 0, 0, 1]]
  ROTOR: ((-1, 1, -1), (1, -1, 0)) (1, 0) parity m=12 p=1 r=6 X=[[0, 1, 1, 1, 1, 0, 1, 1, 1, 1, 1, 0], [1, 1, 0, 1, 1, 0, 1, 1, 0, 0, 1, 0]]
  ROTOR: ((-1, 1, -1), (1, -1, 0)) (1, 0) parity m=12 p=3 r=6 X=[[1, 0, 0, 1, 1, 1, 1, 0, 1, 1, 1, 1], [0, 0, 1, 0, 1, 1, 0, 0, 1, 0, 1, 0]]
  ROTOR: ((-1, 1, -1), (1, -1, 1)) (1, 0) parity m=8 p=1 r=4 X=[[1, 1, 1, 0, 1, 0, 1, 0], [1, 0, 0, 0, 1, 1, 0, 0]]
  ROTOR: ((-1, 1, -1), (1, -1, 1)) (1, 0) parity m=8 p=3 r=4 X=[[1, 0, 0, 1, 1, 0, 0, 0], [0, 0, 1, 0, 0, 0, 1, 1]]
  ROTOR: ((-1, 1, -1), (-1, 1, 0), (0, -1, -1)) (0, 0, 0) parity m=9 p=1 r=3 X=[[0, 1, 1, 0, 1, 0, 0, 0, 0], [0, 0, 1, 0, 0, 1, 0, 0, 1], [0, 0, 1, 0, 0, 1, 0, 0, 1]]
  ROTOR: ((-1, 1, -1), (1, -1, 1)) (1, 0) parity m=10 p=1 r=5 X=[[1, 1, 1, 0, 1, 0, 1, 1, 0, 1], [1, 1, 1, 0, 1, 1, 0, 1, 0, 1]]
  ROTOR: ((-1, 1, -1), (1, -1, 1)) (1, 0) parity m=10 p=3 r=5 X=[[1, 1, 0, 1, 0, 1, 1, 0, 1, 0], [1, 0, 0, 0, 1, 0, 0, 0, 0, 1]]
  ROTOR: ((-1, 1, -1), (-1, 1, 0), (0, -1, -1)) (0, 0, 0) parity m=9 p=2 r=3 X=[[0, 0, 0, 1, 0, 0, 1, 1, 0], [0, 1, 0, 0, 1, 0, 0, 1, 0], [0, 1, 0, 0, 1, 0, 0, 1, 0]]
  ROTOR: ((-1, 1, -1), (1, -1, 1)) (1, 0) parity m=12 p=1 r=6 X=[[1, 1, 0, 0, 1, 1, 1, 1, 0, 0, 1, 1], [0, 0, 0, 0, 0, 0, 1, 0, 0, 0, 0, 0]]
  ROTOR: ((-1, 1, -1), (1, -1, 1)) (1, 0) parity m=12 p=3 r=6 X=[[0, 0, 0, 0, 1, 0, 0, 0, 0, 0, 1, 1], [1, 0, 0, 0, 1, 1, 1, 0, 0, 0, 1, 1]]
  ROTOR: ((-1, 1, 0), (-1, 1, -1)) (1, 0) parity m=6 p=1 r=3 X=[[0, 0, 1, 0, 0, 0], [1, 0, 1, 1, 0, 1]]
  ROTOR: ((-1, 1, 0), (-1, 1, -1)) (1, 0) parity m=6 p=2 r=3 X=[[1, 1, 0, 0, 1, 0], [1, 0, 0, 1, 0, 0]]
  ROTOR: ((-1, 1, 0), (-1, 1, -1)) (1, 0) parity m=6 p=3 r=3 X=[[0, 0, 0, 0, 1, 0], [0, 1, 1, 0, 1, 1]]
  ROTOR: ((-1, 1, 0), (-1, 1, -1)) (1, 0) parity m=8 p=1 r=4 X=[[1, 0, 0, 1, 0, 0, 0, 1], [1, 1, 0, 0, 1, 1, 0, 0]]
  ROTOR: ((-1, 1, 0), (-1, 1, -1)) (1, 0) parity m=8 p=2 r=4 X=[[0, 0, 1, 1, 0, 0, 0, 1], [0, 1, 1, 0, 0, 1, 1, 0]]
  ROTOR: ((-1, 1, 0), (-1, 1, -1)) (1, 0) parity m=8 p=3 r=4 X=[[0, 0, 0, 0, 1, 0, 0, 0], [1, 1, 0, 0, 1, 1, 0, 0]]
  ROTOR: ((-1, 1, 0), (-1, 1, -1)) (1, 0) parity m=10 p=1 r=5 X=[[0, 0, 1, 0, 0, 0, 0, 1, 0, 1], [1, 0, 0, 0, 1, 1, 0, 0, 0, 1]]
  ROTOR: ((-1, 1, 0), (-1, 1, -1)) (1, 0) parity m=10 p=2 r=5 X=[[0, 1, 0, 0, 0, 1, 1, 0, 0, 0], [1, 0, 0, 1, 0, 1, 0, 0, 1, 0]]
  ROTOR: ((-1, 1, 0), (-1, 1, -1)) (1, 0) parity m=10 p=3 r=5 X=[[0, 1, 0, 0, 0, 0, 1, 1, 0, 0], [1, 0, 1, 1, 0, 1, 0, 1, 1, 0]]
  ROTOR: ((-1, 1, 0), (-1, 1, -1)) (1, 0) parity m=12 p=1 r=6 X=[[0, 0, 0, 1, 1, 1, 1, 0, 0, 1, 1, 1], [1, 1, 0, 1, 0, 1, 1, 1, 0, 1, 0, 1]]
  ROTOR: ((-1, 1, 0), (-1, 1, -1)) (1, 0) parity m=12 p=2 r=6 X=[[0, 0, 1, 1, 0, 1, 0, 0, 1, 1, 1, 1], [0, 0, 0, 0, 1, 1, 0, 0, 0, 0, 1, 1]]
  ROTOR: ((-1, 1, 0), (-1, 1, -1)) (1, 0) parity m=12 p=3 r=6 X=[[0, 0, 0, 1, 1, 1, 1, 0, 0, 1, 1, 1], [1, 1, 0, 0, 1, 0, 1, 1, 0, 0, 1, 0]]
  ROTOR: ((-1, 1, -1), (-1, 1, 0), (0, 1, -1)) (1, 2, 0) parity m=9 p=1 r=6 X=[[1, 1, 0, 0, 1, 0, 0, 1, 0], [0, 1, 0, 1, 1, 0, 0, 1, 0], [0, 1, 0, 0, 0, 0, 0, 1, 0]]
  ROTOR: ((-1, 1, -1), (-1, 1, 0), (0, 1, -1)) (1, 2, 0) parity m=9 p=2 r=6 X=[[0, 0, 1, 0, 1, 1, 0, 0, 1], [0, 1, 1, 0, 0, 1, 0, 0, 1], [0, 0, 0, 0, 0, 1, 0, 0, 1]]
  ROTOR: ((-1, 1, 0), (0, -1, -1)) (1, 0) parity m=6 p=1 r=3 X=[[0, 1, 1, 0, 1, 1], [0, 0, 1, 0, 0, 0]]
  ROTOR: ((-1, 1, 0), (0, -1, -1)) (1, 0) parity m=6 p=3 r=3 X=[[0, 1, 1, 0, 1, 1], [0, 0, 1, 0, 0, 0]]
  ROTOR: ((-1, 1, 0), (0, -1, -1)) (1, 0) parity m=8 p=1 r=4 X=[[0, 1, 0, 1, 0, 1, 0, 1], [0, 0, 1, 1, 0, 0, 1, 0]]
  ROTOR: ((-1, 1, 0), (0, -1, -1)) (1, 0) parity m=8 p=3 r=4 X=[[0, 1, 1, 0, 0, 1, 1, 0], [0, 0, 0, 0, 0, 0, 1, 0]]
  ROTOR: ((-1, 1, 0), (0, -1, -1)) (1, 0) parity m=10 p=1 r=5 X=[[1, 0, 1, 0, 0, 1, 0, 1, 0, 0], [0, 1, 1, 0, 0, 0, 1, 0, 0, 0]]
  ROTOR: ((-1, 1, 0), (0, -1, -1)) (1, 0) parity m=10 p=3 r=5 X=[[0, 1, 1, 1, 0, 0, 1, 1, 1, 0], [0, 0, 1, 1, 0, 0, 0, 1, 0, 0]]
  ROTOR: ((-1, 1, 0), (0, -1, -1)) (1, 0) parity m=12 p=1 r=6 X=[[0, 1, 1, 0, 1, 1, 0, 1, 1, 0, 1, 1], [0, 0, 0, 1, 0, 0, 0, 0, 0, 1, 0, 1]]
  ROTOR: ((-1, 1, 0), (0, -1, -1)) (1, 0) parity m=12 p=3 r=6 X=[[0, 0, 1, 1, 1, 1, 0, 0, 1, 1, 1, 1], [0, 0, 0, 1, 0, 1, 0, 0, 0, 1, 0, 0]]
  ROTOR: ((-1, 1, 0), (0, -1, 0)) (1, 0) parity m=4 p=1 r=2 X=[[1, 0, 0, 0], [1, 0, 1, 0]]
  ROTOR: ((-1, 1, 0), (0, -1, 0)) (1, 0) parity m=4 p=3 r=2 X=[[0, 1, 0, 0], [0, 1, 0, 1]]
  ROTOR: ((-1, 1, 0), (0, -1, 0)) (1, 0) parity m=6 p=1 r=3 X=[[0, 1, 1, 0, 1, 1], [0, 0, 1, 0, 0, 0]]
  ROTOR: ((-1, 1, 0), (0, -1, 0)) (1, 0) parity m=6 p=3 r=3 X=[[0, 0, 1, 0, 1, 1], [0, 1, 1, 0, 1, 0]]
  ROTOR: ((-1, 1, 0), (0, -1, 0)) (1, 0) parity m=8 p=1 r=4 X=[[0, 0, 0, 1, 0, 0, 0, 0], [1, 0, 0, 1, 1, 0, 0, 1]]
  ROTOR: ((-1, 1, 0), (0, -1, 0)) (1, 0) parity m=8 p=3 r=4 X=[[0, 1, 1, 0, 0, 1, 1, 0], [0, 0, 0, 0, 0, 0, 1, 0]]
  ROTOR: ((-1, 1, 0), (0, -1, 0)) (1, 0) parity m=10 p=1 r=5 X=[[1, 0, 1, 0, 0, 1, 0, 0, 0, 0], [0, 0, 1, 1, 0, 0, 0, 1, 1, 0]]
  ROTOR: ((-1, 1, -1), (-1, 1, 0), (0, 1, -1)) (0, 0, 0) parity m=9 p=1 r=6 X=[[0, 1, 0, 0, 0, 1, 0, 1, 1], [0, 0, 1, 0, 0, 1, 0, 0, 1], [0, 0, 1, 0, 0, 1, 0, 0, 1]]
  ROTOR: ((-1, 1, -1), (-1, 1, 0), (0, 1, -1)) (0, 0, 0) parity m=9 p=2 r=3 X=[[0, 1, 0, 0, 0, 1, 0, 1, 1], [0, 0, 1, 0, 0, 1, 0, 0, 1], [0, 0, 1, 0, 0, 1, 0, 0, 1]]
  ROTOR: ((-1, 1, 0), (0, -1, 0)) (1, 0) parity m=10 p=3 r=5 X=[[0, 1, 1, 0, 1, 0, 1, 1, 0, 0], [1, 0, 0, 0, 1, 1, 0, 1, 0, 1]]
  ROTOR: ((-1, 1, 0), (0, -1, 0)) (1, 0) parity m=12 p=1 r=6 X=[[1, 0, 0, 0, 0, 0, 1, 0, 0, 1, 0, 1], [0, 1, 0, 1, 0, 1, 0, 1, 0, 1, 0, 1]]
  ROTOR: ((-1, 1, 0), (0, -1, 0)) (1, 0) parity m=12 p=3 r=3 X=[[0, 0, 1, 0, 0, 0, 0, 0, 1, 0, 0, 0], [0, 0, 1, 0, 0, 1, 0, 0, 1, 0, 0, 1]]
  ROTOR: ((-1, 1, 0), (0, -1, 1)) (1, 0) parity m=6 p=1 r=4 X=[[0, 0, 0, 0, 0, 1], [1, 0, 1, 0, 1, 0]]
  ROTOR: ((-1, 1, 0), (0, -1, 1)) (1, 0) parity m=6 p=2 r=3 X=[[1, 1, 0, 1, 1, 0], [1, 1, 0, 1, 0, 0]]
  ROTOR: ((-1, 1, 0), (0, -1, 1)) (1, 0) parity m=6 p=3 r=3 X=[[0, 1, 1, 0, 1, 1], [0, 0, 1, 0, 0, 0]]
  ROTOR: ((-1, 1, 0), (0, -1, 1)) (1, 0) parity m=8 p=1 r=4 X=[[0, 1, 1, 1, 0, 1, 0, 1], [0, 1, 1, 0, 0, 1, 1, 1]]
  ROTOR: ((-1, 1, 0), (0, -1, 1)) (1, 0) parity m=8 p=2 r=4 X=[[1, 0, 0, 0, 1, 0, 0, 0], [1, 1, 0, 0, 1, 0, 0, 0]]
  ROTOR: ((-1, 1, 0), (0, -1, 1)) (1, 0) parity m=8 p=3 r=4 X=[[1, 1, 1, 0, 1, 1, 1, 0], [0, 0, 0, 0, 0, 0, 1, 0]]
  ROTOR: ((-1, 1, 0), (0, -1, 1)) (1, 0) parity m=10 p=1 r=5 X=[[0, 0, 1, 1, 0, 0, 1, 1, 1, 0], [1, 1, 0, 1, 0, 1, 1, 0, 0, 0]]
  ROTOR: ((-1, 1, 0), (0, -1, 1)) (1, 0) parity m=10 p=2 r=5 X=[[0, 0, 1, 1, 1, 1, 0, 1, 1, 1], [1, 0, 1, 0, 1, 1, 0, 1, 0, 1]]
  ROTOR: ((-1, 1, 0), (0, -1, 1)) (1, 0) parity m=10 p=3 r=5 X=[[1, 0, 1, 0, 1, 1, 0, 1, 0, 1], [0, 0, 0, 1, 1, 1, 0, 0, 1, 1]]
  ROTOR: ((-1, 1, 0), (0, -1, 1)) (1, 0) parity m=12 p=1 r=6 X=[[0, 1, 1, 1, 1, 0, 0, 0, 1, 1, 1, 0], [1, 0, 0, 1, 1, 0, 1, 0, 0, 1, 0, 0]]
  ROTOR: ((-1, 1, 0), (0, -1, 1)) (1, 0) parity m=12 p=2 r=6 X=[[0, 1, 0, 0, 0, 1, 1, 1, 0, 0, 0, 1], [1, 1, 0, 1, 0, 1, 1, 1, 0, 1, 0, 1]]
  ROTOR: ((-1, 1, 0), (0, -1, 1)) (1, 0) parity m=12 p=3 r=3 X=[[1, 0, 1, 0, 0, 1, 1, 0, 1, 0, 0, 1], [1, 0, 1, 0, 0, 1, 0, 0, 1, 1, 0, 1]]
  ROTOR: ((-1, 1, 0), (0, 1, -1)) (1, 0) parity m=6 p=1 r=2 X=[[1, 0, 0, 0, 0, 0], [0, 1, 0, 1, 0, 1]]
  ROTOR: ((-1, 1, 0), (0, 1, -1)) (1, 0) parity m=6 p=2 r=3 X=[[1, 0, 1, 1, 0, 0], [1, 0, 1, 1, 0, 1]]
  ROTOR: ((-1, 1, 0), (0, 1, -1)) (1, 0) parity m=6 p=3 r=3 X=[[0, 0, 0, 0, 1, 0], [0, 0, 1, 0, 0, 1]]
  ROTOR: ((-1, 1, 0), (0, 1, -1)) (1, 0) parity m=8 p=1 r=4 X=[[0, 0, 0, 0, 0, 0, 1, 0], [0, 0, 0, 1, 0, 0, 0, 1]]
  ROTOR: ((-1, 1, 0), (0, 1, -1)) (1, 0) parity m=8 p=2 r=4 X=[[0, 1, 1, 0, 0, 0, 1, 0], [1, 1, 1, 0, 1, 1, 1, 0]]
  ROTOR: ((-1, 1, 0), (0, 1, -1)) (1, 0) parity m=8 p=3 r=4 X=[[0, 0, 0, 0, 0, 0, 0, 1], [1, 0, 0, 0, 1, 0, 0, 0]]
  ROTOR: ((-1, 1, 0), (0, 1, -1)) (1, 0) parity m=10 p=1 r=5 X=[[0, 0, 1, 0, 0, 0, 0, 1, 0, 1], [1, 0, 0, 0, 0, 1, 0, 0, 0, 0]]
  ROTOR: ((-1, 1, 0), (0, 1, -1)) (1, 0) parity m=10 p=2 r=5 X=[[0, 1, 0, 1, 0, 0, 0, 0, 1, 0], [0, 0, 1, 0, 1, 0, 0, 1, 0, 1]]
  ROTOR: ((-1, 1, 0), (0, 1, -1)) (1, 0) parity m=10 p=3 r=5 X=[[0, 1, 0, 0, 0, 0, 1, 0, 1, 0], [0, 0, 0, 0, 1, 0, 0, 0, 0, 1]]
  ROTOR: ((-1, 1, 0), (0, 1, -1)) (1, 0) parity m=12 p=1 r=6 X=[[1, 1, 1, 1, 0, 0, 1, 1, 1, 0, 0, 0], [1, 0, 1, 1, 1, 0, 1, 0, 1, 1, 1, 0]]
  ROTOR: ((-1, 1, 0), (0, 1, -1)) (1, 0) parity m=12 p=2 r=4 X=[[1, 0, 1, 0, 1, 0, 0, 0, 1, 0, 0, 0], [0, 1, 0, 1, 0, 1, 0, 1, 0, 1, 0, 1]]
  ROTOR: ((-1, 1, 0), (0, 1, -1)) (1, 0) parity m=12 p=3 r=6 X=[[0, 0, 1, 0, 1, 0, 0, 0, 1, 0, 1, 1], [1, 0, 0, 1, 1, 1, 1, 0, 0, 1, 1, 1]]
  ROTOR: ((-1, 1, 0), (0, 1, 0)) (1, 0) parity m=4 p=1 r=2 X=[[0, 0, 1, 0], [1, 0, 1, 0]]
  ROTOR: ((-1, 1, 0), (0, 1, 0)) (1, 0) parity m=4 p=3 r=2 X=[[0, 0, 1, 0], [1, 0, 1, 0]]
  ROTOR: ((-1, 1, 0), (0, 1, 0)) (1, 0) parity m=6 p=1 r=3 X=[[0, 1, 0, 0, 0, 0], [0, 1, 0, 0, 1, 0]]
  ROTOR: ((-1, 1, 0), (0, 1, 0)) (1, 0) parity m=6 p=3 r=3 X=[[0, 0, 1, 0, 0, 0], [0, 0, 1, 0, 0, 1]]
  ROTOR: ((-1, 1, 0), (0, 1, 0)) (1, 0) parity m=8 p=1 r=2 X=[[0, 1, 0, 0, 0, 1, 0, 0], [0, 1, 0, 1, 0, 1, 0, 1]]
  ROTOR: ((-1, 1, 0), (0, 1, 0)) (1, 0) parity m=8 p=3 r=4 X=[[0, 0, 1, 0, 0, 0, 0, 0], [0, 0, 1, 0, 0, 0, 1, 0]]
  ROTOR: ((-1, 1, 0), (0, 1, 0)) (1, 0) parity m=10 p=1 r=5 X=[[1, 0, 0, 0, 0, 1, 0, 0, 1, 0], [0, 0, 0, 1, 0, 0, 0, 0, 1, 0]]
  ROTOR: ((-1, 1, 0), (0, 1, 0)) (1, 0) parity m=10 p=3 r=5 X=[[0, 1, 0, 0, 0, 0, 0, 0, 0, 0], [0, 1, 0, 0, 0, 0, 1, 0, 0, 0]]
  ROTOR: ((-1, 1, 0), (0, 1, 0)) (1, 0) parity m=12 p=1 r=6 X=[[0, 1, 0, 1, 0, 0, 0, 0, 0, 0, 0, 0], [0, 1, 0, 1, 0, 0, 0, 1, 0, 1, 0, 0]]
  ROTOR: ((-1, 1, 0), (0, 1, 0)) (1, 0) parity m=12 p=3 r=6 X=[[1, 0, 1, 0, 0, 0, 0, 0, 0, 0, 1, 0], [1, 0, 1, 0, 1, 0, 1, 0, 1, 0, 1, 0]]
  ROTOR: ((-1, 1, 0), (1, -1, -1)) (1, 0) parity m=6 p=1 r=3 X=[[0, 1, 1, 0, 1, 1], [0, 0, 1, 0, 0, 0]]
  ROTOR: ((-1, 1, 0), (1, -1, -1)) (1, 0) parity m=6 p=3 r=3 X=[[1, 1, 0, 1, 1, 0], [0, 1, 0, 0, 0, 0]]
  ROTOR: ((-1, 1, 0), (1, -1, -1)) (1, 0) parity m=8 p=1 r=4 X=[[0, 1, 1, 0, 0, 1, 1, 0], [0, 0, 0, 0, 0, 0, 1, 0]]
  ROTOR: ((-1, 1, 0), (1, -1, -1)) (1, 0) parity m=8 p=3 r=4 X=[[0, 1, 1, 0, 0, 1, 1, 0], [0, 0, 0, 0, 0, 0, 1, 0]]
  ROTOR: ((-1, 1, 0), (1, -1, -1)) (1, 0) parity m=10 p=1 r=5 X=[[0, 1, 1, 0, 1, 0, 1, 1, 0, 1], [1, 0, 0, 0, 0, 1, 0, 1, 0, 0]]
  ROTOR: ((-1, 1, 0), (1, -1, -1)) (1, 0) parity m=10 p=3 r=5 X=[[1, 0, 0, 0, 1, 1, 0, 0, 0, 1], [0, 0, 1, 0, 0, 1, 0, 1, 0, 0]]
  ROTOR: ((-1, 1, 0), (1, -1, -1)) (1, 0) parity m=12 p=1 r=6 X=[[1, 1, 1, 0, 1, 0, 1, 1, 1, 0, 1, 0], [0, 1, 1, 0, 1, 0, 0, 1, 0, 0, 1, 0]]
  ROTOR: ((-1, 1, 0), (1, -1, -1)) (1, 0) parity m=12 p=3 r=6 X=[[1, 1, 1, 1, 1, 0, 1, 1, 1, 1, 1, 0], [0, 1, 0, 0, 0, 0, 0, 1, 0, 0, 1, 0]]
  ROTOR: ((-1, 1, 0), (1, -1, 0)) (1, 0) parity m=6 p=1 r=3 X=[[0, 0, 1, 0, 1, 1], [0, 1, 1, 0, 1, 0]]
  ROTOR: ((-1, 1, 0), (1, -1, 0)) (1, 0) parity m=6 p=3 r=3 X=[[0, 1, 1, 0, 1, 1], [0, 0, 1, 0, 0, 0]]
  ROTOR: ((-1, 1, 0), (1, -1, 0)) (1, 0) parity m=8 p=1 r=4 X=[[0, 1, 0, 1, 0, 0, 0, 1], [0, 1, 1, 0, 0, 1, 1, 1]]
  ROTOR: ((-1, 1, 0), (1, -1, 0)) (1, 0) parity m=8 p=3 r=4 X=[[1, 1, 0, 0, 1, 1, 0, 0], [0, 1, 0, 0, 0, 0, 0, 0]]
  ROTOR: ((-1, 1, 0), (1, -1, 0)) (1, 0) parity m=10 p=1 r=5 X=[[1, 0, 1, 1, 0, 0, 0, 1, 1, 0], [1, 1, 0, 1, 0, 1, 1, 0, 0, 0]]
  ROTOR: ((-1, 1, 0), (1, -1, 0)) (1, 0) parity m=10 p=3 r=5 X=[[0, 1, 1, 1, 0, 0, 1, 1, 1, 0], [0, 0, 0, 0, 0, 0, 0, 0, 1, 0]]
  ROTOR: ((-1, 1, 0), (1, -1, 0)) (1, 0) parity m=12 p=1 r=6 X=[[1, 0, 0, 0, 1, 1, 1, 0, 0, 0, 0, 1], [0, 0, 1, 0, 1, 1, 1, 0, 1, 0, 1, 1]]
  ROTOR: ((-1, 1, 0), (1, -1, 0)) (1, 0) parity m=12 p=3 r=6 X=[[1, 0, 1, 0, 0, 1, 1, 0, 1, 0, 1, 1], [0, 1, 1, 0, 1, 1, 0, 1, 0, 0, 1, 1]]
  ROTOR: ((-1, 1, 0), (1, -1, 1)) (1, 0) parity m=6 p=1 r=3 X=[[1, 0, 1, 1, 0, 1], [0, 0, 0, 1, 0, 0]]
  ROTOR: ((-1, 1, 0), (1, -1, 1)) (1, 0) parity m=6 p=3 r=3 X=[[0, 1, 1, 0, 1, 1], [0, 0, 1, 0, 0, 0]]
  ROTOR: ((-1, 1, 0), (1, -1, 1)) (1, 0) parity m=8 p=1 r=4 X=[[0, 0, 1, 0, 0, 0, 1, 1], [1, 0, 1, 1, 1, 0, 1, 1]]
  ROTOR: ((-1, 1, 0), (1, -1, 1)) (1, 0) parity m=8 p=3 r=4 X=[[1, 1, 0, 1, 1, 1, 0, 1], [0, 1, 0, 0, 0, 0, 0, 0]]
  ROTOR: ((-1, 1, 0), (1, -1, 1)) (1, 0) parity m=10 p=1 r=5 X=[[0, 0, 1, 1, 0, 0, 0, 0, 1, 0], [0, 1, 1, 1, 0, 0, 1, 1, 0, 0]]
  ROTOR: ((-1, 1, 0), (1, -1, 1)) (1, 0) parity m=10 p=3 r=5 X=[[0, 1, 1, 0, 0, 1, 1, 1, 0, 0], [1, 0, 0, 0, 1, 1, 0, 1, 0, 1]]
  ROTOR: ((-1, 1, 0), (1, -1, 1)) (1, 0) parity m=12 p=1 r=6 X=[[0, 0, 1, 1, 0, 1, 0, 0, 0, 1, 0, 1], [0, 1, 1, 0, 1, 1, 0, 1, 1, 0, 1, 0]]
  ROTOR: ((-1, 1, 0), (1, -1, 1)) (1, 0) parity m=12 p=3 r=6 X=[[1, 1, 0, 1, 1, 1, 1, 1, 0, 1, 0, 1], [0, 1, 0, 1, 1, 0, 0, 0, 0, 1, 1, 0]]
  ROTOR: ((-1, 1, 1), (-1, 1, -1)) (1, 0) parity m=6 p=1 r=3 X=[[0, 0, 0, 0, 1, 0], [0, 1, 1, 0, 1, 1]]
  ROTOR: ((-1, 1, 1), (-1, 1, -1)) (1, 0) parity m=6 p=3 r=3 X=[[0, 1, 0, 0, 0, 0], [0, 1, 1, 0, 1, 1]]
  ROTOR: ((-1, 1, 1), (-1, 1, -1)) (1, 0) parity m=8 p=1 r=4 X=[[0, 0, 0, 1, 0, 0, 0, 0], [1, 0, 0, 1, 1, 0, 0, 1]]
  ROTOR: ((-1, 1, 1), (-1, 1, -1)) (1, 0) parity m=8 p=3 r=4 X=[[1, 0, 0, 1, 0, 0, 0, 1], [1, 1, 0, 1, 1, 1, 0, 1]]
  ROTOR: ((-1, 1, 1), (-1, 1, -1)) (1, 0) parity m=10 p=1 r=5 X=[[0, 0, 0, 1, 0, 1, 0, 0, 1, 0], [1, 1, 0, 0, 1, 1, 1, 0, 0, 1]]
  ROTOR: ((-1, 1, 1), (-1, 1, -1)) (1, 0) parity m=10 p=3 r=5 X=[[1, 0, 0, 0, 1, 0, 0, 0, 0, 1], [1, 1, 0, 0, 1, 1, 1, 0, 0, 1]]
  ROTOR: ((-1, 1, 1), (-1, 1, -1)) (1, 0) parity m=12 p=1 r=6 X=[[1, 1, 0, 0, 1, 1, 1, 0, 0, 0, 1, 1], [0, 1, 1, 0, 1, 0, 0, 1, 1, 0, 1, 0]]
  ROTOR: ((-1, 1, 1), (-1, 1, -1)) (1, 0) parity m=12 p=3 r=6 X=[[0, 0, 0, 0, 0, 1, 0, 0, 1, 0, 0, 1], [0, 1, 1, 1, 0, 0, 0, 1, 1, 1, 0, 0]]
  ROTOR: ((-1, 1, -1), (0, -1, -1), (-1, 1, 0)) (0, 0, 0) parity m=9 p=1 r=3 X=[[0, 1, 1, 0, 1, 0, 0, 0, 0], [0, 0, 1, 0, 0, 1, 0, 0, 1], [0, 0, 1, 0, 0, 1, 0, 0, 1]]
  ROTOR: ((-1, 1, -1), (0, -1, -1), (-1, 1, 0)) (0, 0, 0) parity m=9 p=2 r=6 X=[[1, 0, 0, 0, 0, 0, 1, 1, 0], [0, 1, 0, 0, 1, 0, 0, 1, 0], [0, 1, 0, 0, 1, 0, 0, 1, 0]]
  ROTOR: ((-1, 1, 1), (0, -1, 0)) (1, 0) parity m=4 p=1 r=2 X=[[0, 1, 0, 0], [0, 1, 0, 1]]
  ROTOR: ((-1, 1, 1), (0, -1, 0)) (1, 0) parity m=4 p=3 r=2 X=[[0, 1, 0, 0], [0, 1, 0, 1]]
  ROTOR: ((-1, 1, 1), (0, -1, 0)) (1, 0) parity m=6 p=1 r=3 X=[[0, 0, 0, 0, 1, 0], [0, 1, 1, 0, 1, 1]]
  ROTOR: ((-1, 1, 1), (0, -1, 0)) (1, 0) parity m=6 p=3 r=3 X=[[0, 0, 0, 1, 0, 0], [1, 1, 0, 1, 1, 0]]
  ROTOR: ((-1, 1, 1), (0, -1, 0)) (1, 0) parity m=8 p=1 r=4 X=[[0, 0, 0, 0, 0, 0, 1, 0], [0, 0, 1, 1, 0, 0, 1, 1]]
  ROTOR: ((-1, 1, 1), (0, -1, 0)) (1, 0) parity m=8 p=3 r=4 X=[[0, 0, 0, 0, 0, 0, 0, 1], [1, 1, 0, 1, 1, 1, 0, 1]]
  ROTOR: ((-1, 1, 1), (0, -1, 0)) (1, 0) parity m=10 p=1 r=5 X=[[1, 0, 0, 0, 0, 1, 0, 1, 0, 0], [0, 0, 1, 0, 0, 0, 0, 1, 0, 0]]
  ROTOR: ((-1, 1, 1), (0, -1, 0)) (1, 0) parity m=10 p=3 r=5 X=[[1, 0, 0, 0, 0, 1, 0, 0, 0, 1], [0, 1, 0, 0, 1, 0, 1, 0, 0, 1]]
  ROTOR: ((-1, 1, 1), (0, -1, 0)) (1, 0) parity m=12 p=1 r=6 X=[[0, 0, 0, 1, 1, 0, 0, 1, 0, 1, 1, 0], [0, 1, 0, 0, 1, 1, 0, 1, 0, 0, 1, 1]]
  ROTOR: ((-1, 1, 1), (0, -1, 0)) (1, 0) parity m=12 p=3 r=10 X=[[0, 0, 0, 1, 0, 0, 0, 1, 0, 0, 0, 1], [0, 1, 0, 1, 0, 1, 0, 1, 0, 1, 0, 1]]
  ROTOR: ((-1, 1, 1), (0, -1, 1)) (1, 0) parity m=6 p=1 r=4 X=[[0, 0, 1, 0, 0, 0], [0, 1, 0, 1, 0, 1]]
  ROTOR: ((-1, 1, 1), (0, -1, 1)) (1, 0) parity m=6 p=2 r=2 X=[[0, 0, 0, 0, 1, 0], [0, 1, 0, 1, 0, 1]]
  ROTOR: ((-1, 1, 1), (0, -1, 1)) (1, 0) parity m=8 p=1 r=4 X=[[1, 0, 0, 1, 0, 0, 0, 1], [1, 1, 0, 1, 1, 1, 0, 1]]
  ROTOR: ((-1, 1, 1), (0, -1, 1)) (1, 0) parity m=8 p=3 r=4 X=[[0, 0, 0, 0, 1, 0, 0, 0], [1, 1, 0, 1, 1, 1, 0, 1]]
  ROTOR: ((-1, 1, 1), (0, -1, 1)) (1, 0) parity m=10 p=1 r=5 X=[[0, 1, 0, 0, 1, 1, 1, 0, 0, 1], [0, 0, 1, 0, 1, 0, 0, 1, 0, 1]]
  ROTOR: ((-1, 1, 1), (0, -1, 1)) (1, 0) parity m=10 p=3 r=5 X=[[0, 0, 0, 0, 1, 1, 0, 0, 0, 1], [1, 1, 1, 0, 1, 1, 1, 1, 0, 1]]
  ROTOR: ((-1, 1, 1), (0, -1, 1)) (1, 0) parity m=12 p=1 r=6 X=[[1, 0, 1, 1, 0, 0, 1, 1, 1, 1, 0, 0], [1, 0, 0, 0, 1, 0, 1, 0, 0, 0, 1, 0]]
  ROTOR: ((-1, 1, 1), (0, -1, 1)) (1, 0) parity m=12 p=2 r=6 X=[[0, 0, 0, 0, 0, 1, 1, 0, 0, 0, 0, 1], [1, 1, 0, 1, 0, 1, 1, 1, 0, 1, 0, 1]]
  ROTOR: ((-1, 1, 1), (0, -1, 1)) (1, 0) parity m=12 p=3 r=6 X=[[0, 0, 0, 0, 1, 0, 0, 0, 0, 1, 1, 0], [0, 0, 1, 0, 0, 1, 0, 0, 1, 0, 0, 1]]
  ROTOR: ((-1, 1, 1), (0, 1, -1)) (1, 0) parity m=6 p=1 r=2 X=[[0, 0, 1, 0, 0, 0], [0, 1, 0, 1, 0, 1]]
  ROTOR: ((-1, 1, 1), (0, 1, -1)) (1, 0) parity m=6 p=2 r=4 X=[[0, 0, 0, 1, 0, 0], [1, 0, 1, 0, 1, 0]]
  ROTOR: ((-1, 1, 1), (0, 1, -1)) (1, 0) parity m=6 p=3 r=3 X=[[0, 0, 0, 0, 0, 1], [1, 0, 0, 1, 0, 0]]
  ROTOR: ((-1, 1, 1), (0, 1, -1)) (1, 0) parity m=8 p=1 r=4 X=[[0, 1, 0, 0, 0, 1, 1, 0], [0, 0, 1, 1, 0, 0, 1, 1]]
  ROTOR: ((-1, 1, 1), (0, 1, -1)) (1, 0) parity m=8 p=3 r=4 X=[[0, 0, 0, 1, 1, 0, 0, 1], [1, 1, 0, 1, 1, 1, 0, 1]]
  ROTOR: ((-1, 1, 1), (0, 1, -1)) (1, 0) parity m=10 p=1 r=5 X=[[1, 1, 0, 0, 1, 1, 0, 0, 0, 1], [1, 1, 1, 0, 1, 1, 1, 1, 0, 1]]
  ROTOR: ((-1, 1, 1), (0, 1, -1)) (1, 0) parity m=10 p=2 r=5 X=[[0, 0, 0, 0, 1, 0, 0, 1, 0, 1], [1, 0, 0, 1, 0, 1, 0, 0, 1, 0]]
  ROTOR: ((-1, 1, 1), (0, 1, -1)) (1, 0) parity m=10 p=3 r=5 X=[[0, 0, 0, 1, 1, 1, 0, 0, 1, 1], [1, 1, 0, 1, 0, 1, 1, 0, 1, 0]]
  ROTOR: ((-1, 1, 1), (0, 1, -1)) (1, 0) parity m=12 p=1 r=6 X=[[0, 0, 0, 1, 0, 0, 0, 0, 0, 0, 0, 0], [0, 0, 0, 1, 1, 0, 0, 0, 0, 1, 1, 0]]
  ROTOR: ((-1, 1, 1), (0, 1, -1)) (1, 0) parity m=12 p=2 r=4 X=[[0, 0, 1, 0, 1, 0, 1, 0, 0, 0, 1, 0], [0, 1, 0, 1, 0, 1, 0, 1, 0, 1, 0, 1]]
  ROTOR: ((-1, 1, 1), (0, 1, -1)) (1, 0) parity m=12 p=3 r=6 X=[[0, 1, 0, 0, 0, 0, 0, 0, 0, 0, 1, 0], [0, 1, 1, 0, 0, 1, 0, 1, 1, 0, 0, 1]]
  ROTOR: ((-1, 1, 1), (0, 1, 0)) (1, 0) parity m=4 p=1 r=2 X=[[0, 1, 0, 0], [0, 1, 0, 1]]
  ROTOR: ((-1, 1, 1), (0, 1, 0)) (1, 0) parity m=4 p=3 r=2 X=[[1, 0, 0, 0], [1, 0, 1, 0]]
  ROTOR: ((-1, 1, 1), (0, 1, 0)) (1, 0) parity m=6 p=1 r=3 X=[[0, 0, 0, 0, 0, 1], [0, 0, 1, 0, 0, 1]]
  ROTOR: ((-1, 1, 1), (0, 1, 0)) (1, 0) parity m=6 p=3 r=3 X=[[0, 0, 0, 1, 0, 0], [1, 0, 0, 1, 0, 0]]
  ROTOR: ((-1, 1, 1), (0, 1, 0)) (1, 0) parity m=8 p=1 r=4 X=[[1, 0, 0, 0, 0, 0, 1, 0], [1, 0, 1, 0, 1, 0, 1, 0]]
  ROTOR: ((-1, 1, 1), (0, 1, 0)) (1, 0) parity m=8 p=3 r=4 X=[[0, 1, 0, 1, 0, 0, 0, 0], [0, 1, 0, 1, 0, 1, 0, 1]]
  ROTOR: ((-1, 1, 1), (0, 1, 0)) (1, 0) parity m=10 p=1 r=5 X=[[0, 0, 1, 0, 1, 0, 0, 1, 0, 0], [0, 0, 0, 0, 1, 0, 0, 0, 0, 1]]
  ROTOR: ((-1, 1, 1), (0, 1, 0)) (1, 0) parity m=10 p=3 r=5 X=[[0, 1, 0, 0, 0, 0, 1, 0, 1, 0], [0, 0, 0, 1, 0, 0, 0, 0, 1, 0]]
  ROTOR: ((-1, 1, 1), (0, 1, 0)) (1, 0) parity m=12 p=1 r=6 X=[[0, 0, 0, 0, 0, 0, 0, 1, 0, 0, 0, 0], [0, 1, 0, 0, 0, 0, 0, 1, 0, 0, 0, 0]]
  ROTOR: ((-1, 1, 1), (0, 1, 0)) (1, 0) parity m=12 p=3 r=2 X=[[0, 0, 0, 1, 0, 0, 0, 1, 0, 0, 0, 1], [0, 1, 0, 1, 0, 1, 0, 1, 0, 1, 0, 1]]
  ROTOR: ((-1, 1, -1), (0, -1, 0), (0, -1, 1)) (1, 2, 0) parity m=9 p=1 r=6 X=[[0, 1, 1, 0, 1, 0, 0, 1, 1], [0, 0, 1, 0, 1, 1, 0, 1, 1], [0, 1, 1, 0, 1, 1, 0, 0, 1]]
  ROTOR: ((-1, 1, -1), (0, -1, 0), (0, -1, 1)) (1, 2, 0) parity m=9 p=2 r=6 X=[[0, 1, 1, 0, 1, 1, 0, 1, 0], [0, 0, 1, 0, 1, 1, 0, 1, 1], [0, 1, 1, 0, 0, 1, 0, 1, 1]]
  ROTOR: ((-1, 1, 1), (1, -1, 0)) (1, 0) parity m=6 p=1 r=3 X=[[0, 0, 1, 0, 0, 0], [1, 0, 1, 1, 0, 1]]
  ROTOR: ((-1, 1, 1), (1, -1, 0)) (1, 0) parity m=6 p=3 r=3 X=[[0, 1, 0, 0, 0, 0], [0, 1, 1, 0, 1, 1]]
  ROTOR: ((-1, 1, 1), (1, -1, 0)) (1, 0) parity m=8 p=1 r=4 X=[[0, 0, 1, 1, 0, 0, 0, 1], [1, 0, 1, 0, 1, 0, 1, 0]]
  ROTOR: ((-1, 1, 1), (1, -1, 0)) (1, 0) parity m=8 p=3 r=4 X=[[1, 0, 0, 0, 1, 0, 0, 1], [1, 1, 0, 1, 1, 1, 0, 1]]
  ROTOR: ((-1, 1, 1), (1, -1, 0)) (1, 0) parity m=10 p=1 r=5 X=[[1, 1, 0, 0, 1, 1, 1, 0, 0, 0], [0, 1, 1, 0, 1, 0, 1, 1, 0, 1]]
  ROTOR: ((-1, 1, 1), (1, -1, 0)) (1, 0) parity m=10 p=3 r=5 X=[[1, 1, 0, 0, 0, 0, 1, 0, 0, 0], [1, 1, 1, 0, 0, 1, 1, 1, 0, 0]]
  ROTOR: ((-1, 1, 1), (1, -1, 0)) (1, 0) parity m=12 p=1 r=6 X=[[1, 1, 0, 1, 0, 0, 0, 1, 0, 1, 0, 0], [1, 0, 1, 1, 1, 0, 1, 0, 1, 1, 1, 0]]
  ROTOR: ((-1, 1, 1), (1, -1, 0)) (1, 0) parity m=12 p=3 r=6 X=[[0, 0, 1, 1, 1, 0, 0, 1, 1, 1, 1, 0], [0, 1, 0, 0, 1, 1, 0, 1, 0, 0, 1, 1]]
  ROTOR: ((-1, 1, 1), (1, -1, 1)) (1, 0) parity m=8 p=1 r=4 X=[[0, 0, 1, 0, 0, 0, 1, 1], [1, 0, 1, 1, 1, 0, 1, 1]]
  ROTOR: ((-1, 1, 1), (1, -1, 1)) (1, 0) parity m=8 p=3 r=4 X=[[0, 0, 0, 1, 1, 0, 0, 1], [1, 1, 0, 1, 1, 1, 0, 1]]
  ROTOR: ((-1, 1, 1), (1, -1, 1)) (1, 0) parity m=10 p=1 r=5 X=[[1, 0, 0, 0, 0, 1, 1, 0, 0, 0], [1, 1, 1, 0, 0, 1, 1, 1, 0, 0]]
  ROTOR: ((-1, 1, 1), (1, -1, 1)) (1, 0) parity m=10 p=3 r=5 X=[[0, 1, 1, 0, 0, 0, 0, 1, 0, 0], [1, 1, 0, 1, 0, 1, 1, 0, 1, 0]]
  ROTOR: ((-1, 1, 1), (1, -1, 1)) (1, 0) parity m=12 p=1 r=6 X=[[0, 1, 0, 0, 0, 0, 1, 1, 0, 0, 0, 0], [1, 0, 1, 0, 0, 1, 1, 0, 1, 0, 0, 1]]
  ROTOR: ((-1, 1, 1), (1, -1, 1)) (1, 0) parity m=12 p=3 r=6 X=[[0, 0, 0, 1, 1, 0, 0, 0, 0, 1, 0, 0], [0, 0, 0, 1, 1, 1, 0, 0, 0, 1, 1, 1]]
  ROTOR: ((0, -1, -1), (-1, 1, -1)) (1, 0) parity m=8 p=1 r=4 X=[[0, 0, 0, 1, 0, 0, 0, 0], [1, 0, 1, 1, 1, 0, 1, 1]]
  ROTOR: ((0, -1, -1), (-1, 1, -1)) (1, 0) parity m=8 p=3 r=4 X=[[0, 1, 0, 0, 1, 1, 0, 0], [1, 1, 0, 1, 1, 1, 0, 1]]
  ROTOR: ((0, -1, -1), (-1, 1, -1)) (1, 0) parity m=10 p=1 r=5 X=[[0, 0, 0, 1, 0, 0, 0, 0, 1, 1], [1, 0, 1, 0, 1, 1, 0, 1, 0, 1]]
  ROTOR: ((0, -1, -1), (-1, 1, -1)) (1, 0) parity m=10 p=3 r=5 X=[[1, 0, 0, 0, 1, 0, 0, 0, 0, 1], [1, 1, 0, 1, 1, 1, 1, 0, 1, 1]]
  ROTOR: ((0, -1, -1), (-1, 1, -1)) (1, 0) parity m=12 p=1 r=6 X=[[0, 0, 0, 0, 1, 1, 0, 0, 0, 0, 1, 0], [1, 0, 1, 1, 0, 1, 1, 0, 1, 1, 0, 1]]
  ROTOR: ((-1, 1, -1), (0, -1, 0), (1, -1, 1)) (1, 2, 0) parity m=9 p=1 r=6 X=[[0, 0, 0, 0, 0, 1, 0, 0, 1], [0, 1, 1, 0, 1, 1, 0, 0, 1], [0, 1, 0, 0, 0, 0, 0, 1, 0]]
  ROTOR: ((-1, 1, -1), (0, -1, 0), (1, -1, 1)) (1, 2, 0) parity m=9 p=2 r=6 X=[[1, 0, 1, 0, 0, 1, 1, 0, 1], [1, 0, 1, 1, 0, 0, 1, 0, 1], [0, 0, 1, 0, 0, 1, 0, 0, 0]]
  ROTOR: ((0, -1, -1), (-1, 1, -1)) (1, 0) parity m=12 p=3 r=6 X=[[0, 0, 0, 1, 1, 1, 0, 0, 0, 1, 0, 1], [0, 0, 1, 0, 1, 1, 0, 0, 1, 0, 1, 1]]
  ROTOR: ((0, -1, -1), (-1, 1, 0)) (1, 0) parity m=6 p=1 r=3 X=[[0, 0, 0, 0, 0, 1], [0, 1, 1, 0, 1, 1]]
  ROTOR: ((0, -1, -1), (-1, 1, 0)) (1, 0) parity m=6 p=3 r=3 X=[[0, 0, 1, 0, 0, 0], [0, 1, 1, 0, 1, 1]]
  ROTOR: ((0, -1, -1), (-1, 1, 0)) (1, 0) parity m=8 p=1 r=4 X=[[0, 0, 0, 1, 1, 0, 0, 1], [1, 0, 1, 0, 1, 0, 1, 0]]
  ROTOR: ((0, -1, -1), (-1, 1, 0)) (1, 0) parity m=8 p=3 r=4 X=[[1, 1, 0, 0, 1, 0, 0, 0], [1, 1, 0, 1, 1, 1, 0, 1]]
  ROTOR: ((0, -1, -1), (-1, 1, 0)) (1, 0) parity m=10 p=1 r=5 X=[[0, 1, 0, 0, 0, 0, 0, 0, 0, 0], [1, 1, 0, 0, 0, 1, 1, 0, 0, 0]]
  ROTOR: ((0, -1, -1), (-1, 1, 0)) (1, 0) parity m=10 p=3 r=5 X=[[0, 0, 0, 1, 0, 0, 0, 0, 1, 1], [0, 0, 1, 1, 1, 0, 0, 1, 1, 1]]
  ROTOR: ((0, -1, -1), (-1, 1, 0)) (1, 0) parity m=12 p=1 r=6 X=[[1, 0, 1, 1, 0, 0, 1, 0, 1, 0, 0, 0], [0, 1, 1, 1, 0, 1, 0, 1, 1, 1, 0, 1]]
  ROTOR: ((0, -1, -1), (-1, 1, 0)) (1, 0) parity m=12 p=3 r=6 X=[[0, 0, 1, 1, 1, 1, 0, 0, 1, 1, 1, 0], [0, 1, 0, 1, 1, 1, 0, 1, 0, 1, 1, 1]]
  ROTOR: ((-1, 1, -1), (0, -1, 1), (-1, 1, 0)) (1, 2, 0) parity m=9 p=1 r=6 X=[[1, 0, 0, 1, 1, 0, 1, 1, 0], [1, 1, 0, 1, 1, 0, 0, 1, 0], [0, 1, 0, 0, 0, 0, 0, 1, 0]]
  ROTOR: ((-1, 1, -1), (0, -1, 1), (-1, 1, 0)) (1, 2, 0) parity m=9 p=2 r=6 X=[[0, 1, 1, 0, 1, 1, 0, 1, 0], [0, 0, 0, 0, 1, 0, 0, 1, 0], [0, 0, 1, 0, 0, 0, 0, 0, 1]]
  ROTOR: ((0, -1, -1), (0, -1, 1)) (1, 0) parity m=6 p=1 r=3 X=[[1, 0, 0, 0, 0, 0], [1, 0, 1, 1, 0, 1]]
  ROTOR: ((0, -1, -1), (0, -1, 1)) (1, 0) parity m=6 p=2 r=2 X=[[0, 0, 0, 0, 1, 0], [0, 1, 0, 1, 0, 1]]
  ROTOR: ((0, -1, -1), (0, -1, 1)) (1, 0) parity m=6 p=3 r=3 X=[[0, 0, 0, 0, 0, 1], [0, 1, 0, 0, 1, 0]]
  ROTOR: ((0, -1, -1), (0, -1, 1)) (1, 0) parity m=8 p=1 r=4 X=[[0, 1, 0, 0, 1, 1, 0, 0], [1, 1, 0, 1, 1, 1, 0, 1]]
  ROTOR: ((0, -1, -1), (0, -1, 1)) (1, 0) parity m=8 p=3 r=4 X=[[0, 0, 0, 0, 1, 0, 0, 0], [0, 0, 0, 1, 0, 0, 0, 1]]
  ROTOR: ((0, -1, -1), (0, -1, 1)) (1, 0) parity m=10 p=1 r=5 X=[[0, 0, 0, 0, 1, 0, 0, 0, 0, 0], [1, 0, 0, 1, 1, 1, 0, 0, 1, 1]]
  ROTOR: ((0, -1, -1), (0, -1, 1)) (1, 0) parity m=10 p=2 r=5 X=[[0, 0, 0, 0, 0, 1, 0, 0, 0, 0], [0, 0, 1, 0, 1, 0, 0, 1, 0, 1]]
  ROTOR: ((0, -1, -1), (0, -1, 1)) (1, 0) parity m=10 p=3 r=5 X=[[1, 0, 0, 0, 0, 1, 0, 0, 1, 0], [1, 0, 1, 1, 1, 1, 0, 1, 1, 1]]
  ROTOR: ((0, -1, -1), (0, -1, 1)) (1, 0) parity m=12 p=1 r=9 X=[[0, 0, 1, 0, 0, 0, 0, 0, 1, 0, 0, 0], [0, 1, 0, 0, 1, 0, 0, 1, 0, 0, 1, 0]]
  ROTOR: ((0, -1, -1), (0, -1, 1)) (1, 0) parity m=12 p=2 r=6 X=[[1, 0, 0, 1, 0, 1, 1, 0, 0, 1, 0, 0], [1, 0, 1, 0, 1, 1, 1, 0, 1, 0, 1, 1]]
  ROTOR: ((0, -1, -1), (0, -1, 1)) (1, 0) parity m=12 p=3 r=6 X=[[0, 0, 0, 0, 0, 0, 0, 0, 0, 0, 1, 0], [0, 0, 0, 1, 0, 0, 0, 0, 0, 1, 0, 0]]
  ROTOR: ((0, -1, -1), (0, 1, -1)) (1, 0) parity m=6 p=1 r=2 X=[[0, 0, 0, 0, 0, 1], [1, 0, 1, 0, 1, 0]]
  ROTOR: ((0, -1, -1), (0, 1, -1)) (1, 0) parity m=6 p=2 r=4 X=[[0, 0, 0, 0, 0, 1], [1, 0, 1, 0, 1, 0]]
  ROTOR: ((0, -1, -1), (0, 1, -1)) (1, 0) parity m=8 p=1 r=4 X=[[0, 1, 0, 0, 1, 1, 0, 0], [1, 1, 0, 1, 1, 1, 0, 1]]
  ROTOR: ((0, -1, -1), (0, 1, -1)) (1, 0) parity m=8 p=3 r=4 X=[[0, 1, 0, 0, 1, 1, 0, 0], [1, 1, 0, 1, 1, 1, 0, 1]]
  ROTOR: ((0, -1, -1), (0, 1, -1)) (1, 0) parity m=10 p=1 r=5 X=[[0, 0, 0, 0, 0, 0, 0, 0, 0, 1], [1, 0, 0, 1, 1, 1, 0, 0, 1, 1]]
  ROTOR: ((0, -1, -1), (0, 1, -1)) (1, 0) parity m=10 p=3 r=5 X=[[0, 0, 0, 0, 0, 0, 0, 1, 0, 0], [0, 1, 1, 1, 0, 0, 1, 1, 1, 0]]
  ROTOR: ((0, -1, -1), (0, 1, -1)) (1, 0) parity m=12 p=1 r=6 X=[[0, 1, 0, 0, 1, 0, 0, 1, 0, 1, 1, 0], [1, 0, 1, 1, 1, 0, 1, 0, 1, 1, 1, 0]]
  ROTOR: ((0, -1, -1), (0, 1, -1)) (1, 0) parity m=12 p=2 r=6 X=[[1, 1, 0, 0, 0, 0, 1, 1, 0, 0, 0, 1], [1, 0, 1, 0, 1, 1, 1, 0, 1, 0, 1, 1]]
  ROTOR: ((0, -1, -1), (0, 1, -1)) (1, 0) parity m=12 p=3 r=6 X=[[0, 0, 0, 0, 0, 0, 0, 0, 0, 1, 0, 0], [0, 1, 1, 1, 1, 0, 0, 1, 1, 1, 1, 0]]
  ROTOR: ((0, -1, -1), (0, 1, 0)) (1, 0) parity m=6 p=1 r=3 X=[[1, 0, 0, 0, 0, 0], [1, 0, 1, 1, 0, 1]]
  ROTOR: ((0, -1, -1), (0, 1, 0)) (1, 0) parity m=6 p=3 r=3 X=[[0, 1, 0, 0, 0, 0], [1, 1, 0, 1, 1, 0]]
  ROTOR: ((0, -1, -1), (0, 1, 0)) (1, 0) parity m=8 p=1 r=4 X=[[0, 0, 0, 0, 1, 0, 0, 0], [1, 0, 0, 1, 1, 0, 0, 1]]
  ROTOR: ((0, -1, -1), (0, 1, 0)) (1, 0) parity m=8 p=3 r=4 X=[[0, 0, 1, 0, 0, 0, 1, 1], [0, 1, 0, 1, 0, 1, 0, 1]]
  ROTOR: ((0, -1, -1), (0, 1, 0)) (1, 0) parity m=10 p=1 r=5 X=[[1, 0, 0, 1, 1, 0, 0, 0, 1, 1], [1, 0, 1, 1, 0, 1, 0, 1, 1, 0]]
  ROTOR: ((0, -1, -1), (0, 1, 0)) (1, 0) parity m=10 p=3 r=5 X=[[0, 0, 0, 0, 0, 0, 1, 0, 0, 0], [1, 1, 0, 1, 1, 1, 1, 0, 1, 1]]
  ROTOR: ((0, -1, -1), (0, 1, 0)) (1, 0) parity m=12 p=1 r=6 X=[[0, 1, 1, 1, 0, 0, 0, 1, 1, 0, 0, 0], [1, 0, 1, 1, 0, 0, 1, 0, 1, 1, 0, 0]]
  ROTOR: ((0, -1, -1), (0, 1, 0)) (1, 0) parity m=12 p=3 r=6 X=[[0, 0, 0, 1, 1, 1, 1, 0, 0, 1, 1, 1], [1, 0, 1, 0, 0, 0, 1, 0, 1, 0, 0, 0]]
  ROTOR: ((-1, 1, -1), (0, -1, 1), (0, 1, 0)) (1, 2, 0) parity m=9 p=1 r=6 X=[[1, 0, 0, 1, 1, 0, 1, 1, 0], [1, 1, 0, 1, 1, 0, 0, 1, 0], [0, 1, 0, 0, 0, 0, 0, 1, 0]]
  ROTOR: ((-1, 1, -1), (0, -1, 1), (0, 1, 0)) (1, 2, 0) parity m=9 p=2 r=6 X=[[1, 1, 0, 1, 0, 0, 1, 1, 0], [1, 1, 0, 1, 1, 0, 0, 1, 0], [0, 0, 0, 0, 1, 0, 0, 1, 0]]
  ROTOR: ((-1, 1, -1), (0, -1, 1), (1, -1, -1)) (0, 0, 0) parity m=9 p=1 r=6 X=[[1, 1, 0, 0, 1, 0, 0, 1, 1], [0, 1, 0, 0, 1, 0, 0, 1, 0], [0, 1, 0, 0, 1, 0, 0, 1, 0]]
  ROTOR: ((-1, 1, -1), (0, -1, 1), (1, -1, -1)) (0, 0, 0) parity m=9 p=2 r=3 X=[[1, 0, 0, 1, 0, 0, 1, 1, 1], [1, 0, 0, 1, 0, 0, 1, 0, 0], [1, 0, 0, 1, 0, 0, 1, 0, 0]]
  ROTOR: ((0, -1, -1), (1, -1, 1)) (1, 0) parity m=6 p=1 r=3 X=[[0, 0, 0, 1, 0, 0], [1, 0, 1, 1, 0, 1]]
  ROTOR: ((0, -1, -1), (1, -1, 1)) (1, 0) parity m=6 p=3 r=3 X=[[0, 0, 1, 0, 0, 0], [0, 1, 1, 0, 1, 1]]
  ROTOR: ((0, -1, -1), (1, -1, 1)) (1, 0) parity m=8 p=1 r=4 X=[[0, 0, 1, 1, 0, 0, 0, 1], [0, 1, 1, 1, 0, 1, 1, 1]]
  ROTOR: ((0, -1, -1), (1, -1, 1)) (1, 0) parity m=8 p=3 r=4 X=[[0, 1, 0, 0, 1, 1, 0, 0], [1, 1, 0, 1, 1, 1, 0, 1]]
  ROTOR: ((0, -1, -1), (1, -1, 1)) (1, 0) parity m=10 p=1 r=5 X=[[0, 1, 1, 0, 0, 1, 1, 1, 0, 0], [1, 0, 1, 0, 1, 1, 0, 1, 0, 1]]
  ROTOR: ((0, -1, -1), (1, -1, 1)) (1, 0) parity m=10 p=3 r=5 X=[[0, 0, 0, 0, 1, 0, 0, 1, 0, 1], [0, 1, 1, 1, 0, 0, 1, 1, 1, 0]]
  ROTOR: ((0, -1, -1), (1, -1, 1)) (1, 0) parity m=12 p=1 r=3 X=[[0, 1, 0, 0, 0, 0, 0, 1, 0, 0, 0, 0], [1, 1, 0, 1, 1, 0, 1, 1, 0, 1, 1, 0]]
  ROTOR: ((0, -1, -1), (1, -1, 1)) (1, 0) parity m=12 p=3 r=6 X=[[0, 0, 0, 1, 1, 1, 0, 0, 0, 0, 1, 1], [0, 0, 1, 1, 0, 0, 0, 0, 1, 1, 0, 0]]
  ROTOR: ((0, -1, 0), (-1, 1, -1)) (1, 0) parity m=4 p=1 r=2 X=[[1, 0, 1, 0], [1, 0, 0, 0]]
  ROTOR: ((0, -1, 0), (-1, 1, -1)) (1, 0) parity m=4 p=3 r=2 X=[[1, 0, 1, 0], [1, 0, 0, 0]]
  ROTOR: ((0, -1, 0), (-1, 1, -1)) (1, 0) parity m=6 p=1 r=3 X=[[0, 1, 1, 0, 1, 1], [0, 0, 0, 0, 1, 0]]
  ROTOR: ((0, -1, 0), (-1, 1, -1)) (1, 0) parity m=6 p=3 r=3 X=[[0, 1, 1, 0, 1, 1], [0, 0, 0, 0, 1, 0]]
  ROTOR: ((0, -1, 0), (-1, 1, -1)) (1, 0) parity m=8 p=1 r=6 X=[[1, 0, 1, 0, 1, 0, 1, 0], [0, 0, 1, 0, 0, 0, 1, 0]]
  ROTOR: ((0, -1, 0), (-1, 1, -1)) (1, 0) parity m=8 p=3 r=4 X=[[0, 0, 1, 0, 0, 0, 1, 0], [1, 0, 0, 0, 1, 0, 1, 0]]
  ROTOR: ((0, -1, 0), (-1, 1, -1)) (1, 0) parity m=10 p=1 r=5 X=[[1, 0, 0, 0, 1, 1, 0, 0, 0, 1], [0, 0, 1, 0, 0, 0, 0, 1, 0, 1]]
  ROTOR: ((0, -1, 0), (-1, 1, -1)) (1, 0) parity m=10 p=3 r=5 X=[[0, 0, 1, 1, 1, 0, 0, 1, 0, 1], [0, 1, 1, 1, 1, 0, 1, 1, 1, 1]]
  ROTOR: ((0, -1, 0), (-1, 1, -1)) (1, 0) parity m=12 p=1 r=6 X=[[0, 1, 1, 1, 0, 1, 0, 1, 1, 1, 1, 1], [0, 0, 0, 1, 1, 1, 0, 1, 0, 1, 1, 1]]
  ROTOR: ((-1, 1, -1), (0, 1, -1), (-1, 1, 0)) (1, 2, 0) parity m=9 p=2 r=6 X=[[1, 0, 0, 0, 0, 0, 1, 0, 0], [1, 0, 0, 1, 0, 0, 1, 0, 1], [1, 0, 1, 1, 0, 1, 1, 0, 1]]
  ROTOR: ((0, -1, 0), (-1, 1, -1)) (1, 0) parity m=12 p=3 r=6 X=[[1, 1, 1, 0, 1, 0, 1, 0, 1, 0, 1, 0], [1, 1, 1, 0, 1, 0, 0, 1, 1, 0, 0, 0]]
  ROTOR: ((0, -1, 0), (-1, 1, 0)) (1, 0) parity m=4 p=1 r=2 X=[[0, 1, 0, 1], [0, 0, 0, 1]]
  ROTOR: ((0, -1, 0), (-1, 1, 0)) (1, 0) parity m=4 p=3 r=2 X=[[0, 1, 0, 1], [0, 0, 0, 1]]
  ROTOR: ((0, -1, 0), (-1, 1, 0)) (1, 0) parity m=6 p=1 r=3 X=[[0, 0, 0, 0, 1, 0], [1, 1, 0, 1, 1, 0]]
  ROTOR: ((0, -1, 0), (-1, 1, 0)) (1, 0) parity m=6 p=3 r=3 X=[[0, 0, 0, 0, 0, 1], [0, 1, 1, 0, 1, 1]]
  ROTOR: ((0, -1, 0), (-1, 1, 0)) (1, 0) parity m=8 p=1 r=4 X=[[1, 1, 1, 0, 1, 1, 1, 0], [1, 0, 0, 0, 0, 0, 0, 0]]
  ROTOR: ((0, -1, 0), (-1, 1, 0)) (1, 0) parity m=8 p=3 r=4 X=[[1, 0, 1, 1, 1, 0, 1, 1], [0, 0, 0, 0, 0, 0, 1, 0]]
  ROTOR: ((0, -1, 0), (-1, 1, 0)) (1, 0) parity m=10 p=1 r=5 X=[[1, 1, 0, 0, 0, 1, 1, 1, 0, 0], [0, 1, 1, 0, 0, 1, 1, 1, 0, 0]]
  ROTOR: ((0, -1, 0), (-1, 1, 0)) (1, 0) parity m=10 p=3 r=5 X=[[0, 1, 0, 1, 1, 0, 1, 0, 1, 0], [0, 1, 0, 0, 1, 0, 0, 0, 1, 1]]
  ROTOR: ((0, -1, 0), (-1, 1, 0)) (1, 0) parity m=12 p=1 r=6 X=[[1, 0, 1, 1, 0, 0, 1, 0, 1, 1, 1, 0], [1, 1, 1, 0, 1, 0, 0, 1, 1, 0, 1, 0]]
  ROTOR: ((0, -1, 0), (-1, 1, 0)) (1, 0) parity m=12 p=3 r=6 X=[[1, 0, 0, 1, 0, 1, 1, 1, 0, 1, 0, 1], [0, 1, 0, 0, 0, 1, 0, 1, 0, 1, 0, 0]]
  ROTOR: ((0, -1, 0), (-1, 1, 1)) (1, 0) parity m=4 p=1 r=2 X=[[1, 0, 1, 0], [0, 0, 1, 0]]
  ROTOR: ((0, -1, 0), (-1, 1, 1)) (1, 0) parity m=4 p=3 r=2 X=[[1, 0, 1, 0], [1, 0, 0, 0]]
  ROTOR: ((0, -1, 0), (-1, 1, 1)) (1, 0) parity m=6 p=1 r=3 X=[[1, 0, 0, 1, 0, 0], [0, 0, 0, 1, 0, 0]]
  ROTOR: ((0, -1, 0), (-1, 1, 1)) (1, 0) parity m=6 p=3 r=3 X=[[1, 0, 0, 1, 0, 0], [0, 0, 0, 1, 0, 0]]
  ROTOR: ((0, -1, 0), (-1, 1, 1)) (1, 0) parity m=8 p=1 r=4 X=[[0, 1, 1, 0, 0, 1, 1, 0], [0, 0, 0, 0, 0, 1, 0, 0]]
  ROTOR: ((0, -1, 0), (-1, 1, 1)) (1, 0) parity m=8 p=3 r=4 X=[[0, 1, 1, 1, 0, 1, 1, 1], [0, 1, 0, 0, 0, 0, 0, 0]]
  ROTOR: ((0, -1, 0), (-1, 1, 1)) (1, 0) parity m=10 p=1 r=5 X=[[1, 0, 0, 1, 0, 1, 0, 0, 1, 0], [0, 0, 0, 1, 1, 0, 0, 0, 0, 1]]
  ROTOR: ((0, -1, 0), (-1, 1, 1)) (1, 0) parity m=10 p=3 r=5 X=[[0, 1, 0, 1, 0, 0, 1, 0, 1, 0], [0, 0, 1, 0, 0, 0, 1, 1, 0, 0]]
  ROTOR: ((0, -1, 0), (-1, 1, 1)) (1, 0) parity m=12 p=1 r=6 X=[[1, 0, 1, 0, 0, 0, 1, 0, 1, 0, 0, 0], [0, 0, 1, 0, 1, 0, 1, 0, 0, 0, 1, 0]]
  ROTOR: ((0, -1, 0), (-1, 1, 1)) (1, 0) parity m=12 p=3 r=6 X=[[1, 1, 0, 0, 0, 0, 1, 1, 0, 0, 0, 0], [1, 0, 0, 0, 1, 0, 0, 0, 0, 0, 1, 0]]
  ROTOR: ((-1, 1, -1), (0, 1, -1), (-1, 1, 0)) (0, 0, 0) parity m=9 p=1 r=6 X=[[1, 1, 0, 1, 0, 0, 0, 1, 0], [0, 1, 0, 0, 1, 0, 0, 1, 0], [0, 1, 0, 0, 1, 0, 0, 1, 0]]
  ROTOR: ((-1, 1, -1), (0, 1, -1), (-1, 1, 0)) (0, 0, 0) parity m=9 p=2 r=3 X=[[1, 1, 0, 1, 0, 0, 0, 1, 0], [0, 1, 0, 0, 1, 0, 0, 1, 0], [0, 1, 0, 0, 1, 0, 0, 1, 0]]
  ROTOR: ((0, -1, 0), (0, -1, 1)) (1, 0) parity m=4 p=3 r=2 X=[[0, 1, 0, 1], [0, 1, 0, 0]]
  ROTOR: ((0, -1, 0), (0, -1, 1)) (1, 0) parity m=6 p=1 r=3 X=[[1, 0, 0, 0, 0, 0], [0, 0, 1, 0, 0, 1]]
  ROTOR: ((0, -1, 0), (0, -1, 1)) (1, 0) parity m=6 p=2 r=3 X=[[1, 1, 0, 1, 0, 0], [0, 1, 0, 0, 1, 0]]
  ROTOR: ((0, -1, 0), (0, -1, 1)) (1, 0) parity m=6 p=3 r=3 X=[[0, 1, 0, 0, 0, 0], [1, 1, 0, 1, 1, 0]]
  ROTOR: ((0, -1, 0), (0, -1, 1)) (1, 0) parity m=8 p=1 r=4 X=[[0, 0, 0, 0, 0, 0, 0, 1], [1, 0, 1, 1, 1, 0, 1, 1]]
  ROTOR: ((0, -1, 0), (0, -1, 1)) (1, 0) parity m=8 p=2 r=4 X=[[0, 0, 1, 0, 0, 0, 1, 1], [0, 0, 1, 0, 0, 0, 1, 0]]
  ROTOR: ((0, -1, 0), (0, -1, 1)) (1, 0) parity m=8 p=3 r=4 X=[[0, 0, 1, 1, 0, 0, 0, 1], [0, 1, 1, 1, 0, 1, 1, 1]]
  ROTOR: ((0, -1, 0), (0, -1, 1)) (1, 0) parity m=10 p=1 r=5 X=[[1, 0, 0, 0, 1, 1, 0, 0, 1, 1], [1, 0, 1, 1, 0, 1, 0, 1, 1, 0]]
  ROTOR: ((0, -1, 0), (0, -1, 1)) (1, 0) parity m=10 p=2 r=5 X=[[0, 0, 1, 1, 0, 0, 0, 1, 0, 0], [0, 0, 1, 0, 0, 0, 0, 1, 0, 0]]
  ROTOR: ((0, -1, 0), (0, -1, 1)) (1, 0) parity m=10 p=3 r=5 X=[[0, 0, 0, 1, 0, 0, 0, 0, 0, 0], [1, 0, 1, 1, 1, 1, 0, 1, 1, 1]]
  ROTOR: ((0, -1, 0), (0, -1, 1)) (1, 0) parity m=12 p=1 r=6 X=[[1, 0, 0, 0, 1, 1, 1, 0, 0, 1, 1, 1], [0, 0, 1, 1, 0, 1, 0, 0, 1, 1, 0, 1]]
  ROTOR: ((0, -1, 0), (0, -1, 1)) (1, 0) parity m=12 p=2 r=6 X=[[0, 1, 1, 0, 0, 1, 0, 0, 1, 0, 0, 1], [1, 1, 1, 0, 1, 0, 1, 1, 1, 0, 1, 0]]
  ROTOR: ((0, -1, 0), (0, -1, 1)) (1, 0) parity m=12 p=3 r=6 X=[[0, 0, 0, 0, 0, 0, 0, 0, 0, 0, 0, 1], [0, 0, 0, 0, 1, 1, 0, 0, 0, 0, 1, 1]]
  ROTOR: ((0, -1, 0), (0, 1, -1)) (1, 0) parity m=6 p=1 r=2 X=[[1, 0, 0, 0, 0, 0], [0, 1, 0, 1, 0, 1]]
  ROTOR: ((0, -1, 0), (0, 1, -1)) (1, 0) parity m=6 p=2 r=4 X=[[0, 0, 0, 0, 1, 0], [0, 1, 0, 1, 0, 1]]
  ROTOR: ((0, -1, 0), (0, 1, -1)) (1, 0) parity m=6 p=3 r=3 X=[[1, 0, 1, 1, 0, 1], [0, 0, 1, 0, 0, 0]]
  ROTOR: ((0, -1, 0), (0, 1, -1)) (1, 0) parity m=8 p=1 r=4 X=[[0, 1, 1, 1, 0, 1, 1, 1], [0, 0, 1, 0, 0, 1, 1, 0]]
  ROTOR: ((0, -1, 0), (0, 1, -1)) (1, 0) parity m=8 p=2 r=4 X=[[0, 0, 0, 0, 0, 0, 0, 0], [0, 0, 1, 0, 0, 1, 1, 0]]
  ROTOR: ((0, -1, 0), (0, 1, -1)) (1, 0) parity m=8 p=3 r=4 X=[[0, 1, 0, 0, 0, 1, 1, 0], [0, 0, 0, 1, 0, 1, 0, 1]]
  ROTOR: ((0, -1, 0), (0, 1, -1)) (1, 0) parity m=10 p=1 r=5 X=[[0, 0, 1, 1, 0, 0, 0, 1, 1, 1], [1, 0, 0, 0, 1, 1, 0, 1, 0, 1]]
  ROTOR: ((0, -1, 0), (0, 1, -1)) (1, 0) parity m=10 p=2 r=5 X=[[0, 0, 0, 0, 0, 0, 0, 0, 0, 0], [0, 1, 1, 0, 0, 0, 0, 1, 0, 0]]
  ROTOR: ((0, -1, 0), (0, 1, -1)) (1, 0) parity m=10 p=3 r=5 X=[[0, 1, 0, 1, 1, 1, 1, 0, 1, 1], [1, 1, 0, 0, 1, 1, 1, 0, 1, 1]]
  ROTOR: ((0, -1, 0), (0, 1, -1)) (1, 0) parity m=12 p=1 r=6 X=[[0, 0, 1, 1, 1, 0, 0, 0, 1, 1, 1, 1], [1, 0, 1, 1, 1, 1, 1, 0, 0, 1, 1, 1]]
  ROTOR: ((0, -1, 0), (0, 1, -1)) (1, 0) parity m=12 p=2 r=6 X=[[0, 1, 1, 1, 1, 0, 0, 1, 0, 1, 1, 0], [0, 0, 1, 1, 0, 1, 0, 0, 1, 1, 0, 1]]
  ROTOR: ((0, -1, 0), (0, 1, -1)) (1, 0) parity m=12 p=3 r=6 X=[[0, 1, 1, 1, 0, 0, 0, 1, 1, 1, 1, 0], [0, 0, 0, 1, 1, 1, 0, 1, 0, 1, 1, 1]]
  ROTOR: ((0, -1, 0), (0, 1, 0)) (1, 0) parity m=6 p=1 r=3 X=[[0, 1, 0, 0, 1, 1], [0, 1, 1, 0, 0, 1]]
  ROTOR: ((0, -1, 0), (0, 1, 0)) (1, 0) parity m=6 p=3 r=3 X=[[1, 0, 1, 1, 0, 1], [0, 0, 1, 0, 0, 0]]
  ROTOR: ((0, -1, 0), (0, 1, 0)) (1, 0) parity m=8 p=1 r=4 X=[[0, 0, 0, 0, 1, 0, 0, 0], [1, 0, 0, 1, 1, 0, 0, 1]]
  ROTOR: ((0, -1, 0), (0, 1, 0)) (1, 0) parity m=8 p=3 r=4 X=[[0, 1, 1, 0, 0, 1, 1, 1], [0, 0, 1, 1, 0, 1, 1, 1]]
  ROTOR: ((0, -1, 0), (0, 1, 0)) (1, 0) parity m=10 p=1 r=5 X=[[1, 1, 1, 1, 0, 1, 1, 1, 1, 0], [1, 0, 0, 0, 0, 0, 0, 0, 0, 0]]
  ROTOR: ((0, -1, 0), (0, 1, 0)) (1, 0) parity m=10 p=3 r=5 X=[[0, 0, 0, 1, 1, 1, 0, 0, 1, 1], [1, 0, 0, 0, 0, 1, 0, 0, 1, 0]]
  ROTOR: ((0, -1, 0), (0, 1, 0)) (1, 0) parity m=12 p=1 r=6 X=[[0, 1, 1, 1, 0, 0, 0, 1, 1, 1, 1, 0], [1, 1, 1, 1, 1, 0, 1, 1, 1, 1, 1, 0]]
  ROTOR: ((0, -1, 0), (0, 1, 0)) (1, 0) parity m=12 p=3 r=6 X=[[0, 1, 1, 1, 0, 0, 0, 1, 1, 1, 1, 0], [0, 1, 0, 1, 1, 0, 0, 0, 0, 1, 1, 0]]
  ROTOR: ((0, -1, 0), (0, 1, 1)) (1, 0) parity m=6 p=1 r=3 X=[[0, 1, 1, 0, 1, 1], [0, 0, 0, 0, 1, 0]]
  ROTOR: ((0, -1, 0), (0, 1, 1)) (1, 0) parity m=6 p=3 r=3 X=[[1, 1, 0, 1, 1, 0], [1, 0, 0, 0, 0, 0]]
  ROTOR: ((0, -1, 0), (0, 1, 1)) (1, 0) parity m=8 p=1 r=4 X=[[1, 1, 1, 0, 1, 1, 1, 0], [1, 1, 0, 0, 0, 1, 0, 0]]
  ROTOR: ((0, -1, 0), (0, 1, 1)) (1, 0) parity m=8 p=3 r=4 X=[[0, 1, 1, 0, 0, 1, 1, 0], [0, 1, 0, 0, 0, 0, 0, 0]]
  ROTOR: ((0, -1, 0), (0, 1, 1)) (1, 0) parity m=10 p=1 r=5 X=[[0, 1, 0, 1, 1, 0, 1, 0, 1, 1], [1, 0, 0, 0, 0, 1, 0, 0, 1, 0]]
  ROTOR: ((0, -1, 0), (0, 1, 1)) (1, 0) parity m=10 p=3 r=5 X=[[1, 1, 0, 1, 0, 1, 1, 0, 1, 0], [1, 0, 0, 1, 1, 1, 0, 0, 0, 1]]
  ROTOR: ((0, -1, 0), (0, 1, 1)) (1, 0) parity m=12 p=1 r=6 X=[[1, 0, 1, 0, 0, 1, 1, 0, 1, 0, 0, 1], [0, 0, 1, 1, 1, 0, 0, 0, 0, 1, 1, 0]]
  ROTOR: ((0, -1, 0), (0, 1, 1)) (1, 0) parity m=12 p=3 r=6 X=[[0, 1, 1, 0, 0, 1, 0, 1, 1, 0, 0, 1], [0, 1, 1, 1, 1, 0, 0, 0, 1, 1, 1, 0]]
  ROTOR: ((0, -1, 0), (1, -1, -1)) (1, 0) parity m=4 p=1 r=2 X=[[1, 0, 1, 0], [1, 0, 0, 0]]
  ROTOR: ((0, -1, 0), (1, -1, -1)) (1, 0) parity m=4 p=3 r=2 X=[[1, 0, 1, 0], [0, 0, 1, 0]]
  ROTOR: ((0, -1, 0), (1, -1, -1)) (1, 0) parity m=6 p=1 r=3 X=[[1, 0, 0, 1, 0, 0], [1, 0, 0, 0, 0, 0]]
  ROTOR: ((0, -1, 0), (1, -1, -1)) (1, 0) parity m=6 p=3 r=3 X=[[0, 1, 0, 0, 1, 0], [0, 0, 0, 0, 1, 0]]
  ROTOR: ((0, -1, 0), (1, -1, -1)) (1, 0) parity m=8 p=1 r=2 X=[[0, 1, 0, 1, 0, 1, 0, 1], [0, 0, 0, 1, 0, 0, 0, 1]]
  ROTOR: ((0, -1, 0), (1, -1, -1)) (1, 0) parity m=8 p=3 r=4 X=[[1, 0, 1, 0, 1, 0, 1, 0], [1, 0, 0, 0, 0, 0, 1, 0]]
  ROTOR: ((0, -1, 0), (1, -1, -1)) (1, 0) parity m=10 p=1 r=5 X=[[0, 0, 1, 0, 1, 0, 0, 1, 0, 1], [0, 0, 1, 0, 1, 0, 0, 0, 0, 0]]
  ROTOR: ((0, -1, 0), (1, -1, -1)) (1, 0) parity m=10 p=3 r=5 X=[[0, 1, 0, 1, 0, 0, 1, 0, 1, 0], [0, 0, 0, 1, 0, 0, 1, 0, 0, 0]]
  ROTOR: ((0, -1, 0), (1, -1, -1)) (1, 0) parity m=12 p=1 r=2 X=[[0, 1, 0, 1, 0, 1, 0, 1, 0, 1, 0, 1], [0, 1, 0, 0, 0, 1, 0, 0, 0, 1, 0, 0]]
  ROTOR: ((0, -1, 0), (1, -1, -1)) (1, 0) parity m=12 p=3 r=6 X=[[0, 1, 0, 0, 0, 1, 0, 1, 0, 0, 0, 1], [0, 1, 0, 1, 0, 1, 0, 0, 0, 1, 0, 0]]
  ROTOR: ((0, -1, 0), (1, -1, 0)) (1, 0) parity m=4 p=1 r=2 X=[[0, 1, 0, 1], [0, 1, 0, 0]]
  ROTOR: ((0, -1, 0), (1, -1, 0)) (1, 0) parity m=4 p=3 r=2 X=[[0, 1, 0, 1], [0, 0, 0, 1]]
  ROTOR: ((0, -1, 0), (1, -1, 0)) (1, 0) parity m=6 p=1 r=3 X=[[0, 1, 0, 0, 1, 0], [0, 0, 0, 0, 1, 0]]
  ROTOR: ((0, -1, 0), (1, -1, 0)) (1, 0) parity m=6 p=3 r=3 X=[[1, 0, 0, 1, 0, 0], [0, 0, 0, 1, 0, 0]]
  ROTOR: ((0, -1, 0), (1, -1, 0)) (1, 0) parity m=8 p=1 r=4 X=[[0, 0, 0, 1, 0, 0, 0, 1], [0, 1, 0, 1, 0, 1, 0, 0]]
  ROTOR: ((0, -1, 0), (1, -1, 0)) (1, 0) parity m=8 p=3 r=4 X=[[0, 1, 0, 1, 0, 1, 0, 1], [0, 1, 0, 0, 0, 0, 0, 1]]
  ROTOR: ((0, -1, 0), (1, -1, 0)) (1, 0) parity m=10 p=1 r=5 X=[[0, 0, 1, 0, 0, 0, 0, 1, 0, 0], [0, 0, 0, 0, 0, 0, 0, 1, 0, 0]]
  ROTOR: ((0, -1, 0), (1, -1, 0)) (1, 0) parity m=10 p=3 r=5 X=[[0, 1, 0, 0, 0, 0, 1, 0, 0, 0], [0, 0, 0, 0, 0, 0, 1, 0, 0, 0]]
  ROTOR: ((0, -1, 0), (1, -1, 0)) (1, 0) parity m=12 p=1 r=6 X=[[0, 1, 0, 0, 0, 1, 0, 1, 0, 0, 0, 1], [0, 0, 0, 1, 0, 1, 0, 1, 0, 1, 0, 0]]
  ROTOR: ((0, -1, 0), (1, -1, 0)) (1, 0) parity m=12 p=3 r=6 X=[[1, 0, 1, 0, 1, 0, 1, 0, 1, 0, 1, 0], [1, 0, 1, 0, 0, 0, 0, 0, 0, 0, 1, 0]]
  ROTOR: ((0, -1, 0), (1, -1, 1)) (1, 0) parity m=4 p=1 r=2 X=[[0, 1, 0, 1], [0, 0, 0, 1]]
  ROTOR: ((0, -1, 0), (1, -1, 1)) (1, 0) parity m=4 p=3 r=2 X=[[1, 0, 1, 0], [1, 0, 0, 0]]
  ROTOR: ((0, -1, 0), (1, -1, 1)) (1, 0) parity m=6 p=1 r=3 X=[[0, 0, 0, 0, 0, 1], [0, 1, 1, 0, 1, 1]]
  ROTOR: ((0, -1, 0), (1, -1, 1)) (1, 0) parity m=6 p=2 r=3 X=[[1, 1, 0, 1, 0, 0], [1, 1, 0, 1, 1, 0]]
  ROTOR: ((0, -1, 0), (1, -1, 1)) (1, 0) parity m=6 p=3 r=3 X=[[1, 0, 0, 1, 0, 0], [0, 0, 0, 1, 0, 0]]
  ROTOR: ((0, -1, 0), (1, -1, 1)) (1, 0) parity m=8 p=1 r=2 X=[[0, 1, 0, 1, 0, 1, 0, 1], [0, 1, 0, 0, 0, 1, 0, 0]]
  ROTOR: ((0, -1, 0), (1, -1, 1)) (1, 0) parity m=8 p=2 r=4 X=[[1, 1, 0, 0, 1, 0, 0, 0], [0, 1, 0, 0, 0, 1, 0, 0]]
  ROTOR: ((0, -1, 0), (1, -1, 1)) (1, 0) parity m=8 p=3 r=4 X=[[0, 1, 0, 0, 0, 1, 0, 0], [0, 1, 0, 0, 0, 0, 0, 0]]
  ROTOR: ((0, -1, 0), (1, -1, 1)) (1, 0) parity m=10 p=1 r=5 X=[[1, 0, 0, 1, 0, 1, 0, 0, 1, 0], [1, 0, 0, 1, 0, 0, 0, 0, 0, 0]]
  ROTOR: ((0, -1, 0), (1, -1, 1)) (1, 0) parity m=10 p=2 r=5 X=[[0, 1, 1, 0, 1, 0, 1, 0, 0, 1], [0, 1, 1, 1, 0, 0, 1, 1, 1, 0]]
  ROTOR: ((0, -1, 0), (1, -1, 1)) (1, 0) parity m=10 p=3 r=5 X=[[0, 0, 0, 0, 0, 0, 0, 0, 0, 1], [0, 1, 0, 1, 1, 0, 1, 0, 1, 1]]
  ROTOR: ((0, -1, 0), (1, -1, 1)) (1, 0) parity m=12 p=1 r=9 X=[[1, 1, 0, 1, 0, 0, 1, 0, 0, 1, 1, 0], [1, 1, 0, 0, 1, 0, 1, 1, 0, 0, 1, 0]]
  ROTOR: ((0, -1, 0), (1, -1, 1)) (1, 0) parity m=12 p=2 r=6 X=[[1, 1, 0, 0, 1, 0, 1, 1, 0, 0, 1, 1], [1, 0, 1, 0, 1, 1, 1, 0, 1, 0, 1, 1]]
  ROTOR: ((0, -1, 0), (1, -1, 1)) (1, 0) parity m=12 p=3 r=6 X=[[0, 0, 1, 0, 0, 0, 0, 0, 1, 0, 0, 0], [0, 0, 1, 0, 0, 1, 0, 0, 0, 0, 0, 1]]
  ROTOR: ((0, -1, 1), (-1, 1, -1)) (1, 0) parity m=6 p=1 r=4 X=[[0, 1, 0, 1, 0, 1], [0, 0, 0, 0, 1, 0]]
  ROTOR: ((0, -1, 1), (-1, 1, -1)) (1, 0) parity m=6 p=2 r=2 X=[[0, 1, 0, 1, 0, 1], [0, 0, 1, 0, 0, 0]]
  ROTOR: ((0, -1, 1), (-1, 1, -1)) (1, 0) parity m=8 p=1 r=4 X=[[1, 1, 1, 0, 1, 1, 1, 0], [1, 0, 0, 0, 1, 1, 0, 0]]
  ROTOR: ((0, -1, 1), (-1, 1, -1)) (1, 0) parity m=8 p=2 r=6 X=[[1, 0, 1, 0, 1, 1, 1, 0], [1, 1, 1, 1, 1, 0, 1, 0]]
  ROTOR: ((0, -1, 1), (-1, 1, -1)) (1, 0) parity m=8 p=3 r=4 X=[[1, 0, 0, 0, 0, 0, 0, 0], [1, 1, 0, 1, 1, 1, 0, 1]]
  ROTOR: ((0, -1, 1), (-1, 1, -1)) (1, 0) parity m=10 p=1 r=5 X=[[0, 1, 0, 1, 0, 1, 1, 0, 1, 0], [1, 1, 0, 0, 1, 1, 1, 0, 0, 0]]
  ROTOR: ((0, -1, 1), (-1, 1, -1)) (1, 0) parity m=10 p=3 r=4 X=[[1, 0, 1, 0, 1, 0, 1, 0, 1, 1], [1, 0, 1, 1, 1, 0, 1, 0, 1, 1]]
  ROTOR: ((0, -1, 1), (-1, 1, -1)) (1, 0) parity m=12 p=1 r=6 X=[[1, 0, 1, 0, 1, 1, 1, 0, 1, 0, 1, 1], [0, 1, 0, 0, 1, 0, 0, 1, 0, 0, 1, 1]]
  ROTOR: ((0, -1, 1), (-1, 1, -1)) (1, 0) parity m=12 p=2 r=6 X=[[0, 0, 1, 0, 1, 0, 0, 0, 1, 0, 1, 0], [1, 0, 1, 1, 0, 1, 1, 0, 1, 1, 0, 0]]
  ROTOR: ((0, -1, 1), (-1, 1, -1)) (1, 0) parity m=12 p=3 r=6 X=[[0, 1, 1, 0, 1, 0, 0, 1, 1, 0, 0, 0], [0, 0, 0, 1, 1, 1, 0, 0, 1, 1, 1, 1]]
  ROTOR: ((0, -1, 1), (-1, 1, 0)) (1, 0) parity m=6 p=1 r=4 X=[[0, 1, 0, 1, 0, 1], [0, 0, 0, 0, 1, 0]]
  ROTOR: ((0, -1, 1), (-1, 1, 0)) (1, 0) parity m=6 p=2 r=3 X=[[1, 1, 0, 1, 0, 0], [0, 1, 0, 0, 1, 0]]
  ROTOR: ((0, -1, 1), (-1, 1, 0)) (1, 0) parity m=6 p=3 r=3 X=[[0, 0, 1, 0, 0, 0], [0, 1, 1, 0, 1, 1]]
  ROTOR: ((0, -1, 1), (-1, 1, 0)) (1, 0) parity m=8 p=1 r=4 X=[[1, 1, 1, 0, 1, 1, 1, 0], [0, 0, 0, 0, 0, 1, 0, 0]]
  ROTOR: ((0, -1, 1), (-1, 1, 0)) (1, 0) parity m=8 p=2 r=4 X=[[1, 0, 0, 0, 1, 1, 0, 0], [0, 1, 0, 0, 0, 1, 0, 0]]
  ROTOR: ((0, -1, 1), (-1, 1, 0)) (1, 0) parity m=8 p=3 r=4 X=[[0, 1, 0, 0, 0, 0, 0, 0], [1, 1, 0, 1, 1, 1, 0, 1]]
  ROTOR: ((0, -1, 1), (-1, 1, 0)) (1, 0) parity m=10 p=1 r=5 X=[[0, 1, 1, 1, 1, 0, 1, 1, 1, 1], [0, 1, 1, 0, 0, 0, 1, 0, 0, 0]]
  ROTOR: ((0, -1, 1), (-1, 1, 0)) (1, 0) parity m=10 p=2 r=5 X=[[1, 0, 1, 0, 0, 1, 0, 1, 0, 0], [0, 1, 0, 0, 0, 0, 1, 0, 1, 0]]
  ROTOR: ((0, -1, 1), (-1, 1, 0)) (1, 0) parity m=10 p=3 r=5 X=[[0, 0, 1, 1, 1, 1, 0, 1, 1, 1], [1, 0, 0, 0, 0, 1, 0, 0, 1, 0]]
  ROTOR: ((0, -1, 1), (-1, 1, 0)) (1, 0) parity m=12 p=1 r=6 X=[[0, 0, 0, 1, 1, 0, 1, 0, 0, 1, 1, 0], [1, 0, 1, 1, 1, 1, 1, 0, 1, 1, 1, 1]]
  ROTOR: ((0, -1, 1), (-1, 1, 0)) (1, 0) parity m=12 p=2 r=6 X=[[0, 0, 0, 0, 0, 1, 1, 0, 0, 0, 0, 1], [1, 0, 1, 0, 0, 0, 1, 0, 1, 0, 0, 0]]
  ROTOR: ((0, -1, 1), (-1, 1, 0)) (1, 0) parity m=12 p=3 r=6 X=[[0, 0, 0, 1, 0, 1, 1, 0, 0, 1, 0, 0], [0, 0, 0, 1, 0, 1, 1, 0, 0, 1, 1, 1]]
  ROTOR: ((0, -1, 1), (-1, 1, 1)) (1, 0) parity m=6 p=1 r=4 X=[[0, 1, 0, 1, 0, 1], [0, 0, 0, 0, 1, 0]]
  ROTOR: ((0, -1, 1), (-1, 1, 1)) (1, 0) parity m=6 p=2 r=2 X=[[0, 1, 0, 1, 0, 1], [1, 0, 0, 0, 0, 0]]
  ROTOR: ((0, -1, 1), (-1, 1, 1)) (1, 0) parity m=8 p=1 r=4 X=[[1, 1, 1, 0, 1, 1, 1, 0], [0, 1, 0, 0, 0, 0, 0, 0]]
  ROTOR: ((0, -1, 1), (-1, 1, 1)) (1, 0) parity m=8 p=3 r=4 X=[[0, 1, 1, 1, 0, 1, 1, 1], [0, 1, 1, 0, 0, 1, 0, 0]]
  ROTOR: ((0, -1, 1), (-1, 1, 1)) (1, 0) parity m=10 p=1 r=5 X=[[0, 1, 0, 1, 1, 0, 1, 0, 1, 1], [1, 0, 0, 0, 0, 1, 0, 0, 0, 1]]
  ROTOR: ((0, -1, 1), (-1, 1, 1)) (1, 0) parity m=10 p=3 r=5 X=[[1, 1, 0, 1, 0, 1, 1, 0, 1, 0], [0, 0, 1, 0, 0, 0, 1, 1, 0, 0]]
  ROTOR: ((0, -1, 1), (-1, 1, 1)) (1, 0) parity m=12 p=1 r=6 X=[[0, 0, 0, 1, 1, 1, 0, 0, 0, 1, 1, 1], [0, 1, 0, 1, 0, 0, 0, 1, 0, 1, 1, 0]]
  ROTOR: ((0, -1, 1), (-1, 1, 1)) (1, 0) parity m=12 p=2 r=8 X=[[1, 0, 1, 0, 1, 0, 1, 0, 1, 0, 1, 0], [1, 1, 0, 0, 1, 1, 0, 1, 1, 1, 0, 0]]
  ROTOR: ((0, -1, 1), (-1, 1, 1)) (1, 0) parity m=12 p=3 r=6 X=[[1, 1, 0, 0, 1, 0, 1, 1, 0, 0, 1, 0], [0, 0, 1, 1, 0, 0, 0, 1, 1, 1, 0, 0]]
  ROTOR: ((0, -1, 1), (0, -1, -1)) (1, 0) parity m=6 p=1 r=3 X=[[1, 1, 0, 1, 1, 0], [0, 0, 0, 0, 1, 0]]
  ROTOR: ((0, -1, 1), (0, -1, -1)) (1, 0) parity m=6 p=2 r=2 X=[[1, 0, 1, 0, 1, 0], [0, 0, 0, 1, 0, 0]]
  ROTOR: ((0, -1, 1), (0, -1, -1)) (1, 0) parity m=6 p=3 r=3 X=[[0, 1, 1, 0, 1, 1], [0, 0, 1, 0, 0, 0]]
  ROTOR: ((0, -1, 1), (0, -1, -1)) (1, 0) parity m=8 p=1 r=4 X=[[1, 0, 0, 0, 1, 0, 0, 0], [0, 1, 0, 0, 0, 0, 0, 0]]
  ROTOR: ((0, -1, 1), (0, -1, -1)) (1, 0) parity m=8 p=3 r=4 X=[[0, 1, 0, 0, 0, 1, 0, 0], [0, 0, 0, 0, 0, 0, 1, 0]]
  ROTOR: ((0, -1, 1), (0, -1, -1)) (1, 0) parity m=10 p=1 r=5 X=[[1, 1, 0, 0, 0, 1, 1, 0, 0, 0], [0, 1, 1, 0, 0, 0, 0, 1, 0, 0]]
  ROTOR: ((0, -1, 1), (0, -1, -1)) (1, 0) parity m=10 p=2 r=5 X=[[1, 0, 1, 0, 0, 1, 0, 1, 0, 0], [0, 0, 0, 0, 0, 0, 0, 0, 1, 0]]
  ROTOR: ((0, -1, 1), (0, -1, -1)) (1, 0) parity m=10 p=3 r=5 X=[[0, 0, 1, 0, 0, 0, 0, 1, 0, 0], [0, 0, 0, 0, 0, 0, 0, 0, 1, 0]]
  ROTOR: ((0, -1, 1), (0, -1, -1)) (1, 0) parity m=12 p=1 r=6 X=[[1, 1, 0, 1, 1, 0, 1, 1, 0, 1, 1, 0], [0, 1, 1, 0, 1, 0, 0, 0, 1, 0, 1, 0]]
  ROTOR: ((0, -1, 1), (0, -1, -1)) (1, 0) parity m=12 p=2 r=6 X=[[0, 0, 0, 1, 0, 1, 0, 0, 0, 1, 0, 1], [0, 0, 0, 0, 0, 0, 1, 0, 0, 0, 0, 0]]
  ROTOR: ((0, -1, 1), (0, -1, -1)) (1, 0) parity m=12 p=3 r=6 X=[[0, 0, 1, 0, 0, 0, 0, 0, 1, 0, 0, 0], [0, 0, 0, 0, 0, 0, 0, 0, 0, 1, 0, 0]]
  ROTOR: ((0, -1, 1), (0, -1, 0)) (1, 0) parity m=4 p=3 r=2 X=[[1, 0, 1, 0], [1, 1, 1, 0]]
  ROTOR: ((0, -1, 1), (0, -1, 0)) (1, 0) parity m=6 p=1 r=3 X=[[1, 0, 0, 1, 0, 0], [0, 0, 0, 0, 1, 0]]
  ROTOR: ((0, -1, 1), (0, -1, 0)) (1, 0) parity m=6 p=2 r=3 X=[[1, 1, 0, 1, 1, 0], [1, 0, 0, 1, 1, 0]]
  ROTOR: ((0, -1, 1), (0, -1, 0)) (1, 0) parity m=6 p=3 r=3 X=[[1, 0, 0, 1, 0, 0], [0, 0, 0, 0, 1, 0]]
  ROTOR: ((0, -1, 1), (0, -1, 0)) (1, 0) parity m=8 p=1 r=4 X=[[1, 1, 0, 0, 1, 1, 0, 0], [0, 0, 1, 0, 0, 1, 1, 0]]
  ROTOR: ((0, -1, 1), (0, -1, 0)) (1, 0) parity m=8 p=2 r=4 X=[[0, 0, 0, 1, 0, 0, 0, 1], [1, 0, 1, 1, 1, 0, 1, 0]]
  ROTOR: ((0, -1, 1), (0, -1, 0)) (1, 0) parity m=8 p=3 r=4 X=[[0, 1, 1, 0, 0, 1, 1, 0], [0, 0, 0, 1, 0, 0, 1, 1]]
  ROTOR: ((0, -1, 1), (0, -1, 0)) (1, 0) parity m=10 p=1 r=5 X=[[1, 1, 0, 0, 1, 1, 1, 0, 0, 1], [1, 0, 1, 0, 0, 0, 0, 1, 0, 0]]
  ROTOR: ((0, -1, 1), (0, -1, 0)) (1, 0) parity m=10 p=2 r=5 X=[[1, 0, 1, 0, 0, 1, 0, 1, 0, 0], [0, 1, 0, 1, 0, 0, 1, 0, 0, 0]]
  ROTOR: ((0, -1, 1), (0, -1, 0)) (1, 0) parity m=10 p=3 r=5 X=[[0, 0, 1, 1, 0, 0, 0, 1, 1, 0], [1, 0, 0, 1, 1, 1, 0, 0, 0, 1]]
  ROTOR: ((0, -1, 1), (0, -1, 0)) (1, 0) parity m=12 p=1 r=6 X=[[1, 0, 1, 1, 1, 1, 1, 0, 1, 1, 1, 1], [1, 0, 0, 0, 1, 0, 1, 0, 0, 1, 1, 0]]
  ROTOR: ((0, -1, 1), (0, -1, 0)) (1, 0) parity m=12 p=2 r=6 X=[[0, 0, 1, 0, 1, 1, 0, 0, 1, 0, 1, 1], [0, 1, 1, 1, 1, 1, 0, 1, 0, 1, 1, 1]]
  ROTOR: ((0, -1, 1), (0, -1, 0)) (1, 0) parity m=12 p=3 r=6 X=[[0, 1, 0, 0, 1, 1, 0, 1, 0, 0, 1, 1], [0, 0, 1, 0, 0, 1, 0, 0, 0, 0, 0, 0]]
  ROTOR: ((0, -1, 1), (0, -1, 1)) (1, 0) parity m=6 p=1 r=3 X=[[1, 0, 0, 1, 0, 0], [0, 0, 0, 0, 1, 0]]
  ROTOR: ((0, -1, 1), (0, -1, 1)) (1, 0) parity m=6 p=2 r=2 X=[[0, 1, 0, 1, 1, 1], [0, 1, 0, 1, 1, 1]]
  ROTOR: ((0, -1, 1), (0, -1, 1)) (1, 0) parity m=6 p=3 r=3 X=[[1, 1, 0, 1, 0, 0], [1, 0, 0, 1, 1, 0]]
  ROTOR: ((0, -1, 1), (0, -1, 1)) (1, 0) parity m=8 p=1 r=4 X=[[1, 1, 1, 0, 1, 1, 1, 0], [0, 1, 1, 0, 0, 0, 1, 0]]
  ROTOR: ((0, -1, 1), (0, -1, 1)) (1, 0) parity m=8 p=3 r=4 X=[[0, 1, 0, 0, 0, 0, 0, 0], [1, 1, 1, 0, 1, 1, 1, 0]]
  ROTOR: ((0, -1, 1), (0, -1, 1)) (1, 0) parity m=10 p=1 r=5 X=[[1, 0, 0, 0, 0, 1, 1, 0, 0, 0], [1, 0, 0, 0, 0, 1, 1, 0, 0, 0]]
  ROTOR: ((0, -1, 1), (0, -1, 1)) (1, 0) parity m=10 p=2 r=5 X=[[0, 1, 0, 0, 1, 0, 1, 0, 0, 0], [0, 0, 0, 1, 0, 0, 0, 0, 1, 0]]
  ROTOR: ((0, -1, 1), (0, -1, 1)) (1, 0) parity m=10 p=3 r=5 X=[[1, 0, 1, 0, 1, 1, 0, 1, 1, 1], [1, 0, 1, 1, 0, 1, 0, 1, 0, 0]]
  ROTOR: ((0, -1, 1), (0, -1, 1)) (1, 0) parity m=12 p=1 r=6 X=[[0, 0, 1, 1, 0, 0, 1, 0, 1, 0, 0, 0], [1, 0, 1, 0, 0, 1, 1, 0, 1, 1, 0, 1]]
  ROTOR: ((0, -1, 1), (0, -1, 1)) (1, 0) parity m=12 p=2 r=6 X=[[0, 1, 1, 1, 0, 1, 0, 1, 1, 1, 0, 1], [0, 0, 1, 1, 0, 0, 0, 0, 0, 1, 0, 0]]
  ROTOR: ((0, -1, 1), (0, -1, 1)) (1, 0) parity m=12 p=3 r=6 X=[[1, 0, 1, 0, 0, 1, 0, 0, 1, 1, 0, 1], [0, 0, 1, 0, 0, 1, 1, 0, 1, 1, 0, 1]]
  ROTOR: ((0, -1, 1), (0, 1, -1)) (1, 0) parity m=6 p=1 r=4 X=[[1, 0, 1, 0, 1, 0], [0, 0, 0, 1, 0, 0]]
  ROTOR: ((0, -1, 1), (0, 1, -1)) (1, 0) parity m=6 p=2 r=4 X=[[0, 1, 0, 0, 0, 0], [1, 0, 1, 0, 1, 0]]
  ROTOR: ((0, -1, 1), (0, 1, -1)) (1, 0) parity m=8 p=1 r=4 X=[[0, 0, 0, 0, 0, 0, 0, 1], [1, 0, 1, 1, 1, 0, 1, 1]]
  ROTOR: ((0, -1, 1), (0, 1, -1)) (1, 0) parity m=8 p=3 r=4 X=[[0, 0, 1, 0, 0, 0, 1, 1], [1, 0, 0, 0, 1, 0, 0, 1]]
  ROTOR: ((0, -1, 1), (0, 1, -1)) (1, 0) parity m=10 p=1 r=5 X=[[1, 0, 1, 0, 0, 1, 0, 0, 0, 0], [0, 1, 0, 1, 0, 0, 0, 0, 1, 0]]
  ROTOR: ((0, -1, 1), (0, 1, -1)) (1, 0) parity m=10 p=3 r=5 X=[[1, 0, 1, 1, 1, 1, 0, 1, 1, 1], [0, 0, 1, 1, 0, 0, 0, 1, 0, 0]]
  ROTOR: ((0, -1, 1), (0, 1, -1)) (1, 0) parity m=12 p=1 r=6 X=[[1, 1, 1, 0, 1, 1, 1, 1, 1, 0, 1, 1], [1, 0, 0, 0, 0, 0, 1, 0, 0, 0, 0, 1]]
  ROTOR: ((0, -1, 1), (0, 1, -1)) (1, 0) parity m=12 p=2 r=6 X=[[0, 1, 1, 0, 0, 0, 0, 1, 0, 0, 0, 0], [0, 0, 0, 1, 0, 1, 0, 0, 0, 1, 0, 1]]
  ROTOR: ((0, -1, 1), (0, 1, -1)) (1, 0) parity m=12 p=3 r=6 X=[[0, 0, 1, 0, 0, 1, 0, 0, 1, 0, 0, 0], [1, 0, 0, 0, 1, 1, 1, 0, 0, 1, 1, 1]]
  ROTOR: ((0, -1, 1), (0, 1, 0)) (1, 0) parity m=6 p=1 r=4 X=[[0, 1, 0, 1, 0, 1], [1, 0, 0, 0, 0, 0]]
  ROTOR: ((0, -1, 1), (0, 1, 0)) (1, 0) parity m=6 p=2 r=3 X=[[0, 0, 1, 1, 0, 1], [1, 0, 0, 1, 0, 0]]
  ROTOR: ((0, -1, 1), (0, 1, 0)) (1, 0) parity m=6 p=3 r=3 X=[[0, 1, 0, 0, 0, 0], [1, 1, 0, 1, 1, 0]]
  ROTOR: ((0, -1, 1), (0, 1, 0)) (1, 0) parity m=8 p=1 r=4 X=[[0, 0, 0, 1, 0, 1, 0, 1], [0, 1, 0, 0, 1, 1, 0, 0]]
  ROTOR: ((0, -1, 1), (0, 1, 0)) (1, 0) parity m=8 p=2 r=4 X=[[0, 1, 0, 0, 0, 1, 1, 0], [0, 0, 1, 0, 0, 0, 1, 0]]
  ROTOR: ((0, -1, 1), (0, 1, 0)) (1, 0) parity m=8 p=3 r=4 X=[[0, 1, 0, 0, 0, 1, 0, 1], [0, 0, 0, 1, 0, 0, 1, 1]]
  ROTOR: ((0, -1, 1), (0, 1, 0)) (1, 0) parity m=10 p=1 r=5 X=[[0, 1, 0, 0, 0, 0, 1, 1, 0, 0], [1, 0, 1, 0, 1, 1, 0, 1, 0, 1]]
  ROTOR: ((0, -1, 1), (0, 1, 0)) (1, 0) parity m=10 p=2 r=5 X=[[1, 1, 0, 0, 0, 1, 0, 0, 0, 0], [0, 0, 0, 0, 0, 0, 0, 0, 0, 0]]
  ROTOR: ((0, -1, 1), (0, 1, 0)) (1, 0) parity m=10 p=3 r=5 X=[[1, 0, 1, 1, 1, 1, 0, 1, 1, 1], [0, 0, 0, 1, 0, 0, 0, 0, 0, 0]]
  ROTOR: ((0, -1, 1), (0, 1, 0)) (1, 0) parity m=12 p=1 r=6 X=[[0, 0, 1, 1, 1, 0, 0, 0, 1, 1, 1, 1], [0, 1, 1, 1, 0, 1, 0, 1, 1, 1, 0, 1]]
  ROTOR: ((0, -1, 1), (0, 1, 0)) (1, 0) parity m=12 p=2 r=6 X=[[0, 1, 0, 0, 0, 0, 0, 1, 1, 0, 0, 0], [0, 0, 0, 0, 0, 0, 0, 0, 0, 0, 0, 0]]
  ROTOR: ((0, -1, 1), (0, 1, 0)) (1, 0) parity m=12 p=3 r=6 X=[[0, 0, 0, 0, 0, 0, 0, 0, 1, 0, 0, 0], [0, 1, 1, 0, 0, 0, 0, 1, 1, 0, 0, 0]]
  ROTOR: ((0, -1, 1), (0, 1, 1)) (1, 0) parity m=6 p=1 r=4 X=[[1, 0, 1, 0, 1, 0], [0, 0, 0, 0, 0, 1]]
  ROTOR: ((0, -1, 1), (0, 1, 1)) (1, 0) parity m=6 p=2 r=2 X=[[1, 0, 1, 0, 1, 0], [0, 0, 0, 0, 0, 1]]
  ROTOR: ((0, -1, 1), (0, 1, 1)) (1, 0) parity m=8 p=1 r=4 X=[[0, 1, 1, 1, 0, 1, 1, 1], [0, 0, 1, 0, 0, 0, 0, 0]]
  ROTOR: ((0, -1, 1), (0, 1, 1)) (1, 0) parity m=8 p=3 r=4 X=[[0, 1, 1, 1, 0, 1, 1, 1], [0, 0, 1, 0, 0, 0, 0, 0]]
  ROTOR: ((0, -1, 1), (0, 1, 1)) (1, 0) parity m=10 p=1 r=5 X=[[1, 1, 1, 0, 1, 1, 1, 1, 0, 1], [0, 1, 0, 0, 0, 1, 1, 0, 0, 0]]
  ROTOR: ((0, -1, 1), (0, 1, 1)) (1, 0) parity m=10 p=3 r=5 X=[[1, 0, 1, 1, 1, 1, 0, 1, 1, 1], [0, 0, 1, 0, 0, 0, 0, 1, 1, 0]]
  ROTOR: ((0, -1, 1), (0, 1, 1)) (1, 0) parity m=12 p=1 r=6 X=[[0, 1, 1, 1, 1, 1, 0, 1, 1, 1, 1, 1], [0, 0, 0, 1, 1, 0, 0, 0, 1, 1, 1, 0]]
  ROTOR: ((0, -1, 1), (0, 1, 1)) (1, 0) parity m=12 p=2 r=6 X=[[0, 1, 1, 1, 0, 1, 0, 1, 1, 1, 0, 1], [0, 1, 1, 0, 0, 0, 0, 1, 0, 0, 0, 0]]
  ROTOR: ((0, -1, 1), (0, 1, 1)) (1, 0) parity m=12 p=3 r=6 X=[[1, 0, 1, 1, 1, 0, 1, 0, 1, 1, 1, 0], [0, 0, 1, 1, 0, 1, 0, 0, 1, 0, 0, 1]]
  ROTOR: ((0, -1, 1), (1, -1, -1)) (1, 0) parity m=6 p=1 r=4 X=[[1, 0, 1, 0, 1, 0], [0, 0, 0, 1, 0, 0]]
  ROTOR: ((0, -1, 1), (1, -1, -1)) (1, 0) parity m=6 p=2 r=2 X=[[0, 1, 0, 1, 0, 1], [0, 0, 0, 0, 1, 0]]
  ROTOR: ((0, -1, 1), (1, -1, -1)) (1, 0) parity m=6 p=3 r=3 X=[[1, 1, 0, 1, 1, 0], [0, 0, 0, 0, 1, 0]]
  ROTOR: ((0, -1, 1), (1, -1, -1)) (1, 0) parity m=8 p=1 r=4 X=[[1, 0, 0, 1, 1, 0, 0, 1], [1, 0, 0, 0, 0, 0, 0, 0]]
  ROTOR: ((0, -1, 1), (1, -1, -1)) (1, 0) parity m=8 p=3 r=4 X=[[0, 0, 0, 1, 0, 0, 0, 1], [0, 1, 0, 0, 1, 1, 0, 0]]
  ROTOR: ((0, -1, 1), (1, -1, -1)) (1, 0) parity m=10 p=1 r=5 X=[[0, 1, 0, 1, 1, 0, 1, 0, 1, 1], [1, 1, 0, 0, 1, 1, 1, 0, 0, 0]]
  ROTOR: ((0, -1, 1), (1, -1, -1)) (1, 0) parity m=10 p=2 r=5 X=[[1, 0, 0, 1, 0, 1, 0, 0, 1, 0], [0, 1, 0, 0, 0, 0, 0, 0, 0, 0]]
  ROTOR: ((0, -1, 1), (1, -1, -1)) (1, 0) parity m=10 p=3 r=5 X=[[1, 0, 1, 1, 1, 1, 0, 1, 1, 1], [1, 0, 0, 0, 0, 1, 0, 0, 1, 0]]
  ROTOR: ((0, -1, 1), (1, -1, -1)) (1, 0) parity m=12 p=1 r=6 X=[[1, 1, 0, 1, 0, 0, 1, 1, 0, 1, 0, 0], [0, 0, 1, 0, 1, 0, 0, 1, 1, 0, 1, 0]]
  ROTOR: ((0, -1, 1), (1, -1, -1)) (1, 0) parity m=12 p=2 r=8 X=[[1, 0, 1, 0, 1, 0, 1, 0, 1, 0, 1, 0], [0, 0, 0, 0, 0, 0, 0, 1, 0, 1, 0, 0]]
  ROTOR: ((0, -1, 1), (1, -1, -1)) (1, 0) parity m=12 p=3 r=6 X=[[0, 1, 1, 0, 1, 1, 0, 1, 1, 0, 1, 1], [0, 0, 0, 1, 1, 0, 0, 0, 1, 1, 1, 0]]
  ROTOR: ((0, -1, 1), (1, -1, 0)) (1, 0) parity m=6 p=1 r=4 X=[[1, 0, 1, 0, 1, 0], [0, 0, 0, 1, 0, 0]]
  ROTOR: ((0, -1, 1), (1, -1, 0)) (1, 0) parity m=6 p=2 r=3 X=[[0, 1, 1, 0, 1, 1], [0, 1, 1, 0, 1, 0]]
  ROTOR: ((0, -1, 1), (1, -1, 0)) (1, 0) parity m=6 p=3 r=3 X=[[0, 0, 1, 0, 0, 1], [0, 0, 0, 1, 0, 0]]
  ROTOR: ((0, -1, 1), (1, -1, 0)) (1, 0) parity m=8 p=1 r=4 X=[[1, 1, 0, 1, 1, 1, 0, 1], [0, 1, 0, 0, 1, 1, 0, 0]]
  ROTOR: ((0, -1, 1), (1, -1, 0)) (1, 0) parity m=8 p=2 r=4 X=[[0, 0, 1, 1, 0, 0, 1, 1], [0, 1, 0, 0, 0, 1, 1, 0]]
  ROTOR: ((0, -1, 1), (1, -1, 0)) (1, 0) parity m=8 p=3 r=4 X=[[1, 1, 1, 0, 1, 1, 1, 0], [0, 0, 1, 0, 0, 1, 1, 0]]
  ROTOR: ((0, -1, 1), (1, -1, 0)) (1, 0) parity m=10 p=1 r=5 X=[[0, 1, 0, 0, 0, 0, 1, 0, 0, 0], [0, 0, 0, 0, 1, 0, 0, 1, 0, 1]]
  ROTOR: ((0, -1, 1), (1, -1, 0)) (1, 0) parity m=10 p=2 r=5 X=[[0, 1, 0, 0, 1, 0, 1, 0, 0, 1], [0, 0, 1, 0, 0, 0, 0, 0, 0, 0]]
  ROTOR: ((0, -1, 1), (1, -1, 0)) (1, 0) parity m=10 p=3 r=5 X=[[0, 1, 0, 0, 0, 0, 1, 0, 0, 0], [0, 0, 0, 0, 0, 0, 0, 1, 0, 0]]
  ROTOR: ((0, -1, 1), (1, -1, 0)) (1, 0) parity m=12 p=1 r=6 X=[[1, 0, 0, 0, 0, 1, 1, 0, 0, 0, 0, 1], [0, 1, 1, 1, 0, 0, 1, 1, 1, 1, 0, 0]]
  ROTOR: ((0, -1, 1), (1, -1, 0)) (1, 0) parity m=12 p=2 r=6 X=[[1, 1, 1, 0, 1, 0, 1, 1, 1, 0, 1, 0], [0, 0, 1, 0, 0, 1, 0, 1, 1, 0, 0, 1]]
  ROTOR: ((0, -1, 1), (1, -1, 0)) (1, 0) parity m=12 p=3 r=9 X=[[1, 0, 0, 1, 0, 1, 1, 0, 0, 1, 0, 1], [0, 0, 1, 0, 0, 1, 1, 0, 1, 1, 0, 1]]
  ROTOR: ((0, -1, 1), (1, -1, 1)) (1, 0) parity m=6 p=1 r=4 X=[[1, 0, 1, 0, 1, 0], [0, 0, 0, 1, 0, 0]]
  ROTOR: ((0, -1, 1), (1, -1, 1)) (1, 0) parity m=6 p=2 r=2 X=[[0, 1, 0, 1, 0, 1], [1, 0, 0, 0, 0, 0]]
  ROTOR: ((0, -1, 1), (1, -1, 1)) (1, 0) parity m=6 p=3 r=3 X=[[1, 1, 0, 1, 1, 0], [0, 0, 0, 0, 1, 0]]
  ROTOR: ((0, -1, 1), (1, -1, 1)) (1, 0) parity m=8 p=1 r=4 X=[[0, 1, 0, 1, 1, 1, 0, 1], [1, 1, 0, 1, 0, 1, 0, 1]]
  ROTOR: ((0, -1, 1), (1, -1, 1)) (1, 0) parity m=8 p=3 r=4 X=[[0, 0, 0, 0, 1, 0, 0, 0], [1, 1, 0, 1, 1, 1, 0, 1]]
  ROTOR: ((0, -1, 1), (1, -1, 1)) (1, 0) parity m=10 p=1 r=5 X=[[1, 1, 1, 0, 1, 1, 1, 1, 0, 1], [1, 0, 1, 0, 0, 0, 0, 1, 0, 0]]
  ROTOR: ((0, -1, 1), (1, -1, 1)) (1, 0) parity m=10 p=2 r=5 X=[[0, 0, 1, 0, 1, 0, 0, 0, 0, 1], [0, 1, 1, 0, 0, 0, 1, 1, 0, 0]]
  ROTOR: ((0, -1, 1), (1, -1, 1)) (1, 0) parity m=10 p=3 r=5 X=[[0, 1, 0, 0, 0, 0, 1, 0, 0, 0], [0, 0, 0, 0, 1, 0, 0, 1, 0, 1]]
  ROTOR: ((0, -1, 1), (1, -1, 1)) (1, 0) parity m=12 p=1 r=3 X=[[0, 1, 1, 0, 1, 1, 0, 1, 1, 0, 1, 1], [0, 0, 0, 0, 0, 1, 0, 0, 0, 0, 0, 1]]
  ROTOR: ((0, -1, 1), (1, -1, 1)) (1, 0) parity m=12 p=2 r=6 X=[[1, 0, 1, 1, 0, 0, 1, 0, 1, 1, 0, 0], [0, 1, 0, 1, 1, 0, 0, 1, 0, 0, 1, 0]]
  ROTOR: ((0, -1, 1), (1, -1, 1)) (1, 0) parity m=12 p=3 r=6 X=[[0, 1, 1, 0, 1, 0, 0, 1, 0, 0, 1, 0], [0, 1, 0, 1, 1, 1, 0, 1, 1, 1, 1, 1]]
  ROTOR: ((0, 1, -1), (-1, 1, -1)) (1, 0) parity m=6 p=1 r=2 X=[[0, 1, 0, 1, 0, 1], [0, 0, 0, 0, 1, 0]]
  ROTOR: ((0, 1, -1), (-1, 1, -1)) (1, 0) parity m=6 p=2 r=4 X=[[0, 1, 0, 1, 0, 1], [0, 0, 0, 0, 1, 0]]
  ROTOR: ((0, 1, -1), (-1, 1, -1)) (1, 0) parity m=6 p=3 r=3 X=[[1, 1, 0, 0, 1, 0], [0, 1, 0, 1, 1, 0]]
  ROTOR: ((0, 1, -1), (-1, 1, -1)) (1, 0) parity m=8 p=1 r=4 X=[[0, 0, 0, 1, 0, 0, 0, 1], [0, 1, 0, 0, 0, 1, 1, 0]]
  ROTOR: ((0, 1, -1), (-1, 1, -1)) (1, 0) parity m=8 p=3 r=4 X=[[1, 0, 0, 1, 1, 0, 0, 0], [1, 0, 1, 0, 1, 0, 1, 1]]
  ROTOR: ((0, 1, -1), (-1, 1, -1)) (1, 0) parity m=10 p=1 r=5 X=[[1, 0, 0, 1, 1, 1, 0, 0, 1, 1], [0, 0, 0, 0, 0, 0, 0, 0, 0, 1]]
  ROTOR: ((0, 1, -1), (-1, 1, -1)) (1, 0) parity m=10 p=2 r=5 X=[[0, 1, 0, 1, 0, 1, 1, 0, 1, 0], [1, 1, 0, 0, 0, 0, 1, 0, 0, 0]]
  ROTOR: ((0, 1, -1), (-1, 1, -1)) (1, 0) parity m=10 p=3 r=5 X=[[1, 0, 0, 0, 0, 1, 0, 0, 0, 0], [0, 0, 0, 0, 1, 0, 0, 0, 0, 0]]
  ROTOR: ((0, 1, -1), (-1, 1, -1)) (1, 0) parity m=12 p=1 r=6 X=[[1, 1, 1, 0, 0, 1, 1, 1, 1, 0, 0, 1], [1, 0, 0, 0, 0, 0, 1, 1, 0, 0, 0, 0]]
  ROTOR: ((0, 1, -1), (-1, 1, -1)) (1, 0) parity m=12 p=2 r=6 X=[[1, 1, 1, 0, 1, 0, 1, 0, 1, 0, 1, 0], [1, 0, 1, 1, 0, 0, 1, 1, 1, 1, 0, 0]]
  ROTOR: ((0, 1, -1), (-1, 1, -1)) (1, 0) parity m=12 p=3 r=3 X=[[1, 1, 0, 0, 1, 0, 1, 1, 0, 0, 1, 0], [0, 1, 0, 1, 1, 0, 0, 1, 0, 1, 1, 0]]
  ROTOR: ((0, 1, -1), (-1, 1, 0)) (1, 0) parity m=6 p=1 r=2 X=[[1, 0, 1, 0, 1, 0], [0, 0, 0, 0, 0, 1]]
  ROTOR: ((0, 1, -1), (-1, 1, 0)) (1, 0) parity m=6 p=2 r=4 X=[[1, 0, 1, 0, 1, 0], [0, 0, 0, 1, 0, 0]]
  ROTOR: ((0, 1, -1), (-1, 1, 0)) (1, 0) parity m=6 p=3 r=3 X=[[0, 1, 0, 0, 1, 0], [0, 0, 0, 1, 0, 0]]
  ROTOR: ((0, 1, -1), (-1, 1, 0)) (1, 0) parity m=8 p=1 r=4 X=[[0, 0, 0, 1, 0, 0, 0, 1], [0, 1, 0, 0, 0, 1, 1, 0]]
  ROTOR: ((0, 1, -1), (-1, 1, 0)) (1, 0) parity m=8 p=2 r=4 X=[[0, 1, 0, 0, 0, 1, 0, 0], [1, 0, 1, 0, 1, 1, 1, 0]]
  ROTOR: ((0, 1, -1), (-1, 1, 0)) (1, 0) parity m=8 p=3 r=4 X=[[1, 0, 0, 1, 1, 0, 0, 1], [0, 0, 1, 0, 0, 0, 1, 1]]
  ROTOR: ((0, 1, -1), (-1, 1, 0)) (1, 0) parity m=10 p=1 r=5 X=[[0, 1, 0, 0, 0, 0, 1, 0, 0, 0], [0, 0, 0, 0, 1, 1, 0, 0, 0, 1]]
  ROTOR: ((0, 1, -1), (-1, 1, 0)) (1, 0) parity m=10 p=2 r=5 X=[[1, 1, 0, 0, 0, 1, 1, 0, 0, 0], [0, 1, 0, 0, 1, 1, 1, 0, 0, 1]]
  ROTOR: ((0, 1, -1), (-1, 1, 0)) (1, 0) parity m=10 p=3 r=5 X=[[0, 0, 1, 1, 0, 0, 0, 1, 1, 0], [0, 1, 0, 0, 0, 0, 1, 1, 0, 0]]
  ROTOR: ((0, 1, -1), (-1, 1, 0)) (1, 0) parity m=12 p=1 r=6 X=[[0, 1, 1, 1, 0, 0, 0, 1, 1, 1, 0, 0], [0, 1, 1, 0, 0, 1, 0, 1, 0, 0, 0, 1]]
  ROTOR: ((0, 1, -1), (-1, 1, 0)) (1, 0) parity m=12 p=2 r=6 X=[[1, 0, 1, 1, 1, 0, 1, 0, 1, 1, 1, 0], [0, 0, 1, 0, 0, 0, 0, 0, 1, 1, 0, 0]]
  ROTOR: ((0, 1, -1), (-1, 1, 0)) (1, 0) parity m=12 p=3 r=6 X=[[1, 1, 0, 1, 1, 0, 1, 1, 0, 1, 1, 0], [0, 0, 1, 0, 0, 0, 0, 0, 1, 1, 0, 0]]
  ROTOR: ((0, 1, -1), (-1, 1, 1)) (1, 0) parity m=6 p=1 r=2 X=[[0, 1, 0, 1, 0, 1], [0, 0, 0, 0, 1, 0]]
  ROTOR: ((0, 1, -1), (-1, 1, 1)) (1, 0) parity m=6 p=2 r=4 X=[[0, 1, 0, 1, 0, 1], [0, 0, 1, 0, 0, 0]]
  ROTOR: ((0, 1, -1), (-1, 1, 1)) (1, 0) parity m=6 p=3 r=3 X=[[0, 1, 1, 0, 1, 1], [0, 0, 0, 0, 1, 0]]
  ROTOR: ((0, 1, -1), (-1, 1, 1)) (1, 0) parity m=8 p=1 r=4 X=[[1, 1, 0, 1, 1, 1, 0, 1], [1, 0, 0, 0, 0, 0, 0, 0]]
  ROTOR: ((0, 1, -1), (-1, 1, 1)) (1, 0) parity m=8 p=3 r=4 X=[[1, 0, 0, 1, 1, 0, 0, 1], [0, 0, 1, 0, 0, 0, 1, 1]]
  ROTOR: ((0, 1, -1), (-1, 1, 1)) (1, 0) parity m=10 p=1 r=5 X=[[0, 0, 1, 1, 0, 0, 0, 1, 1, 0], [1, 1, 1, 0, 0, 1, 1, 0, 0, 0]]
  ROTOR: ((0, 1, -1), (-1, 1, 1)) (1, 0) parity m=10 p=2 r=5 X=[[0, 1, 0, 0, 1, 0, 1, 0, 0, 1], [0, 0, 0, 0, 0, 0, 0, 0, 1, 0]]
  ROTOR: ((0, 1, -1), (-1, 1, 1)) (1, 0) parity m=10 p=3 r=5 X=[[1, 1, 0, 0, 0, 1, 1, 0, 0, 0], [0, 0, 0, 0, 1, 1, 0, 0, 0, 1]]
  ROTOR: ((0, 1, -1), (-1, 1, 1)) (1, 0) parity m=12 p=1 r=6 X=[[1, 1, 0, 0, 0, 0, 1, 1, 0, 0, 0, 0], [0, 0, 0, 0, 0, 1, 1, 0, 0, 0, 0, 1]]
  ROTOR: ((0, 1, -1), (-1, 1, 1)) (1, 0) parity m=12 p=2 r=6 X=[[1, 0, 0, 0, 1, 0, 1, 0, 0, 0, 1, 0], [0, 0, 0, 0, 0, 0, 0, 0, 0, 1, 0, 0]]
  ROTOR: ((0, 1, -1), (-1, 1, 1)) (1, 0) parity m=12 p=3 r=6 X=[[0, 0, 0, 1, 0, 0, 0, 0, 0, 1, 0, 0], [0, 1, 0, 0, 0, 0, 0, 1, 1, 0, 0, 0]]
  ROTOR: ((0, 1, -1), (0, -1, -1)) (1, 0) parity m=6 p=1 r=2 X=[[1, 0, 1, 0, 1, 0], [0, 0, 0, 0, 0, 1]]
  ROTOR: ((0, 1, -1), (0, -1, -1)) (1, 0) parity m=6 p=2 r=4 X=[[0, 1, 0, 1, 0, 1], [1, 0, 0, 0, 0, 0]]
  ROTOR: ((0, 1, -1), (0, -1, -1)) (1, 0) parity m=8 p=1 r=4 X=[[1, 1, 1, 0, 1, 1, 1, 0], [0, 0, 1, 0, 0, 1, 1, 0]]
  ROTOR: ((0, 1, -1), (0, -1, -1)) (1, 0) parity m=8 p=3 r=4 X=[[0, 1, 1, 1, 0, 1, 1, 1], [0, 0, 1, 1, 0, 0, 0, 1]]
  ROTOR: ((0, 1, -1), (0, -1, -1)) (1, 0) parity m=10 p=1 r=5 X=[[1, 1, 1, 0, 0, 1, 1, 1, 0, 0], [0, 1, 1, 0, 0, 0, 0, 1, 0, 0]]
  ROTOR: ((0, 1, -1), (0, -1, -1)) (1, 0) parity m=10 p=3 r=5 X=[[0, 1, 0, 1, 1, 0, 1, 0, 1, 1], [0, 0, 1, 1, 1, 0, 0, 1, 0, 1]]
  ROTOR: ((0, 1, -1), (0, -1, -1)) (1, 0) parity m=12 p=1 r=6 X=[[1, 1, 1, 0, 0, 1, 1, 1, 1, 0, 0, 1], [1, 0, 0, 0, 0, 0, 1, 1, 0, 0, 0, 0]]
  ROTOR: ((0, 1, -1), (0, -1, -1)) (1, 0) parity m=12 p=2 r=6 X=[[1, 1, 1, 0, 1, 0, 1, 1, 1, 0, 1, 0], [0, 1, 0, 0, 0, 0, 0, 0, 0, 0, 0, 0]]
  ROTOR: ((0, 1, -1), (0, -1, -1)) (1, 0) parity m=12 p=3 r=6 X=[[1, 1, 0, 0, 0, 1, 1, 1, 0, 0, 0, 1], [1, 1, 0, 0, 0, 0, 0, 1, 0, 0, 0, 0]]
  ROTOR: ((0, 1, -1), (0, -1, 0)) (1, 0) parity m=6 p=1 r=2 X=[[0, 1, 0, 1, 0, 1], [1, 0, 0, 0, 0, 0]]
  ROTOR: ((0, 1, -1), (0, -1, 0)) (1, 0) parity m=6 p=2 r=3 X=[[1, 1, 0, 0, 1, 0], [1, 0, 0, 1, 0, 0]]
  ROTOR: ((0, 1, -1), (0, -1, 0)) (1, 0) parity m=6 p=3 r=3 X=[[0, 0, 0, 1, 0, 0], [1, 1, 0, 1, 1, 0]]
  ROTOR: ((0, 1, -1), (0, -1, 0)) (1, 0) parity m=8 p=1 r=4 X=[[0, 1, 1, 1, 0, 1, 1, 1], [0, 0, 1, 0, 0, 0, 0, 0]]
  ROTOR: ((0, 1, -1), (0, -1, 0)) (1, 0) parity m=8 p=2 r=4 X=[[0, 1, 1, 0, 0, 0, 1, 0], [0, 1, 0, 0, 0, 1, 0, 0]]
  ROTOR: ((0, 1, -1), (0, -1, 0)) (1, 0) parity m=8 p=3 r=4 X=[[0, 1, 0, 0, 0, 0, 0, 0], [0, 1, 1, 0, 0, 1, 1, 0]]
  ROTOR: ((0, 1, -1), (0, -1, 0)) (1, 0) parity m=10 p=1 r=5 X=[[1, 1, 1, 1, 0, 1, 1, 1, 1, 0], [0, 1, 0, 1, 0, 0, 1, 1, 1, 0]]
  ROTOR: ((0, 1, -1), (0, -1, 0)) (1, 0) parity m=10 p=2 r=5 X=[[1, 0, 0, 1, 0, 1, 0, 1, 1, 0], [0, 0, 0, 0, 0, 0, 0, 1, 0, 0]]
  ROTOR: ((0, 1, -1), (0, -1, 0)) (1, 0) parity m=10 p=3 r=5 X=[[0, 1, 1, 1, 1, 0, 0, 1, 1, 1], [0, 1, 1, 0, 0, 0, 1, 1, 1, 0]]
  ROTOR: ((0, 1, -1), (0, -1, 0)) (1, 0) parity m=12 p=1 r=6 X=[[1, 0, 1, 1, 0, 0, 1, 0, 1, 1, 0, 0], [0, 1, 0, 1, 0, 0, 0, 1, 1, 1, 0, 0]]
  ROTOR: ((0, 1, -1), (0, -1, 0)) (1, 0) parity m=12 p=2 r=6 X=[[0, 1, 1, 1, 0, 1, 0, 1, 1, 1, 0, 1], [0, 0, 1, 1, 0, 0, 0, 0, 0, 1, 0, 0]]
  ROTOR: ((0, 1, -1), (0, -1, 0)) (1, 0) parity m=12 p=3 r=3 X=[[1, 0, 0, 0, 0, 0, 1, 0, 0, 0, 0, 0], [1, 1, 0, 1, 1, 0, 1, 1, 0, 1, 1, 0]]
  ROTOR: ((0, 1, -1), (0, -1, 1)) (1, 0) parity m=6 p=1 r=2 X=[[1, 0, 1, 0, 1, 0], [0, 0, 0, 1, 0, 0]]
  ROTOR: ((0, 1, -1), (0, -1, 1)) (1, 0) parity m=6 p=2 r=4 X=[[1, 0, 1, 0, 1, 0], [0, 0, 0, 0, 0, 1]]
  ROTOR: ((0, 1, -1), (0, -1, 1)) (1, 0) parity m=8 p=1 r=4 X=[[1, 0, 1, 0, 1, 1, 1, 0], [1, 1, 1, 0, 1, 0, 1, 0]]
  ROTOR: ((0, 1, -1), (0, -1, 1)) (1, 0) parity m=8 p=3 r=4 X=[[0, 1, 1, 0, 0, 0, 1, 0], [1, 0, 1, 0, 1, 1, 1, 0]]
  ROTOR: ((0, 1, -1), (0, -1, 1)) (1, 0) parity m=10 p=1 r=5 X=[[1, 1, 0, 0, 0, 0, 1, 0, 0, 0], [0, 1, 0, 0, 1, 1, 1, 0, 0, 1]]
  ROTOR: ((0, 1, -1), (0, -1, 1)) (1, 0) parity m=10 p=3 r=5 X=[[0, 0, 0, 1, 1, 0, 0, 1, 1, 1], [0, 1, 1, 0, 0, 0, 1, 1, 1, 0]]
  ROTOR: ((0, 1, -1), (0, -1, 1)) (1, 0) parity m=12 p=1 r=6 X=[[1, 0, 0, 0, 0, 0, 1, 0, 0, 0, 0, 1], [1, 1, 1, 0, 1, 1, 1, 1, 1, 0, 1, 1]]
  ROTOR: ((0, 1, -1), (0, -1, 1)) (1, 0) parity m=12 p=2 r=6 X=[[1, 0, 0, 1, 0, 1, 1, 0, 0, 1, 0, 0], [0, 0, 1, 0, 1, 0, 0, 0, 1, 0, 1, 0]]
  ROTOR: ((0, 1, -1), (0, -1, 1)) (1, 0) parity m=12 p=3 r=6 X=[[0, 1, 1, 1, 1, 0, 0, 1, 1, 1, 1, 0], [0, 0, 1, 0, 1, 0, 0, 0, 1, 1, 1, 0]]
  ROTOR: ((0, 1, -1), (0, 1, -1)) (1, 0) parity m=6 p=1 r=2 X=[[0, 0, 0, 0, 0, 1], [1, 0, 1, 0, 1, 0]]
  ROTOR: ((0, 1, -1), (0, 1, -1)) (1, 0) parity m=6 p=2 r=4 X=[[0, 0, 0, 0, 0, 1], [1, 0, 1, 0, 1, 0]]
  ROTOR: ((0, 1, -1), (0, 1, -1)) (1, 0) parity m=6 p=3 r=3 X=[[1, 0, 1, 1, 0, 1], [0, 0, 1, 0, 0, 0]]
  ROTOR: ((0, 1, -1), (0, 1, -1)) (1, 0) parity m=8 p=1 r=4 X=[[1, 1, 0, 0, 1, 1, 0, 0], [1, 0, 0, 0, 0, 0, 0, 0]]
  ROTOR: ((0, 1, -1), (0, 1, -1)) (1, 0) parity m=8 p=3 r=4 X=[[0, 0, 1, 0, 0, 1, 1, 0], [1, 1, 1, 0, 1, 0, 1, 0]]
  ROTOR: ((0, 1, -1), (0, 1, -1)) (1, 0) parity m=10 p=1 r=5 X=[[1, 1, 0, 1, 1, 0, 1, 0, 1, 1], [0, 1, 0, 0, 0, 1, 1, 0, 0, 0]]
  ROTOR: ((0, 1, -1), (0, 1, -1)) (1, 0) parity m=10 p=2 r=5 X=[[0, 0, 1, 0, 0, 0, 0, 1, 0, 0], [0, 0, 0, 0, 1, 0, 1, 0, 0, 1]]
  ROTOR: ((0, 1, -1), (0, 1, -1)) (1, 0) parity m=10 p=3 r=5 X=[[0, 1, 1, 0, 1, 0, 1, 1, 1, 1], [0, 1, 0, 1, 1, 0, 1, 0, 0, 1]]
  ROTOR: ((0, 1, -1), (0, 1, -1)) (1, 0) parity m=12 p=1 r=6 X=[[0, 1, 1, 1, 0, 0, 0, 1, 1, 1, 1, 0], [0, 0, 0, 0, 1, 1, 0, 0, 0, 0, 1, 1]]
  ROTOR: ((0, 1, -1), (0, 1, -1)) (1, 0) parity m=12 p=2 r=6 X=[[1, 1, 0, 1, 0, 1, 1, 1, 0, 1, 1, 1], [1, 1, 0, 1, 1, 1, 1, 1, 0, 1, 0, 1]]
  ROTOR: ((0, 1, -1), (0, 1, -1)) (1, 0) parity m=12 p=3 r=6 X=[[0, 1, 0, 0, 1, 0, 0, 0, 0, 0, 0, 0], [0, 1, 1, 0, 0, 1, 0, 1, 1, 0, 0, 1]]
  ROTOR: ((0, 1, -1), (0, 1, 0)) (1, 0) parity m=4 p=3 r=2 X=[[0, 1, 0, 1], [0, 1, 1, 1]]
  ROTOR: ((0, 1, -1), (0, 1, 0)) (1, 0) parity m=6 p=1 r=3 X=[[0, 1, 1, 0, 1, 1], [0, 0, 0, 0, 1, 0]]
  ROTOR: ((0, 1, -1), (0, 1, 0)) (1, 0) parity m=6 p=2 r=3 X=[[1, 0, 0, 1, 0, 0], [1, 0, 0, 1, 0, 1]]
  ROTOR: ((0, 1, -1), (0, 1, 0)) (1, 0) parity m=6 p=3 r=3 X=[[1, 0, 1, 1, 0, 1], [0, 0, 1, 0, 0, 0]]
  ROTOR: ((0, 1, -1), (0, 1, 0)) (1, 0) parity m=8 p=1 r=4 X=[[1, 1, 1, 0, 1, 1, 1, 0], [0, 1, 0, 0, 0, 0, 0, 0]]
  ROTOR: ((0, 1, -1), (0, 1, 0)) (1, 0) parity m=8 p=2 r=4 X=[[0, 0, 1, 1, 0, 0, 1, 1], [0, 1, 0, 1, 0, 1, 1, 1]]
  ROTOR: ((0, 1, -1), (0, 1, 0)) (1, 0) parity m=8 p=3 r=2 X=[[0, 1, 0, 1, 0, 1, 0, 1], [1, 1, 0, 1, 1, 1, 0, 1]]
  ROTOR: ((0, 1, -1), (0, 1, 0)) (1, 0) parity m=10 p=1 r=5 X=[[0, 1, 1, 0, 1, 0, 1, 1, 0, 1], [1, 0, 0, 0, 0, 1, 1, 0, 0, 0]]
  ROTOR: ((0, 1, -1), (0, 1, 0)) (1, 0) parity m=10 p=2 r=5 X=[[0, 0, 0, 0, 0, 0, 0, 0, 0, 0], [1, 0, 0, 0, 0, 1, 0, 0, 0, 1]]
  ROTOR: ((0, 1, -1), (0, 1, 0)) (1, 0) parity m=10 p=3 r=5 X=[[0, 0, 1, 1, 1, 0, 0, 1, 1, 1], [0, 1, 1, 1, 0, 0, 1, 1, 0, 0]]
  ROTOR: ((0, 1, -1), (0, 1, 0)) (1, 0) parity m=12 p=1 r=6 X=[[1, 1, 1, 0, 1, 0, 1, 1, 1, 0, 1, 0], [0, 0, 0, 0, 1, 1, 0, 1, 0, 0, 1, 1]]
  ROTOR: ((0, 1, -1), (0, 1, 0)) (1, 0) parity m=12 p=2 r=6 X=[[1, 0, 0, 0, 1, 1, 1, 0, 0, 0, 1, 1], [0, 1, 0, 1, 0, 0, 1, 1, 0, 1, 0, 0]]
  ROTOR: ((0, 1, -1), (0, 1, 0)) (1, 0) parity m=12 p=3 r=2 X=[[0, 0, 1, 0, 0, 0, 1, 0, 0, 0, 1, 0], [1, 0, 1, 0, 1, 0, 1, 0, 1, 0, 1, 0]]
  ROTOR: ((0, 1, -1), (0, 1, 1)) (1, 0) parity m=6 p=1 r=3 X=[[0, 1, 1, 0, 1, 1], [0, 0, 0, 0, 1, 0]]
  ROTOR: ((0, 1, -1), (0, 1, 1)) (1, 0) parity m=6 p=2 r=4 X=[[0, 1, 0, 1, 0, 1], [0, 0, 1, 0, 0, 0]]
  ROTOR: ((0, 1, -1), (0, 1, 1)) (1, 0) parity m=6 p=3 r=3 X=[[1, 0, 0, 1, 0, 0], [0, 0, 1, 0, 0, 0]]
  ROTOR: ((0, 1, -1), (0, 1, 1)) (1, 0) parity m=8 p=1 r=4 X=[[1, 1, 1, 0, 1, 1, 1, 0], [0, 0, 0, 0, 0, 1, 0, 0]]
  ROTOR: ((-1, 1, -1), (1, -1, -1), (0, -1, 1)) (0, 0, 0) parity m=9 p=1 r=6 X=[[0, 1, 1, 1, 1, 0, 0, 1, 0], [0, 1, 0, 0, 1, 0, 0, 1, 0], [0, 1, 0, 0, 1, 0, 0, 1, 0]]
  ROTOR: ((0, 1, -1), (0, 1, 1)) (1, 0) parity m=8 p=3 r=4 X=[[0, 1, 1, 0, 0, 1, 1, 0], [1, 1, 0, 0, 1, 0, 0, 0]]
  ROTOR: ((-1, 1, -1), (1, -1, -1), (0, -1, 1)) (0, 0, 0) parity m=9 p=2 r=3 X=[[0, 1, 0, 0, 1, 1, 1, 1, 0], [0, 1, 0, 0, 1, 0, 0, 1, 0], [0, 1, 0, 0, 1, 0, 0, 1, 0]]
  ROTOR: ((0, 1, -1), (0, 1, 1)) (1, 0) parity m=10 p=1 r=5 X=[[1, 1, 0, 0, 0, 1, 1, 0, 0, 0], [1, 0, 0, 1, 1, 0, 0, 0, 1, 1]]
  ROTOR: ((0, 1, -1), (0, 1, 1)) (1, 0) parity m=10 p=2 r=5 X=[[1, 0, 1, 0, 1, 1, 0, 1, 0, 1], [0, 0, 0, 0, 1, 0, 0, 0, 0, 0]]
  ROTOR: ((0, 1, -1), (0, 1, 1)) (1, 0) parity m=10 p=3 r=2 X=[[0, 1, 0, 1, 0, 1, 0, 1, 0, 1], [0, 0, 0, 0, 0, 0, 1, 0, 0, 0]]
  ROTOR: ((0, 1, -1), (0, 1, 1)) (1, 0) parity m=12 p=1 r=6 X=[[1, 0, 1, 1, 0, 1, 1, 0, 1, 1, 0, 1], [0, 0, 1, 0, 1, 0, 0, 0, 1, 0, 1, 1]]
  ROTOR: ((0, 1, -1), (0, 1, 1)) (1, 0) parity m=12 p=2 r=6 X=[[0, 1, 0, 1, 0, 0, 0, 1, 0, 1, 0, 0], [0, 0, 1, 0, 0, 0, 1, 0, 1, 0, 0, 0]]
  ROTOR: ((0, 1, -1), (0, 1, 1)) (1, 0) parity m=12 p=3 r=6 X=[[0, 1, 1, 0, 0, 0, 0, 1, 1, 0, 0, 0], [1, 1, 0, 0, 0, 1, 1, 0, 0, 0, 0, 1]]
  ROTOR: ((0, 1, -1), (1, -1, -1)) (1, 0) parity m=6 p=1 r=2 X=[[1, 0, 1, 0, 1, 0], [0, 0, 0, 0, 0, 1]]
  ROTOR: ((0, 1, -1), (1, -1, -1)) (1, 0) parity m=6 p=2 r=4 X=[[0, 1, 0, 1, 0, 1], [0, 0, 0, 0, 1, 0]]
  ROTOR: ((0, 1, -1), (1, -1, -1)) (1, 0) parity m=8 p=1 r=4 X=[[1, 1, 1, 0, 1, 1, 1, 0], [0, 0, 1, 0, 0, 1, 1, 0]]
  ROTOR: ((0, 1, -1), (1, -1, -1)) (1, 0) parity m=8 p=3 r=4 X=[[0, 1, 1, 1, 0, 1, 1, 1], [0, 0, 0, 0, 0, 0, 1, 0]]
  ROTOR: ((0, 1, -1), (1, -1, -1)) (1, 0) parity m=10 p=1 r=5 X=[[0, 1, 0, 0, 1, 0, 1, 0, 0, 1], [0, 0, 1, 1, 1, 0, 0, 1, 0, 1]]
  ROTOR: ((0, 1, -1), (1, -1, -1)) (1, 0) parity m=10 p=3 r=5 X=[[0, 0, 1, 0, 1, 0, 0, 1, 0, 1], [1, 0, 0, 0, 0, 1, 1, 0, 0, 0]]
  ROTOR: ((0, 1, -1), (1, -1, -1)) (1, 0) parity m=12 p=1 r=6 X=[[1, 1, 1, 1, 0, 0, 1, 1, 1, 1, 0, 0], [0, 1, 0, 0, 0, 0, 0, 1, 1, 0, 0, 0]]
  ROTOR: ((0, 1, -1), (1, -1, -1)) (1, 0) parity m=12 p=2 r=4 X=[[1, 0, 1, 0, 1, 0, 1, 0, 1, 0, 1, 0], [1, 1, 0, 0, 1, 0, 0, 0, 1, 0, 0, 1]]
  ROTOR: ((0, 1, -1), (1, -1, -1)) (1, 0) parity m=12 p=3 r=6 X=[[1, 1, 0, 1, 1, 1, 1, 1, 0, 1, 1, 1], [1, 1, 0, 0, 1, 1, 0, 1, 0, 0, 1, 1]]
  ROTOR: ((0, 1, -1), (1, -1, 0)) (1, 0) parity m=6 p=1 r=2 X=[[1, 0, 1, 0, 1, 0], [0, 0, 0, 0, 0, 1]]
  ROTOR: ((0, 1, -1), (1, -1, 0)) (1, 0) parity m=6 p=2 r=4 X=[[1, 0, 1, 0, 1, 0], [0, 0, 0, 1, 0, 0]]
  ROTOR: ((0, 1, -1), (1, -1, 0)) (1, 0) parity m=6 p=3 r=3 X=[[0, 0, 0, 0, 1, 0], [0, 1, 1, 0, 1, 1]]
  ROTOR: ((0, 1, -1), (1, -1, 0)) (1, 0) parity m=8 p=1 r=4 X=[[0, 0, 0, 1, 0, 0, 0, 0], [1, 1, 0, 1, 1, 1, 0, 1]]
  ROTOR: ((0, 1, -1), (1, -1, 0)) (1, 0) parity m=8 p=2 r=4 X=[[0, 0, 1, 0, 0, 1, 1, 0], [0, 1, 0, 0, 0, 1, 0, 0]]
  ROTOR: ((0, 1, -1), (1, -1, 0)) (1, 0) parity m=8 p=3 r=4 X=[[1, 0, 0, 1, 1, 0, 1, 1], [0, 0, 1, 0, 0, 0, 1, 1]]
  ROTOR: ((0, 1, -1), (1, -1, 0)) (1, 0) parity m=10 p=1 r=5 X=[[0, 1, 0, 1, 0, 0, 1, 0, 1, 0], [1, 0, 0, 0, 1, 0, 0, 0, 0, 1]]
  ROTOR: ((0, 1, -1), (1, -1, 0)) (1, 0) parity m=10 p=2 r=5 X=[[0, 1, 0, 0, 0, 1, 1, 0, 0, 0], [0, 0, 0, 1, 0, 0, 0, 0, 1, 0]]
  ROTOR: ((0, 1, -1), (1, -1, 0)) (1, 0) parity m=10 p=3 r=5 X=[[0, 0, 0, 0, 1, 0, 1, 1, 0, 1], [0, 0, 1, 1, 0, 0, 1, 1, 0, 0]]
  ROTOR: ((0, 1, -1), (1, -1, 0)) (1, 0) parity m=12 p=1 r=6 X=[[1, 1, 0, 1, 1, 1, 1, 1, 0, 1, 1, 1], [1, 1, 0, 0, 0, 1, 0, 1, 0, 0, 0, 1]]
  ROTOR: ((0, 1, -1), (1, -1, 0)) (1, 0) parity m=12 p=2 r=6 X=[[0, 1, 0, 1, 1, 1, 0, 1, 0, 1, 1, 1], [1, 0, 0, 1, 0, 0, 1, 0, 0, 1, 1, 0]]
  ROTOR: ((0, 1, -1), (1, -1, 0)) (1, 0) parity m=12 p=3 r=6 X=[[1, 0, 0, 0, 0, 1, 1, 0, 1, 0, 0, 1], [0, 0, 1, 1, 1, 0, 0, 0, 1, 1, 1, 1]]
  ROTOR: ((0, 1, -1), (1, -1, 1)) (1, 0) parity m=6 p=1 r=2 X=[[0, 1, 0, 1, 0, 1], [0, 0, 0, 0, 1, 0]]
  ROTOR: ((0, 1, -1), (1, -1, 1)) (1, 0) parity m=6 p=2 r=4 X=[[0, 1, 0, 1, 0, 1], [0, 0, 1, 0, 0, 0]]
  ROTOR: ((0, 1, -1), (1, -1, 1)) (1, 0) parity m=8 p=1 r=4 X=[[0, 1, 1, 1, 0, 1, 0, 1], [0, 1, 0, 1, 0, 1, 1, 1]]
  ROTOR: ((0, 1, -1), (1, -1, 1)) (1, 0) parity m=8 p=2 r=2 X=[[1, 0, 1, 0, 1, 0, 1, 1], [1, 1, 1, 1, 1, 0, 1, 0]]
  ROTOR: ((0, 1, -1), (1, -1, 1)) (1, 0) parity m=8 p=3 r=4 X=[[1, 1, 1, 0, 1, 1, 1, 0], [0, 1, 0, 0, 0, 0, 0, 0]]
  ROTOR: ((0, 1, -1), (1, -1, 1)) (1, 0) parity m=10 p=1 r=5 X=[[1, 1, 1, 0, 0, 0, 1, 1, 0, 0], [1, 0, 0, 0, 1, 1, 1, 0, 0, 1]]
  ROTOR: ((0, 1, -1), (1, -1, 1)) (1, 0) parity m=10 p=3 r=5 X=[[1, 0, 0, 1, 1, 1, 0, 0, 1, 1], [1, 0, 0, 0, 1, 1, 0, 0, 0, 0]]
  ROTOR: ((0, 1, -1), (1, -1, 1)) (1, 0) parity m=12 p=1 r=6 X=[[1, 0, 0, 0, 1, 1, 1, 0, 0, 0, 1, 0], [0, 0, 0, 0, 1, 0, 0, 0, 0, 0, 1, 1]]
  ROTOR: ((0, 1, -1), (1, -1, 1)) (1, 0) parity m=12 p=2 r=6 X=[[1, 0, 1, 0, 0, 1, 1, 0, 1, 0, 0, 0], [0, 0, 1, 0, 1, 1, 0, 0, 1, 0, 1, 0]]
  ROTOR: ((0, 1, -1), (1, -1, 1)) (1, 0) parity m=12 p=3 r=6 X=[[0, 1, 1, 0, 1, 1, 0, 1, 0, 0, 1, 1], [0, 1, 1, 1, 1, 1, 0, 1, 1, 1, 0, 1]]
  ROTOR: ((0, 1, 0), (-1, 1, -1)) (1, 0) parity m=4 p=1 r=2 X=[[1, 0, 1, 0], [0, 0, 1, 0]]
  ROTOR: ((0, 1, 0), (-1, 1, -1)) (1, 0) parity m=4 p=3 r=2 X=[[1, 0, 1, 0], [1, 0, 0, 0]]
  ROTOR: ((0, 1, 0), (-1, 1, -1)) (1, 0) parity m=6 p=1 r=3 X=[[0, 1, 0, 0, 1, 0], [0, 0, 0, 0, 1, 0]]
  ROTOR: ((0, 1, 0), (-1, 1, -1)) (1, 0) parity m=6 p=2 r=3 X=[[1, 1, 0, 0, 1, 0], [1, 0, 0, 1, 0, 0]]
  ROTOR: ((0, 1, 0), (-1, 1, -1)) (1, 0) parity m=6 p=3 r=3 X=[[0, 0, 1, 0, 0, 1], [0, 0, 1, 0, 0, 0]]
  ROTOR: ((0, 1, 0), (-1, 1, -1)) (1, 0) parity m=8 p=1 r=2 X=[[0, 1, 0, 1, 0, 1, 0, 1], [0, 1, 0, 0, 0, 1, 0, 0]]
  ROTOR: ((0, 1, 0), (-1, 1, -1)) (1, 0) parity m=8 p=2 r=4 X=[[1, 0, 0, 0, 1, 0, 0, 1], [0, 0, 0, 1, 0, 0, 0, 1]]
  ROTOR: ((0, 1, 0), (-1, 1, -1)) (1, 0) parity m=8 p=3 r=4 X=[[0, 1, 0, 0, 0, 1, 0, 0], [0, 1, 0, 0, 0, 0, 0, 0]]
  ROTOR: ((0, 1, 0), (-1, 1, -1)) (1, 0) parity m=10 p=1 r=5 X=[[1, 1, 0, 0, 0, 1, 0, 0, 0, 0], [1, 1, 1, 0, 1, 1, 1, 1, 0, 1]]
  ROTOR: ((0, 1, 0), (-1, 1, -1)) (1, 0) parity m=10 p=2 r=5 X=[[1, 0, 1, 1, 0, 1, 0, 0, 1, 0], [0, 0, 1, 0, 0, 0, 0, 1, 0, 0]]
  ROTOR: ((0, 1, 0), (-1, 1, -1)) (1, 0) parity m=10 p=3 r=5 X=[[1, 0, 0, 0, 1, 0, 0, 0, 0, 1], [1, 1, 0, 1, 1, 1, 1, 0, 1, 1]]
  ROTOR: ((0, 1, 0), (-1, 1, -1)) (1, 0) parity m=12 p=1 r=6 X=[[0, 0, 1, 0, 1, 1, 0, 0, 1, 0, 1, 0], [1, 0, 1, 1, 1, 1, 1, 0, 1, 1, 1, 1]]
  ROTOR: ((0, 1, 0), (-1, 1, -1)) (1, 0) parity m=12 p=2 r=6 X=[[1, 0, 0, 1, 1, 1, 1, 0, 0, 1, 1, 0], [0, 0, 0, 1, 1, 1, 0, 0, 0, 1, 1, 1]]
  ROTOR: ((0, 1, 0), (-1, 1, -1)) (1, 0) parity m=12 p=3 r=6 X=[[0, 0, 0, 1, 0, 1, 0, 0, 0, 1, 0, 1], [0, 0, 0, 0, 0, 1, 0, 0, 0, 1, 0, 0]]
  ROTOR: ((0, 1, 0), (-1, 1, 0)) (1, 0) parity m=4 p=1 r=2 X=[[0, 1, 0, 1], [0, 0, 0, 1]]
  ROTOR: ((0, 1, 0), (-1, 1, 0)) (1, 0) parity m=4 p=3 r=2 X=[[0, 1, 0, 1], [0, 0, 0, 1]]
  ROTOR: ((0, 1, 0), (-1, 1, 0)) (1, 0) parity m=6 p=1 r=3 X=[[0, 1, 0, 0, 1, 0], [0, 0, 0, 0, 1, 0]]
  ROTOR: ((0, 1, 0), (-1, 1, 0)) (1, 0) parity m=6 p=3 r=3 X=[[0, 1, 0, 0, 1, 0], [0, 0, 0, 0, 1, 0]]
  ROTOR: ((0, 1, 0), (-1, 1, 0)) (1, 0) parity m=8 p=1 r=6 X=[[1, 0, 1, 0, 1, 0, 1, 0], [1, 0, 0, 0, 1, 0, 0, 0]]
  ROTOR: ((0, 1, 0), (-1, 1, 0)) (1, 0) parity m=8 p=3 r=4 X=[[1, 0, 1, 0, 1, 0, 1, 0], [1, 0, 0, 0, 0, 0, 1, 0]]
  ROTOR: ((0, 1, 0), (-1, 1, 0)) (1, 0) parity m=10 p=1 r=5 X=[[1, 0, 1, 0, 0, 1, 0, 1, 0, 0], [1, 0, 1, 0, 0, 0, 0, 0, 0, 0]]
  ROTOR: ((0, 1, 0), (-1, 1, 0)) (1, 0) parity m=10 p=3 r=5 X=[[0, 0, 0, 0, 1, 0, 0, 0, 0, 1], [0, 1, 0, 0, 0, 0, 1, 0, 0, 1]]
  ROTOR: ((0, 1, 0), (-1, 1, 0)) (1, 0) parity m=12 p=1 r=6 X=[[1, 0, 1, 0, 1, 0, 1, 0, 1, 0, 1, 0], [0, 0, 0, 0, 1, 0, 1, 0, 1, 0, 0, 0]]
  ROTOR: ((0, 1, 0), (-1, 1, 0)) (1, 0) parity m=12 p=3 r=6 X=[[0, 0, 1, 0, 0, 0, 0, 0, 1, 0, 0, 0], [1, 0, 1, 0, 1, 0, 1, 0, 0, 0, 1, 0]]
  ROTOR: ((0, 1, 0), (-1, 1, 1)) (1, 0) parity m=4 p=1 r=2 X=[[1, 0, 1, 0], [1, 0, 0, 0]]
  ROTOR: ((0, 1, 0), (-1, 1, 1)) (1, 0) parity m=4 p=3 r=2 X=[[1, 0, 1, 0], [0, 0, 1, 0]]
  ROTOR: ((0, 1, 0), (-1, 1, 1)) (1, 0) parity m=6 p=1 r=3 X=[[1, 0, 0, 1, 0, 0], [1, 0, 0, 0, 0, 0]]
  ROTOR: ((-1, 1, -1), (1, -1, 0), (0, -1, 1)) (1, 2, 0) parity m=9 p=1 r=6 X=[[0, 1, 1, 0, 1, 0, 0, 1, 1], [0, 0, 0, 0, 1, 0, 0, 1, 0], [0, 1, 1, 0, 1, 1, 0, 0, 1]]
  ROTOR: ((0, 1, 0), (-1, 1, 1)) (1, 0) parity m=6 p=3 r=3 X=[[1, 0, 0, 1, 0, 0], [0, 0, 0, 1, 0, 0]]
  ROTOR: ((-1, 1, -1), (1, -1, 0), (0, -1, 1)) (1, 2, 0) parity m=9 p=2 r=3 X=[[1, 1, 0, 1, 0, 0, 1, 1, 0], [0, 1, 0, 1, 1, 0, 1, 1, 0], [1, 0, 0, 1, 0, 0, 0, 0, 0]]
  ROTOR: ((0, 1, 0), (-1, 1, 1)) (1, 0) parity m=8 p=1 r=4 X=[[1, 0, 1, 0, 1, 0, 1, 0], [0, 0, 1, 0, 1, 0, 0, 0]]
  ROTOR: ((0, 1, 0), (-1, 1, 1)) (1, 0) parity m=8 p=3 r=4 X=[[1, 0, 1, 0, 1, 0, 1, 0], [0, 0, 0, 0, 1, 0, 1, 0]]
  ROTOR: ((0, 1, 0), (-1, 1, 1)) (1, 0) parity m=10 p=1 r=5 X=[[0, 0, 1, 0, 0, 0, 0, 1, 0, 0], [0, 0, 0, 0, 1, 0, 0, 1, 0, 1]]
  ROTOR: ((0, 1, 0), (-1, 1, 1)) (1, 0) parity m=10 p=3 r=5 X=[[0, 1, 0, 0, 0, 0, 1, 0, 0, 0], [0, 1, 0, 0, 0, 0, 0, 0, 0, 0]]
  ROTOR: ((0, 1, 0), (-1, 1, 1)) (1, 0) parity m=12 p=1 r=3 X=[[1, 0, 0, 1, 0, 0, 1, 0, 0, 1, 0, 0], [0, 0, 0, 1, 0, 0, 0, 0, 0, 1, 0, 0]]
  ROTOR: ((0, 1, 0), (-1, 1, 1)) (1, 0) parity m=12 p=3 r=6 X=[[0, 0, 0, 1, 0, 0, 0, 0, 0, 1, 0, 0], [0, 1, 0, 0, 0, 1, 0, 1, 0, 1, 0, 1]]
  ROTOR: ((0, 1, 0), (0, -1, -1)) (1, 0) parity m=6 p=1 r=3 X=[[0, 1, 1, 0, 1, 1], [0, 0, 0, 0, 0, 1]]
  ROTOR: ((0, 1, 0), (0, -1, -1)) (1, 0) parity m=6 p=3 r=3 X=[[1, 1, 0, 1, 1, 0], [0, 1, 0, 0, 0, 0]]
  ROTOR: ((0, 1, 0), (0, -1, -1)) (1, 0) parity m=8 p=1 r=4 X=[[1, 0, 1, 0, 1, 0, 1, 0], [1, 0, 0, 1, 0, 0, 0, 1]]
  ROTOR: ((0, 1, 0), (0, -1, -1)) (1, 0) parity m=8 p=3 r=4 X=[[0, 1, 1, 0, 0, 1, 1, 0], [0, 0, 0, 0, 0, 0, 1, 0]]
  ROTOR: ((0, 1, 0), (0, -1, -1)) (1, 0) parity m=10 p=1 r=5 X=[[0, 1, 0, 1, 1, 0, 1, 0, 1, 1], [1, 0, 0, 0, 1, 1, 1, 0, 0, 1]]
  ROTOR: ((0, 1, 0), (0, -1, -1)) (1, 0) parity m=10 p=3 r=5 X=[[0, 1, 1, 1, 0, 0, 1, 1, 1, 0], [0, 0, 1, 1, 0, 0, 0, 1, 0, 0]]
  ROTOR: ((0, 1, 0), (0, -1, -1)) (1, 0) parity m=12 p=1 r=6 X=[[1, 1, 1, 0, 1, 0, 1, 1, 1, 0, 1, 0], [0, 0, 1, 1, 0, 0, 0, 0, 1, 1, 1, 0]]
  ROTOR: ((0, 1, 0), (0, -1, -1)) (1, 0) parity m=12 p=3 r=6 X=[[0, 1, 0, 0, 1, 1, 0, 1, 0, 0, 1, 1], [0, 0, 1, 0, 0, 0, 0, 0, 1, 0, 0, 1]]
  ROTOR: ((0, 1, 0), (0, -1, 0)) (1, 0) parity m=6 p=1 r=3 X=[[0, 1, 1, 0, 0, 1], [0, 1, 0, 0, 1, 1]]
  ROTOR: ((0, 1, 0), (0, -1, 0)) (1, 0) parity m=6 p=3 r=3 X=[[1, 1, 0, 0, 1, 0], [1, 0, 0, 1, 1, 0]]
  ROTOR: ((0, 1, 0), (0, -1, 0)) (1, 0) parity m=8 p=1 r=4 X=[[0, 0, 1, 1, 0, 0, 0, 1], [0, 0, 1, 1, 0, 0, 1, 0]]
  ROTOR: ((0, 1, 0), (0, -1, 0)) (1, 0) parity m=8 p=3 r=4 X=[[0, 0, 0, 1, 0, 1, 0, 1], [0, 1, 1, 1, 0, 1, 1, 0]]
  ROTOR: ((0, 1, 0), (0, -1, 0)) (1, 0) parity m=10 p=1 r=5 X=[[0, 1, 1, 1, 0, 1, 1, 1, 1, 0], [1, 0, 0, 1, 0, 1, 0, 0, 0, 0]]
  ROTOR: ((0, 1, 0), (0, -1, 0)) (1, 0) parity m=10 p=3 r=5 X=[[1, 0, 1, 1, 0, 0, 0, 1, 1, 0], [1, 1, 0, 0, 0, 1, 1, 0, 1, 0]]
  ROTOR: ((0, 1, 0), (0, -1, 0)) (1, 0) parity m=12 p=1 r=6 X=[[1, 0, 0, 0, 0, 1, 1, 0, 0, 1, 0, 1], [1, 1, 0, 1, 1, 0, 1, 1, 0, 1, 1, 0]]
  ROTOR: ((0, 1, 0), (0, -1, 0)) (1, 0) parity m=12 p=3 r=6 X=[[0, 1, 0, 0, 0, 0, 0, 1, 0, 1, 0, 0], [1, 1, 0, 1, 1, 1, 1, 0, 0, 1, 1, 1]]
  ROTOR: ((0, 1, 0), (0, -1, 1)) (1, 0) parity m=6 p=1 r=3 X=[[0, 1, 1, 0, 1, 1], [0, 0, 1, 0, 0, 0]]
  ROTOR: ((0, 1, 0), (0, -1, 1)) (1, 0) parity m=6 p=2 r=3 X=[[0, 0, 1, 0, 0, 1], [0, 1, 0, 0, 1, 1]]
  ROTOR: ((0, 1, 0), (0, -1, 1)) (1, 0) parity m=6 p=3 r=3 X=[[1, 1, 0, 1, 1, 0], [0, 0, 0, 0, 1, 0]]
  ROTOR: ((0, 1, 0), (0, -1, 1)) (1, 0) parity m=8 p=1 r=4 X=[[1, 0, 1, 0, 1, 1, 1, 0], [1, 1, 1, 0, 1, 1, 0, 0]]
  ROTOR: ((0, 1, 0), (0, -1, 1)) (1, 0) parity m=8 p=2 r=4 X=[[0, 0, 0, 0, 0, 0, 0, 0], [0, 0, 1, 1, 0, 0, 1, 0]]
  ROTOR: ((0, 1, 0), (0, -1, 1)) (1, 0) parity m=8 p=3 r=4 X=[[0, 1, 0, 1, 0, 1, 0, 1], [1, 1, 0, 0, 1, 0, 0, 0]]
  ROTOR: ((0, 1, 0), (0, -1, 1)) (1, 0) parity m=10 p=1 r=5 X=[[0, 0, 1, 0, 0, 0, 0, 1, 1, 0], [1, 0, 1, 1, 1, 1, 0, 1, 1, 1]]
  ROTOR: ((0, 1, 0), (0, -1, 1)) (1, 0) parity m=10 p=2 r=5 X=[[0, 1, 0, 0, 1, 0, 0, 0, 0, 1], [1, 0, 0, 1, 0, 1, 0, 0, 1, 0]]
  ROTOR: ((0, 1, 0), (0, -1, 1)) (1, 0) parity m=10 p=3 r=5 X=[[0, 0, 0, 1, 0, 0, 0, 1, 1, 0], [0, 1, 0, 0, 0, 0, 1, 0, 1, 0]]
  ROTOR: ((0, 1, 0), (0, -1, 1)) (1, 0) parity m=12 p=1 r=6 X=[[1, 1, 0, 0, 0, 1, 1, 1, 0, 0, 1, 1], [0, 1, 0, 1, 0, 0, 0, 0, 0, 1, 0, 0]]
  ROTOR: ((0, 1, 0), (0, -1, 1)) (1, 0) parity m=12 p=2 r=6 X=[[0, 0, 1, 0, 0, 0, 0, 0, 1, 0, 0, 0], [0, 1, 1, 0, 1, 0, 0, 1, 0, 0, 1, 1]]
  ROTOR: ((0, 1, 0), (0, -1, 1)) (1, 0) parity m=12 p=3 r=6 X=[[0, 1, 0, 1, 0, 1, 0, 1, 0, 1, 1, 1], [1, 0, 0, 1, 1, 0, 1, 1, 0, 1, 1, 0]]
  ROTOR: ((0, 1, 0), (0, 1, -1)) (1, 0) parity m=4 p=3 r=2 X=[[1, 0, 1, 1], [0, 0, 1, 0]]
  ROTOR: ((0, 1, 0), (0, 1, -1)) (1, 0) parity m=6 p=1 r=3 X=[[0, 0, 0, 0, 0, 1], [1, 0, 0, 1, 0, 0]]
  ROTOR: ((0, 1, 0), (0, 1, -1)) (1, 0) parity m=6 p=2 r=3 X=[[0, 1, 0, 1, 1, 0], [0, 0, 0, 0, 0, 0]]
  ROTOR: ((0, 1, 0), (0, 1, -1)) (1, 0) parity m=6 p=3 r=3 X=[[1, 0, 0, 0, 0, 0], [0, 1, 0, 0, 1, 0]]
  ROTOR: ((0, 1, 0), (0, 1, -1)) (1, 0) parity m=8 p=1 r=4 X=[[0, 0, 0, 0, 0, 0, 0, 1], [1, 0, 0, 1, 1, 0, 0, 1]]
  ROTOR: ((0, 1, 0), (0, 1, -1)) (1, 0) parity m=8 p=2 r=4 X=[[1, 0, 1, 0, 1, 0, 1, 1], [1, 0, 1, 1, 1, 0, 1, 1]]
  ROTOR: ((0, 1, 0), (0, 1, -1)) (1, 0) parity m=8 p=3 r=4 X=[[0, 0, 0, 1, 0, 0, 0, 0], [1, 0, 1, 1, 1, 0, 1, 1]]
  ROTOR: ((0, 1, 0), (0, 1, -1)) (1, 0) parity m=10 p=1 r=5 X=[[0, 0, 1, 1, 0, 0, 0, 1, 1, 1], [1, 0, 0, 1, 1, 1, 0, 0, 1, 1]]
  ROTOR: ((0, 1, 0), (0, 1, -1)) (1, 0) parity m=10 p=2 r=5 X=[[0, 0, 0, 0, 0, 0, 0, 1, 0, 0], [1, 0, 1, 1, 0, 1, 0, 1, 1, 0]]
  ROTOR: ((0, 1, 0), (0, 1, -1)) (1, 0) parity m=10 p=3 r=2 X=[[1, 0, 0, 0, 0, 0, 1, 0, 1, 0], [0, 1, 0, 1, 0, 1, 0, 1, 0, 1]]
  ROTOR: ((0, 1, 0), (0, 1, -1)) (1, 0) parity m=12 p=1 r=3 X=[[0, 0, 1, 0, 0, 1, 0, 1, 1, 0, 1, 1], [0, 1, 1, 0, 1, 0, 0, 1, 1, 0, 1, 0]]
  ROTOR: ((-1, 1, -1), (1, -1, 0), (1, -1, 1)) (1, 2, 0) parity m=9 p=1 r=6 X=[[0, 0, 0, 0, 0, 1, 0, 0, 1], [0, 1, 0, 0, 1, 0, 0, 0, 0], [0, 1, 1, 0, 0, 1, 0, 1, 1]]
  ROTOR: ((0, 1, 0), (0, 1, -1)) (1, 0) parity m=12 p=2 r=6 X=[[1, 0, 1, 0, 0, 1, 1, 0, 1, 1, 0, 0], [1, 0, 0, 1, 1, 0, 1, 0, 0, 1, 1, 0]]
  ROTOR: ((-1, 1, -1), (1, -1, 0), (1, -1, 1)) (1, 2, 0) parity m=9 p=2 r=6 X=[[0, 1, 1, 0, 1, 1, 0, 1, 0], [0, 0, 0, 0, 1, 0, 0, 1, 0], [0, 1, 1, 0, 0, 1, 0, 1, 1]]
  ROTOR: ((0, 1, 0), (0, 1, -1)) (1, 0) parity m=12 p=3 r=3 X=[[1, 1, 0, 0, 1, 0, 0, 1, 0, 1, 1, 0], [0, 1, 0, 0, 0, 0, 0, 1, 0, 0, 0, 0]]
  ROTOR: ((-1, 1, -1), (1, -1, 1), (-1, 1, 0)) (1, 2, 0) parity m=9 p=1 r=6 X=[[1, 1, 0, 1, 0, 0, 1, 1, 0], [0, 0, 0, 1, 0, 0, 1, 0, 0], [0, 1, 0, 0, 1, 0, 0, 0, 0]]
  ROTOR: ((-1, 1, -1), (1, -1, 1), (-1, 1, 0)) (1, 2, 0) parity m=9 p=2 r=6 X=[[0, 1, 1, 0, 1, 1, 0, 1, 0], [0, 0, 1, 0, 1, 1, 0, 1, 1], [0, 0, 1, 0, 0, 0, 0, 0, 1]]
  ROTOR: ((0, 1, 0), (1, -1, -1)) (1, 0) parity m=4 p=1 r=2 X=[[0, 1, 0, 1], [0, 1, 0, 0]]
  ROTOR: ((0, 1, 0), (1, -1, -1)) (1, 0) parity m=4 p=3 r=2 X=[[1, 0, 1, 0], [0, 0, 1, 0]]
  ROTOR: ((0, 1, 0), (1, -1, -1)) (1, 0) parity m=6 p=1 r=3 X=[[1, 1, 0, 1, 1, 0], [0, 0, 0, 0, 1, 0]]
  ROTOR: ((0, 1, 0), (1, -1, -1)) (1, 0) parity m=6 p=3 r=3 X=[[0, 1, 0, 0, 1, 0], [0, 0, 0, 0, 1, 0]]
  ROTOR: ((0, 1, 0), (1, -1, -1)) (1, 0) parity m=8 p=1 r=4 X=[[0, 0, 0, 1, 0, 0, 0, 1], [0, 1, 0, 1, 0, 1, 0, 0]]
  ROTOR: ((0, 1, 0), (1, -1, -1)) (1, 0) parity m=8 p=3 r=4 X=[[1, 0, 1, 0, 1, 0, 1, 0], [0, 0, 0, 0, 1, 0, 1, 0]]
  ROTOR: ((0, 1, 0), (1, -1, -1)) (1, 0) parity m=10 p=1 r=5 X=[[1, 0, 0, 0, 1, 1, 0, 0, 0, 1], [1, 0, 1, 0, 0, 0, 0, 1, 0, 0]]
  ROTOR: ((0, 1, 0), (1, -1, -1)) (1, 0) parity m=10 p=3 r=5 X=[[0, 0, 1, 0, 1, 0, 0, 1, 0, 1], [0, 0, 1, 0, 1, 0, 0, 0, 0, 0]]
  ROTOR: ((0, 1, 0), (1, -1, -1)) (1, 0) parity m=12 p=1 r=6 X=[[1, 0, 1, 0, 1, 0, 1, 0, 1, 0, 1, 0], [1, 0, 0, 1, 0, 1, 0, 0, 0, 1, 0, 1]]
  ROTOR: ((0, 1, 0), (1, -1, -1)) (1, 0) parity m=12 p=3 r=6 X=[[1, 0, 1, 0, 0, 0, 1, 0, 1, 0, 0, 0], [1, 0, 0, 1, 1, 0, 0, 0, 0, 1, 1, 0]]
  ROTOR: ((0, 1, 0), (1, -1, 0)) (1, 0) parity m=4 p=1 r=2 X=[[0, 1, 0, 1], [0, 0, 0, 1]]
  ROTOR: ((0, 1, 0), (1, -1, 0)) (1, 0) parity m=4 p=3 r=2 X=[[0, 1, 0, 1], [0, 0, 0, 1]]
  ROTOR: ((0, 1, 0), (1, -1, 0)) (1, 0) parity m=6 p=1 r=3 X=[[0, 1, 1, 0, 0, 1], [0, 1, 0, 0, 1, 1]]
  ROTOR: ((0, 1, 0), (1, -1, 0)) (1, 0) parity m=6 p=3 r=3 X=[[0, 0, 1, 0, 0, 1], [0, 0, 1, 0, 0, 0]]
  ROTOR: ((0, 1, 0), (1, -1, 0)) (1, 0) parity m=8 p=1 r=4 X=[[1, 0, 0, 1, 1, 0, 0, 0], [1, 1, 0, 1, 1, 1, 0, 1]]
  ROTOR: ((0, 1, 0), (1, -1, 0)) (1, 0) parity m=8 p=3 r=4 X=[[1, 1, 1, 0, 0, 1, 1, 0], [1, 0, 0, 0, 1, 0, 1, 0]]
  ROTOR: ((0, 1, 0), (1, -1, 0)) (1, 0) parity m=10 p=1 r=5 X=[[1, 0, 0, 0, 1, 1, 0, 0, 0, 0], [1, 1, 0, 0, 1, 1, 1, 0, 0, 1]]
  ROTOR: ((0, 1, 0), (1, -1, 0)) (1, 0) parity m=10 p=3 r=5 X=[[1, 1, 0, 0, 0, 0, 1, 0, 0, 0], [1, 0, 1, 0, 0, 1, 0, 1, 0, 0]]
  ROTOR: ((0, 1, 0), (1, -1, 0)) (1, 0) parity m=12 p=1 r=6 X=[[0, 1, 1, 0, 0, 0, 0, 0, 1, 0, 0, 0], [0, 1, 0, 1, 1, 0, 0, 1, 0, 1, 1, 0]]
  ROTOR: ((0, 1, 0), (1, -1, 0)) (1, 0) parity m=12 p=3 r=6 X=[[0, 1, 1, 1, 0, 1, 0, 1, 1, 1, 0, 1], [0, 0, 0, 0, 1, 0, 0, 0, 0, 0, 1, 1]]
  ROTOR: ((0, 1, 0), (1, -1, 1)) (1, 0) parity m=4 p=1 r=2 X=[[1, 0, 1, 0], [1, 0, 0, 0]]
  ROTOR: ((0, 1, 0), (1, -1, 1)) (1, 0) parity m=4 p=3 r=2 X=[[1, 0, 1, 0], [1, 0, 0, 0]]
  ROTOR: ((0, 1, 0), (1, -1, 1)) (1, 0) parity m=6 p=1 r=3 X=[[0, 1, 1, 0, 1, 1], [0, 0, 1, 0, 0, 0]]
  ROTOR: ((0, 1, 0), (1, -1, 1)) (1, 0) parity m=6 p=3 r=3 X=[[0, 1, 0, 0, 1, 0], [0, 0, 0, 0, 1, 0]]
  ROTOR: ((0, 1, 0), (1, -1, 1)) (1, 0) parity m=8 p=1 r=4 X=[[0, 1, 0, 0, 0, 1, 1, 0], [0, 1, 1, 1, 0, 1, 1, 1]]
  ROTOR: ((0, 1, 0), (1, -1, 1)) (1, 0) parity m=8 p=3 r=4 X=[[1, 1, 0, 0, 1, 1, 0, 0], [0, 1, 0, 0, 0, 0, 0, 0]]
  ROTOR: ((0, 1, 0), (1, -1, 1)) (1, 0) parity m=10 p=1 r=5 X=[[1, 0, 1, 1, 1, 1, 0, 1, 1, 1], [0, 0, 0, 0, 1, 1, 0, 0, 0, 1]]
  ROTOR: ((0, 1, 0), (1, -1, 1)) (1, 0) parity m=10 p=3 r=5 X=[[0, 1, 0, 0, 0, 0, 0, 0, 0, 0], [1, 1, 1, 1, 0, 1, 1, 1, 1, 0]]
  ROTOR: ((0, 1, 0), (1, -1, 1)) (1, 0) parity m=12 p=1 r=6 X=[[0, 1, 0, 1, 1, 1, 0, 1, 0, 1, 1, 1], [1, 1, 0, 0, 1, 1, 1, 0, 0, 0, 1, 1]]
  ROTOR: ((0, 1, 0), (1, -1, 1)) (1, 0) parity m=12 p=3 r=6 X=[[1, 0, 0, 0, 1, 0, 1, 0, 0, 0, 1, 0], [1, 0, 1, 0, 0, 1, 0, 0, 1, 0, 0, 1]]
  ROTOR: ((0, 1, 1), (-1, 1, -1)) (1, 0) parity m=6 p=1 r=3 X=[[0, 0, 0, 1, 0, 0], [1, 1, 0, 1, 1, 0]]
  ROTOR: ((0, 1, 1), (-1, 1, -1)) (1, 0) parity m=6 p=3 r=3 X=[[0, 1, 0, 0, 0, 0], [0, 1, 1, 0, 1, 1]]
  ROTOR: ((0, 1, 1), (-1, 1, -1)) (1, 0) parity m=8 p=1 r=4 X=[[0, 0, 1, 0, 0, 0, 1, 1], [1, 0, 0, 1, 1, 0, 0, 1]]
  ROTOR: ((0, 1, 1), (-1, 1, -1)) (1, 0) parity m=8 p=3 r=4 X=[[0, 0, 0, 1, 1, 0, 0, 1], [1, 1, 0, 1, 1, 1, 0, 1]]
  ROTOR: ((0, 1, 1), (-1, 1, -1)) (1, 0) parity m=10 p=1 r=5 X=[[0, 0, 1, 1, 0, 0, 0, 1, 1, 1], [1, 0, 0, 0, 1, 1, 0, 0, 0, 1]]
  ROTOR: ((0, 1, 1), (-1, 1, -1)) (1, 0) parity m=10 p=3 r=5 X=[[1, 0, 0, 0, 1, 1, 1, 0, 0, 1], [0, 1, 1, 0, 0, 0, 1, 1, 0, 0]]
  ROTOR: ((0, 1, 1), (-1, 1, -1)) (1, 0) parity m=12 p=1 r=6 X=[[1, 1, 0, 1, 0, 0, 1, 1, 0, 0, 0, 0], [1, 0, 1, 1, 1, 0, 1, 0, 1, 1, 1, 0]]
  ROTOR: ((-1, 1, -1), (1, -1, 1), (0, 1, 0)) (1, 2, 0) parity m=9 p=1 r=6 X=[[1, 0, 0, 1, 1, 0, 1, 1, 0], [1, 1, 0, 1, 1, 0, 0, 1, 0], [0, 1, 0, 0, 0, 0, 0, 1, 0]]
  ROTOR: ((-1, 1, -1), (1, -1, 1), (0, 1, 0)) (1, 2, 0) parity m=9 p=2 r=3 X=[[0, 1, 0, 0, 1, 1, 0, 1, 1], [0, 1, 1, 0, 1, 1, 0, 0, 1], [0, 0, 1, 0, 0, 0, 0, 0, 1]]
  ROTOR: ((0, 1, 1), (-1, 1, -1)) (1, 0) parity m=12 p=3 r=6 X=[[0, 1, 0, 0, 0, 0, 0, 0, 0, 0, 0, 0], [0, 1, 1, 0, 0, 0, 0, 1, 1, 0, 0, 0]]
  ROTOR: ((0, 1, 1), (0, -1, 0)) (1, 0) parity m=6 p=1 r=3 X=[[1, 0, 0, 0, 0, 0], [1, 1, 0, 1, 1, 0]]
  ROTOR: ((0, 1, 1), (0, -1, 0)) (1, 0) parity m=6 p=3 r=3 X=[[0, 0, 0, 1, 0, 0], [1, 1, 0, 1, 1, 0]]
  ROTOR: ((0, 1, 1), (0, -1, 0)) (1, 0) parity m=8 p=1 r=4 X=[[0, 1, 0, 0, 1, 1, 0, 0], [1, 0, 1, 0, 1, 0, 1, 0]]
  ROTOR: ((0, 1, 1), (0, -1, 0)) (1, 0) parity m=8 p=3 r=4 X=[[0, 1, 0, 0, 1, 1, 0, 0], [1, 0, 1, 0, 1, 0, 1, 0]]
  ROTOR: ((0, 1, 1), (0, -1, 0)) (1, 0) parity m=10 p=1 r=5 X=[[0, 1, 1, 0, 0, 0, 0, 1, 0, 0], [0, 1, 1, 1, 1, 0, 1, 1, 1, 1]]
  ROTOR: ((0, 1, 1), (0, -1, 0)) (1, 0) parity m=10 p=3 r=5 X=[[0, 1, 1, 0, 0, 1, 1, 1, 0, 0], [1, 0, 1, 1, 0, 1, 0, 1, 1, 0]]
  ROTOR: ((0, 1, 1), (0, -1, 0)) (1, 0) parity m=12 p=1 r=6 X=[[0, 0, 0, 1, 1, 0, 0, 0, 1, 1, 1, 0], [0, 0, 1, 1, 1, 1, 0, 0, 1, 1, 1, 1]]
  ROTOR: ((0, 1, 1), (0, -1, 0)) (1, 0) parity m=12 p=3 r=6 X=[[0, 0, 0, 0, 0, 1, 0, 0, 0, 1, 0, 1], [1, 0, 0, 1, 1, 0, 1, 0, 0, 1, 1, 0]]
  ROTOR: ((0, 1, 1), (0, -1, 1)) (1, 0) parity m=6 p=1 r=4 X=[[1, 0, 0, 0, 0, 0], [0, 1, 0, 1, 0, 1]]
  ROTOR: ((0, 1, 1), (0, -1, 1)) (1, 0) parity m=6 p=2 r=2 X=[[0, 0, 1, 0, 0, 0], [0, 1, 0, 1, 0, 1]]
  ROTOR: ((0, 1, 1), (0, -1, 1)) (1, 0) parity m=8 p=1 r=4 X=[[0, 0, 0, 0, 1, 0, 0, 0], [1, 1, 0, 1, 1, 1, 0, 1]]
  ROTOR: ((0, 1, 1), (0, -1, 1)) (1, 0) parity m=8 p=3 r=4 X=[[0, 0, 0, 0, 0, 1, 0, 0], [1, 1, 1, 0, 1, 1, 1, 0]]
  ROTOR: ((0, 1, 1), (0, -1, 1)) (1, 0) parity m=10 p=1 r=5 X=[[1, 0, 0, 0, 0, 1, 0, 0, 0, 1], [0, 1, 0, 1, 0, 0, 1, 0, 1, 0]]
  ROTOR: ((0, 1, 1), (0, -1, 1)) (1, 0) parity m=10 p=3 r=5 X=[[0, 0, 0, 0, 0, 0, 0, 0, 1, 0], [1, 0, 1, 1, 1, 1, 0, 1, 1, 1]]
  ROTOR: ((0, 1, 1), (0, -1, 1)) (1, 0) parity m=12 p=1 r=6 X=[[0, 0, 0, 0, 1, 0, 0, 0, 1, 0, 1, 0], [0, 1, 1, 1, 1, 1, 0, 1, 1, 1, 1, 1]]
  ROTOR: ((0, 1, 1), (0, -1, 1)) (1, 0) parity m=12 p=2 r=6 X=[[0, 0, 0, 0, 0, 1, 0, 1, 0, 0, 0, 1], [1, 1, 1, 0, 1, 0, 1, 1, 1, 0, 1, 0]]
  ROTOR: ((0, 1, 1), (0, -1, 1)) (1, 0) parity m=12 p=3 r=6 X=[[0, 0, 1, 0, 0, 0, 0, 0, 0, 0, 0, 0], [0, 1, 1, 1, 0, 0, 0, 1, 1, 1, 0, 0]]
  ROTOR: ((0, 1, 1), (0, 1, -1)) (1, 0) parity m=6 p=1 r=3 X=[[1, 0, 0, 0, 0, 0], [0, 1, 0, 0, 1, 0]]
  ROTOR: ((0, 1, 1), (0, 1, -1)) (1, 0) parity m=6 p=2 r=4 X=[[0, 1, 0, 0, 0, 0], [1, 0, 1, 0, 1, 0]]
  ROTOR: ((0, 1, 1), (0, 1, -1)) (1, 0) parity m=6 p=3 r=3 X=[[0, 0, 1, 0, 0, 0], [1, 0, 0, 1, 0, 0]]
  ROTOR: ((0, 1, 1), (0, 1, -1)) (1, 0) parity m=8 p=1 r=4 X=[[1, 0, 0, 1, 0, 0, 0, 1], [1, 1, 0, 1, 1, 1, 0, 1]]
  ROTOR: ((0, 1, 1), (0, 1, -1)) (1, 0) parity m=8 p=3 r=4 X=[[0, 0, 0, 0, 0, 0, 1, 0], [0, 0, 1, 1, 0, 0, 1, 1]]
  ROTOR: ((0, 1, 1), (0, 1, -1)) (1, 0) parity m=10 p=1 r=5 X=[[1, 1, 1, 0, 0, 1, 1, 0, 0, 0], [1, 0, 1, 1, 0, 1, 0, 1, 1, 0]]
  ROTOR: ((0, 1, 1), (0, 1, -1)) (1, 0) parity m=10 p=2 r=5 X=[[0, 0, 1, 0, 1, 0, 0, 0, 0, 1], [1, 0, 1, 1, 0, 1, 0, 1, 1, 0]]
  ROTOR: ((0, 1, 1), (0, 1, -1)) (1, 0) parity m=10 p=3 r=5 X=[[1, 0, 0, 1, 1, 0, 0, 0, 1, 1], [1, 1, 0, 1, 0, 1, 1, 0, 1, 0]]
  ROTOR: ((0, 1, 1), (0, 1, -1)) (1, 0) parity m=12 p=1 r=6 X=[[1, 1, 1, 0, 0, 0, 1, 1, 1, 1, 0, 0], [0, 1, 1, 1, 1, 0, 0, 1, 1, 1, 1, 0]]
  ROTOR: ((0, 1, 1), (0, 1, -1)) (1, 0) parity m=12 p=2 r=6 X=[[0, 0, 0, 0, 0, 0, 0, 0, 1, 0, 0, 0], [0, 1, 1, 1, 0, 1, 0, 1, 1, 1, 0, 1]]
  ROTOR: ((-1, 1, 0), (-1, 1, -1), (0, -1, 1)) (1, 2, 0) parity m=9 p=1 r=6 X=[[0, 0, 1, 0, 0, 0, 0, 0, 1], [0, 1, 0, 0, 1, 1, 0, 1, 1], [0, 1, 0, 0, 1, 0, 0, 0, 0]]
  ROTOR: ((0, 1, 1), (0, 1, -1)) (1, 0) parity m=12 p=3 r=6 X=[[1, 0, 0, 0, 0, 1, 0, 0, 0, 0, 0, 1], [1, 1, 0, 0, 0, 1, 1, 1, 0, 0, 0, 1]]
  ROTOR: ((-1, 1, 0), (-1, 1, -1), (0, -1, 1)) (1, 2, 0) parity m=9 p=2 r=3 X=[[1, 1, 0, 1, 0, 0, 1, 1, 0], [0, 0, 0, 0, 1, 0, 0, 1, 0], [1, 0, 0, 1, 0, 0, 0, 0, 0]]
  ROTOR: ((0, 1, 1), (1, -1, 0)) (1, 0) parity m=6 p=1 r=3 X=[[0, 0, 0, 0, 1, 0], [0, 1, 1, 0, 1, 1]]
  ROTOR: ((0, 1, 1), (1, -1, 0)) (1, 0) parity m=6 p=3 r=3 X=[[0, 0, 0, 0, 1, 0], [0, 1, 1, 0, 1, 1]]
  ROTOR: ((0, 1, 1), (1, -1, 0)) (1, 0) parity m=8 p=1 r=4 X=[[1, 0, 0, 1, 1, 0, 0, 0], [1, 1, 0, 1, 1, 1, 0, 1]]
  ROTOR: ((0, 1, 1), (1, -1, 0)) (1, 0) parity m=8 p=3 r=4 X=[[1, 0, 0, 0, 1, 0, 0, 1], [1, 1, 0, 1, 1, 1, 0, 1]]
  ROTOR: ((0, 1, 1), (1, -1, 0)) (1, 0) parity m=10 p=1 r=5 X=[[0, 0, 0, 0, 0, 1, 0, 0, 0, 0], [1, 1, 0, 0, 0, 1, 1, 0, 0, 0]]
  ROTOR: ((0, 1, 1), (1, -1, 0)) (1, 0) parity m=10 p=3 r=5 X=[[0, 1, 1, 0, 0, 0, 0, 1, 0, 0], [0, 1, 1, 1, 1, 0, 1, 1, 1, 1]]
  ROTOR: ((0, 1, 1), (1, -1, 0)) (1, 0) parity m=12 p=1 r=6 X=[[1, 1, 0, 0, 0, 1, 1, 1, 0, 0, 1, 1], [0, 0, 1, 0, 1, 0, 0, 0, 1, 0, 1, 0]]
  ROTOR: ((-1, 1, 0), (-1, 1, -1), (1, -1, 1)) (1, 2, 0) parity m=9 p=1 r=6 X=[[0, 0, 1, 0, 0, 0, 0, 0, 1], [0, 1, 0, 0, 1, 1, 0, 1, 1], [0, 1, 0, 0, 1, 0, 0, 0, 0]]
  ROTOR: ((-1, 1, 0), (-1, 1, -1), (1, -1, 1)) (1, 2, 0) parity m=9 p=2 r=3 X=[[0, 1, 1, 0, 1, 1, 0, 1, 0], [0, 0, 1, 0, 0, 0, 0, 0, 1], [0, 0, 1, 0, 1, 1, 0, 1, 1]]
  ROTOR: ((0, 1, 1), (1, -1, 0)) (1, 0) parity m=12 p=3 r=6 X=[[0, 0, 0, 0, 0, 0, 0, 1, 0, 0, 0, 0], [0, 1, 1, 1, 1, 0, 0, 1, 1, 1, 1, 0]]
  ROTOR: ((0, 1, 1), (1, -1, 1)) (1, 0) parity m=8 p=1 r=4 X=[[1, 0, 0, 1, 0, 0, 0, 1], [1, 1, 0, 1, 1, 1, 0, 1]]
  ROTOR: ((0, 1, 1), (1, -1, 1)) (1, 0) parity m=8 p=3 r=4 X=[[0, 0, 0, 1, 1, 0, 0, 1], [1, 1, 0, 1, 1, 1, 0, 1]]
  ROTOR: ((0, 1, 1), (1, -1, 1)) (1, 0) parity m=10 p=1 r=5 X=[[0, 1, 0, 0, 0, 1, 1, 0, 0, 0], [1, 1, 1, 0, 1, 1, 1, 1, 0, 1]]
  ROTOR: ((0, 1, 1), (1, -1, 1)) (1, 0) parity m=10 p=3 r=5 X=[[1, 1, 0, 0, 0, 1, 0, 0, 0, 0], [1, 1, 1, 0, 0, 1, 1, 1, 0, 0]]
  ROTOR: ((0, 1, 1), (1, -1, 1)) (1, 0) parity m=12 p=1 r=6 X=[[1, 1, 1, 1, 0, 0, 1, 0, 1, 1, 0, 0], [1, 1, 0, 0, 1, 0, 1, 1, 0, 0, 1, 0]]
  ROTOR: ((-1, 1, 0), (-1, 1, -1), (0, 1, -1)) (1, 2, 0) parity m=9 p=2 r=3 X=[[0, 1, 0, 0, 1, 0, 0, 1, 0], [0, 0, 0, 0, 0, 0, 0, 1, 0], [0, 1, 0, 1, 1, 0, 0, 1, 0]]
  ROTOR: ((0, 1, 1), (1, -1, 1)) (1, 0) parity m=12 p=3 r=6 X=[[0, 0, 1, 1, 1, 0, 0, 0, 0, 1, 1, 0], [0, 1, 1, 1, 1, 1, 0, 1, 1, 1, 1, 1]]
  ROTOR: ((1, -1, -1), (-1, 1, -1)) (1, 0) parity m=8 p=1 r=4 X=[[0, 0, 1, 1, 0, 0, 0, 1], [0, 1, 1, 1, 0, 1, 1, 1]]
  ROTOR: ((1, -1, -1), (-1, 1, -1)) (1, 0) parity m=8 p=3 r=4 X=[[0, 1, 0, 0, 1, 1, 0, 0], [1, 1, 0, 1, 1, 1, 0, 1]]
  ROTOR: ((1, -1, -1), (-1, 1, -1)) (1, 0) parity m=10 p=1 r=5 X=[[0, 0, 0, 0, 0, 0, 1, 0, 0, 0], [1, 1, 1, 0, 1, 1, 1, 1, 0, 1]]
  ROTOR: ((1, -1, -1), (-1, 1, -1)) (1, 0) parity m=10 p=3 r=5 X=[[1, 0, 0, 0, 0, 1, 0, 0, 0, 1], [1, 0, 0, 1, 1, 1, 0, 0, 1, 1]]
  ROTOR: ((1, -1, -1), (-1, 1, -1)) (1, 0) parity m=12 p=1 r=6 X=[[1, 1, 1, 1, 0, 0, 1, 1, 0, 1, 0, 0], [0, 0, 1, 1, 0, 1, 0, 0, 1, 1, 0, 1]]
  ROTOR: ((1, -1, -1), (-1, 1, -1)) (1, 0) parity m=12 p=3 r=6 X=[[0, 0, 0, 0, 0, 0, 0, 0, 0, 1, 0, 0], [0, 0, 1, 1, 1, 0, 0, 0, 1, 1, 1, 0]]
  ROTOR: ((1, -1, -1), (-1, 1, 0)) (1, 0) parity m=6 p=1 r=3 X=[[0, 0, 0, 0, 1, 0], [1, 1, 0, 1, 1, 0]]
  ROTOR: ((-1, 1, 0), (-1, 1, 0), (-1, 1, 0)) (1, 2, 0) parity m=9 p=1 r=6 X=[[0, 0, 0, 0, 1, 0, 0, 1, 0], [1, 1, 0, 1, 1, 0, 1, 0, 0], [1, 1, 0, 1, 0, 0, 1, 1, 0]]
  ROTOR: ((1, -1, -1), (-1, 1, 0)) (1, 0) parity m=6 p=3 r=3 X=[[0, 0, 1, 0, 0, 0], [0, 1, 1, 0, 1, 1]]
  ROTOR: ((-1, 1, 0), (-1, 1, 0), (-1, 1, 0)) (1, 2, 0) parity m=9 p=2 r=3 X=[[1, 1, 0, 1, 0, 0, 1, 1, 0], [0, 0, 0, 0, 1, 0, 0, 1, 0], [1, 1, 0, 1, 1, 0, 1, 0, 0]]
  ROTOR: ((1, -1, -1), (-1, 1, 0)) (1, 0) parity m=8 p=1 r=4 X=[[0, 0, 0, 0, 0, 0, 1, 0], [1, 1, 1, 0, 1, 1, 1, 0]]
  ROTOR: ((1, -1, -1), (-1, 1, 0)) (1, 0) parity m=8 p=3 r=4 X=[[1, 1, 0, 0, 1, 0, 0, 0], [1, 1, 0, 1, 1, 1, 0, 1]]
  ROTOR: ((1, -1, -1), (-1, 1, 0)) (1, 0) parity m=10 p=1 r=5 X=[[0, 1, 1, 0, 0, 0, 1, 0, 0, 0], [1, 1, 1, 0, 0, 1, 1, 1, 0, 0]]
  ROTOR: ((1, -1, -1), (-1, 1, 0)) (1, 0) parity m=10 p=3 r=5 X=[[0, 0, 1, 1, 0, 0, 0, 1, 1, 1], [0, 1, 0, 1, 1, 0, 1, 0, 1, 1]]
  ROTOR: ((1, -1, -1), (-1, 1, 0)) (1, 0) parity m=12 p=1 r=6 X=[[0, 0, 1, 1, 0, 0, 0, 0, 1, 1, 0, 1], [0, 1, 0, 1, 1, 1, 0, 1, 0, 1, 1, 1]]
  ROTOR: ((1, -1, -1), (-1, 1, 0)) (1, 0) parity m=12 p=3 r=6 X=[[0, 0, 0, 0, 0, 0, 0, 0, 1, 0, 0, 0], [0, 1, 1, 0, 0, 0, 0, 1, 1, 0, 0, 0]]
  ROTOR: ((1, -1, -1), (0, -1, 0)) (1, 0) parity m=4 p=1 r=2 X=[[0, 1, 0, 0], [0, 1, 0, 1]]
  ROTOR: ((1, -1, -1), (0, -1, 0)) (1, 0) parity m=4 p=3 r=2 X=[[1, 0, 0, 0], [1, 0, 1, 0]]
  ROTOR: ((1, -1, -1), (0, -1, 0)) (1, 0) parity m=6 p=1 r=3 X=[[0, 0, 0, 0, 0, 1], [0, 0, 1, 0, 0, 1]]
  ROTOR: ((1, -1, -1), (0, -1, 0)) (1, 0) parity m=6 p=3 r=3 X=[[0, 1, 0, 0, 0, 0], [0, 1, 0, 0, 1, 0]]
  ROTOR: ((1, -1, -1), (0, -1, 0)) (1, 0) parity m=8 p=1 r=4 X=[[0, 0, 0, 0, 1, 0, 1, 0], [1, 0, 1, 0, 1, 0, 1, 0]]
  ROTOR: ((1, -1, -1), (0, -1, 0)) (1, 0) parity m=8 p=3 r=4 X=[[0, 0, 0, 1, 0, 1, 0, 0], [0, 1, 0, 1, 0, 1, 0, 1]]
  ROTOR: ((1, -1, -1), (0, -1, 0)) (1, 0) parity m=10 p=1 r=5 X=[[0, 1, 0, 0, 1, 0, 0, 0, 0, 0], [0, 1, 0, 0, 1, 0, 1, 0, 0, 1]]
  ROTOR: ((1, -1, -1), (0, -1, 0)) (1, 0) parity m=10 p=3 r=5 X=[[0, 1, 0, 1, 0, 0, 0, 0, 0, 0], [0, 1, 0, 1, 0, 0, 1, 0, 1, 0]]
  ROTOR: ((1, -1, -1), (0, -1, 0)) (1, 0) parity m=12 p=1 r=6 X=[[0, 0, 1, 0, 1, 0, 1, 0, 1, 0, 0, 0], [1, 0, 0, 0, 1, 0, 1, 0, 0, 0, 1, 0]]
  ROTOR: ((1, -1, -1), (0, -1, 0)) (1, 0) parity m=12 p=3 r=6 X=[[0, 0, 0, 0, 0, 1, 0, 0, 0, 0, 0, 0], [0, 0, 0, 0, 0, 1, 0, 0, 0, 0, 0, 1]]
  ROTOR: ((-1, 1, 0), (-1, 1, 0), (0, 1, 0)) (1, 2, 0) parity m=9 p=1 r=6 X=[[0, 0, 0, 0, 1, 0, 0, 1, 0], [1, 1, 0, 1, 1, 0, 1, 0, 0], [0, 1, 0, 0, 0, 0, 0, 1, 0]]
  ROTOR: ((-1, 1, 0), (-1, 1, 0), (0, 1, 0)) (1, 2, 0) parity m=9 p=2 r=3 X=[[1, 0, 0, 0, 0, 0, 1, 0, 0], [0, 0, 1, 1, 0, 1, 1, 0, 1], [1, 0, 0, 1, 0, 0, 0, 0, 0]]
  ROTOR: ((1, -1, -1), (0, -1, 1)) (1, 0) parity m=6 p=1 r=4 X=[[1, 0, 0, 0, 0, 0], [0, 1, 0, 1, 0, 1]]
  ROTOR: ((1, -1, -1), (0, -1, 1)) (1, 0) parity m=6 p=2 r=2 X=[[0, 0, 1, 0, 0, 0], [0, 1, 0, 1, 0, 1]]
  ROTOR: ((1, -1, -1), (0, -1, 1)) (1, 0) parity m=6 p=3 r=3 X=[[0, 0, 0, 0, 0, 1], [0, 1, 1, 0, 1, 1]]
  ROTOR: ((1, -1, -1), (0, -1, 1)) (1, 0) parity m=8 p=1 r=4 X=[[0, 1, 1, 0, 0, 0, 1, 0], [1, 1, 1, 0, 1, 1, 1, 0]]
  ROTOR: ((1, -1, -1), (0, -1, 1)) (1, 0) parity m=8 p=3 r=4 X=[[0, 1, 0, 0, 1, 1, 0, 0], [1, 1, 0, 1, 1, 1, 0, 1]]
  ROTOR: ((1, -1, -1), (0, -1, 1)) (1, 0) parity m=10 p=1 r=5 X=[[0, 0, 1, 1, 0, 0, 0, 0, 1, 0], [0, 1, 0, 0, 0, 0, 1, 0, 0, 0]]
  ROTOR: ((1, -1, -1), (0, -1, 1)) (1, 0) parity m=10 p=2 r=5 X=[[1, 0, 1, 0, 0, 1, 0, 0, 0, 0], [0, 1, 0, 0, 1, 0, 1, 0, 0, 1]]
  ROTOR: ((1, -1, -1), (0, -1, 1)) (1, 0) parity m=10 p=3 r=5 X=[[1, 1, 1, 0, 0, 0, 1, 1, 0, 0], [1, 0, 1, 0, 1, 1, 0, 1, 0, 1]]
  ROTOR: ((1, -1, -1), (0, -1, 1)) (1, 0) parity m=12 p=1 r=3 X=[[0, 0, 0, 0, 1, 0, 0, 0, 0, 0, 1, 0], [1, 1, 0, 1, 1, 0, 1, 1, 0, 1, 1, 0]]
  ROTOR: ((1, -1, -1), (0, -1, 1)) (1, 0) parity m=12 p=2 r=6 X=[[0, 1, 1, 0, 0, 1, 0, 0, 1, 0, 0, 1], [1, 1, 1, 0, 1, 0, 1, 1, 1, 0, 1, 0]]
  ROTOR: ((1, -1, -1), (0, -1, 1)) (1, 0) parity m=12 p=3 r=6 X=[[1, 0, 0, 0, 0, 0, 0, 0, 0, 0, 0, 0], [1, 0, 0, 0, 0, 1, 1, 0, 0, 0, 0, 1]]
  ROTOR: ((1, -1, -1), (0, 1, -1)) (1, 0) parity m=6 p=1 r=2 X=[[0, 1, 0, 0, 0, 0], [1, 0, 1, 0, 1, 0]]
  ROTOR: ((1, -1, -1), (0, 1, -1)) (1, 0) parity m=6 p=2 r=4 X=[[1, 0, 0, 0, 0, 0], [0, 1, 0, 1, 0, 1]]
  ROTOR: ((1, -1, -1), (0, 1, -1)) (1, 0) parity m=8 p=1 r=4 X=[[0, 1, 1, 0, 0, 0, 1, 0], [1, 1, 1, 0, 1, 1, 1, 0]]
  ROTOR: ((1, -1, -1), (0, 1, -1)) (1, 0) parity m=8 p=3 r=4 X=[[0, 1, 0, 0, 1, 1, 0, 0], [1, 1, 0, 1, 1, 1, 0, 1]]
  ROTOR: ((1, -1, -1), (0, 1, -1)) (1, 0) parity m=10 p=1 r=5 X=[[0, 1, 0, 0, 0, 1, 1, 0, 0, 0], [1, 1, 0, 0, 1, 1, 1, 0, 0, 1]]
  ROTOR: ((1, -1, -1), (0, 1, -1)) (1, 0) parity m=10 p=3 r=5 X=[[0, 0, 0, 1, 0, 0, 0, 0, 1, 1], [1, 0, 1, 1, 1, 1, 0, 1, 1, 1]]
  ROTOR: ((1, -1, -1), (0, 1, -1)) (1, 0) parity m=12 p=1 r=6 X=[[0, 0, 0, 0, 1, 1, 1, 0, 0, 0, 1, 1], [1, 1, 0, 1, 0, 0, 1, 1, 0, 1, 0, 0]]
  ROTOR: ((1, -1, -1), (0, 1, -1)) (1, 0) parity m=12 p=2 r=6 X=[[0, 1, 0, 0, 0, 0, 0, 1, 0, 0, 1, 0], [0, 1, 0, 1, 1, 1, 0, 1, 0, 1, 1, 1]]
  ROTOR: ((1, -1, -1), (0, 1, -1)) (1, 0) parity m=12 p=3 r=6 X=[[0, 0, 0, 1, 0, 0, 0, 0, 0, 1, 1, 0], [0, 0, 1, 0, 0, 1, 0, 0, 1, 0, 0, 1]]
  ROTOR: ((1, -1, -1), (0, 1, 0)) (1, 0) parity m=4 p=1 r=2 X=[[0, 1, 0, 0], [0, 1, 0, 1]]
  ROTOR: ((1, -1, -1), (0, 1, 0)) (1, 0) parity m=4 p=3 r=2 X=[[0, 0, 1, 0], [1, 0, 1, 0]]
  ROTOR: ((1, -1, -1), (0, 1, 0)) (1, 0) parity m=6 p=1 r=3 X=[[0, 0, 0, 0, 0, 1], [0, 0, 1, 0, 0, 1]]
  ROTOR: ((1, -1, -1), (0, 1, 0)) (1, 0) parity m=6 p=3 r=3 X=[[0, 1, 0, 0, 0, 0], [0, 1, 0, 0, 1, 0]]
  ROTOR: ((1, -1, -1), (0, 1, 0)) (1, 0) parity m=8 p=1 r=4 X=[[0, 0, 0, 1, 0, 1, 0, 1], [0, 1, 0, 0, 0, 1, 0, 0]]
  ROTOR: ((1, -1, -1), (0, 1, 0)) (1, 0) parity m=8 p=3 r=4 X=[[1, 1, 0, 0, 1, 0, 0, 0], [1, 1, 0, 1, 1, 1, 0, 1]]
  ROTOR: ((1, -1, -1), (0, 1, 0)) (1, 0) parity m=10 p=1 r=5 X=[[0, 1, 0, 0, 1, 0, 1, 0, 0, 0], [0, 0, 0, 0, 1, 0, 0, 0, 0, 1]]
  ROTOR: ((1, -1, -1), (0, 1, 0)) (1, 0) parity m=10 p=3 r=5 X=[[0, 0, 0, 0, 1, 0, 1, 0, 0, 1], [1, 1, 0, 1, 0, 1, 1, 0, 1, 0]]
  ROTOR: ((1, -1, -1), (0, 1, 0)) (1, 0) parity m=12 p=1 r=6 X=[[0, 0, 0, 1, 1, 0, 1, 0, 0, 1, 1, 0], [1, 0, 1, 1, 0, 0, 1, 0, 1, 1, 0, 0]]
  ROTOR: ((1, -1, -1), (0, 1, 0)) (1, 0) parity m=12 p=3 r=2 X=[[0, 0, 0, 1, 0, 0, 0, 1, 0, 0, 0, 1], [0, 1, 0, 1, 0, 1, 0, 1, 0, 1, 0, 1]]
  ROTOR: ((1, -1, -1), (1, -1, 1)) (1, 0) parity m=6 p=1 r=3 X=[[0, 0, 1, 0, 0, 0], [0, 1, 1, 0, 1, 1]]
  ROTOR: ((1, -1, -1), (1, -1, 1)) (1, 0) parity m=6 p=3 r=3 X=[[0, 0, 0, 0, 0, 1], [0, 1, 1, 0, 1, 1]]
  ROTOR: ((1, -1, -1), (1, -1, 1)) (1, 0) parity m=8 p=1 r=4 X=[[0, 0, 1, 1, 0, 0, 0, 1], [0, 1, 1, 1, 0, 1, 1, 1]]
  ROTOR: ((1, -1, -1), (1, -1, 1)) (1, 0) parity m=8 p=3 r=4 X=[[0, 1, 0, 0, 1, 1, 0, 0], [1, 1, 0, 1, 1, 1, 0, 1]]
  ROTOR: ((1, -1, -1), (1, -1, 1)) (1, 0) parity m=10 p=1 r=5 X=[[0, 0, 0, 0, 0, 1, 0, 0, 0, 0], [1, 1, 1, 0, 1, 1, 1, 1, 0, 1]]
  ROTOR: ((1, -1, -1), (1, -1, 1)) (1, 0) parity m=10 p=3 r=5 X=[[0, 1, 0, 0, 1, 0, 1, 0, 0, 0], [0, 0, 0, 1, 1, 0, 0, 0, 1, 1]]
  ROTOR: ((1, -1, -1), (1, -1, 1)) (1, 0) parity m=12 p=1 r=6 X=[[0, 0, 1, 0, 1, 0, 0, 1, 1, 0, 1, 0], [1, 1, 0, 0, 1, 0, 1, 1, 0, 0, 1, 0]]
  ROTOR: ((1, -1, -1), (1, -1, 1)) (1, 0) parity m=12 p=3 r=6 X=[[1, 0, 0, 0, 0, 1, 1, 0, 0, 0, 0, 0], [1, 1, 1, 0, 1, 1, 1, 1, 1, 0, 1, 1]]
  ROTOR: ((1, -1, 0), (-1, 1, -1)) (1, 0) parity m=6 p=1 r=3 X=[[0, 1, 1, 0, 1, 1], [0, 1, 0, 0, 0, 0]]
  ROTOR: ((1, -1, 0), (-1, 1, -1)) (1, 0) parity m=6 p=3 r=3 X=[[0, 1, 1, 0, 1, 1], [0, 1, 0, 0, 0, 0]]
  ROTOR: ((1, -1, 0), (-1, 1, -1)) (1, 0) parity m=8 p=1 r=4 X=[[0, 1, 0, 0, 0, 1, 1, 0], [0, 0, 1, 1, 0, 1, 1, 1]]
  ROTOR: ((1, -1, 0), (-1, 1, -1)) (1, 0) parity m=8 p=3 r=4 X=[[0, 0, 1, 1, 0, 0, 1, 1], [0, 0, 0, 0, 0, 0, 1, 0]]
  ROTOR: ((1, -1, 0), (-1, 1, -1)) (1, 0) parity m=10 p=1 r=5 X=[[0, 0, 1, 1, 0, 0, 0, 1, 1, 0], [1, 0, 0, 0, 0, 1, 0, 1, 0, 0]]
  ROTOR: ((1, -1, 0), (-1, 1, -1)) (1, 0) parity m=10 p=3 r=5 X=[[1, 0, 0, 1, 1, 1, 0, 0, 1, 1], [0, 0, 0, 1, 0, 0, 0, 0, 0, 0]]
  ROTOR: ((1, -1, 0), (-1, 1, -1)) (1, 0) parity m=12 p=1 r=6 X=[[1, 0, 0, 0, 1, 1, 1, 0, 0, 0, 1, 1], [0, 0, 1, 0, 0, 0, 0, 0, 1, 0, 1, 0]]
  ROTOR: ((1, -1, 0), (-1, 1, -1)) (1, 0) parity m=12 p=3 r=6 X=[[1, 0, 0, 0, 0, 0, 1, 1, 0, 0, 0, 0], [1, 1, 1, 0, 1, 0, 0, 1, 1, 0, 1, 0]]
  ROTOR: ((1, -1, 0), (-1, 1, 0)) (1, 0) parity m=6 p=1 r=3 X=[[0, 1, 1, 0, 1, 1], [0, 0, 0, 0, 1, 0]]
  ROTOR: ((1, -1, 0), (-1, 1, 0)) (1, 0) parity m=6 p=3 r=3 X=[[0, 1, 1, 0, 1, 0], [0, 1, 1, 0, 0, 1]]
  ROTOR: ((1, -1, 0), (-1, 1, 0)) (1, 0) parity m=8 p=1 r=4 X=[[1, 0, 0, 1, 0, 0, 0, 1], [1, 0, 0, 0, 1, 0, 0, 1]]
  ROTOR: ((1, -1, 0), (-1, 1, 0)) (1, 0) parity m=8 p=3 r=4 X=[[1, 0, 1, 1, 0, 0, 1, 1], [1, 0, 0, 0, 1, 0, 1, 0]]
  ROTOR: ((1, -1, 0), (-1, 1, 0)) (1, 0) parity m=10 p=1 r=5 X=[[1, 0, 1, 1, 0, 0, 0, 1, 1, 0], [1, 0, 0, 0, 1, 1, 0, 1, 0, 1]]
  ROTOR: ((1, -1, 0), (-1, 1, 0)) (1, 0) parity m=10 p=3 r=5 X=[[0, 0, 1, 0, 1, 0, 0, 1, 0, 1], [1, 1, 0, 0, 1, 1, 1, 0, 0, 0]]
  ROTOR: ((1, -1, 0), (-1, 1, 0)) (1, 0) parity m=12 p=1 r=6 X=[[1, 1, 0, 1, 1, 0, 1, 1, 0, 1, 1, 0], [0, 0, 0, 1, 0, 1, 0, 0, 0, 0, 0, 1]]
  ROTOR: ((1, -1, 0), (-1, 1, 0)) (1, 0) parity m=12 p=3 r=6 X=[[1, 0, 1, 0, 0, 1, 1, 0, 1, 1, 0, 1], [0, 0, 1, 1, 0, 1, 0, 0, 0, 1, 0, 0]]
  ROTOR: ((1, -1, 0), (-1, 1, 1)) (1, 0) parity m=6 p=1 r=3 X=[[1, 1, 0, 1, 1, 0], [1, 0, 0, 0, 0, 0]]
  ROTOR: ((1, -1, 0), (-1, 1, 1)) (1, 0) parity m=6 p=3 r=3 X=[[0, 1, 1, 0, 1, 1], [0, 0, 0, 0, 1, 0]]
  ROTOR: ((1, -1, 0), (-1, 1, 1)) (1, 0) parity m=8 p=1 r=4 X=[[1, 1, 1, 0, 1, 1, 1, 0], [0, 0, 0, 0, 1, 0, 0, 0]]
  ROTOR: ((1, -1, 0), (-1, 1, 1)) (1, 0) parity m=8 p=3 r=4 X=[[0, 0, 1, 1, 0, 0, 1, 1], [0, 0, 0, 0, 0, 0, 1, 0]]
  ROTOR: ((1, -1, 0), (-1, 1, 1)) (1, 0) parity m=10 p=1 r=5 X=[[1, 0, 1, 0, 1, 1, 0, 1, 0, 1], [1, 1, 0, 0, 0, 1, 1, 0, 0, 1]]
  ROTOR: ((1, -1, 0), (-1, 1, 1)) (1, 0) parity m=10 p=3 r=5 X=[[0, 1, 1, 0, 0, 0, 1, 1, 0, 0], [0, 1, 0, 0, 0, 0, 0, 0, 0, 0]]
  ROTOR: ((1, -1, 0), (-1, 1, 1)) (1, 0) parity m=12 p=1 r=6 X=[[0, 1, 0, 1, 0, 1, 0, 1, 0, 1, 0, 1], [0, 1, 1, 0, 0, 1, 0, 0, 1, 0, 0, 1]]
  ROTOR: ((1, -1, 0), (-1, 1, 1)) (1, 0) parity m=12 p=3 r=6 X=[[0, 1, 1, 1, 0, 1, 0, 1, 1, 1, 0, 1], [0, 0, 0, 0, 0, 1, 0, 1, 0, 0, 0, 1]]
  ROTOR: ((1, -1, 0), (0, -1, 0)) (1, 0) parity m=4 p=1 r=2 X=[[1, 0, 0, 0], [1, 0, 1, 0]]
  ROTOR: ((1, -1, 0), (0, -1, 0)) (1, 0) parity m=4 p=3 r=2 X=[[0, 0, 1, 0], [1, 0, 1, 0]]
  ROTOR: ((1, -1, 0), (0, -1, 0)) (1, 0) parity m=6 p=1 r=3 X=[[1, 0, 0, 0, 0, 0], [1, 0, 0, 1, 0, 0]]
  ROTOR: ((1, -1, 0), (0, -1, 0)) (1, 0) parity m=6 p=3 r=3 X=[[0, 0, 0, 1, 0, 0], [1, 0, 0, 1, 0, 0]]
  ROTOR: ((1, -1, 0), (0, -1, 0)) (1, 0) parity m=8 p=1 r=4 X=[[0, 1, 0, 1, 0, 0, 0, 1], [0, 1, 0, 0, 0, 1, 0, 0]]
  ROTOR: ((1, -1, 0), (0, -1, 0)) (1, 0) parity m=8 p=3 r=6 X=[[0, 0, 1, 0, 0, 0, 1, 0], [1, 0, 1, 0, 1, 0, 1, 0]]
  ROTOR: ((1, -1, 0), (0, -1, 0)) (1, 0) parity m=10 p=1 r=5 X=[[0, 0, 1, 0, 1, 0, 0, 1, 0, 0], [0, 0, 0, 0, 1, 0, 0, 0, 0, 1]]
  ROTOR: ((1, -1, 0), (0, -1, 0)) (1, 0) parity m=10 p=3 r=5 X=[[0, 0, 0, 0, 1, 0, 1, 0, 0, 1], [0, 1, 0, 0, 0, 0, 1, 0, 0, 0]]
  ROTOR: ((1, -1, 0), (0, -1, 0)) (1, 0) parity m=12 p=1 r=6 X=[[1, 0, 1, 0, 1, 0, 0, 0, 0, 0, 1, 0], [1, 0, 1, 0, 0, 0, 1, 0, 1, 0, 0, 0]]
  ROTOR: ((1, -1, 0), (0, -1, 0)) (1, 0) parity m=12 p=3 r=3 X=[[1, 0, 0, 0, 0, 0, 1, 0, 0, 0, 0, 0], [1, 0, 0, 1, 0, 0, 1, 0, 0, 1, 0, 0]]
  ROTOR: ((1, -1, 0), (0, -1, 1)) (1, 0) parity m=6 p=1 r=4 X=[[0, 0, 1, 0, 0, 0], [0, 1, 0, 1, 0, 1]]
  ROTOR: ((1, -1, 0), (0, -1, 1)) (1, 0) parity m=6 p=2 r=3 X=[[0, 1, 1, 0, 1, 0], [0, 0, 1, 0, 0, 1]]
  ROTOR: ((1, -1, 0), (0, -1, 1)) (1, 0) parity m=6 p=3 r=3 X=[[0, 0, 0, 0, 1, 0], [1, 1, 0, 1, 1, 0]]
  ROTOR: ((1, -1, 0), (0, -1, 1)) (1, 0) parity m=8 p=1 r=4 X=[[0, 0, 1, 1, 0, 0, 0, 1], [0, 1, 0, 0, 0, 1, 0, 0]]
  ROTOR: ((1, -1, 0), (0, -1, 1)) (1, 0) parity m=8 p=2 r=4 X=[[0, 1, 0, 0, 0, 1, 1, 0], [0, 1, 1, 0, 0, 1, 1, 0]]
  ROTOR: ((1, -1, 0), (0, -1, 1)) (1, 0) parity m=8 p=3 r=4 X=[[1, 0, 0, 0, 1, 0, 0, 1], [0, 0, 1, 0, 0, 0, 1, 0]]
  ROTOR: ((1, -1, 0), (0, -1, 1)) (1, 0) parity m=10 p=1 r=5 X=[[0, 1, 1, 0, 0, 0, 0, 1, 0, 0], [1, 0, 0, 0, 0, 1, 0, 0, 0, 0]]
  ROTOR: ((1, -1, 0), (0, -1, 1)) (1, 0) parity m=10 p=2 r=5 X=[[1, 0, 0, 1, 0, 0, 0, 0, 1, 0], [1, 0, 1, 0, 1, 1, 0, 1, 0, 1]]
  ROTOR: ((1, -1, 0), (0, -1, 1)) (1, 0) parity m=10 p=3 r=5 X=[[0, 0, 0, 1, 1, 0, 0, 0, 0, 1], [0, 0, 1, 0, 0, 0, 0, 1, 0, 0]]
  ROTOR: ((1, -1, 0), (0, -1, 1)) (1, 0) parity m=12 p=1 r=6 X=[[1, 1, 1, 1, 0, 0, 0, 1, 1, 1, 0, 0], [1, 0, 1, 1, 0, 1, 1, 0, 1, 1, 0, 1]]
  ROTOR: ((1, -1, 0), (0, -1, 1)) (1, 0) parity m=12 p=2 r=2 X=[[0, 0, 1, 0, 0, 0, 0, 0, 1, 0, 0, 0], [0, 1, 0, 1, 0, 1, 0, 1, 0, 1, 0, 1]]
  ROTOR: ((1, -1, 0), (0, -1, 1)) (1, 0) parity m=12 p=3 r=6 X=[[0, 0, 1, 0, 0, 1, 0, 0, 0, 0, 0, 0], [0, 1, 1, 0, 1, 0, 0, 1, 1, 0, 1, 0]]
  ROTOR: ((-1, 1, 0), (-1, 1, 1), (0, 1, -1)) (0, 0, 0) parity m=9 p=1 r=6 X=[[0, 1, 0, 0, 0, 0, 1, 0, 0], [0, 0, 1, 0, 0, 1, 0, 0, 1], [0, 0, 1, 0, 0, 1, 0, 0, 1]]
  ROTOR: ((1, -1, 0), (0, 1, -1)) (1, 0) parity m=6 p=1 r=2 X=[[0, 0, 0, 0, 1, 0], [0, 1, 0, 1, 0, 1]]
  ROTOR: ((1, -1, 0), (0, 1, -1)) (1, 0) parity m=6 p=2 r=3 X=[[0, 0, 0, 0, 0, 0], [1, 0, 0, 1, 0, 1]]
  ROTOR: ((-1, 1, 0), (-1, 1, 1), (0, 1, -1)) (0, 0, 0) parity m=9 p=2 r=3 X=[[0, 0, 0, 0, 1, 0, 0, 0, 1], [1, 0, 0, 1, 0, 0, 1, 0, 0], [1, 0, 0, 1, 0, 0, 1, 0, 0]]
  ROTOR: ((1, -1, 0), (0, 1, -1)) (1, 0) parity m=6 p=3 r=3 X=[[1, 1, 0, 1, 1, 0], [0, 0, 0, 1, 0, 0]]
  ROTOR: ((1, -1, 0), (0, 1, -1)) (1, 0) parity m=8 p=1 r=4 X=[[1, 0, 1, 0, 1, 0, 1, 0], [0, 1, 0, 0, 1, 1, 0, 0]]
  ROTOR: ((1, -1, 0), (0, 1, -1)) (1, 0) parity m=8 p=2 r=4 X=[[1, 0, 0, 1, 1, 0, 0, 1], [1, 0, 0, 1, 1, 0, 0, 0]]
  ROTOR: ((1, -1, 0), (0, 1, -1)) (1, 0) parity m=8 p=3 r=4 X=[[0, 1, 1, 0, 0, 1, 1, 0], [0, 1, 0, 0, 0, 0, 0, 0]]
  ROTOR: ((1, -1, 0), (0, 1, -1)) (1, 0) parity m=10 p=1 r=5 X=[[0, 0, 1, 1, 1, 0, 0, 1, 1, 0], [1, 0, 1, 0, 1, 1, 0, 0, 0, 1]]
  ROTOR: ((1, -1, 0), (0, 1, -1)) (1, 0) parity m=10 p=2 r=5 X=[[0, 0, 1, 0, 0, 0, 0, 1, 0, 0], [1, 0, 0, 0, 0, 1, 0, 0, 0, 1]]
  ROTOR: ((1, -1, 0), (0, 1, -1)) (1, 0) parity m=10 p=3 r=5 X=[[0, 0, 1, 0, 1, 0, 1, 1, 0, 1], [1, 1, 1, 0, 1, 1, 1, 1, 0, 0]]
  ROTOR: ((1, -1, 0), (0, 1, -1)) (1, 0) parity m=12 p=1 r=6 X=[[1, 0, 0, 0, 1, 0, 1, 0, 0, 0, 1, 1], [1, 0, 0, 0, 1, 1, 1, 0, 0, 0, 0, 1]]
  ROTOR: ((1, -1, 0), (0, 1, -1)) (1, 0) parity m=12 p=2 r=4 X=[[0, 0, 0, 0, 1, 0, 0, 0, 0, 0, 1, 0], [0, 1, 0, 1, 0, 1, 0, 1, 0, 1, 0, 1]]
  ROTOR: ((1, -1, 0), (0, 1, -1)) (1, 0) parity m=12 p=3 r=6 X=[[0, 1, 0, 0, 1, 0, 0, 1, 0, 0, 1, 0], [1, 0, 0, 0, 1, 1, 1, 0, 0, 0, 0, 1]]
  ROTOR: ((1, -1, 0), (0, 1, 0)) (1, 0) parity m=4 p=1 r=2 X=[[1, 0, 0, 0], [1, 0, 1, 0]]
  ROTOR: ((1, -1, 0), (0, 1, 0)) (1, 0) parity m=4 p=3 r=2 X=[[0, 1, 0, 0], [0, 1, 0, 1]]
  ROTOR: ((1, -1, 0), (0, 1, 0)) (1, 0) parity m=6 p=1 r=3 X=[[0, 1, 1, 0, 1, 1], [0, 0, 0, 0, 1, 0]]
  ROTOR: ((1, -1, 0), (0, 1, 0)) (1, 0) parity m=6 p=3 r=3 X=[[1, 1, 0, 1, 1, 0], [1, 0, 0, 0, 0, 0]]
  ROTOR: ((1, -1, 0), (0, 1, 0)) (1, 0) parity m=8 p=1 r=4 X=[[0, 0, 1, 0, 1, 0, 1, 0], [1, 0, 1, 1, 1, 0, 0, 1]]
  ROTOR: ((1, -1, 0), (0, 1, 0)) (1, 0) parity m=8 p=3 r=4 X=[[1, 0, 1, 1, 1, 0, 1, 1], [0, 0, 0, 0, 0, 0, 1, 0]]
  ROTOR: ((1, -1, 0), (0, 1, 0)) (1, 0) parity m=10 p=1 r=5 X=[[1, 0, 0, 0, 0, 1, 0, 1, 0, 0], [0, 0, 1, 0, 0, 0, 0, 1, 0, 0]]
  ROTOR: ((1, -1, 0), (0, 1, 0)) (1, 0) parity m=10 p=3 r=5 X=[[1, 1, 1, 0, 0, 1, 1, 0, 0, 0], [0, 0, 1, 0, 1, 0, 0, 1, 0, 1]]
  ROTOR: ((1, -1, 0), (0, 1, 0)) (1, 0) parity m=12 p=1 r=6 X=[[0, 1, 0, 0, 0, 1, 0, 1, 1, 0, 0, 0], [0, 1, 1, 0, 0, 1, 0, 0, 1, 0, 0, 1]]
  ROTOR: ((1, -1, 0), (0, 1, 0)) (1, 0) parity m=12 p=3 r=6 X=[[0, 1, 1, 0, 0, 0, 0, 1, 0, 0, 1, 0], [0, 1, 1, 0, 1, 0, 0, 0, 1, 0, 1, 0]]
  ROTOR: ((1, -1, 0), (0, 1, 1)) (1, 0) parity m=6 p=1 r=3 X=[[0, 1, 1, 0, 1, 1], [0, 1, 0, 0, 0, 0]]
  ROTOR: ((1, -1, 0), (0, 1, 1)) (1, 0) parity m=6 p=3 r=3 X=[[1, 1, 0, 1, 1, 0], [0, 0, 0, 1, 0, 0]]
  ROTOR: ((1, -1, 0), (0, 1, 1)) (1, 0) parity m=8 p=1 r=4 X=[[1, 0, 1, 0, 1, 0, 1, 0], [0, 0, 1, 1, 0, 0, 0, 1]]
  ROTOR: ((1, -1, 0), (0, 1, 1)) (1, 0) parity m=8 p=3 r=4 X=[[0, 1, 1, 1, 0, 1, 1, 1], [0, 1, 0, 0, 0, 0, 0, 0]]
  ROTOR: ((1, -1, 0), (0, 1, 1)) (1, 0) parity m=10 p=1 r=5 X=[[0, 0, 0, 1, 1, 0, 0, 0, 1, 1], [0, 0, 0, 0, 0, 0, 0, 0, 1, 0]]
  ROTOR: ((1, -1, 0), (0, 1, 1)) (1, 0) parity m=10 p=3 r=5 X=[[1, 0, 1, 0, 1, 1, 0, 1, 0, 1], [0, 0, 0, 0, 0, 0, 0, 0, 0, 1]]
  ROTOR: ((1, -1, 0), (0, 1, 1)) (1, 0) parity m=12 p=1 r=6 X=[[1, 1, 0, 0, 1, 0, 1, 1, 0, 0, 1, 0], [0, 0, 0, 1, 0, 0, 1, 0, 0, 1, 0, 0]]
  ROTOR: ((1, -1, 0), (0, 1, 1)) (1, 0) parity m=12 p=3 r=6 X=[[0, 0, 1, 0, 1, 1, 0, 0, 1, 0, 1, 1], [1, 1, 0, 0, 0, 1, 1, 1, 0, 0, 1, 1]]
  ROTOR: ((1, -1, 0), (1, -1, 1)) (1, 0) parity m=6 p=1 r=3 X=[[0, 1, 0, 0, 0, 0], [1, 1, 0, 1, 1, 0]]
  ROTOR: ((1, -1, 0), (1, -1, 1)) (1, 0) parity m=6 p=2 r=3 X=[[1, 0, 0, 1, 1, 0], [1, 1, 0, 1, 1, 0]]
  ROTOR: ((1, -1, 0), (1, -1, 1)) (1, 0) parity m=6 p=3 r=3 X=[[0, 0, 1, 0, 0, 0], [0, 1, 1, 0, 1, 1]]
  ROTOR: ((1, -1, 0), (1, -1, 1)) (1, 0) parity m=8 p=1 r=4 X=[[0, 0, 1, 1, 0, 0, 0, 1], [0, 1, 1, 1, 0, 1, 1, 1]]
  ROTOR: ((1, -1, 0), (1, -1, 1)) (1, 0) parity m=8 p=2 r=4 X=[[1, 1, 0, 1, 0, 1, 0, 1], [1, 1, 0, 1, 1, 1, 0, 1]]
  ROTOR: ((1, -1, 0), (1, -1, 1)) (1, 0) parity m=8 p=3 r=4 X=[[0, 0, 0, 1, 0, 0, 0, 0], [0, 0, 1, 1, 0, 0, 1, 1]]
  ROTOR: ((1, -1, 0), (1, -1, 1)) (1, 0) parity m=10 p=1 r=5 X=[[0, 1, 0, 0, 0, 0, 0, 0, 0, 0], [1, 1, 0, 0, 0, 1, 1, 0, 0, 0]]
  ROTOR: ((1, -1, 0), (1, -1, 1)) (1, 0) parity m=10 p=2 r=5 X=[[0, 1, 1, 0, 1, 0, 1, 0, 0, 1], [0, 1, 1, 1, 0, 0, 1, 1, 1, 0]]
  ROTOR: ((1, -1, 0), (1, -1, 1)) (1, 0) parity m=10 p=3 r=5 X=[[0, 1, 0, 0, 0, 1, 1, 0, 0, 0], [1, 1, 0, 0, 1, 1, 1, 0, 0, 1]]
  ROTOR: ((1, -1, 0), (1, -1, 1)) (1, 0) parity m=12 p=1 r=6 X=[[1, 1, 0, 1, 0, 0, 0, 1, 0, 1, 0, 0], [1, 0, 1, 0, 0, 1, 1, 0, 1, 0, 0, 1]]
  ROTOR: ((1, -1, 0), (1, -1, 1)) (1, 0) parity m=12 p=2 r=6 X=[[0, 1, 0, 1, 0, 0, 0, 1, 0, 1, 1, 0], [0, 0, 0, 1, 1, 0, 0, 0, 0, 1, 1, 0]]
  ROTOR: ((1, -1, 0), (1, -1, 1)) (1, 0) parity m=12 p=3 r=6 X=[[1, 0, 0, 0, 0, 1, 1, 0, 0, 0, 0, 0], [0, 1, 0, 0, 1, 1, 0, 1, 0, 0, 1, 1]]
  ROTOR: ((1, -1, 1), (-1, 1, -1)) (1, 0) parity m=8 p=1 r=4 X=[[0, 1, 1, 1, 0, 1, 0, 1], [0, 0, 0, 1, 0, 0, 1, 1]]
  ROTOR: ((1, -1, 1), (-1, 1, -1)) (1, 0) parity m=8 p=3 r=4 X=[[1, 0, 0, 1, 0, 0, 0, 1], [0, 1, 0, 1, 1, 1, 0, 1]]
  ROTOR: ((1, -1, 1), (-1, 1, -1)) (1, 0) parity m=10 p=1 r=5 X=[[0, 1, 0, 1, 1, 0, 1, 0, 1, 1], [1, 0, 0, 0, 1, 1, 0, 0, 0, 0]]
  ROTOR: ((1, -1, 1), (-1, 1, -1)) (1, 0) parity m=10 p=3 r=5 X=[[0, 1, 1, 0, 0, 0, 1, 0, 0, 0], [0, 1, 0, 1, 0, 0, 1, 1, 1, 0]]
  ROTOR: ((1, -1, 1), (-1, 1, -1)) (1, 0) parity m=12 p=1 r=6 X=[[1, 0, 1, 0, 1, 0, 1, 1, 1, 0, 1, 0], [1, 1, 1, 0, 1, 0, 1, 0, 1, 0, 1, 0]]
  ROTOR: ((1, -1, 1), (-1, 1, -1)) (1, 0) parity m=12 p=3 r=6 X=[[1, 1, 1, 0, 1, 0, 1, 0, 1, 0, 1, 0], [0, 0, 1, 0, 1, 0, 0, 1, 1, 0, 1, 0]]
  ROTOR: ((1, -1, 1), (-1, 1, 0)) (1, 0) parity m=6 p=1 r=3 X=[[0, 0, 0, 1, 0, 0], [1, 0, 1, 1, 0, 1]]
  ROTOR: ((1, -1, 1), (-1, 1, 0)) (1, 0) parity m=6 p=3 r=3 X=[[0, 0, 1, 0, 0, 0], [0, 1, 1, 0, 1, 1]]
  ROTOR: ((1, -1, 1), (-1, 1, 0)) (1, 0) parity m=8 p=1 r=4 X=[[0, 0, 0, 1, 0, 0, 0, 0], [0, 1, 1, 1, 0, 1, 1, 1]]
  ROTOR: ((1, -1, 1), (-1, 1, 0)) (1, 0) parity m=8 p=3 r=4 X=[[0, 0, 0, 0, 0, 1, 0, 0], [1, 1, 0, 1, 1, 1, 0, 1]]
  ROTOR: ((1, -1, 1), (-1, 1, 0)) (1, 0) parity m=10 p=1 r=5 X=[[0, 1, 0, 1, 0, 0, 0, 0, 1, 0], [1, 1, 0, 0, 0, 1, 1, 0, 0, 0]]
  ROTOR: ((1, -1, 1), (-1, 1, 0)) (1, 0) parity m=10 p=3 r=5 X=[[0, 0, 1, 1, 1, 0, 0, 1, 1, 1], [0, 0, 1, 1, 0, 0, 0, 1, 0, 0]]
  ROTOR: ((1, -1, 1), (-1, 1, 0)) (1, 0) parity m=12 p=1 r=6 X=[[0, 1, 1, 1, 1, 1, 0, 1, 1, 1, 1, 0], [0, 0, 1, 1, 1, 1, 0, 0, 0, 1, 1, 1]]
  ROTOR: ((1, -1, 1), (-1, 1, 0)) (1, 0) parity m=12 p=3 r=6 X=[[1, 1, 0, 1, 1, 1, 1, 0, 0, 1, 1, 1], [0, 1, 0, 1, 0, 0, 0, 1, 0, 1, 1, 0]]
  ROTOR: ((1, -1, 1), (-1, 1, 1)) (1, 0) parity m=8 p=1 r=4 X=[[1, 1, 0, 1, 1, 1, 0, 1], [0, 0, 0, 1, 1, 0, 0, 1]]
  ROTOR: ((1, -1, 1), (-1, 1, 1)) (1, 0) parity m=8 p=3 r=4 X=[[0, 1, 1, 1, 0, 1, 1, 1], [0, 1, 1, 0, 0, 1, 0, 0]]
  ROTOR: ((1, -1, 1), (-1, 1, 1)) (1, 0) parity m=10 p=1 r=5 X=[[1, 0, 1, 1, 1, 1, 0, 1, 1, 1], [0, 0, 1, 1, 1, 0, 0, 1, 0, 1]]
  ROTOR: ((1, -1, 1), (-1, 1, 1)) (1, 0) parity m=10 p=3 r=5 X=[[1, 1, 1, 1, 0, 1, 1, 1, 1, 0], [1, 1, 0, 0, 0, 1, 0, 0, 0, 0]]
  ROTOR: ((1, -1, 1), (-1, 1, 1)) (1, 0) parity m=12 p=1 r=6 X=[[1, 0, 1, 1, 0, 1, 1, 0, 1, 1, 0, 1], [0, 0, 1, 0, 1, 0, 0, 0, 1, 1, 1, 0]]
  ROTOR: ((1, -1, 1), (-1, 1, 1)) (1, 0) parity m=12 p=3 r=6 X=[[0, 1, 1, 1, 1, 1, 0, 1, 1, 1, 1, 1], [0, 0, 1, 1, 0, 0, 0, 0, 0, 1, 0, 0]]
  ROTOR: ((1, -1, 1), (0, -1, -1)) (1, 0) parity m=6 p=1 r=3 X=[[1, 1, 0, 1, 1, 0], [0, 0, 0, 0, 1, 0]]
  ROTOR: ((1, -1, 1), (0, -1, -1)) (1, 0) parity m=6 p=3 r=3 X=[[1, 0, 1, 1, 0, 1], [1, 0, 0, 0, 0, 0]]
  ROTOR: ((1, -1, 1), (0, -1, -1)) (1, 0) parity m=8 p=1 r=4 X=[[1, 0, 0, 1, 1, 0, 0, 1], [0, 0, 0, 0, 1, 0, 0, 0]]
  ROTOR: ((1, -1, 1), (0, -1, -1)) (1, 0) parity m=8 p=3 r=4 X=[[1, 1, 0, 0, 1, 1, 0, 0], [0, 0, 1, 0, 0, 1, 1, 0]]
  ROTOR: ((1, -1, 1), (0, -1, -1)) (1, 0) parity m=10 p=1 r=5 X=[[0, 1, 1, 0, 1, 0, 1, 1, 0, 1], [0, 0, 0, 0, 0, 0, 0, 1, 0, 0]]
  ROTOR: ((1, -1, 1), (0, -1, -1)) (1, 0) parity m=10 p=3 r=5 X=[[1, 0, 1, 0, 1, 1, 0, 1, 0, 1], [0, 0, 0, 0, 0, 1, 0, 0, 0, 0]]
  ROTOR: ((1, -1, 1), (0, -1, -1)) (1, 0) parity m=12 p=1 r=6 X=[[1, 1, 1, 1, 0, 0, 1, 1, 1, 1, 0, 0], [0, 1, 0, 1, 1, 0, 0, 0, 0, 1, 1, 0]]
  ROTOR: ((1, -1, 1), (0, -1, -1)) (1, 0) parity m=12 p=3 r=6 X=[[0, 1, 0, 1, 1, 0, 0, 1, 0, 1, 1, 0], [1, 0, 0, 0, 0, 1, 1, 0, 0, 0, 1, 1]]
  ROTOR: ((1, -1, 1), (0, -1, 0)) (1, 0) parity m=4 p=1 r=2 X=[[0, 0, 1, 0], [1, 0, 1, 0]]
  ROTOR: ((1, -1, 1), (0, -1, 0)) (1, 0) parity m=4 p=3 r=2 X=[[0, 1, 0, 0], [0, 1, 0, 1]]
  ROTOR: ((1, -1, 1), (0, -1, 0)) (1, 0) parity m=6 p=1 r=3 X=[[0, 1, 0, 0, 0, 0], [0, 1, 0, 0, 1, 0]]
  ROTOR: ((1, -1, 1), (0, -1, 0)) (1, 0) parity m=6 p=2 r=3 X=[[1, 0, 0, 1, 0, 0], [0, 0, 1, 1, 0, 1]]
  ROTOR: ((1, -1, 1), (0, -1, 0)) (1, 0) parity m=6 p=3 r=3 X=[[1, 0, 1, 1, 0, 1], [1, 0, 0, 0, 0, 0]]
  ROTOR: ((1, -1, 1), (0, -1, 0)) (1, 0) parity m=8 p=1 r=4 X=[[0, 1, 1, 0, 0, 1, 1, 0], [0, 0, 0, 1, 0, 0, 1, 1]]
  ROTOR: ((1, -1, 1), (0, -1, 0)) (1, 0) parity m=8 p=2 r=4 X=[[0, 1, 1, 1, 0, 1, 1, 1], [0, 1, 1, 1, 0, 1, 0, 1]]
  ROTOR: ((1, -1, 1), (0, -1, 0)) (1, 0) parity m=8 p=3 r=4 X=[[0, 0, 0, 0, 0, 1, 0, 1], [0, 1, 0, 1, 0, 1, 0, 1]]
  ROTOR: ((1, -1, 1), (0, -1, 0)) (1, 0) parity m=10 p=1 r=5 X=[[0, 1, 0, 0, 0, 0, 0, 0, 0, 0], [0, 1, 0, 0, 0, 0, 1, 0, 0, 0]]
  ROTOR: ((1, -1, 1), (0, -1, 0)) (1, 0) parity m=10 p=2 r=5 X=[[1, 1, 1, 0, 0, 1, 1, 1, 0, 0], [1, 1, 1, 1, 0, 1, 0, 1, 1, 0]]
  ROTOR: ((1, -1, 1), (0, -1, 0)) (1, 0) parity m=10 p=3 r=5 X=[[0, 1, 0, 0, 0, 0, 0, 0, 0, 0], [0, 1, 0, 0, 0, 0, 1, 0, 0, 0]]
  ROTOR: ((1, -1, 1), (0, -1, 0)) (1, 0) parity m=12 p=1 r=3 X=[[1, 0, 1, 1, 0, 0, 1, 0, 1, 1, 0, 0], [1, 0, 1, 0, 0, 1, 0, 0, 1, 1, 0, 1]]
  ROTOR: ((1, -1, 1), (0, -1, 0)) (1, 0) parity m=12 p=2 r=6 X=[[1, 1, 1, 0, 0, 1, 1, 1, 1, 0, 0, 1], [1, 0, 0, 0, 1, 1, 1, 0, 0, 0, 1, 0]]
  ROTOR: ((1, -1, 1), (0, -1, 0)) (1, 0) parity m=12 p=3 r=10 X=[[0, 0, 0, 1, 0, 0, 0, 1, 0, 0, 0, 1], [0, 1, 0, 1, 0, 1, 0, 1, 0, 1, 0, 1]]
  ROTOR: ((1, -1, 1), (0, -1, 1)) (1, 0) parity m=6 p=1 r=4 X=[[0, 0, 0, 0, 1, 0], [0, 1, 0, 1, 0, 1]]
  ROTOR: ((1, -1, 1), (0, -1, 1)) (1, 0) parity m=6 p=2 r=2 X=[[0, 0, 0, 1, 0, 0], [1, 0, 1, 0, 1, 0]]
  ROTOR: ((1, -1, 1), (0, -1, 1)) (1, 0) parity m=6 p=3 r=3 X=[[1, 0, 1, 1, 0, 1], [1, 0, 0, 0, 0, 0]]
  ROTOR: ((1, -1, 1), (0, -1, 1)) (1, 0) parity m=8 p=1 r=4 X=[[1, 0, 0, 1, 1, 0, 0, 0], [1, 0, 1, 1, 1, 0, 1, 1]]
  ROTOR: ((1, -1, 1), (0, -1, 1)) (1, 0) parity m=8 p=3 r=4 X=[[1, 0, 0, 0, 0, 0, 0, 0], [1, 1, 0, 1, 1, 1, 0, 1]]
  ROTOR: ((1, -1, 1), (0, -1, 1)) (1, 0) parity m=10 p=1 r=5 X=[[0, 1, 1, 1, 0, 0, 1, 1, 1, 0], [0, 0, 0, 1, 0, 0, 0, 1, 1, 0]]
  ROTOR: ((1, -1, 1), (0, -1, 1)) (1, 0) parity m=10 p=2 r=5 X=[[0, 1, 0, 1, 0, 0, 1, 0, 0, 0], [1, 0, 1, 0, 0, 1, 0, 1, 0, 0]]
  ROTOR: ((1, -1, 1), (0, -1, 1)) (1, 0) parity m=10 p=3 r=5 X=[[1, 1, 1, 0, 0, 1, 1, 1, 0, 0], [0, 1, 1, 1, 0, 0, 0, 1, 1, 0]]
  ROTOR: ((1, -1, 1), (0, -1, 1)) (1, 0) parity m=12 p=1 r=6 X=[[0, 0, 1, 0, 0, 1, 0, 0, 1, 1, 0, 1], [0, 0, 1, 1, 1, 1, 0, 0, 1, 0, 1, 1]]
  ROTOR: ((1, -1, 1), (0, -1, 1)) (1, 0) parity m=12 p=2 r=6 X=[[1, 1, 0, 1, 0, 0, 1, 1, 1, 1, 0, 0], [0, 1, 1, 1, 0, 1, 0, 1, 0, 1, 0, 1]]
  ROTOR: ((1, -1, 1), (0, -1, 1)) (1, 0) parity m=12 p=3 r=6 X=[[0, 0, 0, 1, 1, 0, 0, 1, 0, 1, 0, 0], [1, 1, 0, 1, 0, 0, 1, 1, 0, 1, 1, 0]]
  ROTOR: ((1, -1, 1), (0, 1, -1)) (1, 0) parity m=6 p=1 r=2 X=[[0, 0, 0, 0, 0, 1], [1, 0, 1, 0, 1, 0]]
  ROTOR: ((1, -1, 1), (0, 1, -1)) (1, 0) parity m=6 p=2 r=4 X=[[0, 1, 0, 0, 0, 0], [1, 0, 1, 0, 1, 0]]
  ROTOR: ((1, -1, 1), (0, 1, -1)) (1, 0) parity m=8 p=1 r=4 X=[[1, 1, 1, 0, 1, 0, 1, 0], [0, 0, 1, 0, 0, 1, 1, 0]]
  ROTOR: ((1, -1, 1), (0, 1, -1)) (1, 0) parity m=8 p=2 r=2 X=[[1, 1, 1, 0, 1, 0, 1, 1], [1, 0, 1, 0, 1, 1, 1, 0]]
  ROTOR: ((1, -1, 1), (0, 1, -1)) (1, 0) parity m=8 p=3 r=4 X=[[1, 1, 0, 1, 0, 1, 0, 1], [0, 1, 0, 1, 1, 1, 0, 1]]
  ROTOR: ((1, -1, 1), (0, 1, -1)) (1, 0) parity m=10 p=1 r=5 X=[[1, 1, 0, 1, 1, 0, 1, 0, 1, 1], [0, 1, 0, 0, 0, 0, 1, 0, 0, 1]]
  ROTOR: ((1, -1, 1), (0, 1, -1)) (1, 0) parity m=10 p=3 r=2 X=[[0, 0, 0, 0, 0, 0, 0, 0, 0, 1], [1, 0, 1, 0, 1, 0, 1, 0, 1, 0]]
  ROTOR: ((1, -1, 1), (0, 1, -1)) (1, 0) parity m=12 p=1 r=6 X=[[1, 1, 1, 0, 0, 0, 1, 0, 1, 0, 0, 0], [1, 1, 1, 0, 1, 1, 1, 1, 1, 0, 1, 1]]
  ROTOR: ((1, -1, 1), (0, 1, -1)) (1, 0) parity m=12 p=2 r=6 X=[[0, 0, 0, 1, 0, 0, 0, 0, 0, 0, 0, 0], [1, 0, 1, 1, 1, 0, 1, 0, 1, 1, 1, 0]]
  ROTOR: ((1, -1, 1), (0, 1, -1)) (1, 0) parity m=12 p=3 r=6 X=[[0, 0, 0, 0, 1, 1, 1, 0, 0, 0, 1, 1], [0, 1, 0, 0, 1, 1, 0, 1, 0, 0, 1, 0]]
  ROTOR: ((1, -1, 1), (0, 1, 0)) (1, 0) parity m=4 p=1 r=2 X=[[0, 0, 1, 0], [1, 0, 1, 0]]
  ROTOR: ((1, -1, 1), (0, 1, 0)) (1, 0) parity m=4 p=3 r=2 X=[[0, 0, 1, 0], [1, 0, 1, 0]]
  ROTOR: ((1, -1, 1), (0, 1, 0)) (1, 0) parity m=6 p=1 r=3 X=[[0, 0, 0, 0, 1, 0], [1, 1, 0, 1, 1, 0]]
  ROTOR: ((1, -1, 1), (0, 1, 0)) (1, 0) parity m=6 p=3 r=3 X=[[0, 0, 0, 1, 0, 0], [1, 0, 0, 1, 0, 0]]
  ROTOR: ((1, -1, 1), (0, 1, 0)) (1, 0) parity m=8 p=1 r=4 X=[[1, 1, 0, 1, 1, 1, 0, 1], [1, 0, 0, 0, 0, 0, 0, 0]]
  ROTOR: ((1, -1, 1), (0, 1, 0)) (1, 0) parity m=8 p=3 r=4 X=[[1, 0, 0, 0, 1, 1, 0, 0], [1, 1, 0, 1, 1, 1, 0, 1]]
  ROTOR: ((1, -1, 1), (0, 1, 0)) (1, 0) parity m=10 p=1 r=5 X=[[0, 1, 1, 1, 0, 0, 1, 1, 1, 0], [0, 0, 0, 0, 0, 0, 0, 1, 0, 0]]
  ROTOR: ((1, -1, 1), (0, 1, 0)) (1, 0) parity m=10 p=3 r=5 X=[[1, 1, 0, 0, 0, 1, 1, 1, 0, 0], [0, 1, 1, 0, 1, 0, 1, 1, 0, 1]]
  ROTOR: ((1, -1, 1), (0, 1, 0)) (1, 0) parity m=12 p=1 r=6 X=[[1, 0, 0, 1, 1, 1, 1, 0, 0, 1, 1, 1], [0, 0, 0, 1, 1, 1, 0, 0, 0, 1, 0, 1]]
  ROTOR: ((1, -1, 1), (0, 1, 0)) (1, 0) parity m=12 p=3 r=6 X=[[1, 0, 0, 0, 0, 0, 1, 1, 0, 0, 0, 0], [0, 1, 0, 0, 0, 1, 0, 1, 0, 0, 0, 1]]
  ROTOR: ((1, -1, 1), (0, 1, 1)) (1, 0) parity m=8 p=1 r=4 X=[[1, 1, 0, 1, 1, 1, 0, 1], [0, 0, 0, 1, 1, 0, 0, 1]]
  ROTOR: ((1, -1, 1), (0, 1, 1)) (1, 0) parity m=8 p=3 r=4 X=[[0, 1, 1, 1, 0, 1, 1, 1], [0, 1, 1, 0, 0, 1, 0, 0]]
  ROTOR: ((1, -1, 1), (0, 1, 1)) (1, 0) parity m=10 p=1 r=5 X=[[0, 1, 1, 0, 1, 0, 1, 1, 0, 1], [0, 0, 0, 1, 0, 0, 0, 1, 1, 0]]
  ROTOR: ((1, -1, 1), (0, 1, 1)) (1, 0) parity m=10 p=3 r=5 X=[[1, 0, 1, 1, 1, 1, 0, 1, 1, 1], [0, 0, 1, 0, 0, 0, 0, 1, 1, 0]]
  ROTOR: ((1, -1, 1), (0, 1, 1)) (1, 0) parity m=12 p=1 r=6 X=[[1, 0, 1, 0, 0, 1, 1, 0, 1, 0, 0, 1], [1, 1, 0, 0, 0, 0, 0, 1, 0, 0, 0, 0]]
  ROTOR: ((1, -1, 1), (0, 1, 1)) (1, 0) parity m=12 p=3 r=6 X=[[1, 1, 0, 0, 1, 1, 1, 1, 0, 0, 1, 1], [1, 0, 0, 0, 1, 0, 1, 0, 0, 0, 1, 1]]
  ROTOR: ((1, -1, 1), (1, -1, -1)) (1, 0) parity m=6 p=1 r=3 X=[[0, 1, 1, 0, 1, 1], [0, 0, 0, 0, 0, 1]]
  ROTOR: ((1, -1, 1), (1, -1, -1)) (1, 0) parity m=6 p=3 r=3 X=[[0, 1, 1, 0, 1, 1], [0, 0, 0, 0, 0, 1]]
  ROTOR: ((1, -1, 1), (1, -1, -1)) (1, 0) parity m=8 p=1 r=4 X=[[1, 1, 1, 0, 1, 1, 1, 0], [0, 0, 0, 0, 0, 1, 0, 0]]
  ROTOR: ((1, -1, 1), (1, -1, -1)) (1, 0) parity m=8 p=3 r=4 X=[[1, 1, 0, 1, 1, 1, 0, 1], [0, 1, 0, 0, 1, 1, 0, 0]]
  ROTOR: ((1, -1, 1), (1, -1, -1)) (1, 0) parity m=10 p=1 r=5 X=[[1, 1, 0, 0, 1, 1, 1, 0, 0, 1], [0, 0, 0, 0, 0, 1, 0, 0, 0, 0]]
  ROTOR: ((1, -1, 1), (1, -1, -1)) (1, 0) parity m=10 p=3 r=5 X=[[0, 1, 1, 0, 0, 0, 1, 1, 0, 0], [0, 0, 1, 0, 1, 0, 0, 0, 0, 1]]
  ROTOR: ((1, -1, 1), (1, -1, -1)) (1, 0) parity m=12 p=1 r=6 X=[[0, 0, 1, 0, 1, 1, 0, 0, 1, 0, 1, 1], [1, 1, 0, 0, 0, 1, 1, 1, 0, 0, 0, 0]]
  ROTOR: ((1, -1, 1), (1, -1, -1)) (1, 0) parity m=12 p=3 r=6 X=[[1, 1, 1, 1, 0, 1, 1, 1, 1, 1, 0, 1], [0, 0, 0, 0, 0, 0, 1, 0, 0, 0, 0, 0]]
  ROTOR: ((1, -1, 1), (1, -1, 0)) (1, 0) parity m=6 p=1 r=3 X=[[1, 0, 1, 1, 0, 1], [1, 0, 0, 0, 0, 0]]
  ROTOR: ((1, -1, 1), (1, -1, 0)) (1, 0) parity m=6 p=2 r=3 X=[[0, 0, 1, 0, 0, 1], [0, 1, 1, 0, 1, 0]]
  ROTOR: ((1, -1, 1), (1, -1, 0)) (1, 0) parity m=6 p=3 r=3 X=[[1, 1, 0, 1, 1, 0], [0, 0, 0, 0, 1, 0]]
  ROTOR: ((1, -1, 1), (1, -1, 0)) (1, 0) parity m=8 p=1 r=4 X=[[0, 1, 1, 0, 0, 1, 1, 0], [0, 0, 1, 1, 0, 0, 0, 1]]
  ROTOR: ((1, -1, 1), (1, -1, 0)) (1, 0) parity m=8 p=2 r=4 X=[[1, 0, 0, 1, 1, 0, 0, 1], [1, 0, 1, 0, 1, 0, 1, 1]]
  ROTOR: ((1, -1, 1), (1, -1, 0)) (1, 0) parity m=8 p=3 r=4 X=[[1, 1, 1, 0, 1, 1, 1, 0], [0, 0, 1, 0, 0, 1, 1, 0]]
  ROTOR: ((1, -1, 1), (1, -1, 0)) (1, 0) parity m=10 p=1 r=5 X=[[0, 0, 0, 1, 1, 0, 0, 0, 1, 1], [1, 1, 0, 0, 0, 1, 1, 0, 0, 1]]
  ROTOR: ((-1, 1, 0), (0, 1, -1), (-1, 1, 1)) (0, 0, 0) parity m=9 p=1 r=6 X=[[0, 1, 0, 0, 0, 1, 0, 0, 0], [1, 0, 0, 1, 0, 0, 1, 0, 0], [1, 0, 0, 1, 0, 0, 1, 0, 0]]
  ROTOR: ((1, -1, 1), (1, -1, 0)) (1, 0) parity m=10 p=2 r=5 X=[[1, 0, 0, 0, 1, 1, 0, 0, 0, 1], [1, 0, 0, 0, 1, 0, 0, 0, 0, 1]]
  ROTOR: ((1, -1, 1), (1, -1, 0)) (1, 0) parity m=10 p=3 r=5 X=[[1, 0, 1, 0, 1, 1, 0, 1, 0, 1], [1, 1, 0, 0, 0, 0, 1, 0, 0, 0]]
  ROTOR: ((-1, 1, 0), (0, 1, -1), (-1, 1, 1)) (0, 0, 0) parity m=9 p=2 r=3 X=[[0, 1, 0, 0, 0, 0, 1, 0, 0], [0, 0, 1, 0, 0, 1, 0, 0, 1], [0, 0, 1, 0, 0, 1, 0, 0, 1]]
  ROTOR: ((1, -1, 1), (1, -1, 0)) (1, 0) parity m=12 p=1 r=6 X=[[0, 1, 1, 1, 1, 1, 0, 1, 1, 1, 1, 1], [0, 0, 0, 0, 1, 1, 0, 0, 1, 0, 1, 1]]
  ROTOR: ((1, -1, 1), (1, -1, 0)) (1, 0) parity m=12 p=2 r=6 X=[[0, 1, 1, 0, 1, 1, 0, 1, 1, 0, 1, 1], [0, 0, 1, 0, 1, 0, 0, 0, 1, 0, 1, 1]]
  ROTOR: ((1, -1, 1), (1, -1, 0)) (1, 0) parity m=12 p=3 r=6 X=[[1, 1, 0, 1, 1, 1, 1, 1, 0, 1, 1, 1], [0, 0, 0, 0, 0, 0, 0, 0, 0, 0, 1, 0]]
  ROTOR: ((1, -1, 1), (1, -1, 1)) (1, 0) parity m=6 p=1 r=3 X=[[1, 1, 0, 1, 0, 0], [1, 0, 0, 1, 1, 0]]
  ROTOR: ((1, -1, 1), (1, -1, 1)) (1, 0) parity m=6 p=3 r=3 X=[[1, 0, 1, 0, 0, 1], [0, 0, 1, 1, 0, 1]]
  ROTOR: ((1, -1, 1), (1, -1, 1)) (1, 0) parity m=8 p=1 r=4 X=[[1, 1, 1, 0, 1, 1, 1, 0], [0, 0, 1, 0, 0, 1, 1, 0]]
  ROTOR: ((1, -1, 1), (1, -1, 1)) (1, 0) parity m=8 p=3 r=4 X=[[0, 0, 0, 0, 1, 0, 0, 0], [1, 1, 0, 1, 1, 1, 0, 1]]
  ROTOR: ((1, -1, 1), (1, -1, 1)) (1, 0) parity m=10 p=1 r=5 X=[[0, 0, 1, 1, 0, 0, 0, 1, 1, 0], [0, 0, 0, 1, 1, 0, 0, 0, 0, 1]]
  ROTOR: ((1, -1, 1), (1, -1, 1)) (1, 0) parity m=10 p=3 r=5 X=[[1, 1, 0, 0, 0, 0, 1, 0, 0, 0], [1, 0, 1, 0, 1, 1, 0, 1, 0, 1]]
  ROTOR: ((1, -1, 1), (1, -1, 1)) (1, 0) parity m=12 p=1 r=6 X=[[1, 0, 1, 1, 1, 0, 1, 0, 1, 0, 1, 0], [1, 0, 1, 0, 1, 0, 1, 0, 1, 1, 1, 0]]
  ROTOR: ((1, -1, 1), (1, -1, 1)) (1, 0) parity m=12 p=3 r=9 X=[[0, 0, 1, 0, 0, 0, 0, 0, 1, 0, 0, 0], [0, 1, 1, 0, 1, 1, 0, 1, 1, 0, 1, 1]]
  [CONTROL 2 live kinds even m<=12 shard 0/1] 2160 SAT calls, 1084 rotors, 68.5 s
  ROTOR: ((-1, 1, 0), (0, 1, -1), (0, 1, 1)) (0, 0, 0) parity m=9 p=2 r=3 X=[[0, 0, 0, 0, 1, 1, 0, 0, 0], [1, 0, 0, 1, 0, 0, 1, 0, 0], [1, 0, 0, 1, 0, 0, 1, 0, 0]]
  ROTOR: ((-1, 1, 0), (0, -1, 1), (0, 1, -1)) (0, 0, 0) parity m=9 p=1 r=3 X=[[1, 0, 0, 1, 0, 1, 0, 0, 0], [0, 1, 0, 0, 1, 0, 0, 1, 0], [0, 1, 0, 0, 1, 0, 0, 1, 0]]
  ROTOR: ((-1, 1, 0), (0, -1, 1), (0, 1, -1)) (0, 0, 0) parity m=9 p=2 r=6 X=[[0, 1, 0, 0, 0, 1, 0, 1, 1], [1, 0, 0, 1, 0, 0, 1, 0, 0], [1, 0, 0, 1, 0, 0, 1, 0, 0]]
  ROTOR: ((-1, 1, 0), (0, 1, -1), (0, -1, 1)) (1, 2, 0) parity m=9 p=1 r=6 X=[[0, 1, 1, 0, 1, 0, 0, 1, 1], [0, 0, 0, 0, 0, 1, 0, 0, 1], [0, 1, 1, 0, 1, 1, 0, 0, 1]]
  ROTOR: ((-1, 1, 0), (0, 1, -1), (0, -1, 1)) (1, 2, 0) parity m=9 p=2 r=6 X=[[1, 0, 1, 0, 0, 1, 1, 0, 1], [1, 0, 1, 1, 0, 1, 0, 0, 1], [0, 0, 1, 0, 0, 1, 0, 0, 0]]
  ROTOR: ((-1, 1, 0), (0, 1, -1), (-1, 1, -1)) (1, 2, 0) parity m=9 p=1 r=6 X=[[0, 0, 1, 0, 0, 1, 0, 1, 1], [0, 0, 1, 0, 0, 1, 0, 0, 0], [0, 0, 1, 0, 1, 1, 0, 0, 1]]
  ROTOR: ((-1, 1, 0), (0, 1, -1), (-1, 1, -1)) (1, 2, 0) parity m=9 p=2 r=6 X=[[0, 0, 1, 0, 1, 1, 0, 0, 1], [0, 0, 1, 0, 0, 0, 0, 0, 1], [0, 0, 1, 0, 0, 1, 0, 1, 1]]
  ROTOR: ((-1, 1, 0), (0, 1, -1), (0, -1, 1)) (0, 0, 0) parity m=9 p=1 r=3 X=[[0, 0, 1, 0, 0, 1, 0, 1, 0], [1, 0, 0, 1, 0, 0, 1, 0, 0], [1, 0, 0, 1, 0, 0, 1, 0, 0]]
  ROTOR: ((-1, 1, 0), (0, 1, -1), (0, -1, 1)) (0, 0, 0) parity m=9 p=2 r=6 X=[[0, 0, 1, 0, 1, 0, 0, 0, 1], [1, 0, 0, 1, 0, 0, 1, 0, 0], [1, 0, 0, 1, 0, 0, 1, 0, 0]]
  ROTOR: ((-1, 1, 0), (0, 1, -1), (1, -1, 1)) (1, 2, 0) parity m=9 p=1 r=6 X=[[0, 1, 1, 0, 1, 0, 0, 1, 1], [0, 1, 0, 0, 1, 1, 0, 1, 1], [0, 1, 1, 0, 1, 1, 0, 0, 1]]
  ROTOR: ((-1, 1, 0), (0, 1, -1), (1, -1, 1)) (1, 2, 0) parity m=9 p=2 r=3 X=[[0, 0, 0, 0, 1, 0, 0, 1, 0], [1, 1, 0, 1, 1, 0, 1, 0, 0], [1, 1, 0, 0, 1, 0, 1, 1, 0]]
  ROTOR: ((-1, 1, 0), (0, 1, 0), (-1, 1, 0)) (1, 2, 0) parity m=9 p=1 r=6 X=[[1, 1, 0, 1, 0, 0, 1, 1, 0], [0, 0, 0, 0, 1, 0, 0, 1, 0], [1, 1, 0, 1, 1, 0, 1, 0, 0]]
  ROTOR: ((-1, 1, 0), (0, 1, 0), (-1, 1, 0)) (1, 2, 0) parity m=9 p=2 r=6 X=[[0, 1, 1, 0, 1, 0, 0, 1, 1], [0, 1, 1, 0, 1, 1, 0, 1, 0], [0, 0, 0, 0, 0, 1, 0, 0, 1]]
  ROTOR: ((-1, 1, 0), (0, 1, 0), (0, 1, 0)) (1, 2, 0) parity m=9 p=1 r=6 X=[[1, 0, 0, 1, 1, 0, 1, 1, 0], [1, 1, 0, 1, 1, 0, 1, 0, 0], [1, 1, 0, 1, 0, 0, 1, 1, 0]]
  ROTOR: ((-1, 1, 0), (0, 1, 0), (0, 1, 0)) (1, 2, 0) parity m=9 p=2 r=6 X=[[1, 0, 1, 1, 0, 1, 0, 0, 1], [0, 0, 1, 1, 0, 1, 1, 0, 1], [1, 0, 1, 0, 0, 1, 1, 0, 1]]
  ROTOR: ((-1, 1, 0), (0, 1, 0), (0, 1, -1)) (1, 2, 0) parity m=9 p=1 r=6 X=[[1, 1, 0, 0, 1, 0, 1, 1, 0], [0, 0, 0, 0, 1, 0, 0, 1, 0], [0, 1, 0, 0, 1, 0, 0, 0, 0]]
  ROTOR: ((-1, 1, 0), (0, 1, 0), (0, 1, -1)) (1, 2, 0) parity m=9 p=2 r=3 X=[[0, 1, 1, 0, 1, 1, 0, 0, 1], [0, 0, 1, 0, 0, 0, 0, 0, 1], [0, 0, 0, 0, 0, 1, 0, 0, 1]]
  ROTOR: ((-1, 1, 0), (0, 1, 1), (0, 1, -1)) (0, 0, 0) parity m=9 p=2 r=3 X=[[1, 0, 0, 1, 0, 0, 1, 1, 0], [0, 0, 1, 0, 0, 1, 0, 0, 1], [0, 0, 1, 0, 0, 1, 0, 0, 1]]
  ROTOR: ((-1, 1, 1), (-1, 1, -1), (1, -1, 1)) (0, 0, 0) parity m=9 p=1 r=6 X=[[0, 1, 1, 0, 1, 0, 1, 1, 0], [0, 1, 0, 0, 1, 0, 0, 1, 0], [0, 1, 0, 0, 1, 0, 0, 1, 0]]
  ROTOR: ((-1, 1, 1), (-1, 1, -1), (1, -1, 1)) (0, 0, 0) parity m=9 p=2 r=3 X=[[0, 1, 1, 0, 0, 1, 0, 1, 1], [0, 0, 1, 0, 0, 1, 0, 0, 1], [0, 0, 1, 0, 0, 1, 0, 0, 1]]
  ROTOR: ((-1, 1, 1), (0, 1, -1), (1, -1, 1)) (0, 0, 0) parity m=9 p=1 r=3 X=[[1, 0, 0, 1, 0, 0, 1, 1, 1], [1, 0, 0, 1, 0, 0, 1, 0, 0], [1, 0, 0, 1, 0, 0, 1, 0, 0]]
  ROTOR: ((-1, 1, 1), (0, 1, -1), (1, -1, 1)) (0, 0, 0) parity m=9 p=2 r=6 X=[[0, 0, 1, 0, 0, 1, 1, 1, 1], [0, 0, 1, 0, 0, 1, 0, 0, 1], [0, 0, 1, 0, 0, 1, 0, 0, 1]]
  ROTOR: ((-1, 1, 1), (1, -1, 1), (-1, 1, -1)) (0, 0, 0) parity m=9 p=1 r=6 X=[[1, 0, 0, 1, 1, 0, 1, 0, 1], [1, 0, 0, 1, 0, 0, 1, 0, 0], [1, 0, 0, 1, 0, 0, 1, 0, 0]]
  ROTOR: ((-1, 1, 1), (1, -1, 1), (-1, 1, -1)) (0, 0, 0) parity m=9 p=2 r=3 X=[[1, 0, 1, 0, 0, 1, 1, 0, 1], [0, 0, 1, 0, 0, 1, 0, 0, 1], [0, 0, 1, 0, 0, 1, 0, 0, 1]]
  ROTOR: ((-1, 1, 1), (1, -1, 1), (0, 1, -1)) (0, 0, 0) parity m=9 p=1 r=3 X=[[1, 1, 1, 0, 0, 1, 0, 0, 1], [0, 0, 1, 0, 0, 1, 0, 0, 1], [0, 0, 1, 0, 0, 1, 0, 0, 1]]
  ROTOR: ((-1, 1, 1), (1, -1, 1), (0, 1, -1)) (0, 0, 0) parity m=9 p=2 r=6 X=[[0, 0, 1, 1, 1, 1, 0, 0, 1], [0, 0, 1, 0, 0, 1, 0, 0, 1], [0, 0, 1, 0, 0, 1, 0, 0, 1]]
  ROTOR: ((0, -1, -1), (0, -1, 1), (0, 1, -1)) (0, 0, 0) parity m=9 p=1 r=6 X=[[0, 0, 1, 0, 0, 1, 1, 1, 1], [0, 0, 1, 0, 0, 1, 0, 0, 1], [0, 0, 1, 0, 0, 1, 0, 0, 1]]
  ROTOR: ((0, -1, -1), (0, -1, 1), (0, 1, -1)) (0, 0, 0) parity m=9 p=2 r=3 X=[[1, 0, 0, 1, 1, 1, 1, 0, 0], [1, 0, 0, 1, 0, 0, 1, 0, 0], [1, 0, 0, 1, 0, 0, 1, 0, 0]]
  ROTOR: ((0, -1, -1), (0, 1, -1), (0, -1, 1)) (0, 0, 0) parity m=9 p=1 r=6 X=[[0, 0, 1, 0, 0, 1, 1, 1, 1], [0, 0, 1, 0, 0, 1, 0, 0, 1], [0, 0, 1, 0, 0, 1, 0, 0, 1]]
  ROTOR: ((0, -1, -1), (0, 1, -1), (0, -1, 1)) (0, 0, 0) parity m=9 p=2 r=3 X=[[1, 0, 0, 1, 1, 1, 1, 0, 0], [1, 0, 0, 1, 0, 0, 1, 0, 0], [1, 0, 0, 1, 0, 0, 1, 0, 0]]
  ROTOR: ((0, -1, -1), (0, 1, -1), (1, -1, 1)) (0, 0, 0) parity m=9 p=1 r=3 X=[[1, 0, 1, 0, 1, 1, 0, 0, 1], [0, 0, 1, 0, 0, 1, 0, 0, 1], [0, 0, 1, 0, 0, 1, 0, 0, 1]]
  ROTOR: ((0, -1, -1), (0, 1, -1), (1, -1, 1)) (0, 0, 0) parity m=9 p=2 r=6 X=[[0, 1, 1, 0, 1, 0, 1, 1, 0], [0, 1, 0, 0, 1, 0, 0, 1, 0], [0, 1, 0, 0, 1, 0, 0, 1, 0]]
  ROTOR: ((0, -1, -1), (1, -1, 1), (0, 1, -1)) (0, 0, 0) parity m=9 p=1 r=3 X=[[0, 1, 0, 1, 1, 0, 0, 1, 1], [0, 1, 0, 0, 1, 0, 0, 1, 0], [0, 1, 0, 0, 1, 0, 0, 1, 0]]
  ROTOR: ((0, -1, -1), (1, -1, 1), (0, 1, -1)) (0, 0, 0) parity m=9 p=2 r=6 X=[[1, 0, 0, 1, 0, 0, 1, 0, 1], [1, 0, 0, 1, 0, 0, 1, 0, 0], [1, 0, 0, 1, 0, 0, 1, 0, 0]]
  ROTOR: ((0, -1, 0), (0, -1, 1), (0, -1, -1)) (0, 0, 0) parity m=9 p=2 r=6 X=[[0, 0, 0, 1, 1, 0, 0, 0, 0], [0, 0, 1, 0, 0, 1, 0, 0, 1], [0, 0, 1, 0, 0, 1, 0, 0, 1]]
  ROTOR: ((0, -1, 0), (0, -1, 1), (1, -1, -1)) (0, 0, 0) parity m=9 p=1 r=3 X=[[0, 0, 1, 0, 0, 0, 1, 0, 0], [0, 1, 0, 0, 1, 0, 0, 1, 0], [0, 1, 0, 0, 1, 0, 0, 1, 0]]
  ROTOR: ((0, -1, 0), (0, -1, 1), (1, -1, -1)) (0, 0, 0) parity m=9 p=2 r=6 X=[[1, 0, 0, 0, 0, 1, 0, 0, 0], [0, 1, 0, 0, 1, 0, 0, 1, 0], [0, 1, 0, 0, 1, 0, 0, 1, 0]]
  ROTOR: ((0, -1, 0), (0, -1, 0), (0, -1, 0)) (1, 2, 0) parity m=9 p=1 r=6 X=[[0, 1, 0, 0, 0, 0, 0, 1, 0], [0, 0, 0, 0, 1, 0, 0, 1, 0], [0, 1, 1, 0, 1, 1, 0, 0, 1]]
  ROTOR: ((0, -1, 0), (0, -1, 0), (0, -1, 0)) (1, 2, 0) parity m=9 p=2 r=6 X=[[0, 0, 1, 0, 0, 1, 0, 0, 0], [1, 0, 0, 1, 0, 1, 1, 0, 1], [0, 0, 1, 0, 0, 0, 0, 0, 1]]
  ROTOR: ((0, -1, 0), (0, -1, 0), (1, -1, 0)) (1, 2, 0) parity m=9 p=1 r=6 X=[[0, 0, 0, 0, 1, 0, 0, 1, 0], [0, 1, 1, 0, 1, 1, 0, 0, 1], [0, 1, 1, 0, 0, 1, 0, 1, 1]]
  ROTOR: ((0, -1, 0), (0, -1, 0), (1, -1, 0)) (1, 2, 0) parity m=9 p=2 r=3 X=[[1, 0, 0, 1, 0, 0, 0, 0, 0], [1, 1, 0, 0, 1, 0, 1, 1, 0], [0, 1, 0, 1, 1, 0, 1, 1, 0]]
  ROTOR: ((0, -1, 0), (0, -1, 0), (0, 1, 0)) (1, 2, 0) parity m=9 p=1 r=3 X=[[0, 1, 0, 0, 0, 0, 0, 1, 0], [0, 1, 0, 0, 1, 0, 0, 0, 0], [0, 0, 0, 0, 1, 0, 0, 1, 0]]
  ROTOR: ((0, -1, 0), (0, -1, 0), (0, 1, 0)) (1, 2, 0) parity m=9 p=2 r=6 X=[[1, 0, 0, 1, 0, 0, 0, 0, 0], [0, 0, 0, 1, 0, 0, 1, 0, 0], [1, 0, 0, 0, 0, 0, 1, 0, 0]]
  ROTOR: ((0, -1, 0), (0, -1, -1), (0, -1, 1)) (0, 0, 0) parity m=9 p=2 r=6 X=[[0, 0, 0, 1, 1, 0, 0, 0, 0], [0, 0, 1, 0, 0, 1, 0, 0, 1], [0, 0, 1, 0, 0, 1, 0, 0, 1]]
  ROTOR: ((0, -1, 0), (0, -1, 1), (1, -1, 0)) (1, 2, 0) parity m=9 p=1 r=6 X=[[1, 0, 0, 0, 0, 0, 1, 0, 0], [0, 0, 0, 1, 0, 0, 1, 0, 0], [1, 1, 0, 1, 1, 0, 1, 0, 0]]
  ROTOR: ((0, -1, 0), (0, -1, 1), (1, -1, 0)) (1, 2, 0) parity m=9 p=2 r=3 X=[[0, 1, 0, 0, 1, 0, 0, 0, 0], [0, 1, 0, 0, 0, 0, 0, 1, 0], [0, 1, 0, 0, 1, 1, 0, 1, 1]]
  ROTOR: ((0, -1, 0), (0, -1, 1), (-1, 1, -1)) (1, 2, 0) parity m=9 p=1 r=6 X=[[0, 1, 0, 1, 1, 0, 1, 1, 0], [1, 0, 0, 1, 0, 0, 0, 0, 0], [1, 1, 0, 1, 0, 0, 1, 1, 0]]
  ROTOR: ((0, -1, 0), (0, -1, 1), (-1, 1, -1)) (1, 2, 0) parity m=9 p=2 r=6 X=[[0, 1, 0, 1, 1, 0, 1, 1, 0], [1, 0, 0, 0, 0, 0, 1, 0, 0], [0, 1, 0, 0, 1, 0, 0, 0, 0]]
  ROTOR: ((0, -1, 0), (0, -1, 1), (0, 1, -1)) (1, 2, 0) parity m=9 p=1 r=3 X=[[1, 0, 1, 1, 0, 1, 1, 0, 0], [0, 0, 0, 0, 0, 1, 0, 0, 1], [1, 0, 1, 1, 0, 1, 0, 0, 1]]
  ROTOR: ((0, -1, 0), (0, -1, 1), (0, 1, -1)) (1, 2, 0) parity m=9 p=2 r=6 X=[[0, 1, 0, 0, 1, 0, 0, 0, 0], [0, 0, 1, 0, 1, 1, 0, 1, 1], [0, 1, 1, 0, 1, 0, 0, 1, 1]]
  ROTOR: ((0, -1, 0), (0, -1, 1), (0, 1, -1)) (0, 0, 0) parity m=9 p=1 r=6 X=[[1, 0, 0, 0, 1, 0, 1, 0, 0], [0, 0, 1, 0, 0, 1, 0, 0, 1], [0, 0, 1, 0, 0, 1, 0, 0, 1]]
  ROTOR: ((0, -1, 0), (0, -1, 1), (0, 1, -1)) (0, 0, 0) parity m=9 p=2 r=3 X=[[0, 1, 1, 0, 1, 0, 0, 1, 1], [1, 0, 0, 1, 0, 0, 1, 0, 0], [1, 0, 0, 1, 0, 0, 1, 0, 0]]
  ROTOR: ((0, -1, 0), (0, 1, 0), (0, -1, 0)) (1, 2, 0) parity m=9 p=1 r=3 X=[[1, 0, 0, 0, 0, 0, 1, 0, 0], [1, 0, 0, 1, 0, 0, 0, 0, 0], [0, 0, 0, 1, 0, 0, 1, 0, 0]]
  ROTOR: ((0, -1, 0), (0, 1, 0), (0, -1, 0)) (1, 2, 0) parity m=9 p=2 r=3 X=[[0, 0, 0, 0, 0, 1, 0, 0, 1], [0, 0, 1, 0, 0, 1, 0, 0, 0], [0, 0, 1, 0, 0, 0, 0, 0, 1]]
  ROTOR: ((0, -1, 0), (0, 1, -1), (0, -1, 1)) (0, 0, 0) parity m=9 p=1 r=6 X=[[0, 1, 0, 0, 0, 1, 0, 1, 0], [1, 0, 0, 1, 0, 0, 1, 0, 0], [1, 0, 0, 1, 0, 0, 1, 0, 0]]
  ROTOR: ((0, -1, 0), (0, 1, 0), (0, 1, 0)) (1, 2, 0) parity m=9 p=1 r=6 X=[[0, 1, 0, 0, 0, 0, 0, 1, 0], [0, 0, 0, 0, 1, 0, 0, 1, 0], [0, 1, 0, 0, 1, 0, 0, 0, 0]]
  ROTOR: ((0, -1, 0), (0, 1, 0), (0, 1, 0)) (1, 2, 0) parity m=9 p=2 r=3 X=[[0, 0, 0, 0, 0, 1, 0, 0, 1], [0, 0, 1, 0, 0, 1, 0, 0, 0], [0, 0, 1, 0, 0, 0, 0, 0, 1]]
  ROTOR: ((0, -1, 0), (0, 1, -1), (0, -1, 1)) (0, 0, 0) parity m=9 p=2 r=3 X=[[0, 0, 1, 0, 1, 0, 0, 1, 0], [1, 0, 0, 1, 0, 0, 1, 0, 0], [1, 0, 0, 1, 0, 0, 1, 0, 0]]
  ROTOR: ((0, -1, 0), (1, -1, 0), (0, -1, 0)) (1, 2, 0) parity m=9 p=1 r=6 X=[[0, 0, 0, 0, 1, 0, 0, 1, 0], [0, 1, 0, 0, 1, 0, 0, 0, 0], [0, 1, 1, 0, 0, 1, 0, 1, 1]]
  ROTOR: ((0, -1, 0), (1, -1, 0), (0, -1, 0)) (1, 2, 0) parity m=9 p=2 r=6 X=[[0, 1, 0, 1, 1, 0, 1, 1, 0], [1, 1, 0, 0, 1, 0, 1, 1, 0], [1, 1, 0, 1, 1, 0, 0, 1, 0]]
  ROTOR: ((0, -1, 1), (-1, 1, -1), (1, -1, -1)) (0, 0, 0) parity m=9 p=1 r=6 X=[[0, 1, 0, 0, 1, 1, 1, 1, 0], [0, 1, 0, 0, 1, 0, 0, 1, 0], [0, 1, 0, 0, 1, 0, 0, 1, 0]]
  ROTOR: ((0, -1, 1), (-1, 1, -1), (1, -1, -1)) (0, 0, 0) parity m=9 p=2 r=3 X=[[0, 1, 0, 0, 1, 1, 1, 1, 0], [0, 1, 0, 0, 1, 0, 0, 1, 0], [0, 1, 0, 0, 1, 0, 0, 1, 0]]
  ROTOR: ((0, -1, 0), (1, -1, 0), (1, -1, 0)) (1, 2, 0) parity m=9 p=1 r=6 X=[[0, 0, 1, 0, 1, 1, 0, 1, 1], [0, 1, 0, 0, 1, 0, 0, 0, 0], [0, 1, 1, 0, 0, 1, 0, 1, 1]]
  ROTOR: ((0, -1, 0), (1, -1, 0), (1, -1, 0)) (1, 2, 0) parity m=9 p=2 r=6 X=[[0, 0, 0, 0, 1, 0, 0, 1, 0], [0, 1, 1, 0, 0, 1, 0, 1, 1], [0, 1, 0, 0, 1, 0, 0, 0, 0]]
  ROTOR: ((0, -1, 0), (1, -1, -1), (0, -1, 1)) (0, 0, 0) parity m=9 p=1 r=3 X=[[0, 1, 0, 0, 0, 1, 0, 0, 0], [1, 0, 0, 1, 0, 0, 1, 0, 0], [1, 0, 0, 1, 0, 0, 1, 0, 0]]
  ROTOR: ((0, -1, 0), (1, -1, -1), (0, -1, 1)) (0, 0, 0) parity m=9 p=2 r=6 X=[[1, 0, 0, 0, 0, 1, 0, 0, 0], [0, 1, 0, 0, 1, 0, 0, 1, 0], [0, 1, 0, 0, 1, 0, 0, 1, 0]]
  ROTOR: ((0, -1, 1), (-1, 1, -1), (0, -1, 0)) (1, 2, 0) parity m=9 p=1 r=6 X=[[0, 0, 0, 0, 1, 0, 0, 1, 0], [0, 0, 1, 0, 0, 1, 0, 0, 0], [0, 1, 1, 0, 0, 1, 0, 1, 1]]
  ROTOR: ((0, -1, 1), (-1, 1, -1), (0, -1, 0)) (1, 2, 0) parity m=9 p=2 r=3 X=[[0, 1, 0, 0, 1, 0, 0, 0, 0], [0, 0, 1, 0, 0, 0, 0, 0, 1], [0, 0, 0, 0, 1, 0, 0, 1, 0]]
  ROTOR: ((0, -1, 0), (1, -1, 1), (-1, 1, -1)) (1, 2, 0) parity m=9 p=1 r=6 X=[[1, 1, 0, 0, 1, 0, 1, 1, 0], [0, 0, 0, 1, 0, 0, 1, 0, 0], [0, 1, 0, 0, 1, 0, 0, 0, 0]]
  ROTOR: ((0, -1, 0), (1, -1, 1), (-1, 1, -1)) (1, 2, 0) parity m=9 p=2 r=3 X=[[1, 0, 1, 1, 0, 0, 1, 0, 1], [0, 0, 0, 0, 0, 1, 0, 0, 1], [0, 0, 1, 1, 0, 1, 1, 0, 1]]
  ROTOR: ((0, -1, 1), (-1, 1, -1), (1, -1, 0)) (1, 2, 0) parity m=9 p=1 r=6 X=[[0, 1, 1, 0, 0, 1, 0, 1, 1], [0, 0, 0, 0, 0, 1, 0, 0, 1], [0, 1, 0, 0, 1, 0, 0, 0, 0]]
  ROTOR: ((0, -1, 1), (-1, 1, -1), (1, -1, 0)) (1, 2, 0) parity m=9 p=2 r=6 X=[[0, 0, 0, 0, 1, 0, 0, 1, 0], [0, 1, 1, 0, 1, 0, 0, 1, 1], [0, 1, 1, 0, 1, 1, 0, 0, 1]]
  ROTOR: ((0, -1, 0), (1, -1, 1), (0, 1, -1)) (1, 2, 0) parity m=9 p=1 r=6 X=[[1, 1, 0, 0, 1, 0, 1, 1, 0], [0, 1, 0, 1, 1, 0, 1, 1, 0], [0, 1, 0, 0, 1, 0, 0, 0, 0]]
  ROTOR: ((0, -1, 0), (1, -1, 1), (0, 1, -1)) (1, 2, 0) parity m=9 p=2 r=6 X=[[1, 0, 0, 0, 0, 0, 1, 0, 0], [1, 1, 0, 1, 1, 0, 0, 1, 0], [0, 0, 0, 0, 1, 0, 0, 1, 0]]
